time,ratio,level_price,relation,open,high,low,close
2013-03-31T00:00:00+00:00,0.236,348.35792,below,92.5,93.74999,91.0,93.033
2013-03-31T00:00:00+00:00,0.382,378.10104,below,92.5,93.74999,91.0,93.033
2013-03-31T00:00:00+00:00,0.5,402.14,below,92.5,93.74999,91.0,93.033
2013-03-31T00:00:00+00:00,0.618,426.17896,below,92.5,93.74999,91.0,93.033
2013-03-31T00:00:00+00:00,0.786,460.40392,below,92.5,93.74999,91.0,93.033
2013-03-31T00:00:00+00:00,1.0,504.0,below,92.5,93.74999,91.0,93.033
2013-04-01T00:00:00+00:00,0.236,348.35792,below,93.25,105.9,92.49999,103.999
2013-04-01T00:00:00+00:00,0.382,378.10104,below,93.25,105.9,92.49999,103.999
2013-04-01T00:00:00+00:00,0.5,402.14,below,93.25,105.9,92.49999,103.999
2013-04-01T00:00:00+00:00,0.618,426.17896,below,93.25,105.9,92.49999,103.999
2013-04-01T00:00:00+00:00,0.786,460.40392,below,93.25,105.9,92.49999,103.999
2013-04-01T00:00:00+00:00,1.0,504.0,below,93.25,105.9,92.49999,103.999
2013-04-02T00:00:00+00:00,0.236,348.35792,below,104.0,118.3867,99.0,118.22935407
2013-04-02T00:00:00+00:00,0.382,378.10104,below,104.0,118.3867,99.0,118.22935407
2013-04-02T00:00:00+00:00,0.5,402.14,below,104.0,118.3867,99.0,118.22935407
2013-04-02T00:00:00+00:00,0.618,426.17896,below,104.0,118.3867,99.0,118.22935407
2013-04-02T00:00:00+00:00,0.786,460.40392,below,104.0,118.3867,99.0,118.22935407
2013-04-02T00:00:00+00:00,1.0,504.0,below,104.0,118.3867,99.0,118.22935407
2013-04-03T00:00:00+00:00,0.236,348.35792,below,117.95826131,146.88,101.51088,134.7
2013-04-03T00:00:00+00:00,0.382,378.10104,below,117.95826131,146.88,101.51088,134.7
2013-04-03T00:00:00+00:00,0.5,402.14,below,117.95826131,146.88,101.51088,134.7
2013-04-03T00:00:00+00:00,0.618,426.17896,below,117.95826131,146.88,101.51088,134.7
2013-04-03T00:00:00+00:00,0.786,460.40392,below,117.95826131,146.88,101.51088,134.7
2013-04-03T00:00:00+00:00,1.0,504.0,below,117.95826131,146.88,101.51088,134.7
2013-04-04T00:00:00+00:00,0.236,348.35792,below,134.71656,143.0,119.0,132.899
2013-04-04T00:00:00+00:00,0.382,378.10104,below,134.71656,143.0,119.0,132.899
2013-04-04T00:00:00+00:00,0.5,402.14,below,134.71656,143.0,119.0,132.899
2013-04-04T00:00:00+00:00,0.618,426.17896,below,134.71656,143.0,119.0,132.899
2013-04-04T00:00:00+00:00,0.786,460.40392,below,134.71656,143.0,119.0,132.899
2013-04-04T00:00:00+00:00,1.0,504.0,below,134.71656,143.0,119.0,132.899
2013-04-05T00:00:00+00:00,0.236,348.35792,below,130.10001,145.0,128.25,142.3
2013-04-05T00:00:00+00:00,0.382,378.10104,below,130.10001,145.0,128.25,142.3
2013-04-05T00:00:00+00:00,0.5,402.14,below,130.10001,145.0,128.25,142.3
2013-04-05T00:00:00+00:00,0.618,426.17896,below,130.10001,145.0,128.25,142.3
2013-04-05T00:00:00+00:00,0.786,460.40392,below,130.10001,145.0,128.25,142.3
2013-04-05T00:00:00+00:00,1.0,504.0,below,130.10001,145.0,128.25,142.3
2013-04-06T00:00:00+00:00,0.236,348.35792,below,142.8,144.0,139.0,143.05
2013-04-06T00:00:00+00:00,0.382,378.10104,below,142.8,144.0,139.0,143.05
2013-04-06T00:00:00+00:00,0.5,402.14,below,142.8,144.0,139.0,143.05
2013-04-06T00:00:00+00:00,0.618,426.17896,below,142.8,144.0,139.0,143.05
2013-04-06T00:00:00+00:00,0.786,460.40392,below,142.8,144.0,139.0,143.05
2013-04-06T00:00:00+00:00,1.0,504.0,below,142.8,144.0,139.0,143.05
2013-04-07T00:00:00+00:00,0.236,348.35792,below,143.5,164.75,142.75,162.304
2013-04-07T00:00:00+00:00,0.382,378.10104,below,143.5,164.75,142.75,162.304
2013-04-07T00:00:00+00:00,0.5,402.14,below,143.5,164.75,142.75,162.304
2013-04-07T00:00:00+00:00,0.618,426.17896,below,143.5,164.75,142.75,162.304
2013-04-07T00:00:00+00:00,0.786,460.40392,below,143.5,164.75,142.75,162.304
2013-04-07T00:00:00+00:00,1.0,504.0,below,143.5,164.75,142.75,162.304
2013-04-08T00:00:00+00:00,0.236,348.35792,below,163.9,194.57,163.2,186.985
2013-04-08T00:00:00+00:00,0.382,378.10104,below,163.9,194.57,163.2,186.985
2013-04-08T00:00:00+00:00,0.5,402.14,below,163.9,194.57,163.2,186.985
2013-04-08T00:00:00+00:00,0.618,426.17896,below,163.9,194.57,163.2,186.985
2013-04-08T00:00:00+00:00,0.786,460.40392,below,163.9,194.57,163.2,186.985
2013-04-08T00:00:00+00:00,1.0,504.0,below,163.9,194.57,163.2,186.985
2013-04-09T00:00:00+00:00,0.236,348.35792,below,186.8,249.97,186.8,232.99
2013-04-09T00:00:00+00:00,0.382,378.10104,below,186.8,249.97,186.8,232.99
2013-04-09T00:00:00+00:00,0.5,402.14,below,186.8,249.97,186.8,232.99
2013-04-09T00:00:00+00:00,0.618,426.17896,below,186.8,249.97,186.8,232.99
2013-04-09T00:00:00+00:00,0.786,460.40392,below,186.8,249.97,186.8,232.99
2013-04-09T00:00:00+00:00,1.0,504.0,below,186.8,249.97,186.8,232.99
2013-04-10T00:00:00+00:00,0.236,348.35792,below,228.669,290.0,19.9,162.0
2013-04-10T00:00:00+00:00,0.382,378.10104,below,228.669,290.0,19.9,162.0
2013-04-10T00:00:00+00:00,0.5,402.14,below,228.669,290.0,19.9,162.0
2013-04-10T00:00:00+00:00,0.618,426.17896,below,228.669,290.0,19.9,162.0
2013-04-10T00:00:00+00:00,0.786,460.40392,below,228.669,290.0,19.9,162.0
2013-04-10T00:00:00+00:00,1.0,504.0,below,228.669,290.0,19.9,162.0
2013-04-11T00:00:00+00:00,0.236,348.35792,below,162.0,205.0,1.06,100.0
2013-04-11T00:00:00+00:00,0.382,378.10104,below,162.0,205.0,1.06,100.0
2013-04-11T00:00:00+00:00,0.5,402.14,below,162.0,205.0,1.06,100.0
2013-04-11T00:00:00+00:00,0.618,426.17896,below,162.0,205.0,1.06,100.0
2013-04-11T00:00:00+00:00,0.786,460.40392,below,162.0,205.0,1.06,100.0
2013-04-11T00:00:00+00:00,1.0,504.0,below,162.0,205.0,1.06,100.0
2013-04-12T00:00:00+00:00,0.236,348.35792,below,109.0,157.0,51.0,112.0
2013-04-12T00:00:00+00:00,0.382,378.10104,below,109.0,157.0,51.0,112.0
2013-04-12T00:00:00+00:00,0.5,402.14,below,109.0,157.0,51.0,112.0
2013-04-12T00:00:00+00:00,0.618,426.17896,below,109.0,157.0,51.0,112.0
2013-04-12T00:00:00+00:00,0.786,460.40392,below,109.0,157.0,51.0,112.0
2013-04-12T00:00:00+00:00,1.0,504.0,below,109.0,157.0,51.0,112.0
2013-04-13T00:00:00+00:00,0.236,348.35792,below,112.0,130.0,81.12,91.1
2013-04-13T00:00:00+00:00,0.382,378.10104,below,112.0,130.0,81.12,91.1
2013-04-13T00:00:00+00:00,0.5,402.14,below,112.0,130.0,81.12,91.1
2013-04-13T00:00:00+00:00,0.618,426.17896,below,112.0,130.0,81.12,91.1
2013-04-13T00:00:00+00:00,0.786,460.40392,below,112.0,130.0,81.12,91.1
2013-04-13T00:00:00+00:00,1.0,504.0,below,112.0,130.0,81.12,91.1
2013-04-14T00:00:00+00:00,0.236,348.35792,below,91.1,109.0,20.0,90.171
2013-04-14T00:00:00+00:00,0.382,378.10104,below,91.1,109.0,20.0,90.171
2013-04-14T00:00:00+00:00,0.5,402.14,below,91.1,109.0,20.0,90.171
2013-04-14T00:00:00+00:00,0.618,426.17896,below,91.1,109.0,20.0,90.171
2013-04-14T00:00:00+00:00,0.786,460.40392,below,91.1,109.0,20.0,90.171
2013-04-14T00:00:00+00:00,1.0,504.0,below,91.1,109.0,20.0,90.171
2013-04-15T00:00:00+00:00,0.236,348.35792,below,89.86,104.0,71.497,83.302
2013-04-15T00:00:00+00:00,0.382,378.10104,below,89.86,104.0,71.497,83.302
2013-04-15T00:00:00+00:00,0.5,402.14,below,89.86,104.0,71.497,83.302
2013-04-15T00:00:00+00:00,0.618,426.17896,below,89.86,104.0,71.497,83.302
2013-04-15T00:00:00+00:00,0.786,460.40392,below,89.86,104.0,71.497,83.302
2013-04-15T00:00:00+00:00,1.0,504.0,below,89.86,104.0,71.497,83.302
2013-04-16T00:00:00+00:00,0.236,348.35792,below,84.27,84.48,0.01,67.588
2013-04-16T00:00:00+00:00,0.382,378.10104,below,84.27,84.48,0.01,67.588
2013-04-16T00:00:00+00:00,0.5,402.14,below,84.27,84.48,0.01,67.588
2013-04-16T00:00:00+00:00,0.618,426.17896,below,84.27,84.48,0.01,67.588
2013-04-16T00:00:00+00:00,0.786,460.40392,below,84.27,84.48,0.01,67.588
2013-04-16T00:00:00+00:00,1.0,504.0,below,84.27,84.48,0.01,67.588
2013-04-17T00:00:00+00:00,0.236,348.35792,below,68.135,98.9,63.5,93.063
2013-04-17T00:00:00+00:00,0.382,378.10104,below,68.135,98.9,63.5,93.063
2013-04-17T00:00:00+00:00,0.5,402.14,below,68.135,98.9,63.5,93.063
2013-04-17T00:00:00+00:00,0.618,426.17896,below,68.135,98.9,63.5,93.063
2013-04-17T00:00:00+00:00,0.786,460.40392,below,68.135,98.9,63.5,93.063
2013-04-17T00:00:00+00:00,1.0,504.0,below,68.135,98.9,63.5,93.063
2013-04-18T00:00:00+00:00,0.236,348.35792,below,93.0,114.0,87.0,111.3
2013-04-18T00:00:00+00:00,0.382,378.10104,below,93.0,114.0,87.0,111.3
2013-04-18T00:00:00+00:00,0.5,402.14,below,93.0,114.0,87.0,111.3
2013-04-18T00:00:00+00:00,0.618,426.17896,below,93.0,114.0,87.0,111.3
2013-04-18T00:00:00+00:00,0.786,460.40392,below,93.0,114.0,87.0,111.3
2013-04-18T00:00:00+00:00,1.0,504.0,below,93.0,114.0,87.0,111.3
2013-04-19T00:00:00+00:00,0.236,348.35792,below,110.0,142.0,104.56,119.0
2013-04-19T00:00:00+00:00,0.382,378.10104,below,110.0,142.0,104.56,119.0
2013-04-19T00:00:00+00:00,0.5,402.14,below,110.0,142.0,104.56,119.0
2013-04-19T00:00:00+00:00,0.618,426.17896,below,110.0,142.0,104.56,119.0
2013-04-19T00:00:00+00:00,0.786,460.40392,below,110.0,142.0,104.56,119.0
2013-04-19T00:00:00+00:00,1.0,504.0,below,110.0,142.0,104.56,119.0
2013-04-20T00:00:00+00:00,0.236,348.35792,below,119.02,132.0,114.9,127.0
2013-04-20T00:00:00+00:00,0.382,378.10104,below,119.02,132.0,114.9,127.0
2013-04-20T00:00:00+00:00,0.5,402.14,below,119.02,132.0,114.9,127.0
2013-04-20T00:00:00+00:00,0.618,426.17896,below,119.02,132.0,114.9,127.0
2013-04-20T00:00:00+00:00,0.786,460.40392,below,119.02,132.0,114.9,127.0
2013-04-20T00:00:00+00:00,1.0,504.0,below,119.02,132.0,114.9,127.0
2013-04-21T00:00:00+00:00,0.236,348.35792,below,127.01,130.0,110.0,117.618
2013-04-21T00:00:00+00:00,0.382,378.10104,below,127.01,130.0,110.0,117.618
2013-04-21T00:00:00+00:00,0.5,402.14,below,127.01,130.0,110.0,117.618
2013-04-21T00:00:00+00:00,0.618,426.17896,below,127.01,130.0,110.0,117.618
2013-04-21T00:00:00+00:00,0.786,460.40392,below,127.01,130.0,110.0,117.618
2013-04-21T00:00:00+00:00,1.0,504.0,below,127.01,130.0,110.0,117.618
2013-04-22T00:00:00+00:00,0.236,348.35792,below,119.96,127.3,119.615,126.5
2013-04-22T00:00:00+00:00,0.382,378.10104,below,119.96,127.3,119.615,126.5
2013-04-22T00:00:00+00:00,0.5,402.14,below,119.96,127.3,119.615,126.5
2013-04-22T00:00:00+00:00,0.618,426.17896,below,119.96,127.3,119.615,126.5
2013-04-22T00:00:00+00:00,0.786,460.40392,below,119.96,127.3,119.615,126.5
2013-04-22T00:00:00+00:00,1.0,504.0,below,119.96,127.3,119.615,126.5
2013-04-23T00:00:00+00:00,0.236,348.35792,below,127.389,144.47,124.859,143.484
2013-04-23T00:00:00+00:00,0.382,378.10104,below,127.389,144.47,124.859,143.484
2013-04-23T00:00:00+00:00,0.5,402.14,below,127.389,144.47,124.859,143.484
2013-04-23T00:00:00+00:00,0.618,426.17896,below,127.389,144.47,124.859,143.484
2013-04-23T00:00:00+00:00,0.786,460.40392,below,127.389,144.47,124.859,143.484
2013-04-23T00:00:00+00:00,1.0,504.0,below,127.389,144.47,124.859,143.484
2013-04-24T00:00:00+00:00,0.236,348.35792,below,142.41,166.99,140.9,154.6
2013-04-24T00:00:00+00:00,0.382,378.10104,below,142.41,166.99,140.9,154.6
2013-04-24T00:00:00+00:00,0.5,402.14,below,142.41,166.99,140.9,154.6
2013-04-24T00:00:00+00:00,0.618,426.17896,below,142.41,166.99,140.9,154.6
2013-04-24T00:00:00+00:00,0.786,460.40392,below,142.41,166.99,140.9,154.6
2013-04-24T00:00:00+00:00,1.0,504.0,below,142.41,166.99,140.9,154.6
2013-04-25T00:00:00+00:00,0.236,348.35792,below,155.0,169.13,120.03,141.9
2013-04-25T00:00:00+00:00,0.382,378.10104,below,155.0,169.13,120.03,141.9
2013-04-25T00:00:00+00:00,0.5,402.14,below,155.0,169.13,120.03,141.9
2013-04-25T00:00:00+00:00,0.618,426.17896,below,155.0,169.13,120.03,141.9
2013-04-25T00:00:00+00:00,0.786,460.40392,below,155.0,169.13,120.03,141.9
2013-04-25T00:00:00+00:00,1.0,504.0,below,155.0,169.13,120.03,141.9
2013-04-26T00:00:00+00:00,0.236,348.35792,below,142.89,143.985,13.0,137.3
2013-04-26T00:00:00+00:00,0.382,378.10104,below,142.89,143.985,13.0,137.3
2013-04-26T00:00:00+00:00,0.5,402.14,below,142.89,143.985,13.0,137.3
2013-04-26T00:00:00+00:00,0.618,426.17896,below,142.89,143.985,13.0,137.3
2013-04-26T00:00:00+00:00,0.786,460.40392,below,142.89,143.985,13.0,137.3
2013-04-26T00:00:00+00:00,1.0,504.0,below,142.89,143.985,13.0,137.3
2013-04-27T00:00:00+00:00,0.236,348.35792,below,136.56001,147.51,121.46,128.5
2013-04-27T00:00:00+00:00,0.382,378.10104,below,136.56001,147.51,121.46,128.5
2013-04-27T00:00:00+00:00,0.5,402.14,below,136.56001,147.51,121.46,128.5
2013-04-27T00:00:00+00:00,0.618,426.17896,below,136.56001,147.51,121.46,128.5
2013-04-27T00:00:00+00:00,0.786,460.40392,below,136.56001,147.51,121.46,128.5
2013-04-27T00:00:00+00:00,1.0,504.0,below,136.56001,147.51,121.46,128.5
2013-04-28T00:00:00+00:00,0.236,348.35792,below,128.8,136.99,128.02,135.28
2013-04-28T00:00:00+00:00,0.382,378.10104,below,128.8,136.99,128.02,135.28
2013-04-28T00:00:00+00:00,0.5,402.14,below,128.8,136.99,128.02,135.28
2013-04-28T00:00:00+00:00,0.618,426.17896,below,128.8,136.99,128.02,135.28
2013-04-28T00:00:00+00:00,0.786,460.40392,below,128.8,136.99,128.02,135.28
2013-04-28T00:00:00+00:00,1.0,504.0,below,128.8,136.99,128.02,135.28
2013-04-29T00:00:00+00:00,0.236,348.35792,below,134.63,148.5,113.42,144.0
2013-04-29T00:00:00+00:00,0.382,378.10104,below,134.63,148.5,113.42,144.0
2013-04-29T00:00:00+00:00,0.5,402.14,below,134.63,148.5,113.42,144.0
2013-04-29T00:00:00+00:00,0.618,426.17896,below,134.63,148.5,113.42,144.0
2013-04-29T00:00:00+00:00,0.786,460.40392,below,134.63,148.5,113.42,144.0
2013-04-29T00:00:00+00:00,1.0,504.0,below,134.63,148.5,113.42,144.0
2013-04-30T00:00:00+00:00,0.236,348.35792,below,143.89,146.6752,133.89,139.88
2013-04-30T00:00:00+00:00,0.382,378.10104,below,143.89,146.6752,133.89,139.88
2013-04-30T00:00:00+00:00,0.5,402.14,below,143.89,146.6752,133.89,139.88
2013-04-30T00:00:00+00:00,0.618,426.17896,below,143.89,146.6752,133.89,139.88
2013-04-30T00:00:00+00:00,0.786,460.40392,below,143.89,146.6752,133.89,139.88
2013-04-30T00:00:00+00:00,1.0,504.0,below,143.89,146.6752,133.89,139.88
2013-05-01T00:00:00+00:00,0.236,348.35792,below,139.87,140.02,105.0,116.0
2013-05-01T00:00:00+00:00,0.382,378.10104,below,139.87,140.02,105.0,116.0
2013-05-01T00:00:00+00:00,0.5,402.14,below,139.87,140.02,105.0,116.0
2013-05-01T00:00:00+00:00,0.618,426.17896,below,139.87,140.02,105.0,116.0
2013-05-01T00:00:00+00:00,0.786,460.40392,below,139.87,140.02,105.0,116.0
2013-05-01T00:00:00+00:00,1.0,504.0,below,139.87,140.02,105.0,116.0
2013-05-02T00:00:00+00:00,0.236,348.35792,below,116.75,127.18,90.414,106.6
2013-05-02T00:00:00+00:00,0.382,378.10104,below,116.75,127.18,90.414,106.6
2013-05-02T00:00:00+00:00,0.5,402.14,below,116.75,127.18,90.414,106.6
2013-05-02T00:00:00+00:00,0.618,426.17896,below,116.75,127.18,90.414,106.6
2013-05-02T00:00:00+00:00,0.786,460.40392,below,116.75,127.18,90.414,106.6
2013-05-02T00:00:00+00:00,1.0,504.0,below,116.75,127.18,90.414,106.6
2013-05-03T00:00:00+00:00,0.236,348.35792,below,107.0,108.21,80.0,98.06
2013-05-03T00:00:00+00:00,0.382,378.10104,below,107.0,108.21,80.0,98.06
2013-05-03T00:00:00+00:00,0.5,402.14,below,107.0,108.21,80.0,98.06
2013-05-03T00:00:00+00:00,0.618,426.17896,below,107.0,108.21,80.0,98.06
2013-05-03T00:00:00+00:00,0.786,460.40392,below,107.0,108.21,80.0,98.06
2013-05-03T00:00:00+00:00,1.0,504.0,below,107.0,108.21,80.0,98.06
2013-05-04T00:00:00+00:00,0.236,348.35792,below,98.5,115.959,93.356,112.5
2013-05-04T00:00:00+00:00,0.382,378.10104,below,98.5,115.959,93.356,112.5
2013-05-04T00:00:00+00:00,0.5,402.14,below,98.5,115.959,93.356,112.5
2013-05-04T00:00:00+00:00,0.618,426.17896,below,98.5,115.959,93.356,112.5
2013-05-04T00:00:00+00:00,0.786,460.40392,below,98.5,115.959,93.356,112.5
2013-05-04T00:00:00+00:00,1.0,504.0,below,98.5,115.959,93.356,112.5
2013-05-05T00:00:00+00:00,0.236,348.35792,below,112.3,126.0,100.0,116.57
2013-05-05T00:00:00+00:00,0.382,378.10104,below,112.3,126.0,100.0,116.57
2013-05-05T00:00:00+00:00,0.5,402.14,below,112.3,126.0,100.0,116.57
2013-05-05T00:00:00+00:00,0.618,426.17896,below,112.3,126.0,100.0,116.57
2013-05-05T00:00:00+00:00,0.786,460.40392,below,112.3,126.0,100.0,116.57
2013-05-05T00:00:00+00:00,1.0,504.0,below,112.3,126.0,100.0,116.57
2013-05-06T00:00:00+00:00,0.236,348.35792,below,116.587,124.3,106.0,112.0
2013-05-06T00:00:00+00:00,0.382,378.10104,below,116.587,124.3,106.0,112.0
2013-05-06T00:00:00+00:00,0.5,402.14,below,116.587,124.3,106.0,112.0
2013-05-06T00:00:00+00:00,0.618,426.17896,below,116.587,124.3,106.0,112.0
2013-05-06T00:00:00+00:00,0.786,460.40392,below,116.587,124.3,106.0,112.0
2013-05-06T00:00:00+00:00,1.0,504.0,below,116.587,124.3,106.0,112.0
2013-05-07T00:00:00+00:00,0.236,348.35792,below,112.1,113.44,98.0,110.0
2013-05-07T00:00:00+00:00,0.382,378.10104,below,112.1,113.44,98.0,110.0
2013-05-07T00:00:00+00:00,0.5,402.14,below,112.1,113.44,98.0,110.0
2013-05-07T00:00:00+00:00,0.618,426.17896,below,112.1,113.44,98.0,110.0
2013-05-07T00:00:00+00:00,0.786,460.40392,below,112.1,113.44,98.0,110.0
2013-05-07T00:00:00+00:00,1.0,504.0,below,112.1,113.44,98.0,110.0
2013-05-08T00:00:00+00:00,0.236,348.35792,below,109.76,116.98,108.5,113.5
2013-05-08T00:00:00+00:00,0.382,378.10104,below,109.76,116.98,108.5,113.5
2013-05-08T00:00:00+00:00,0.5,402.14,below,109.76,116.98,108.5,113.5
2013-05-08T00:00:00+00:00,0.618,426.17896,below,109.76,116.98,108.5,113.5
2013-05-08T00:00:00+00:00,0.786,460.40392,below,109.76,116.98,108.5,113.5
2013-05-08T00:00:00+00:00,1.0,504.0,below,109.76,116.98,108.5,113.5
2013-05-09T00:00:00+00:00,0.236,348.35792,below,113.495,113.5,108.23,112.669
2013-05-09T00:00:00+00:00,0.382,378.10104,below,113.495,113.5,108.23,112.669
2013-05-09T00:00:00+00:00,0.5,402.14,below,113.495,113.5,108.23,112.669
2013-05-09T00:00:00+00:00,0.618,426.17896,below,113.495,113.5,108.23,112.669
2013-05-09T00:00:00+00:00,0.786,460.40392,below,113.495,113.5,108.23,112.669
2013-05-09T00:00:00+00:00,1.0,504.0,below,113.495,113.5,108.23,112.669
2013-05-10T00:00:00+00:00,0.236,348.35792,below,112.653,122.5,111.4,117.87
2013-05-10T00:00:00+00:00,0.382,378.10104,below,112.653,122.5,111.4,117.87
2013-05-10T00:00:00+00:00,0.5,402.14,below,112.653,122.5,111.4,117.87
2013-05-10T00:00:00+00:00,0.618,426.17896,below,112.653,122.5,111.4,117.87
2013-05-10T00:00:00+00:00,0.786,460.40392,below,112.653,122.5,111.4,117.87
2013-05-10T00:00:00+00:00,1.0,504.0,below,112.653,122.5,111.4,117.87
2013-05-11T00:00:00+00:00,0.236,348.35792,below,117.92,118.9,112.72,115.576
2013-05-11T00:00:00+00:00,0.382,378.10104,below,117.92,118.9,112.72,115.576
2013-05-11T00:00:00+00:00,0.5,402.14,below,117.92,118.9,112.72,115.576
2013-05-11T00:00:00+00:00,0.618,426.17896,below,117.92,118.9,112.72,115.576
2013-05-11T00:00:00+00:00,0.786,460.40392,below,117.92,118.9,112.72,115.576
2013-05-11T00:00:00+00:00,1.0,504.0,below,117.92,118.9,112.72,115.576
2013-05-12T00:00:00+00:00,0.236,348.35792,below,115.58,118.0,113.0,114.3
2013-05-12T00:00:00+00:00,0.382,378.10104,below,115.58,118.0,113.0,114.3
2013-05-12T00:00:00+00:00,0.5,402.14,below,115.58,118.0,113.0,114.3
2013-05-12T00:00:00+00:00,0.618,426.17896,below,115.58,118.0,113.0,114.3
2013-05-12T00:00:00+00:00,0.786,460.40392,below,115.58,118.0,113.0,114.3
2013-05-12T00:00:00+00:00,1.0,504.0,below,115.58,118.0,113.0,114.3
2013-05-13T00:00:00+00:00,0.236,348.35792,below,115.97,118.97,114.07,117.979
2013-05-13T00:00:00+00:00,0.382,378.10104,below,115.97,118.97,114.07,117.979
2013-05-13T00:00:00+00:00,0.5,402.14,below,115.97,118.97,114.07,117.979
2013-05-13T00:00:00+00:00,0.618,426.17896,below,115.97,118.97,114.07,117.979
2013-05-13T00:00:00+00:00,0.786,460.40392,below,115.97,118.97,114.07,117.979
2013-05-13T00:00:00+00:00,1.0,504.0,below,115.97,118.97,114.07,117.979
2013-05-14T00:00:00+00:00,0.236,348.35792,below,117.811,119.85,105.2,111.551
2013-05-14T00:00:00+00:00,0.382,378.10104,below,117.811,119.85,105.2,111.551
2013-05-14T00:00:00+00:00,0.5,402.14,below,117.811,119.85,105.2,111.551
2013-05-14T00:00:00+00:00,0.618,426.17896,below,117.811,119.85,105.2,111.551
2013-05-14T00:00:00+00:00,0.786,460.40392,below,117.811,119.85,105.2,111.551
2013-05-14T00:00:00+00:00,1.0,504.0,below,117.811,119.85,105.2,111.551
2013-05-15T00:00:00+00:00,0.236,348.35792,below,110.7,117.0,103.45,108.95
2013-05-15T00:00:00+00:00,0.382,378.10104,below,110.7,117.0,103.45,108.95
2013-05-15T00:00:00+00:00,0.5,402.14,below,110.7,117.0,103.45,108.95
2013-05-15T00:00:00+00:00,0.618,426.17896,below,110.7,117.0,103.45,108.95
2013-05-15T00:00:00+00:00,0.786,460.40392,below,110.7,117.0,103.45,108.95
2013-05-15T00:00:00+00:00,1.0,504.0,below,110.7,117.0,103.45,108.95
2013-05-16T00:00:00+00:00,0.236,348.35792,below,108.98,115.2,108.2,115.0
2013-05-16T00:00:00+00:00,0.382,378.10104,below,108.98,115.2,108.2,115.0
2013-05-16T00:00:00+00:00,0.5,402.14,below,108.98,115.2,108.2,115.0
2013-05-16T00:00:00+00:00,0.618,426.17896,below,108.98,115.2,108.2,115.0
2013-05-16T00:00:00+00:00,0.786,460.40392,below,108.98,115.2,108.2,115.0
2013-05-16T00:00:00+00:00,1.0,504.0,below,108.98,115.2,108.2,115.0
2013-05-17T00:00:00+00:00,0.236,348.35792,below,115.0,122.0,112.35,117.62
2013-05-17T00:00:00+00:00,0.382,378.10104,below,115.0,122.0,112.35,117.62
2013-05-17T00:00:00+00:00,0.5,402.14,below,115.0,122.0,112.35,117.62
2013-05-17T00:00:00+00:00,0.618,426.17896,below,115.0,122.0,112.35,117.62
2013-05-17T00:00:00+00:00,0.786,460.40392,below,115.0,122.0,112.35,117.62
2013-05-17T00:00:00+00:00,1.0,504.0,below,115.0,122.0,112.35,117.62
2013-05-18T00:00:00+00:00,0.236,348.35792,below,117.51,118.98,115.81001,118.52
2013-05-18T00:00:00+00:00,0.382,378.10104,below,117.51,118.98,115.81001,118.52
2013-05-18T00:00:00+00:00,0.5,402.14,below,117.51,118.98,115.81001,118.52
2013-05-18T00:00:00+00:00,0.618,426.17896,below,117.51,118.98,115.81001,118.52
2013-05-18T00:00:00+00:00,0.786,460.40392,below,117.51,118.98,115.81001,118.52
2013-05-18T00:00:00+00:00,1.0,504.0,below,117.51,118.98,115.81001,118.52
2013-05-19T00:00:00+00:00,0.236,348.35792,below,118.23,120.99,115.61,118.25
2013-05-19T00:00:00+00:00,0.382,378.10104,below,118.23,120.99,115.61,118.25
2013-05-19T00:00:00+00:00,0.5,402.14,below,118.23,120.99,115.61,118.25
2013-05-19T00:00:00+00:00,0.618,426.17896,below,118.23,120.99,115.61,118.25
2013-05-19T00:00:00+00:00,0.786,460.40392,below,118.23,120.99,115.61,118.25
2013-05-19T00:00:00+00:00,1.0,504.0,below,118.23,120.99,115.61,118.25
2013-05-20T00:00:00+00:00,0.236,348.35792,below,118.23,118.94,116.0,118.09
2013-05-20T00:00:00+00:00,0.382,378.10104,below,118.23,118.94,116.0,118.09
2013-05-20T00:00:00+00:00,0.5,402.14,below,118.23,118.94,116.0,118.09
2013-05-20T00:00:00+00:00,0.618,426.17896,below,118.23,118.94,116.0,118.09
2013-05-20T00:00:00+00:00,0.786,460.40392,below,118.23,118.94,116.0,118.09
2013-05-20T00:00:00+00:00,1.0,504.0,below,118.23,118.94,116.0,118.09
2013-05-21T00:00:00+00:00,0.236,348.35792,below,116.9,118.6,116.9,117.0
2013-05-21T00:00:00+00:00,0.382,378.10104,below,116.9,118.6,116.9,117.0
2013-05-21T00:00:00+00:00,0.5,402.14,below,116.9,118.6,116.9,117.0
2013-05-21T00:00:00+00:00,0.618,426.17896,below,116.9,118.6,116.9,117.0
2013-05-21T00:00:00+00:00,0.786,460.40392,below,116.9,118.6,116.9,117.0
2013-05-21T00:00:00+00:00,1.0,504.0,below,116.9,118.6,116.9,117.0
2013-05-22T00:00:00+00:00,0.236,348.35792,below,117.9,120.0,117.0,119.11
2013-05-22T00:00:00+00:00,0.382,378.10104,below,117.9,120.0,117.0,119.11
2013-05-22T00:00:00+00:00,0.5,402.14,below,117.9,120.0,117.0,119.11
2013-05-22T00:00:00+00:00,0.618,426.17896,below,117.9,120.0,117.0,119.11
2013-05-22T00:00:00+00:00,0.786,460.40392,below,117.9,120.0,117.0,119.11
2013-05-22T00:00:00+00:00,1.0,504.0,below,117.9,120.0,117.0,119.11
2013-05-23T00:00:00+00:00,0.236,348.35792,below,118.45,124.25,118.41,123.83
2013-05-23T00:00:00+00:00,0.382,378.10104,below,118.45,124.25,118.41,123.83
2013-05-23T00:00:00+00:00,0.5,402.14,below,118.45,124.25,118.41,123.83
2013-05-23T00:00:00+00:00,0.618,426.17896,below,118.45,124.25,118.41,123.83
2013-05-23T00:00:00+00:00,0.786,460.40392,below,118.45,124.25,118.41,123.83
2013-05-23T00:00:00+00:00,1.0,504.0,below,118.45,124.25,118.41,123.83
2013-05-24T00:00:00+00:00,0.236,348.35792,below,123.84,130.0,122.4,128.7
2013-05-24T00:00:00+00:00,0.382,378.10104,below,123.84,130.0,122.4,128.7
2013-05-24T00:00:00+00:00,0.5,402.14,below,123.84,130.0,122.4,128.7
2013-05-24T00:00:00+00:00,0.618,426.17896,below,123.84,130.0,122.4,128.7
2013-05-24T00:00:00+00:00,0.786,460.40392,below,123.84,130.0,122.4,128.7
2013-05-24T00:00:00+00:00,1.0,504.0,below,123.84,130.0,122.4,128.7
2013-05-25T00:00:00+00:00,0.236,348.35792,below,128.61,129.73,125.1,128.97
2013-05-25T00:00:00+00:00,0.382,378.10104,below,128.61,129.73,125.1,128.97
2013-05-25T00:00:00+00:00,0.5,402.14,below,128.61,129.73,125.1,128.97
2013-05-25T00:00:00+00:00,0.618,426.17896,below,128.61,129.73,125.1,128.97
2013-05-25T00:00:00+00:00,0.786,460.40392,below,128.61,129.73,125.1,128.97
2013-05-25T00:00:00+00:00,1.0,504.0,below,128.61,129.73,125.1,128.97
2013-05-26T00:00:00+00:00,0.236,348.35792,below,128.97,133.0,128.0,130.24
2013-05-26T00:00:00+00:00,0.382,378.10104,below,128.97,133.0,128.0,130.24
2013-05-26T00:00:00+00:00,0.5,402.14,below,128.97,133.0,128.0,130.24
2013-05-26T00:00:00+00:00,0.618,426.17896,below,128.97,133.0,128.0,130.24
2013-05-26T00:00:00+00:00,0.786,460.40392,below,128.97,133.0,128.0,130.24
2013-05-26T00:00:00+00:00,1.0,504.0,below,128.97,133.0,128.0,130.24
2013-05-27T00:00:00+00:00,0.236,348.35792,below,130.27,130.59,123.0,126.25
2013-05-27T00:00:00+00:00,0.382,378.10104,below,130.27,130.59,123.0,126.25
2013-05-27T00:00:00+00:00,0.5,402.14,below,130.27,130.59,123.0,126.25
2013-05-27T00:00:00+00:00,0.618,426.17896,below,130.27,130.59,123.0,126.25
2013-05-27T00:00:00+00:00,0.786,460.40392,below,130.27,130.59,123.0,126.25
2013-05-27T00:00:00+00:00,1.0,504.0,below,130.27,130.59,123.0,126.25
2013-05-28T00:00:00+00:00,0.236,348.35792,below,125.0,127.0,123.0,125.5
2013-05-28T00:00:00+00:00,0.382,378.10104,below,125.0,127.0,123.0,125.5
2013-05-28T00:00:00+00:00,0.5,402.14,below,125.0,127.0,123.0,125.5
2013-05-28T00:00:00+00:00,0.618,426.17896,below,125.0,127.0,123.0,125.5
2013-05-28T00:00:00+00:00,0.786,460.40392,below,125.0,127.0,123.0,125.5
2013-05-28T00:00:00+00:00,1.0,504.0,below,125.0,127.0,123.0,125.5
2013-05-29T00:00:00+00:00,0.236,348.35792,below,126.06,140.68,125.67,130.35
2013-05-29T00:00:00+00:00,0.382,378.10104,below,126.06,140.68,125.67,130.35
2013-05-29T00:00:00+00:00,0.5,402.14,below,126.06,140.68,125.67,130.35
2013-05-29T00:00:00+00:00,0.618,426.17896,below,126.06,140.68,125.67,130.35
2013-05-29T00:00:00+00:00,0.786,460.40392,below,126.06,140.68,125.67,130.35
2013-05-29T00:00:00+00:00,1.0,504.0,below,126.06,140.68,125.67,130.35
2013-05-30T00:00:00+00:00,0.236,348.35792,below,130.35,131.0,124.15,126.7
2013-05-30T00:00:00+00:00,0.382,378.10104,below,130.35,131.0,124.15,126.7
2013-05-30T00:00:00+00:00,0.5,402.14,below,130.35,131.0,124.15,126.7
2013-05-30T00:00:00+00:00,0.618,426.17896,below,130.35,131.0,124.15,126.7
2013-05-30T00:00:00+00:00,0.786,460.40392,below,130.35,131.0,124.15,126.7
2013-05-30T00:00:00+00:00,1.0,504.0,below,130.35,131.0,124.15,126.7
2013-05-31T00:00:00+00:00,0.236,348.35792,below,126.78,129.1,125.06,127.9
2013-05-31T00:00:00+00:00,0.382,378.10104,below,126.78,129.1,125.06,127.9
2013-05-31T00:00:00+00:00,0.5,402.14,below,126.78,129.1,125.06,127.9
2013-05-31T00:00:00+00:00,0.618,426.17896,below,126.78,129.1,125.06,127.9
2013-05-31T00:00:00+00:00,0.786,460.40392,below,126.78,129.1,125.06,127.9
2013-05-31T00:00:00+00:00,1.0,504.0,below,126.78,129.1,125.06,127.9
2013-06-01T00:00:00+00:00,0.236,348.35792,below,127.73,129.0,127.0,128.77
2013-06-01T00:00:00+00:00,0.382,378.10104,below,127.73,129.0,127.0,128.77
2013-06-01T00:00:00+00:00,0.5,402.14,below,127.73,129.0,127.0,128.77
2013-06-01T00:00:00+00:00,0.618,426.17896,below,127.73,129.0,127.0,128.77
2013-06-01T00:00:00+00:00,0.786,460.40392,below,127.73,129.0,127.0,128.77
2013-06-01T00:00:00+00:00,1.0,504.0,below,127.73,129.0,127.0,128.77
2013-06-02T00:00:00+00:00,0.236,348.35792,below,128.77,132.65,117.0,123.8
2013-06-02T00:00:00+00:00,0.382,378.10104,below,128.77,132.65,117.0,123.8
2013-06-02T00:00:00+00:00,0.5,402.14,below,128.77,132.65,117.0,123.8
2013-06-02T00:00:00+00:00,0.618,426.17896,below,128.77,132.65,117.0,123.8
2013-06-02T00:00:00+00:00,0.786,460.40392,below,128.77,132.65,117.0,123.8
2013-06-02T00:00:00+00:00,1.0,504.0,below,128.77,132.65,117.0,123.8
2013-06-03T00:00:00+00:00,0.236,348.35792,below,123.41,132.87,117.0,123.1
2013-06-03T00:00:00+00:00,0.382,378.10104,below,123.41,132.87,117.0,123.1
2013-06-03T00:00:00+00:00,0.5,402.14,below,123.41,132.87,117.0,123.1
2013-06-03T00:00:00+00:00,0.618,426.17896,below,123.41,132.87,117.0,123.1
2013-06-03T00:00:00+00:00,0.786,460.40392,below,123.41,132.87,117.0,123.1
2013-06-03T00:00:00+00:00,1.0,504.0,below,123.41,132.87,117.0,123.1
2013-06-04T00:00:00+00:00,0.236,348.35792,below,123.22,123.99,116.42,120.43
2013-06-04T00:00:00+00:00,0.382,378.10104,below,123.22,123.99,116.42,120.43
2013-06-04T00:00:00+00:00,0.5,402.14,below,123.22,123.99,116.42,120.43
2013-06-04T00:00:00+00:00,0.618,426.17896,below,123.22,123.99,116.42,120.43
2013-06-04T00:00:00+00:00,0.786,460.40392,below,123.22,123.99,116.42,120.43
2013-06-04T00:00:00+00:00,1.0,504.0,below,123.22,123.99,116.42,120.43
2013-06-05T00:00:00+00:00,0.236,348.35792,below,120.3,122.37,119.6,121.19
2013-06-05T00:00:00+00:00,0.382,378.10104,below,120.3,122.37,119.6,121.19
2013-06-05T00:00:00+00:00,0.5,402.14,below,120.3,122.37,119.6,121.19
2013-06-05T00:00:00+00:00,0.618,426.17896,below,120.3,122.37,119.6,121.19
2013-06-05T00:00:00+00:00,0.786,460.40392,below,120.3,122.37,119.6,121.19
2013-06-05T00:00:00+00:00,1.0,504.0,below,120.3,122.37,119.6,121.19
2013-06-06T00:00:00+00:00,0.236,348.35792,below,121.33,121.33,118.0,119.28
2013-06-06T00:00:00+00:00,0.382,378.10104,below,121.33,121.33,118.0,119.28
2013-06-06T00:00:00+00:00,0.5,402.14,below,121.33,121.33,118.0,119.28
2013-06-06T00:00:00+00:00,0.618,426.17896,below,121.33,121.33,118.0,119.28
2013-06-06T00:00:00+00:00,0.786,460.40392,below,121.33,121.33,118.0,119.28
2013-06-06T00:00:00+00:00,1.0,504.0,below,121.33,121.33,118.0,119.28
2013-06-07T00:00:00+00:00,0.236,348.35792,below,118.4,119.0,107.0,111.07
2013-06-07T00:00:00+00:00,0.382,378.10104,below,118.4,119.0,107.0,111.07
2013-06-07T00:00:00+00:00,0.5,402.14,below,118.4,119.0,107.0,111.07
2013-06-07T00:00:00+00:00,0.618,426.17896,below,118.4,119.0,107.0,111.07
2013-06-07T00:00:00+00:00,0.786,460.40392,below,118.4,119.0,107.0,111.07
2013-06-07T00:00:00+00:00,1.0,504.0,below,118.4,119.0,107.0,111.07
2013-06-08T00:00:00+00:00,0.236,348.35792,below,110.17,112.5,108.45,109.13
2013-06-08T00:00:00+00:00,0.382,378.10104,below,110.17,112.5,108.45,109.13
2013-06-08T00:00:00+00:00,0.5,402.14,below,110.17,112.5,108.45,109.13
2013-06-08T00:00:00+00:00,0.618,426.17896,below,110.17,112.5,108.45,109.13
2013-06-08T00:00:00+00:00,0.786,460.40392,below,110.17,112.5,108.45,109.13
2013-06-08T00:00:00+00:00,1.0,504.0,below,110.17,112.5,108.45,109.13
2013-06-09T00:00:00+00:00,0.236,348.35792,below,108.99,110.0,89.9,100.0
2013-06-09T00:00:00+00:00,0.382,378.10104,below,108.99,110.0,89.9,100.0
2013-06-09T00:00:00+00:00,0.5,402.14,below,108.99,110.0,89.9,100.0
2013-06-09T00:00:00+00:00,0.618,426.17896,below,108.99,110.0,89.9,100.0
2013-06-09T00:00:00+00:00,0.786,460.40392,below,108.99,110.0,89.9,100.0
2013-06-09T00:00:00+00:00,1.0,504.0,below,108.99,110.0,89.9,100.0
2013-06-10T00:00:00+00:00,0.236,348.35792,below,100.0,108.0,93.0,104.18
2013-06-10T00:00:00+00:00,0.382,378.10104,below,100.0,108.0,93.0,104.18
2013-06-10T00:00:00+00:00,0.5,402.14,below,100.0,108.0,93.0,104.18
2013-06-10T00:00:00+00:00,0.618,426.17896,below,100.0,108.0,93.0,104.18
2013-06-10T00:00:00+00:00,0.786,460.40392,below,100.0,108.0,93.0,104.18
2013-06-10T00:00:00+00:00,1.0,504.0,below,100.0,108.0,93.0,104.18
2013-06-11T00:00:00+00:00,0.236,348.35792,below,104.68,108.03,103.4,107.36
2013-06-11T00:00:00+00:00,0.382,378.10104,below,104.68,108.03,103.4,107.36
2013-06-11T00:00:00+00:00,0.5,402.14,below,104.68,108.03,103.4,107.36
2013-06-11T00:00:00+00:00,0.618,426.17896,below,104.68,108.03,103.4,107.36
2013-06-11T00:00:00+00:00,0.786,460.40392,below,104.68,108.03,103.4,107.36
2013-06-11T00:00:00+00:00,1.0,504.0,below,104.68,108.03,103.4,107.36
2013-06-12T00:00:00+00:00,0.236,348.35792,below,107.07,119.0,105.0,106.68
2013-06-12T00:00:00+00:00,0.382,378.10104,below,107.07,119.0,105.0,106.68
2013-06-12T00:00:00+00:00,0.5,402.14,below,107.07,119.0,105.0,106.68
2013-06-12T00:00:00+00:00,0.618,426.17896,below,107.07,119.0,105.0,106.68
2013-06-12T00:00:00+00:00,0.786,460.40392,below,107.07,119.0,105.0,106.68
2013-06-12T00:00:00+00:00,1.0,504.0,below,107.07,119.0,105.0,106.68
2013-06-13T00:00:00+00:00,0.236,348.35792,below,106.28,109.14,95.0,102.0
2013-06-13T00:00:00+00:00,0.382,378.10104,below,106.28,109.14,95.0,102.0
2013-06-13T00:00:00+00:00,0.5,402.14,below,106.28,109.14,95.0,102.0
2013-06-13T00:00:00+00:00,0.618,426.17896,below,106.28,109.14,95.0,102.0
2013-06-13T00:00:00+00:00,0.786,460.40392,below,106.28,109.14,95.0,102.0
2013-06-13T00:00:00+00:00,1.0,504.0,below,106.28,109.14,95.0,102.0
2013-06-14T00:00:00+00:00,0.236,348.35792,below,101.86,107.36,97.0,99.0
2013-06-14T00:00:00+00:00,0.382,378.10104,below,101.86,107.36,97.0,99.0
2013-06-14T00:00:00+00:00,0.5,402.14,below,101.86,107.36,97.0,99.0
2013-06-14T00:00:00+00:00,0.618,426.17896,below,101.86,107.36,97.0,99.0
2013-06-14T00:00:00+00:00,0.786,460.40392,below,101.86,107.36,97.0,99.0
2013-06-14T00:00:00+00:00,1.0,504.0,below,101.86,107.36,97.0,99.0
2013-06-15T00:00:00+00:00,0.236,348.35792,below,99.01,104.0,96.22,99.42
2013-06-15T00:00:00+00:00,0.382,378.10104,below,99.01,104.0,96.22,99.42
2013-06-15T00:00:00+00:00,0.5,402.14,below,99.01,104.0,96.22,99.42
2013-06-15T00:00:00+00:00,0.618,426.17896,below,99.01,104.0,96.22,99.42
2013-06-15T00:00:00+00:00,0.786,460.40392,below,99.01,104.0,96.22,99.42
2013-06-15T00:00:00+00:00,1.0,504.0,below,99.01,104.0,96.22,99.42
2013-06-16T00:00:00+00:00,0.236,348.35792,below,99.43,101.1,98.66,99.0
2013-06-16T00:00:00+00:00,0.382,378.10104,below,99.43,101.1,98.66,99.0
2013-06-16T00:00:00+00:00,0.5,402.14,below,99.43,101.1,98.66,99.0
2013-06-16T00:00:00+00:00,0.618,426.17896,below,99.43,101.1,98.66,99.0
2013-06-16T00:00:00+00:00,0.786,460.40392,below,99.43,101.1,98.66,99.0
2013-06-16T00:00:00+00:00,1.0,504.0,below,99.43,101.1,98.66,99.0
2013-06-17T00:00:00+00:00,0.236,348.35792,below,99.0,101.01,98.3,100.49
2013-06-17T00:00:00+00:00,0.382,378.10104,below,99.0,101.01,98.3,100.49
2013-06-17T00:00:00+00:00,0.5,402.14,below,99.0,101.01,98.3,100.49
2013-06-17T00:00:00+00:00,0.618,426.17896,below,99.0,101.01,98.3,100.49
2013-06-17T00:00:00+00:00,0.786,460.40392,below,99.0,101.01,98.3,100.49
2013-06-17T00:00:00+00:00,1.0,504.0,below,99.0,101.01,98.3,100.49
2013-06-18T00:00:00+00:00,0.236,348.35792,below,100.39,108.5,99.99,104.12
2013-06-18T00:00:00+00:00,0.382,378.10104,below,100.39,108.5,99.99,104.12
2013-06-18T00:00:00+00:00,0.5,402.14,below,100.39,108.5,99.99,104.12
2013-06-18T00:00:00+00:00,0.618,426.17896,below,100.39,108.5,99.99,104.12
2013-06-18T00:00:00+00:00,0.786,460.40392,below,100.39,108.5,99.99,104.12
2013-06-18T00:00:00+00:00,1.0,504.0,below,100.39,108.5,99.99,104.12
2013-06-19T00:00:00+00:00,0.236,348.35792,below,104.49,107.5,102.99,104.99
2013-06-19T00:00:00+00:00,0.382,378.10104,below,104.49,107.5,102.99,104.99
2013-06-19T00:00:00+00:00,0.5,402.14,below,104.49,107.5,102.99,104.99
2013-06-19T00:00:00+00:00,0.618,426.17896,below,104.49,107.5,102.99,104.99
2013-06-19T00:00:00+00:00,0.786,460.40392,below,104.49,107.5,102.99,104.99
2013-06-19T00:00:00+00:00,1.0,504.0,below,104.49,107.5,102.99,104.99
2013-06-20T00:00:00+00:00,0.236,348.35792,below,104.83,108.0,102.38,104.55
2013-06-20T00:00:00+00:00,0.382,378.10104,below,104.83,108.0,102.38,104.55
2013-06-20T00:00:00+00:00,0.5,402.14,below,104.83,108.0,102.38,104.55
2013-06-20T00:00:00+00:00,0.618,426.17896,below,104.83,108.0,102.38,104.55
2013-06-20T00:00:00+00:00,0.786,460.40392,below,104.83,108.0,102.38,104.55
2013-06-20T00:00:00+00:00,1.0,504.0,below,104.83,108.0,102.38,104.55
2013-06-21T00:00:00+00:00,0.236,348.35792,below,103.0,105.0,91.0,101.29
2013-06-21T00:00:00+00:00,0.382,378.10104,below,103.0,105.0,91.0,101.29
2013-06-21T00:00:00+00:00,0.5,402.14,below,103.0,105.0,91.0,101.29
2013-06-21T00:00:00+00:00,0.618,426.17896,below,103.0,105.0,91.0,101.29
2013-06-21T00:00:00+00:00,0.786,460.40392,below,103.0,105.0,91.0,101.29
2013-06-21T00:00:00+00:00,1.0,504.0,below,103.0,105.0,91.0,101.29
2013-06-22T00:00:00+00:00,0.236,348.35792,below,101.29,102.4,98.49,100.23
2013-06-22T00:00:00+00:00,0.382,378.10104,below,101.29,102.4,98.49,100.23
2013-06-22T00:00:00+00:00,0.5,402.14,below,101.29,102.4,98.49,100.23
2013-06-22T00:00:00+00:00,0.618,426.17896,below,101.29,102.4,98.49,100.23
2013-06-22T00:00:00+00:00,0.786,460.40392,below,101.29,102.4,98.49,100.23
2013-06-22T00:00:00+00:00,1.0,504.0,below,101.29,102.4,98.49,100.23
2013-06-23T00:00:00+00:00,0.236,348.35792,below,100.0,101.5,98.6,100.4
2013-06-23T00:00:00+00:00,0.382,378.10104,below,100.0,101.5,98.6,100.4
2013-06-23T00:00:00+00:00,0.5,402.14,below,100.0,101.5,98.6,100.4
2013-06-23T00:00:00+00:00,0.618,426.17896,below,100.0,101.5,98.6,100.4
2013-06-23T00:00:00+00:00,0.786,460.40392,below,100.0,101.5,98.6,100.4
2013-06-23T00:00:00+00:00,1.0,504.0,below,100.0,101.5,98.6,100.4
2013-06-24T00:00:00+00:00,0.236,348.35792,below,100.4,102.13,95.38,98.68
2013-06-24T00:00:00+00:00,0.382,378.10104,below,100.4,102.13,95.38,98.68
2013-06-24T00:00:00+00:00,0.5,402.14,below,100.4,102.13,95.38,98.68
2013-06-24T00:00:00+00:00,0.618,426.17896,below,100.4,102.13,95.38,98.68
2013-06-24T00:00:00+00:00,0.786,460.40392,below,100.4,102.13,95.38,98.68
2013-06-24T00:00:00+00:00,1.0,504.0,below,100.4,102.13,95.38,98.68
2013-06-25T00:00:00+00:00,0.236,348.35792,below,99.35,100.9,97.5,97.58
2013-06-25T00:00:00+00:00,0.382,378.10104,below,99.35,100.9,97.5,97.58
2013-06-25T00:00:00+00:00,0.5,402.14,below,99.35,100.9,97.5,97.58
2013-06-25T00:00:00+00:00,0.618,426.17896,below,99.35,100.9,97.5,97.58
2013-06-25T00:00:00+00:00,0.786,460.40392,below,99.35,100.9,97.5,97.58
2013-06-25T00:00:00+00:00,1.0,504.0,below,99.35,100.9,97.5,97.58
2013-06-26T00:00:00+00:00,0.236,348.35792,below,98.5,100.0,96.99,98.69
2013-06-26T00:00:00+00:00,0.382,378.10104,below,98.5,100.0,96.99,98.69
2013-06-26T00:00:00+00:00,0.5,402.14,below,98.5,100.0,96.99,98.69
2013-06-26T00:00:00+00:00,0.618,426.17896,below,98.5,100.0,96.99,98.69
2013-06-26T00:00:00+00:00,0.786,460.40392,below,98.5,100.0,96.99,98.69
2013-06-26T00:00:00+00:00,1.0,504.0,below,98.5,100.0,96.99,98.69
2013-06-27T00:00:00+00:00,0.236,348.35792,below,98.01,98.72,96.31,96.31
2013-06-27T00:00:00+00:00,0.382,378.10104,below,98.01,98.72,96.31,96.31
2013-06-27T00:00:00+00:00,0.5,402.14,below,98.01,98.72,96.31,96.31
2013-06-27T00:00:00+00:00,0.618,426.17896,below,98.01,98.72,96.31,96.31
2013-06-27T00:00:00+00:00,0.786,460.40392,below,98.01,98.72,96.31,96.31
2013-06-27T00:00:00+00:00,1.0,504.0,below,98.01,98.72,96.31,96.31
2013-06-28T00:00:00+00:00,0.236,348.35792,below,96.31,96.52,88.01,89.79
2013-06-28T00:00:00+00:00,0.382,378.10104,below,96.31,96.52,88.01,89.79
2013-06-28T00:00:00+00:00,0.5,402.14,below,96.31,96.52,88.01,89.79
2013-06-28T00:00:00+00:00,0.618,426.17896,below,96.31,96.52,88.01,89.79
2013-06-28T00:00:00+00:00,0.786,460.40392,below,96.31,96.52,88.01,89.79
2013-06-28T00:00:00+00:00,1.0,504.0,below,96.31,96.52,88.01,89.79
2013-06-29T00:00:00+00:00,0.236,348.35792,below,89.2,91.6,86.15,88.8
2013-06-29T00:00:00+00:00,0.382,378.10104,below,89.2,91.6,86.15,88.8
2013-06-29T00:00:00+00:00,0.5,402.14,below,89.2,91.6,86.15,88.8
2013-06-29T00:00:00+00:00,0.618,426.17896,below,89.2,91.6,86.15,88.8
2013-06-29T00:00:00+00:00,0.786,460.40392,below,89.2,91.6,86.15,88.8
2013-06-29T00:00:00+00:00,1.0,504.0,below,89.2,91.6,86.15,88.8
2013-06-30T00:00:00+00:00,0.236,348.35792,below,88.53,90.25,88.26,89.55
2013-06-30T00:00:00+00:00,0.382,378.10104,below,88.53,90.25,88.26,89.55
2013-06-30T00:00:00+00:00,0.5,402.14,below,88.53,90.25,88.26,89.55
2013-06-30T00:00:00+00:00,0.618,426.17896,below,88.53,90.25,88.26,89.55
2013-06-30T00:00:00+00:00,0.786,460.40392,below,88.53,90.25,88.26,89.55
2013-06-30T00:00:00+00:00,1.0,504.0,below,88.53,90.25,88.26,89.55
2013-07-01T00:00:00+00:00,0.236,348.35792,below,89.58,91.56,1.0,83.5
2013-07-01T00:00:00+00:00,0.382,378.10104,below,89.58,91.56,1.0,83.5
2013-07-01T00:00:00+00:00,0.5,402.14,below,89.58,91.56,1.0,83.5
2013-07-01T00:00:00+00:00,0.618,426.17896,below,89.58,91.56,1.0,83.5
2013-07-01T00:00:00+00:00,0.786,460.40392,below,89.58,91.56,1.0,83.5
2013-07-01T00:00:00+00:00,1.0,504.0,below,89.58,91.56,1.0,83.5
2013-07-02T00:00:00+00:00,0.236,348.35792,below,83.51,88.5,83.24,87.68
2013-07-02T00:00:00+00:00,0.382,378.10104,below,83.51,88.5,83.24,87.68
2013-07-02T00:00:00+00:00,0.5,402.14,below,83.51,88.5,83.24,87.68
2013-07-02T00:00:00+00:00,0.618,426.17896,below,83.51,88.5,83.24,87.68
2013-07-02T00:00:00+00:00,0.786,460.40392,below,83.51,88.5,83.24,87.68
2013-07-02T00:00:00+00:00,1.0,504.0,below,83.51,88.5,83.24,87.68
2013-07-03T00:00:00+00:00,0.236,348.35792,below,89.0,89.56,75.0,77.402
2013-07-03T00:00:00+00:00,0.382,378.10104,below,89.0,89.56,75.0,77.402
2013-07-03T00:00:00+00:00,0.5,402.14,below,89.0,89.56,75.0,77.402
2013-07-03T00:00:00+00:00,0.618,426.17896,below,89.0,89.56,75.0,77.402
2013-07-03T00:00:00+00:00,0.786,460.40392,below,89.0,89.56,75.0,77.402
2013-07-03T00:00:00+00:00,1.0,504.0,below,89.0,89.56,75.0,77.402
2013-07-04T00:00:00+00:00,0.236,348.35792,below,77.33,82.0,70.04,79.4
2013-07-04T00:00:00+00:00,0.382,378.10104,below,77.33,82.0,70.04,79.4
2013-07-04T00:00:00+00:00,0.5,402.14,below,77.33,82.0,70.04,79.4
2013-07-04T00:00:00+00:00,0.618,426.17896,below,77.33,82.0,70.04,79.4
2013-07-04T00:00:00+00:00,0.786,460.40392,below,77.33,82.0,70.04,79.4
2013-07-04T00:00:00+00:00,1.0,504.0,below,77.33,82.0,70.04,79.4
2013-07-05T00:00:00+00:00,0.236,348.35792,below,79.4,79.4,64.0,67.0
2013-07-05T00:00:00+00:00,0.382,378.10104,below,79.4,79.4,64.0,67.0
2013-07-05T00:00:00+00:00,0.5,402.14,below,79.4,79.4,64.0,67.0
2013-07-05T00:00:00+00:00,0.618,426.17896,below,79.4,79.4,64.0,67.0
2013-07-05T00:00:00+00:00,0.786,460.40392,below,79.4,79.4,64.0,67.0
2013-07-05T00:00:00+00:00,1.0,504.0,below,79.4,79.4,64.0,67.0
2013-07-06T00:00:00+00:00,0.236,348.35792,below,67.0,73.26,62.94,66.12
2013-07-06T00:00:00+00:00,0.382,378.10104,below,67.0,73.26,62.94,66.12
2013-07-06T00:00:00+00:00,0.5,402.14,below,67.0,73.26,62.94,66.12
2013-07-06T00:00:00+00:00,0.618,426.17896,below,67.0,73.26,62.94,66.12
2013-07-06T00:00:00+00:00,0.786,460.40392,below,67.0,73.26,62.94,66.12
2013-07-06T00:00:00+00:00,1.0,504.0,below,67.0,73.26,62.94,66.12
2013-07-07T00:00:00+00:00,0.236,348.35792,below,66.12,74.07786,64.89,73.98
2013-07-07T00:00:00+00:00,0.382,378.10104,below,66.12,74.07786,64.89,73.98
2013-07-07T00:00:00+00:00,0.5,402.14,below,66.12,74.07786,64.89,73.98
2013-07-07T00:00:00+00:00,0.618,426.17896,below,66.12,74.07786,64.89,73.98
2013-07-07T00:00:00+00:00,0.786,460.40392,below,66.12,74.07786,64.89,73.98
2013-07-07T00:00:00+00:00,1.0,504.0,below,66.12,74.07786,64.89,73.98
2013-07-08T00:00:00+00:00,0.236,348.35792,below,73.96,77.0,70.0,74.35
2013-07-08T00:00:00+00:00,0.382,378.10104,below,73.96,77.0,70.0,74.35
2013-07-08T00:00:00+00:00,0.5,402.14,below,73.96,77.0,70.0,74.35
2013-07-08T00:00:00+00:00,0.618,426.17896,below,73.96,77.0,70.0,74.35
2013-07-08T00:00:00+00:00,0.786,460.40392,below,73.96,77.0,70.0,74.35
2013-07-08T00:00:00+00:00,1.0,504.0,below,73.96,77.0,70.0,74.35
2013-07-09T00:00:00+00:00,0.236,348.35792,below,73.85,76.01,70.47,74.98
2013-07-09T00:00:00+00:00,0.382,378.10104,below,73.85,76.01,70.47,74.98
2013-07-09T00:00:00+00:00,0.5,402.14,below,73.85,76.01,70.47,74.98
2013-07-09T00:00:00+00:00,0.618,426.17896,below,73.85,76.01,70.47,74.98
2013-07-09T00:00:00+00:00,0.786,460.40392,below,73.85,76.01,70.47,74.98
2013-07-09T00:00:00+00:00,1.0,504.0,below,73.85,76.01,70.47,74.98
2013-07-10T00:00:00+00:00,0.236,348.35792,below,74.93,87.0,74.83,86.12
2013-07-10T00:00:00+00:00,0.382,378.10104,below,74.93,87.0,74.83,86.12
2013-07-10T00:00:00+00:00,0.5,402.14,below,74.93,87.0,74.83,86.12
2013-07-10T00:00:00+00:00,0.618,426.17896,below,74.93,87.0,74.83,86.12
2013-07-10T00:00:00+00:00,0.786,460.40392,below,74.93,87.0,74.83,86.12
2013-07-10T00:00:00+00:00,1.0,504.0,below,74.93,87.0,74.83,86.12
2013-07-11T00:00:00+00:00,0.236,348.35792,below,86.12,89.23,84.0,88.0
2013-07-11T00:00:00+00:00,0.382,378.10104,below,86.12,89.23,84.0,88.0
2013-07-11T00:00:00+00:00,0.5,402.14,below,86.12,89.23,84.0,88.0
2013-07-11T00:00:00+00:00,0.618,426.17896,below,86.12,89.23,84.0,88.0
2013-07-11T00:00:00+00:00,0.786,460.40392,below,86.12,89.23,84.0,88.0
2013-07-11T00:00:00+00:00,1.0,504.0,below,86.12,89.23,84.0,88.0
2013-07-12T00:00:00+00:00,0.236,348.35792,below,87.81,101.39,86.64,90.2
2013-07-12T00:00:00+00:00,0.382,378.10104,below,87.81,101.39,86.64,90.2
2013-07-12T00:00:00+00:00,0.5,402.14,below,87.81,101.39,86.64,90.2
2013-07-12T00:00:00+00:00,0.618,426.17896,below,87.81,101.39,86.64,90.2
2013-07-12T00:00:00+00:00,0.786,460.40392,below,87.81,101.39,86.64,90.2
2013-07-12T00:00:00+00:00,1.0,504.0,below,87.81,101.39,86.64,90.2
2013-07-13T00:00:00+00:00,0.236,348.35792,below,90.17,91.95,85.0,91.6
2013-07-13T00:00:00+00:00,0.382,378.10104,below,90.17,91.95,85.0,91.6
2013-07-13T00:00:00+00:00,0.5,402.14,below,90.17,91.95,85.0,91.6
2013-07-13T00:00:00+00:00,0.618,426.17896,below,90.17,91.95,85.0,91.6
2013-07-13T00:00:00+00:00,0.786,460.40392,below,90.17,91.95,85.0,91.6
2013-07-13T00:00:00+00:00,1.0,504.0,below,90.17,91.95,85.0,91.6
2013-07-14T00:00:00+00:00,0.236,348.35792,below,91.69,93.0,88.88,90.07
2013-07-14T00:00:00+00:00,0.382,378.10104,below,91.69,93.0,88.88,90.07
2013-07-14T00:00:00+00:00,0.5,402.14,below,91.69,93.0,88.88,90.07
2013-07-14T00:00:00+00:00,0.618,426.17896,below,91.69,93.0,88.88,90.07
2013-07-14T00:00:00+00:00,0.786,460.40392,below,91.69,93.0,88.88,90.07
2013-07-14T00:00:00+00:00,1.0,504.0,below,91.69,93.0,88.88,90.07
2013-07-15T00:00:00+00:00,0.236,348.35792,below,89.011,99.83,82.45,93.94
2013-07-15T00:00:00+00:00,0.382,378.10104,below,89.011,99.83,82.45,93.94
2013-07-15T00:00:00+00:00,0.5,402.14,below,89.011,99.83,82.45,93.94
2013-07-15T00:00:00+00:00,0.618,426.17896,below,89.011,99.83,82.45,93.94
2013-07-15T00:00:00+00:00,0.786,460.40392,below,89.011,99.83,82.45,93.94
2013-07-15T00:00:00+00:00,1.0,504.0,below,89.011,99.83,82.45,93.94
2013-07-16T00:00:00+00:00,0.236,348.35792,below,93.75,94.0,84.7,91.6
2013-07-16T00:00:00+00:00,0.382,378.10104,below,93.75,94.0,84.7,91.6
2013-07-16T00:00:00+00:00,0.5,402.14,below,93.75,94.0,84.7,91.6
2013-07-16T00:00:00+00:00,0.618,426.17896,below,93.75,94.0,84.7,91.6
2013-07-16T00:00:00+00:00,0.786,460.40392,below,93.75,94.0,84.7,91.6
2013-07-16T00:00:00+00:00,1.0,504.0,below,93.75,94.0,84.7,91.6
2013-07-17T00:00:00+00:00,0.236,348.35792,below,91.58,92.8,89.22,91.48
2013-07-17T00:00:00+00:00,0.382,378.10104,below,91.58,92.8,89.22,91.48
2013-07-17T00:00:00+00:00,0.5,402.14,below,91.58,92.8,89.22,91.48
2013-07-17T00:00:00+00:00,0.618,426.17896,below,91.58,92.8,89.22,91.48
2013-07-17T00:00:00+00:00,0.786,460.40392,below,91.58,92.8,89.22,91.48
2013-07-17T00:00:00+00:00,1.0,504.0,below,91.58,92.8,89.22,91.48
2013-07-18T00:00:00+00:00,0.236,348.35792,below,90.85,91.23,77.0,85.27
2013-07-18T00:00:00+00:00,0.382,378.10104,below,90.85,91.23,77.0,85.27
2013-07-18T00:00:00+00:00,0.5,402.14,below,90.85,91.23,77.0,85.27
2013-07-18T00:00:00+00:00,0.618,426.17896,below,90.85,91.23,77.0,85.27
2013-07-18T00:00:00+00:00,0.786,460.40392,below,90.85,91.23,77.0,85.27
2013-07-18T00:00:00+00:00,1.0,504.0,below,90.85,91.23,77.0,85.27
2013-07-19T00:00:00+00:00,0.236,348.35792,below,85.01,87.1,83.4,86.53
2013-07-19T00:00:00+00:00,0.382,378.10104,below,85.01,87.1,83.4,86.53
2013-07-19T00:00:00+00:00,0.5,402.14,below,85.01,87.1,83.4,86.53
2013-07-19T00:00:00+00:00,0.618,426.17896,below,85.01,87.1,83.4,86.53
2013-07-19T00:00:00+00:00,0.786,460.40392,below,85.01,87.1,83.4,86.53
2013-07-19T00:00:00+00:00,1.0,504.0,below,85.01,87.1,83.4,86.53
2013-07-20T00:00:00+00:00,0.236,348.35792,below,86.5,87.2,84.27,85.0
2013-07-20T00:00:00+00:00,0.382,378.10104,below,86.5,87.2,84.27,85.0
2013-07-20T00:00:00+00:00,0.5,402.14,below,86.5,87.2,84.27,85.0
2013-07-20T00:00:00+00:00,0.618,426.17896,below,86.5,87.2,84.27,85.0
2013-07-20T00:00:00+00:00,0.786,460.40392,below,86.5,87.2,84.27,85.0
2013-07-20T00:00:00+00:00,1.0,504.0,below,86.5,87.2,84.27,85.0
2013-07-21T00:00:00+00:00,0.236,348.35792,below,85.09,86.4,84.0,85.79
2013-07-21T00:00:00+00:00,0.382,378.10104,below,85.09,86.4,84.0,85.79
2013-07-21T00:00:00+00:00,0.5,402.14,below,85.09,86.4,84.0,85.79
2013-07-21T00:00:00+00:00,0.618,426.17896,below,85.09,86.4,84.0,85.79
2013-07-21T00:00:00+00:00,0.786,460.40392,below,85.09,86.4,84.0,85.79
2013-07-21T00:00:00+00:00,1.0,504.0,below,85.09,86.4,84.0,85.79
2013-07-22T00:00:00+00:00,0.236,348.35792,below,85.77,87.1,83.99,85.6
2013-07-22T00:00:00+00:00,0.382,378.10104,below,85.77,87.1,83.99,85.6
2013-07-22T00:00:00+00:00,0.5,402.14,below,85.77,87.1,83.99,85.6
2013-07-22T00:00:00+00:00,0.618,426.17896,below,85.77,87.1,83.99,85.6
2013-07-22T00:00:00+00:00,0.786,460.40392,below,85.77,87.1,83.99,85.6
2013-07-22T00:00:00+00:00,1.0,504.0,below,85.77,87.1,83.99,85.6
2013-07-23T00:00:00+00:00,0.236,348.35792,below,85.55,88.67,82.99,86.95
2013-07-23T00:00:00+00:00,0.382,378.10104,below,85.55,88.67,82.99,86.95
2013-07-23T00:00:00+00:00,0.5,402.14,below,85.55,88.67,82.99,86.95
2013-07-23T00:00:00+00:00,0.618,426.17896,below,85.55,88.67,82.99,86.95
2013-07-23T00:00:00+00:00,0.786,460.40392,below,85.55,88.67,82.99,86.95
2013-07-23T00:00:00+00:00,1.0,504.0,below,85.55,88.67,82.99,86.95
2013-07-24T00:00:00+00:00,0.236,348.35792,below,86.95,95.68,86.46,88.36
2013-07-24T00:00:00+00:00,0.382,378.10104,below,86.95,95.68,86.46,88.36
2013-07-24T00:00:00+00:00,0.5,402.14,below,86.95,95.68,86.46,88.36
2013-07-24T00:00:00+00:00,0.618,426.17896,below,86.95,95.68,86.46,88.36
2013-07-24T00:00:00+00:00,0.786,460.40392,below,86.95,95.68,86.46,88.36
2013-07-24T00:00:00+00:00,1.0,504.0,below,86.95,95.68,86.46,88.36
2013-07-25T00:00:00+00:00,0.236,348.35792,below,88.42,91.99899,87.15,90.24
2013-07-25T00:00:00+00:00,0.382,378.10104,below,88.42,91.99899,87.15,90.24
2013-07-25T00:00:00+00:00,0.5,402.14,below,88.42,91.99899,87.15,90.24
2013-07-25T00:00:00+00:00,0.618,426.17896,below,88.42,91.99899,87.15,90.24
2013-07-25T00:00:00+00:00,0.786,460.40392,below,88.42,91.99899,87.15,90.24
2013-07-25T00:00:00+00:00,1.0,504.0,below,88.42,91.99899,87.15,90.24
2013-07-26T00:00:00+00:00,0.236,348.35792,below,90.09,91.72,89.2,89.95
2013-07-26T00:00:00+00:00,0.382,378.10104,below,90.09,91.72,89.2,89.95
2013-07-26T00:00:00+00:00,0.5,402.14,below,90.09,91.72,89.2,89.95
2013-07-26T00:00:00+00:00,0.618,426.17896,below,90.09,91.72,89.2,89.95
2013-07-26T00:00:00+00:00,0.786,460.40392,below,90.09,91.72,89.2,89.95
2013-07-26T00:00:00+00:00,1.0,504.0,below,90.09,91.72,89.2,89.95
2013-07-27T00:00:00+00:00,0.236,348.35792,below,89.95,90.11,87.8,88.02
2013-07-27T00:00:00+00:00,0.382,378.10104,below,89.95,90.11,87.8,88.02
2013-07-27T00:00:00+00:00,0.5,402.14,below,89.95,90.11,87.8,88.02
2013-07-27T00:00:00+00:00,0.618,426.17896,below,89.95,90.11,87.8,88.02
2013-07-27T00:00:00+00:00,0.786,460.40392,below,89.95,90.11,87.8,88.02
2013-07-27T00:00:00+00:00,1.0,504.0,below,89.95,90.11,87.8,88.02
2013-07-28T00:00:00+00:00,0.236,348.35792,below,88.02,94.0,87.92,92.46
2013-07-28T00:00:00+00:00,0.382,378.10104,below,88.02,94.0,87.92,92.46
2013-07-28T00:00:00+00:00,0.5,402.14,below,88.02,94.0,87.92,92.46
2013-07-28T00:00:00+00:00,0.618,426.17896,below,88.02,94.0,87.92,92.46
2013-07-28T00:00:00+00:00,0.786,460.40392,below,88.02,94.0,87.92,92.46
2013-07-28T00:00:00+00:00,1.0,504.0,below,88.02,94.0,87.92,92.46
2013-07-29T00:00:00+00:00,0.236,348.35792,below,92.01,93.73,90.54,93.37
2013-07-29T00:00:00+00:00,0.382,378.10104,below,92.01,93.73,90.54,93.37
2013-07-29T00:00:00+00:00,0.5,402.14,below,92.01,93.73,90.54,93.37
2013-07-29T00:00:00+00:00,0.618,426.17896,below,92.01,93.73,90.54,93.37
2013-07-29T00:00:00+00:00,0.786,460.40392,below,92.01,93.73,90.54,93.37
2013-07-29T00:00:00+00:00,1.0,504.0,below,92.01,93.73,90.54,93.37
2013-07-30T00:00:00+00:00,0.236,348.35792,below,93.01,97.11,92.7,96.5
2013-07-30T00:00:00+00:00,0.382,378.10104,below,93.01,97.11,92.7,96.5
2013-07-30T00:00:00+00:00,0.5,402.14,below,93.01,97.11,92.7,96.5
2013-07-30T00:00:00+00:00,0.618,426.17896,below,93.01,97.11,92.7,96.5
2013-07-30T00:00:00+00:00,0.786,460.40392,below,93.01,97.11,92.7,96.5
2013-07-30T00:00:00+00:00,1.0,504.0,below,93.01,97.11,92.7,96.5
2013-07-31T00:00:00+00:00,0.236,348.35792,below,96.68,101.03,95.1,98.18
2013-07-31T00:00:00+00:00,0.382,378.10104,below,96.68,101.03,95.1,98.18
2013-07-31T00:00:00+00:00,0.5,402.14,below,96.68,101.03,95.1,98.18
2013-07-31T00:00:00+00:00,0.618,426.17896,below,96.68,101.03,95.1,98.18
2013-07-31T00:00:00+00:00,0.786,460.40392,below,96.68,101.03,95.1,98.18
2013-07-31T00:00:00+00:00,1.0,504.0,below,96.68,101.03,95.1,98.18
2013-08-01T00:00:00+00:00,0.236,348.35792,below,97.99,98.50297,95.21,96.55
2013-08-01T00:00:00+00:00,0.382,378.10104,below,97.99,98.50297,95.21,96.55
2013-08-01T00:00:00+00:00,0.5,402.14,below,97.99,98.50297,95.21,96.55
2013-08-01T00:00:00+00:00,0.618,426.17896,below,97.99,98.50297,95.21,96.55
2013-08-01T00:00:00+00:00,0.786,460.40392,below,97.99,98.50297,95.21,96.55
2013-08-01T00:00:00+00:00,1.0,504.0,below,97.99,98.50297,95.21,96.55
2013-08-02T00:00:00+00:00,0.236,348.35792,below,96.55,98.7,93.75,95.85
2013-08-02T00:00:00+00:00,0.382,378.10104,below,96.55,98.7,93.75,95.85
2013-08-02T00:00:00+00:00,0.5,402.14,below,96.55,98.7,93.75,95.85
2013-08-02T00:00:00+00:00,0.618,426.17896,below,96.55,98.7,93.75,95.85
2013-08-02T00:00:00+00:00,0.786,460.40392,below,96.55,98.7,93.75,95.85
2013-08-02T00:00:00+00:00,1.0,504.0,below,96.55,98.7,93.75,95.85
2013-08-03T00:00:00+00:00,0.236,348.35792,below,95.82,97.23,94.67,95.49
2013-08-03T00:00:00+00:00,0.382,378.10104,below,95.82,97.23,94.67,95.49
2013-08-03T00:00:00+00:00,0.5,402.14,below,95.82,97.23,94.67,95.49
2013-08-03T00:00:00+00:00,0.618,426.17896,below,95.82,97.23,94.67,95.49
2013-08-03T00:00:00+00:00,0.786,460.40392,below,95.82,97.23,94.67,95.49
2013-08-03T00:00:00+00:00,1.0,504.0,below,95.82,97.23,94.67,95.49
2013-08-04T00:00:00+00:00,0.236,348.35792,below,95.5,96.7,95.5,96.38
2013-08-04T00:00:00+00:00,0.382,378.10104,below,95.5,96.7,95.5,96.38
2013-08-04T00:00:00+00:00,0.5,402.14,below,95.5,96.7,95.5,96.38
2013-08-04T00:00:00+00:00,0.618,426.17896,below,95.5,96.7,95.5,96.38
2013-08-04T00:00:00+00:00,0.786,460.40392,below,95.5,96.7,95.5,96.38
2013-08-04T00:00:00+00:00,1.0,504.0,below,95.5,96.7,95.5,96.38
2013-08-05T00:00:00+00:00,0.236,348.35792,below,96.38,98.91,96.21,97.4
2013-08-05T00:00:00+00:00,0.382,378.10104,below,96.38,98.91,96.21,97.4
2013-08-05T00:00:00+00:00,0.5,402.14,below,96.38,98.91,96.21,97.4
2013-08-05T00:00:00+00:00,0.618,426.17896,below,96.38,98.91,96.21,97.4
2013-08-05T00:00:00+00:00,0.786,460.40392,below,96.38,98.91,96.21,97.4
2013-08-05T00:00:00+00:00,1.0,504.0,below,96.38,98.91,96.21,97.4
2013-08-06T00:00:00+00:00,0.236,348.35792,below,97.73,98.9,97.0,97.8
2013-08-06T00:00:00+00:00,0.382,378.10104,below,97.73,98.9,97.0,97.8
2013-08-06T00:00:00+00:00,0.5,402.14,below,97.73,98.9,97.0,97.8
2013-08-06T00:00:00+00:00,0.618,426.17896,below,97.73,98.9,97.0,97.8
2013-08-06T00:00:00+00:00,0.786,460.40392,below,97.73,98.9,97.0,97.8
2013-08-06T00:00:00+00:00,1.0,504.0,below,97.73,98.9,97.0,97.8
2013-08-07T00:00:00+00:00,0.236,348.35792,below,97.8,98.3,95.5,97.0
2013-08-07T00:00:00+00:00,0.382,378.10104,below,97.8,98.3,95.5,97.0
2013-08-07T00:00:00+00:00,0.5,402.14,below,97.8,98.3,95.5,97.0
2013-08-07T00:00:00+00:00,0.618,426.17896,below,97.8,98.3,95.5,97.0
2013-08-07T00:00:00+00:00,0.786,460.40392,below,97.8,98.3,95.5,97.0
2013-08-07T00:00:00+00:00,1.0,504.0,below,97.8,98.3,95.5,97.0
2013-08-08T00:00:00+00:00,0.236,348.35792,below,97.0,97.17,91.4,94.25
2013-08-08T00:00:00+00:00,0.382,378.10104,below,97.0,97.17,91.4,94.25
2013-08-08T00:00:00+00:00,0.5,402.14,below,97.0,97.17,91.4,94.25
2013-08-08T00:00:00+00:00,0.618,426.17896,below,97.0,97.17,91.4,94.25
2013-08-08T00:00:00+00:00,0.786,460.40392,below,97.0,97.17,91.4,94.25
2013-08-08T00:00:00+00:00,1.0,504.0,below,97.0,97.17,91.4,94.25
2013-08-09T00:00:00+00:00,0.236,348.35792,below,94.27,95.51,89.51,92.28
2013-08-09T00:00:00+00:00,0.382,378.10104,below,94.27,95.51,89.51,92.28
2013-08-09T00:00:00+00:00,0.5,402.14,below,94.27,95.51,89.51,92.28
2013-08-09T00:00:00+00:00,0.618,426.17896,below,94.27,95.51,89.51,92.28
2013-08-09T00:00:00+00:00,0.786,460.40392,below,94.27,95.51,89.51,92.28
2013-08-09T00:00:00+00:00,1.0,504.0,below,94.27,95.51,89.51,92.28
2013-08-10T00:00:00+00:00,0.236,348.35792,below,92.14,94.0,92.14,93.51
2013-08-10T00:00:00+00:00,0.382,378.10104,below,92.14,94.0,92.14,93.51
2013-08-10T00:00:00+00:00,0.5,402.14,below,92.14,94.0,92.14,93.51
2013-08-10T00:00:00+00:00,0.618,426.17896,below,92.14,94.0,92.14,93.51
2013-08-10T00:00:00+00:00,0.786,460.40392,below,92.14,94.0,92.14,93.51
2013-08-10T00:00:00+00:00,1.0,504.0,below,92.14,94.0,92.14,93.51
2013-08-11T00:00:00+00:00,0.236,348.35792,below,93.51,94.52,93.2,94.0
2013-08-11T00:00:00+00:00,0.382,378.10104,below,93.51,94.52,93.2,94.0
2013-08-11T00:00:00+00:00,0.5,402.14,below,93.51,94.52,93.2,94.0
2013-08-11T00:00:00+00:00,0.618,426.17896,below,93.51,94.52,93.2,94.0
2013-08-11T00:00:00+00:00,0.786,460.40392,below,93.51,94.52,93.2,94.0
2013-08-11T00:00:00+00:00,1.0,504.0,below,93.51,94.52,93.2,94.0
2013-08-12T00:00:00+00:00,0.236,348.35792,below,94.0,96.24,93.31,95.35
2013-08-12T00:00:00+00:00,0.382,378.10104,below,94.0,96.24,93.31,95.35
2013-08-12T00:00:00+00:00,0.5,402.14,below,94.0,96.24,93.31,95.35
2013-08-12T00:00:00+00:00,0.618,426.17896,below,94.0,96.24,93.31,95.35
2013-08-12T00:00:00+00:00,0.786,460.40392,below,94.0,96.24,93.31,95.35
2013-08-12T00:00:00+00:00,1.0,504.0,below,94.0,96.24,93.31,95.35
2013-08-13T00:00:00+00:00,0.236,348.35792,below,95.12109,98.2,94.23,98.15
2013-08-13T00:00:00+00:00,0.382,378.10104,below,95.12109,98.2,94.23,98.15
2013-08-13T00:00:00+00:00,0.5,402.14,below,95.12109,98.2,94.23,98.15
2013-08-13T00:00:00+00:00,0.618,426.17896,below,95.12109,98.2,94.23,98.15
2013-08-13T00:00:00+00:00,0.786,460.40392,below,95.12109,98.2,94.23,98.15
2013-08-13T00:00:00+00:00,1.0,504.0,below,95.12109,98.2,94.23,98.15
2013-08-14T00:00:00+00:00,0.236,348.35792,below,97.99,101.0,97.36828,99.16
2013-08-14T00:00:00+00:00,0.382,378.10104,below,97.99,101.0,97.36828,99.16
2013-08-14T00:00:00+00:00,0.5,402.14,below,97.99,101.0,97.36828,99.16
2013-08-14T00:00:00+00:00,0.618,426.17896,below,97.99,101.0,97.36828,99.16
2013-08-14T00:00:00+00:00,0.786,460.40392,below,97.99,101.0,97.36828,99.16
2013-08-14T00:00:00+00:00,1.0,504.0,below,97.99,101.0,97.36828,99.16
2013-08-15T00:00:00+00:00,0.236,348.35792,below,99.4,100.01,96.24,98.08
2013-08-15T00:00:00+00:00,0.382,378.10104,below,99.4,100.01,96.24,98.08
2013-08-15T00:00:00+00:00,0.5,402.14,below,99.4,100.01,96.24,98.08
2013-08-15T00:00:00+00:00,0.618,426.17896,below,99.4,100.01,96.24,98.08
2013-08-15T00:00:00+00:00,0.786,460.40392,below,99.4,100.01,96.24,98.08
2013-08-15T00:00:00+00:00,1.0,504.0,below,99.4,100.01,96.24,98.08
2013-08-16T00:00:00+00:00,0.236,348.35792,below,98.39,99.0,96.53,98.3
2013-08-16T00:00:00+00:00,0.382,378.10104,below,98.39,99.0,96.53,98.3
2013-08-16T00:00:00+00:00,0.5,402.14,below,98.39,99.0,96.53,98.3
2013-08-16T00:00:00+00:00,0.618,426.17896,below,98.39,99.0,96.53,98.3
2013-08-16T00:00:00+00:00,0.786,460.40392,below,98.39,99.0,96.53,98.3
2013-08-16T00:00:00+00:00,1.0,504.0,below,98.39,99.0,96.53,98.3
2013-08-17T00:00:00+00:00,0.236,348.35792,below,98.27,99.7,97.5,99.4
2013-08-17T00:00:00+00:00,0.382,378.10104,below,98.27,99.7,97.5,99.4
2013-08-17T00:00:00+00:00,0.5,402.14,below,98.27,99.7,97.5,99.4
2013-08-17T00:00:00+00:00,0.618,426.17896,below,98.27,99.7,97.5,99.4
2013-08-17T00:00:00+00:00,0.786,460.40392,below,98.27,99.7,97.5,99.4
2013-08-17T00:00:00+00:00,1.0,504.0,below,98.27,99.7,97.5,99.4
2013-08-18T00:00:00+00:00,0.236,348.35792,below,100.0,100.0,98.42,99.25
2013-08-18T00:00:00+00:00,0.382,378.10104,below,100.0,100.0,98.42,99.25
2013-08-18T00:00:00+00:00,0.5,402.14,below,100.0,100.0,98.42,99.25
2013-08-18T00:00:00+00:00,0.618,426.17896,below,100.0,100.0,98.42,99.25
2013-08-18T00:00:00+00:00,0.786,460.40392,below,100.0,100.0,98.42,99.25
2013-08-18T00:00:00+00:00,1.0,504.0,below,100.0,100.0,98.42,99.25
2013-08-19T00:00:00+00:00,0.236,348.35792,below,99.25,105.0,98.82,102.6
2013-08-19T00:00:00+00:00,0.382,378.10104,below,99.25,105.0,98.82,102.6
2013-08-19T00:00:00+00:00,0.5,402.14,below,99.25,105.0,98.82,102.6
2013-08-19T00:00:00+00:00,0.618,426.17896,below,99.25,105.0,98.82,102.6
2013-08-19T00:00:00+00:00,0.786,460.40392,below,99.25,105.0,98.82,102.6
2013-08-19T00:00:00+00:00,1.0,504.0,below,99.25,105.0,98.82,102.6
2013-08-20T00:00:00+00:00,0.236,348.35792,below,102.85,104.94,100.48,104.94
2013-08-20T00:00:00+00:00,0.382,378.10104,below,102.85,104.94,100.48,104.94
2013-08-20T00:00:00+00:00,0.5,402.14,below,102.85,104.94,100.48,104.94
2013-08-20T00:00:00+00:00,0.618,426.17896,below,102.85,104.94,100.48,104.94
2013-08-20T00:00:00+00:00,0.786,460.40392,below,102.85,104.94,100.48,104.94
2013-08-20T00:00:00+00:00,1.0,504.0,below,102.85,104.94,100.48,104.94
2013-08-21T00:00:00+00:00,0.236,348.35792,below,104.94,114.45,104.57,110.43
2013-08-21T00:00:00+00:00,0.382,378.10104,below,104.94,114.45,104.57,110.43
2013-08-21T00:00:00+00:00,0.5,402.14,below,104.94,114.45,104.57,110.43
2013-08-21T00:00:00+00:00,0.618,426.17896,below,104.94,114.45,104.57,110.43
2013-08-21T00:00:00+00:00,0.786,460.40392,below,104.94,114.45,104.57,110.43
2013-08-21T00:00:00+00:00,1.0,504.0,below,104.94,114.45,104.57,110.43
2013-08-22T00:00:00+00:00,0.236,348.35792,below,111.62,113.01,107.99,109.14
2013-08-22T00:00:00+00:00,0.382,378.10104,below,111.62,113.01,107.99,109.14
2013-08-22T00:00:00+00:00,0.5,402.14,below,111.62,113.01,107.99,109.14
2013-08-22T00:00:00+00:00,0.618,426.17896,below,111.62,113.01,107.99,109.14
2013-08-22T00:00:00+00:00,0.786,460.40392,below,111.62,113.01,107.99,109.14
2013-08-22T00:00:00+00:00,1.0,504.0,below,111.62,113.01,107.99,109.14
2013-08-23T00:00:00+00:00,0.236,348.35792,below,109.12,110.0,104.3,107.89
2013-08-23T00:00:00+00:00,0.382,378.10104,below,109.12,110.0,104.3,107.89
2013-08-23T00:00:00+00:00,0.5,402.14,below,109.12,110.0,104.3,107.89
2013-08-23T00:00:00+00:00,0.618,426.17896,below,109.12,110.0,104.3,107.89
2013-08-23T00:00:00+00:00,0.786,460.40392,below,109.12,110.0,104.3,107.89
2013-08-23T00:00:00+00:00,1.0,504.0,below,109.12,110.0,104.3,107.89
2013-08-24T00:00:00+00:00,0.236,348.35792,below,107.66,110.6,106.61,108.3
2013-08-24T00:00:00+00:00,0.382,378.10104,below,107.66,110.6,106.61,108.3
2013-08-24T00:00:00+00:00,0.5,402.14,below,107.66,110.6,106.61,108.3
2013-08-24T00:00:00+00:00,0.618,426.17896,below,107.66,110.6,106.61,108.3
2013-08-24T00:00:00+00:00,0.786,460.40392,below,107.66,110.6,106.61,108.3
2013-08-24T00:00:00+00:00,1.0,504.0,below,107.66,110.6,106.61,108.3
2013-08-25T00:00:00+00:00,0.236,348.35792,below,109.17,114.76,109.16,113.11
2013-08-25T00:00:00+00:00,0.382,378.10104,below,109.17,114.76,109.16,113.11
2013-08-25T00:00:00+00:00,0.5,402.14,below,109.17,114.76,109.16,113.11
2013-08-25T00:00:00+00:00,0.618,426.17896,below,109.17,114.76,109.16,113.11
2013-08-25T00:00:00+00:00,0.786,460.40392,below,109.17,114.76,109.16,113.11
2013-08-25T00:00:00+00:00,1.0,504.0,below,109.17,114.76,109.16,113.11
2013-08-26T00:00:00+00:00,0.236,348.35792,below,113.12,113.9,110.0,112.45
2013-08-26T00:00:00+00:00,0.382,378.10104,below,113.12,113.9,110.0,112.45
2013-08-26T00:00:00+00:00,0.5,402.14,below,113.12,113.9,110.0,112.45
2013-08-26T00:00:00+00:00,0.618,426.17896,below,113.12,113.9,110.0,112.45
2013-08-26T00:00:00+00:00,0.786,460.40392,below,113.12,113.9,110.0,112.45
2013-08-26T00:00:00+00:00,1.0,504.0,below,113.12,113.9,110.0,112.45
2013-08-27T00:00:00+00:00,0.236,348.35792,below,111.85,119.0,111.77,117.7
2013-08-27T00:00:00+00:00,0.382,378.10104,below,111.85,119.0,111.77,117.7
2013-08-27T00:00:00+00:00,0.5,402.14,below,111.85,119.0,111.77,117.7
2013-08-27T00:00:00+00:00,0.618,426.17896,below,111.85,119.0,111.77,117.7
2013-08-27T00:00:00+00:00,0.786,460.40392,below,111.85,119.0,111.77,117.7
2013-08-27T00:00:00+00:00,1.0,504.0,below,111.85,119.0,111.77,117.7
2013-08-28T00:00:00+00:00,0.236,348.35792,below,118.0,119.76,116.0,118.0
2013-08-28T00:00:00+00:00,0.382,378.10104,below,118.0,119.76,116.0,118.0
2013-08-28T00:00:00+00:00,0.5,402.14,below,118.0,119.76,116.0,118.0
2013-08-28T00:00:00+00:00,0.618,426.17896,below,118.0,119.76,116.0,118.0
2013-08-28T00:00:00+00:00,0.786,460.40392,below,118.0,119.76,116.0,118.0
2013-08-28T00:00:00+00:00,1.0,504.0,below,118.0,119.76,116.0,118.0
2013-08-29T00:00:00+00:00,0.236,348.35792,below,117.95,121.0,117.29,118.5
2013-08-29T00:00:00+00:00,0.382,378.10104,below,117.95,121.0,117.29,118.5
2013-08-29T00:00:00+00:00,0.5,402.14,below,117.95,121.0,117.29,118.5
2013-08-29T00:00:00+00:00,0.618,426.17896,below,117.95,121.0,117.29,118.5
2013-08-29T00:00:00+00:00,0.786,460.40392,below,117.95,121.0,117.29,118.5
2013-08-29T00:00:00+00:00,1.0,504.0,below,117.95,121.0,117.29,118.5
2013-08-30T00:00:00+00:00,0.236,348.35792,below,118.93,126.3,118.05,125.0
2013-08-30T00:00:00+00:00,0.382,378.10104,below,118.93,126.3,118.05,125.0
2013-08-30T00:00:00+00:00,0.5,402.14,below,118.93,126.3,118.05,125.0
2013-08-30T00:00:00+00:00,0.618,426.17896,below,118.93,126.3,118.05,125.0
2013-08-30T00:00:00+00:00,0.786,460.40392,below,118.93,126.3,118.05,125.0
2013-08-30T00:00:00+00:00,1.0,504.0,below,118.93,126.3,118.05,125.0
2013-08-31T00:00:00+00:00,0.236,348.35792,below,124.89,134.94,123.75,127.8
2013-08-31T00:00:00+00:00,0.382,378.10104,below,124.89,134.94,123.75,127.8
2013-08-31T00:00:00+00:00,0.5,402.14,below,124.89,134.94,123.75,127.8
2013-08-31T00:00:00+00:00,0.618,426.17896,below,124.89,134.94,123.75,127.8
2013-08-31T00:00:00+00:00,0.786,460.40392,below,124.89,134.94,123.75,127.8
2013-08-31T00:00:00+00:00,1.0,504.0,below,124.89,134.94,123.75,127.8
2013-09-01T00:00:00+00:00,0.236,348.35792,below,128.21,132.0,126.81,130.41
2013-09-01T00:00:00+00:00,0.382,378.10104,below,128.21,132.0,126.81,130.41
2013-09-01T00:00:00+00:00,0.5,402.14,below,128.21,132.0,126.81,130.41
2013-09-01T00:00:00+00:00,0.618,426.17896,below,128.21,132.0,126.81,130.41
2013-09-01T00:00:00+00:00,0.786,460.40392,below,128.21,132.0,126.81,130.41
2013-09-01T00:00:00+00:00,1.0,504.0,below,128.21,132.0,126.81,130.41
2013-09-02T00:00:00+00:00,0.236,348.35792,below,130.73,132.05,128.0,129.45
2013-09-02T00:00:00+00:00,0.382,378.10104,below,130.73,132.05,128.0,129.45
2013-09-02T00:00:00+00:00,0.5,402.14,below,130.73,132.05,128.0,129.45
2013-09-02T00:00:00+00:00,0.618,426.17896,below,130.73,132.05,128.0,129.45
2013-09-02T00:00:00+00:00,0.786,460.40392,below,130.73,132.05,128.0,129.45
2013-09-02T00:00:00+00:00,1.0,504.0,below,130.73,132.05,128.0,129.45
2013-09-03T00:00:00+00:00,0.236,348.35792,below,129.23,131.0,126.9,129.18
2013-09-03T00:00:00+00:00,0.382,378.10104,below,129.23,131.0,126.9,129.18
2013-09-03T00:00:00+00:00,0.5,402.14,below,129.23,131.0,126.9,129.18
2013-09-03T00:00:00+00:00,0.618,426.17896,below,129.23,131.0,126.9,129.18
2013-09-03T00:00:00+00:00,0.786,460.40392,below,129.23,131.0,126.9,129.18
2013-09-03T00:00:00+00:00,1.0,504.0,below,129.23,131.0,126.9,129.18
2013-09-04T00:00:00+00:00,0.236,348.35792,below,130.0,130.0,115.0,122.24
2013-09-04T00:00:00+00:00,0.382,378.10104,below,130.0,130.0,115.0,122.24
2013-09-04T00:00:00+00:00,0.5,402.14,below,130.0,130.0,115.0,122.24
2013-09-04T00:00:00+00:00,0.618,426.17896,below,130.0,130.0,115.0,122.24
2013-09-04T00:00:00+00:00,0.786,460.40392,below,130.0,130.0,115.0,122.24
2013-09-04T00:00:00+00:00,1.0,504.0,below,130.0,130.0,115.0,122.24
2013-09-05T00:00:00+00:00,0.236,348.35792,below,122.22,127.99,115.81,122.63
2013-09-05T00:00:00+00:00,0.382,378.10104,below,122.22,127.99,115.81,122.63
2013-09-05T00:00:00+00:00,0.5,402.14,below,122.22,127.99,115.81,122.63
2013-09-05T00:00:00+00:00,0.618,426.17896,below,122.22,127.99,115.81,122.63
2013-09-05T00:00:00+00:00,0.786,460.40392,below,122.22,127.99,115.81,122.63
2013-09-05T00:00:00+00:00,1.0,504.0,below,122.22,127.99,115.81,122.63
2013-09-06T00:00:00+00:00,0.236,348.35792,below,122.0,124.75,115.0,116.82
2013-09-06T00:00:00+00:00,0.382,378.10104,below,122.0,124.75,115.0,116.82
2013-09-06T00:00:00+00:00,0.5,402.14,below,122.0,124.75,115.0,116.82
2013-09-06T00:00:00+00:00,0.618,426.17896,below,122.0,124.75,115.0,116.82
2013-09-06T00:00:00+00:00,0.786,460.40392,below,122.0,124.75,115.0,116.82
2013-09-06T00:00:00+00:00,1.0,504.0,below,122.0,124.75,115.0,116.82
2013-09-07T00:00:00+00:00,0.236,348.35792,below,116.0,121.10889,115.5,119.76
2013-09-07T00:00:00+00:00,0.382,378.10104,below,116.0,121.10889,115.5,119.76
2013-09-07T00:00:00+00:00,0.5,402.14,below,116.0,121.10889,115.5,119.76
2013-09-07T00:00:00+00:00,0.618,426.17896,below,116.0,121.10889,115.5,119.76
2013-09-07T00:00:00+00:00,0.786,460.40392,below,116.0,121.10889,115.5,119.76
2013-09-07T00:00:00+00:00,1.0,504.0,below,116.0,121.10889,115.5,119.76
2013-09-08T00:00:00+00:00,0.236,348.35792,below,119.79,120.84,116.77,117.98
2013-09-08T00:00:00+00:00,0.382,378.10104,below,119.79,120.84,116.77,117.98
2013-09-08T00:00:00+00:00,0.5,402.14,below,119.79,120.84,116.77,117.98
2013-09-08T00:00:00+00:00,0.618,426.17896,below,119.79,120.84,116.77,117.98
2013-09-08T00:00:00+00:00,0.786,460.40392,below,119.79,120.84,116.77,117.98
2013-09-08T00:00:00+00:00,1.0,504.0,below,119.79,120.84,116.77,117.98
2013-09-09T00:00:00+00:00,0.236,348.35792,below,118.0,124.0,115.98561,121.5
2013-09-09T00:00:00+00:00,0.382,378.10104,below,118.0,124.0,115.98561,121.5
2013-09-09T00:00:00+00:00,0.5,402.14,below,118.0,124.0,115.98561,121.5
2013-09-09T00:00:00+00:00,0.618,426.17896,below,118.0,124.0,115.98561,121.5
2013-09-09T00:00:00+00:00,0.786,460.40392,below,118.0,124.0,115.98561,121.5
2013-09-09T00:00:00+00:00,1.0,504.0,below,118.0,124.0,115.98561,121.5
2013-09-10T00:00:00+00:00,0.236,348.35792,below,121.17,124.24,120.07,122.07
2013-09-10T00:00:00+00:00,0.382,378.10104,below,121.17,124.24,120.07,122.07
2013-09-10T00:00:00+00:00,0.5,402.14,below,121.17,124.24,120.07,122.07
2013-09-10T00:00:00+00:00,0.618,426.17896,below,121.17,124.24,120.07,122.07
2013-09-10T00:00:00+00:00,0.786,460.40392,below,121.17,124.24,120.07,122.07
2013-09-10T00:00:00+00:00,1.0,504.0,below,121.17,124.24,120.07,122.07
2013-09-11T00:00:00+00:00,0.236,348.35792,below,122.34,127.64,118.39,126.34
2013-09-11T00:00:00+00:00,0.382,378.10104,below,122.34,127.64,118.39,126.34
2013-09-11T00:00:00+00:00,0.5,402.14,below,122.34,127.64,118.39,126.34
2013-09-11T00:00:00+00:00,0.618,426.17896,below,122.34,127.64,118.39,126.34
2013-09-11T00:00:00+00:00,0.786,460.40392,below,122.34,127.64,118.39,126.34
2013-09-11T00:00:00+00:00,1.0,504.0,below,122.34,127.64,118.39,126.34
2013-09-12T00:00:00+00:00,0.236,348.35792,below,126.92,128.5,123.0,126.63
2013-09-12T00:00:00+00:00,0.382,378.10104,below,126.92,128.5,123.0,126.63
2013-09-12T00:00:00+00:00,0.5,402.14,below,126.92,128.5,123.0,126.63
2013-09-12T00:00:00+00:00,0.618,426.17896,below,126.92,128.5,123.0,126.63
2013-09-12T00:00:00+00:00,0.786,460.40392,below,126.92,128.5,123.0,126.63
2013-09-12T00:00:00+00:00,1.0,504.0,below,126.92,128.5,123.0,126.63
2013-09-13T00:00:00+00:00,0.236,348.35792,below,126.63,129.11,124.82,127.18
2013-09-13T00:00:00+00:00,0.382,378.10104,below,126.63,129.11,124.82,127.18
2013-09-13T00:00:00+00:00,0.5,402.14,below,126.63,129.11,124.82,127.18
2013-09-13T00:00:00+00:00,0.618,426.17896,below,126.63,129.11,124.82,127.18
2013-09-13T00:00:00+00:00,0.786,460.40392,below,126.63,129.11,124.82,127.18
2013-09-13T00:00:00+00:00,1.0,504.0,below,126.63,129.11,124.82,127.18
2013-09-14T00:00:00+00:00,0.236,348.35792,below,126.23,127.98,122.53,124.5
2013-09-14T00:00:00+00:00,0.382,378.10104,below,126.23,127.98,122.53,124.5
2013-09-14T00:00:00+00:00,0.5,402.14,below,126.23,127.98,122.53,124.5
2013-09-14T00:00:00+00:00,0.618,426.17896,below,126.23,127.98,122.53,124.5
2013-09-14T00:00:00+00:00,0.786,460.40392,below,126.23,127.98,122.53,124.5
2013-09-14T00:00:00+00:00,1.0,504.0,below,126.23,127.98,122.53,124.5
2013-09-15T00:00:00+00:00,0.236,348.35792,below,124.5,126.35,123.15,125.06
2013-09-15T00:00:00+00:00,0.382,378.10104,below,124.5,126.35,123.15,125.06
2013-09-15T00:00:00+00:00,0.5,402.14,below,124.5,126.35,123.15,125.06
2013-09-15T00:00:00+00:00,0.618,426.17896,below,124.5,126.35,123.15,125.06
2013-09-15T00:00:00+00:00,0.786,460.40392,below,124.5,126.35,123.15,125.06
2013-09-15T00:00:00+00:00,1.0,504.0,below,124.5,126.35,123.15,125.06
2013-09-16T00:00:00+00:00,0.236,348.35792,below,125.18,126.84,124.0,125.68
2013-09-16T00:00:00+00:00,0.382,378.10104,below,125.18,126.84,124.0,125.68
2013-09-16T00:00:00+00:00,0.5,402.14,below,125.18,126.84,124.0,125.68
2013-09-16T00:00:00+00:00,0.618,426.17896,below,125.18,126.84,124.0,125.68
2013-09-16T00:00:00+00:00,0.786,460.40392,below,125.18,126.84,124.0,125.68
2013-09-16T00:00:00+00:00,1.0,504.0,below,125.18,126.84,124.0,125.68
2013-09-17T00:00:00+00:00,0.236,348.35792,below,126.15,127.74,125.32,127.13
2013-09-17T00:00:00+00:00,0.382,378.10104,below,126.15,127.74,125.32,127.13
2013-09-17T00:00:00+00:00,0.5,402.14,below,126.15,127.74,125.32,127.13
2013-09-17T00:00:00+00:00,0.618,426.17896,below,126.15,127.74,125.32,127.13
2013-09-17T00:00:00+00:00,0.786,460.40392,below,126.15,127.74,125.32,127.13
2013-09-17T00:00:00+00:00,1.0,504.0,below,126.15,127.74,125.32,127.13
2013-09-18T00:00:00+00:00,0.236,348.35792,below,126.72,128.41,125.78,126.9
2013-09-18T00:00:00+00:00,0.382,378.10104,below,126.72,128.41,125.78,126.9
2013-09-18T00:00:00+00:00,0.5,402.14,below,126.72,128.41,125.78,126.9
2013-09-18T00:00:00+00:00,0.618,426.17896,below,126.72,128.41,125.78,126.9
2013-09-18T00:00:00+00:00,0.786,460.40392,below,126.72,128.41,125.78,126.9
2013-09-18T00:00:00+00:00,1.0,504.0,below,126.72,128.41,125.78,126.9
2013-09-19T00:00:00+00:00,0.236,348.35792,below,127.0,127.63,123.39,124.38
2013-09-19T00:00:00+00:00,0.382,378.10104,below,127.0,127.63,123.39,124.38
2013-09-19T00:00:00+00:00,0.5,402.14,below,127.0,127.63,123.39,124.38
2013-09-19T00:00:00+00:00,0.618,426.17896,below,127.0,127.63,123.39,124.38
2013-09-19T00:00:00+00:00,0.786,460.40392,below,127.0,127.63,123.39,124.38
2013-09-19T00:00:00+00:00,1.0,504.0,below,127.0,127.63,123.39,124.38
2013-09-20T00:00:00+00:00,0.236,348.35792,below,123.8,126.01,121.5,122.91
2013-09-20T00:00:00+00:00,0.382,378.10104,below,123.8,126.01,121.5,122.91
2013-09-20T00:00:00+00:00,0.5,402.14,below,123.8,126.01,121.5,122.91
2013-09-20T00:00:00+00:00,0.618,426.17896,below,123.8,126.01,121.5,122.91
2013-09-20T00:00:00+00:00,0.786,460.40392,below,123.8,126.01,121.5,122.91
2013-09-20T00:00:00+00:00,1.0,504.0,below,123.8,126.01,121.5,122.91
2013-09-21T00:00:00+00:00,0.236,348.35792,below,122.92,124.02,122.0,123.64
2013-09-21T00:00:00+00:00,0.382,378.10104,below,122.92,124.02,122.0,123.64
2013-09-21T00:00:00+00:00,0.5,402.14,below,122.92,124.02,122.0,123.64
2013-09-21T00:00:00+00:00,0.618,426.17896,below,122.92,124.02,122.0,123.64
2013-09-21T00:00:00+00:00,0.786,460.40392,below,122.92,124.02,122.0,123.64
2013-09-21T00:00:00+00:00,1.0,504.0,below,122.92,124.02,122.0,123.64
2013-09-22T00:00:00+00:00,0.236,348.35792,below,123.5,123.59,122.22,122.97
2013-09-22T00:00:00+00:00,0.382,378.10104,below,123.5,123.59,122.22,122.97
2013-09-22T00:00:00+00:00,0.5,402.14,below,123.5,123.59,122.22,122.97
2013-09-22T00:00:00+00:00,0.618,426.17896,below,123.5,123.59,122.22,122.97
2013-09-22T00:00:00+00:00,0.786,460.40392,below,123.5,123.59,122.22,122.97
2013-09-22T00:00:00+00:00,1.0,504.0,below,123.5,123.59,122.22,122.97
2013-09-23T00:00:00+00:00,0.236,348.35792,below,122.93,124.09,122.0,122.75
2013-09-23T00:00:00+00:00,0.382,378.10104,below,122.93,124.09,122.0,122.75
2013-09-23T00:00:00+00:00,0.5,402.14,below,122.93,124.09,122.0,122.75
2013-09-23T00:00:00+00:00,0.618,426.17896,below,122.93,124.09,122.0,122.75
2013-09-23T00:00:00+00:00,0.786,460.40392,below,122.93,124.09,122.0,122.75
2013-09-23T00:00:00+00:00,1.0,504.0,below,122.93,124.09,122.0,122.75
2013-09-24T00:00:00+00:00,0.236,348.35792,below,123.0,124.19,121.89,124.09
2013-09-24T00:00:00+00:00,0.382,378.10104,below,123.0,124.19,121.89,124.09
2013-09-24T00:00:00+00:00,0.5,402.14,below,123.0,124.19,121.89,124.09
2013-09-24T00:00:00+00:00,0.618,426.17896,below,123.0,124.19,121.89,124.09
2013-09-24T00:00:00+00:00,0.786,460.40392,below,123.0,124.19,121.89,124.09
2013-09-24T00:00:00+00:00,1.0,504.0,below,123.0,124.19,121.89,124.09
2013-09-25T00:00:00+00:00,0.236,348.35792,below,123.89,125.22,123.35,123.75
2013-09-25T00:00:00+00:00,0.382,378.10104,below,123.89,125.22,123.35,123.75
2013-09-25T00:00:00+00:00,0.5,402.14,below,123.89,125.22,123.35,123.75
2013-09-25T00:00:00+00:00,0.618,426.17896,below,123.89,125.22,123.35,123.75
2013-09-25T00:00:00+00:00,0.786,460.40392,below,123.89,125.22,123.35,123.75
2013-09-25T00:00:00+00:00,1.0,504.0,below,123.89,125.22,123.35,123.75
2013-09-26T00:00:00+00:00,0.236,348.35792,below,123.32,125.02,123.3,125.02
2013-09-26T00:00:00+00:00,0.382,378.10104,below,123.32,125.02,123.3,125.02
2013-09-26T00:00:00+00:00,0.5,402.14,below,123.32,125.02,123.3,125.02
2013-09-26T00:00:00+00:00,0.618,426.17896,below,123.32,125.02,123.3,125.02
2013-09-26T00:00:00+00:00,0.786,460.40392,below,123.32,125.02,123.3,125.02
2013-09-26T00:00:00+00:00,1.0,504.0,below,123.32,125.02,123.3,125.02
2013-09-27T00:00:00+00:00,0.236,348.35792,below,124.4,126.86,124.1,126.48
2013-09-27T00:00:00+00:00,0.382,378.10104,below,124.4,126.86,124.1,126.48
2013-09-27T00:00:00+00:00,0.5,402.14,below,124.4,126.86,124.1,126.48
2013-09-27T00:00:00+00:00,0.618,426.17896,below,124.4,126.86,124.1,126.48
2013-09-27T00:00:00+00:00,0.786,460.40392,below,124.4,126.86,124.1,126.48
2013-09-27T00:00:00+00:00,1.0,504.0,below,124.4,126.86,124.1,126.48
2013-09-28T00:00:00+00:00,0.236,348.35792,below,126.57,127.0,124.8,127.0
2013-09-28T00:00:00+00:00,0.382,378.10104,below,126.57,127.0,124.8,127.0
2013-09-28T00:00:00+00:00,0.5,402.14,below,126.57,127.0,124.8,127.0
2013-09-28T00:00:00+00:00,0.618,426.17896,below,126.57,127.0,124.8,127.0
2013-09-28T00:00:00+00:00,0.786,460.40392,below,126.57,127.0,124.8,127.0
2013-09-28T00:00:00+00:00,1.0,504.0,below,126.57,127.0,124.8,127.0
2013-09-29T00:00:00+00:00,0.236,348.35792,below,126.87,128.8,126.0,126.76
2013-09-29T00:00:00+00:00,0.382,378.10104,below,126.87,128.8,126.0,126.76
2013-09-29T00:00:00+00:00,0.5,402.14,below,126.87,128.8,126.0,126.76
2013-09-29T00:00:00+00:00,0.618,426.17896,below,126.87,128.8,126.0,126.76
2013-09-29T00:00:00+00:00,0.786,460.40392,below,126.87,128.8,126.0,126.76
2013-09-29T00:00:00+00:00,1.0,504.0,below,126.87,128.8,126.0,126.76
2013-09-30T00:00:00+00:00,0.236,348.35792,below,127.0,127.51,123.76,125.95
2013-09-30T00:00:00+00:00,0.382,378.10104,below,127.0,127.51,123.76,125.95
2013-09-30T00:00:00+00:00,0.5,402.14,below,127.0,127.51,123.76,125.95
2013-09-30T00:00:00+00:00,0.618,426.17896,below,127.0,127.51,123.76,125.95
2013-09-30T00:00:00+00:00,0.786,460.40392,below,127.0,127.51,123.76,125.95
2013-09-30T00:00:00+00:00,1.0,504.0,below,127.0,127.51,123.76,125.95
2013-10-01T00:00:00+00:00,0.236,348.35792,below,125.95,127.9399,125.81,127.49
2013-10-01T00:00:00+00:00,0.382,378.10104,below,125.95,127.9399,125.81,127.49
2013-10-01T00:00:00+00:00,0.5,402.14,below,125.95,127.9399,125.81,127.49
2013-10-01T00:00:00+00:00,0.618,426.17896,below,125.95,127.9399,125.81,127.49
2013-10-01T00:00:00+00:00,0.786,460.40392,below,125.95,127.9399,125.81,127.49
2013-10-01T00:00:00+00:00,1.0,504.0,below,125.95,127.9399,125.81,127.49
2013-10-02T00:00:00+00:00,0.236,348.35792,below,127.2,128.5,83.26,103.85
2013-10-02T00:00:00+00:00,0.382,378.10104,below,127.2,128.5,83.26,103.85
2013-10-02T00:00:00+00:00,0.5,402.14,below,127.2,128.5,83.26,103.85
2013-10-02T00:00:00+00:00,0.618,426.17896,below,127.2,128.5,83.26,103.85
2013-10-02T00:00:00+00:00,0.786,460.40392,below,127.2,128.5,83.26,103.85
2013-10-02T00:00:00+00:00,1.0,504.0,below,127.2,128.5,83.26,103.85
2013-10-03T00:00:00+00:00,0.236,348.35792,below,103.99,118.74,101.66,117.87
2013-10-03T00:00:00+00:00,0.382,378.10104,below,103.99,118.74,101.66,117.87
2013-10-03T00:00:00+00:00,0.5,402.14,below,103.99,118.74,101.66,117.87
2013-10-03T00:00:00+00:00,0.618,426.17896,below,103.99,118.74,101.66,117.87
2013-10-03T00:00:00+00:00,0.786,460.40392,below,103.99,118.74,101.66,117.87
2013-10-03T00:00:00+00:00,1.0,504.0,below,103.99,118.74,101.66,117.87
2013-10-04T00:00:00+00:00,0.236,348.35792,below,117.87,123.25,117.41,121.94
2013-10-04T00:00:00+00:00,0.382,378.10104,below,117.87,123.25,117.41,121.94
2013-10-04T00:00:00+00:00,0.5,402.14,below,117.87,123.25,117.41,121.94
2013-10-04T00:00:00+00:00,0.618,426.17896,below,117.87,123.25,117.41,121.94
2013-10-04T00:00:00+00:00,0.786,460.40392,below,117.87,123.25,117.41,121.94
2013-10-04T00:00:00+00:00,1.0,504.0,below,117.87,123.25,117.41,121.94
2013-10-05T00:00:00+00:00,0.236,348.35792,below,121.94,125.0,115.0,121.62
2013-10-05T00:00:00+00:00,0.382,378.10104,below,121.94,125.0,115.0,121.62
2013-10-05T00:00:00+00:00,0.5,402.14,below,121.94,125.0,115.0,121.62
2013-10-05T00:00:00+00:00,0.618,426.17896,below,121.94,125.0,115.0,121.62
2013-10-05T00:00:00+00:00,0.786,460.40392,below,121.94,125.0,115.0,121.62
2013-10-05T00:00:00+00:00,1.0,504.0,below,121.94,125.0,115.0,121.62
2013-10-06T00:00:00+00:00,0.236,348.35792,below,121.14,122.5,121.01,122.49
2013-10-06T00:00:00+00:00,0.382,378.10104,below,121.14,122.5,121.01,122.49
2013-10-06T00:00:00+00:00,0.5,402.14,below,121.14,122.5,121.01,122.49
2013-10-06T00:00:00+00:00,0.618,426.17896,below,121.14,122.5,121.01,122.49
2013-10-06T00:00:00+00:00,0.786,460.40392,below,121.14,122.5,121.01,122.49
2013-10-06T00:00:00+00:00,1.0,504.0,below,121.14,122.5,121.01,122.49
2013-10-07T00:00:00+00:00,0.236,348.35792,below,122.26,124.45,120.8,123.48
2013-10-07T00:00:00+00:00,0.382,378.10104,below,122.26,124.45,120.8,123.48
2013-10-07T00:00:00+00:00,0.5,402.14,below,122.26,124.45,120.8,123.48
2013-10-07T00:00:00+00:00,0.618,426.17896,below,122.26,124.45,120.8,123.48
2013-10-07T00:00:00+00:00,0.786,460.40392,below,122.26,124.45,120.8,123.48
2013-10-07T00:00:00+00:00,1.0,504.0,below,122.26,124.45,120.8,123.48
2013-10-08T00:00:00+00:00,0.236,348.35792,below,123.5,125.16,122.02,124.11
2013-10-08T00:00:00+00:00,0.382,378.10104,below,123.5,125.16,122.02,124.11
2013-10-08T00:00:00+00:00,0.5,402.14,below,123.5,125.16,122.02,124.11
2013-10-08T00:00:00+00:00,0.618,426.17896,below,123.5,125.16,122.02,124.11
2013-10-08T00:00:00+00:00,0.786,460.40392,below,123.5,125.16,122.02,124.11
2013-10-08T00:00:00+00:00,1.0,504.0,below,123.5,125.16,122.02,124.11
2013-10-09T00:00:00+00:00,0.236,348.35792,below,124.4,127.99,123.36,126.00071
2013-10-09T00:00:00+00:00,0.382,378.10104,below,124.4,127.99,123.36,126.00071
2013-10-09T00:00:00+00:00,0.5,402.14,below,124.4,127.99,123.36,126.00071
2013-10-09T00:00:00+00:00,0.618,426.17896,below,124.4,127.99,123.36,126.00071
2013-10-09T00:00:00+00:00,0.786,460.40392,below,124.4,127.99,123.36,126.00071
2013-10-09T00:00:00+00:00,1.0,504.0,below,124.4,127.99,123.36,126.00071
2013-10-10T00:00:00+00:00,0.236,348.35792,below,125.67,126.79,125.0,126.1
2013-10-10T00:00:00+00:00,0.382,378.10104,below,125.67,126.79,125.0,126.1
2013-10-10T00:00:00+00:00,0.5,402.14,below,125.67,126.79,125.0,126.1
2013-10-10T00:00:00+00:00,0.618,426.17896,below,125.67,126.79,125.0,126.1
2013-10-10T00:00:00+00:00,0.786,460.40392,below,125.67,126.79,125.0,126.1
2013-10-10T00:00:00+00:00,1.0,504.0,below,125.67,126.79,125.0,126.1
2013-10-11T00:00:00+00:00,0.236,348.35792,below,126.46,127.4,125.54,126.9
2013-10-11T00:00:00+00:00,0.382,378.10104,below,126.46,127.4,125.54,126.9
2013-10-11T00:00:00+00:00,0.5,402.14,below,126.46,127.4,125.54,126.9
2013-10-11T00:00:00+00:00,0.618,426.17896,below,126.46,127.4,125.54,126.9
2013-10-11T00:00:00+00:00,0.786,460.40392,below,126.46,127.4,125.54,126.9
2013-10-11T00:00:00+00:00,1.0,504.0,below,126.46,127.4,125.54,126.9
2013-10-12T00:00:00+00:00,0.236,348.35792,below,126.9,127.96,126.65,127.8
2013-10-12T00:00:00+00:00,0.382,378.10104,below,126.9,127.96,126.65,127.8
2013-10-12T00:00:00+00:00,0.5,402.14,below,126.9,127.96,126.65,127.8
2013-10-12T00:00:00+00:00,0.618,426.17896,below,126.9,127.96,126.65,127.8
2013-10-12T00:00:00+00:00,0.786,460.40392,below,126.9,127.96,126.65,127.8
2013-10-12T00:00:00+00:00,1.0,504.0,below,126.9,127.96,126.65,127.8
2013-10-13T00:00:00+00:00,0.236,348.35792,below,127.6,133.23,127.55,132.86
2013-10-13T00:00:00+00:00,0.382,378.10104,below,127.6,133.23,127.55,132.86
2013-10-13T00:00:00+00:00,0.5,402.14,below,127.6,133.23,127.55,132.86
2013-10-13T00:00:00+00:00,0.618,426.17896,below,127.6,133.23,127.55,132.86
2013-10-13T00:00:00+00:00,0.786,460.40392,below,127.6,133.23,127.55,132.86
2013-10-13T00:00:00+00:00,1.0,504.0,below,127.6,133.23,127.55,132.86
2013-10-14T00:00:00+00:00,0.236,348.35792,below,132.6,139.99,132.0,135.4
2013-10-14T00:00:00+00:00,0.382,378.10104,below,132.6,139.99,132.0,135.4
2013-10-14T00:00:00+00:00,0.5,402.14,below,132.6,139.99,132.0,135.4
2013-10-14T00:00:00+00:00,0.618,426.17896,below,132.6,139.99,132.0,135.4
2013-10-14T00:00:00+00:00,0.786,460.40392,below,132.6,139.99,132.0,135.4
2013-10-14T00:00:00+00:00,1.0,504.0,below,132.6,139.99,132.0,135.4
2013-10-15T00:00:00+00:00,0.236,348.35792,below,135.47,150.0,134.09,144.39
2013-10-15T00:00:00+00:00,0.382,378.10104,below,135.47,150.0,134.09,144.39
2013-10-15T00:00:00+00:00,0.5,402.14,below,135.47,150.0,134.09,144.39
2013-10-15T00:00:00+00:00,0.618,426.17896,below,135.47,150.0,134.09,144.39
2013-10-15T00:00:00+00:00,0.786,460.40392,below,135.47,150.0,134.09,144.39
2013-10-15T00:00:00+00:00,1.0,504.0,below,135.47,150.0,134.09,144.39
2013-10-16T00:00:00+00:00,0.236,348.35792,below,144.39,147.0,137.21,137.56
2013-10-16T00:00:00+00:00,0.382,378.10104,below,144.39,147.0,137.21,137.56
2013-10-16T00:00:00+00:00,0.5,402.14,below,144.39,147.0,137.21,137.56
2013-10-16T00:00:00+00:00,0.618,426.17896,below,144.39,147.0,137.21,137.56
2013-10-16T00:00:00+00:00,0.786,460.40392,below,144.39,147.0,137.21,137.56
2013-10-16T00:00:00+00:00,1.0,504.0,below,144.39,147.0,137.21,137.56
2013-10-17T00:00:00+00:00,0.236,348.35792,below,137.54,144.98,133.99,143.94
2013-10-17T00:00:00+00:00,0.382,378.10104,below,137.54,144.98,133.99,143.94
2013-10-17T00:00:00+00:00,0.5,402.14,below,137.54,144.98,133.99,143.94
2013-10-17T00:00:00+00:00,0.618,426.17896,below,137.54,144.98,133.99,143.94
2013-10-17T00:00:00+00:00,0.786,460.40392,below,137.54,144.98,133.99,143.94
2013-10-17T00:00:00+00:00,1.0,504.0,below,137.54,144.98,133.99,143.94
2013-10-18T00:00:00+00:00,0.236,348.35792,below,143.49,155.25,143.0,153.0
2013-10-18T00:00:00+00:00,0.382,378.10104,below,143.49,155.25,143.0,153.0
2013-10-18T00:00:00+00:00,0.5,402.14,below,143.49,155.25,143.0,153.0
2013-10-18T00:00:00+00:00,0.618,426.17896,below,143.49,155.25,143.0,153.0
2013-10-18T00:00:00+00:00,0.786,460.40392,below,143.49,155.25,143.0,153.0
2013-10-18T00:00:00+00:00,1.0,504.0,below,143.49,155.25,143.0,153.0
2013-10-19T00:00:00+00:00,0.236,348.35792,below,152.89,178.5,151.5,166.5
2013-10-19T00:00:00+00:00,0.382,378.10104,below,152.89,178.5,151.5,166.5
2013-10-19T00:00:00+00:00,0.5,402.14,below,152.89,178.5,151.5,166.5
2013-10-19T00:00:00+00:00,0.618,426.17896,below,152.89,178.5,151.5,166.5
2013-10-19T00:00:00+00:00,0.786,460.40392,below,152.89,178.5,151.5,166.5
2013-10-19T00:00:00+00:00,1.0,504.0,below,152.89,178.5,151.5,166.5
2013-10-20T00:00:00+00:00,0.236,348.35792,below,168.0,168.875,162.31,166.89
2013-10-20T00:00:00+00:00,0.382,378.10104,below,168.0,168.875,162.31,166.89
2013-10-20T00:00:00+00:00,0.5,402.14,below,168.0,168.875,162.31,166.89
2013-10-20T00:00:00+00:00,0.618,426.17896,below,168.0,168.875,162.31,166.89
2013-10-20T00:00:00+00:00,0.786,460.40392,below,168.0,168.875,162.31,166.89
2013-10-20T00:00:00+00:00,1.0,504.0,below,168.0,168.875,162.31,166.89
2013-10-21T00:00:00+00:00,0.236,348.35792,below,166.44,183.0,166.0,180.37
2013-10-21T00:00:00+00:00,0.382,378.10104,below,166.44,183.0,166.0,180.37
2013-10-21T00:00:00+00:00,0.5,402.14,below,166.44,183.0,166.0,180.37
2013-10-21T00:00:00+00:00,0.618,426.17896,below,166.44,183.0,166.0,180.37
2013-10-21T00:00:00+00:00,0.786,460.40392,below,166.44,183.0,166.0,180.37
2013-10-21T00:00:00+00:00,1.0,504.0,below,166.44,183.0,166.0,180.37
2013-10-22T00:00:00+00:00,0.236,348.35792,below,180.5,215.0,179.1,191.75
2013-10-22T00:00:00+00:00,0.382,378.10104,below,180.5,215.0,179.1,191.75
2013-10-22T00:00:00+00:00,0.5,402.14,below,180.5,215.0,179.1,191.75
2013-10-22T00:00:00+00:00,0.618,426.17896,below,180.5,215.0,179.1,191.75
2013-10-22T00:00:00+00:00,0.786,460.40392,below,180.5,215.0,179.1,191.75
2013-10-22T00:00:00+00:00,1.0,504.0,below,180.5,215.0,179.1,191.75
2013-10-23T00:00:00+00:00,0.236,348.35792,below,194.5,212.89,187.0,203.99
2013-10-23T00:00:00+00:00,0.382,378.10104,below,194.5,212.89,187.0,203.99
2013-10-23T00:00:00+00:00,0.5,402.14,below,194.5,212.89,187.0,203.99
2013-10-23T00:00:00+00:00,0.618,426.17896,below,194.5,212.89,187.0,203.99
2013-10-23T00:00:00+00:00,0.786,460.40392,below,194.5,212.89,187.0,203.99
2013-10-23T00:00:00+00:00,1.0,504.0,below,194.5,212.89,187.0,203.99
2013-10-24T00:00:00+00:00,0.236,348.35792,below,204.5,210.995,155.81,193.72
2013-10-24T00:00:00+00:00,0.382,378.10104,below,204.5,210.995,155.81,193.72
2013-10-24T00:00:00+00:00,0.5,402.14,below,204.5,210.995,155.81,193.72
2013-10-24T00:00:00+00:00,0.618,426.17896,below,204.5,210.995,155.81,193.72
2013-10-24T00:00:00+00:00,0.786,460.40392,below,204.5,210.995,155.81,193.72
2013-10-24T00:00:00+00:00,1.0,504.0,below,204.5,210.995,155.81,193.72
2013-10-25T00:00:00+00:00,0.236,348.35792,below,194.0,195.13,167.75,187.5
2013-10-25T00:00:00+00:00,0.382,378.10104,below,194.0,195.13,167.75,187.5
2013-10-25T00:00:00+00:00,0.5,402.14,below,194.0,195.13,167.75,187.5
2013-10-25T00:00:00+00:00,0.618,426.17896,below,194.0,195.13,167.75,187.5
2013-10-25T00:00:00+00:00,0.786,460.40392,below,194.0,195.13,167.75,187.5
2013-10-25T00:00:00+00:00,1.0,504.0,below,194.0,195.13,167.75,187.5
2013-10-26T00:00:00+00:00,0.236,348.35792,below,186.62,190.0,175.21,179.55
2013-10-26T00:00:00+00:00,0.382,378.10104,below,186.62,190.0,175.21,179.55
2013-10-26T00:00:00+00:00,0.5,402.14,below,186.62,190.0,175.21,179.55
2013-10-26T00:00:00+00:00,0.618,426.17896,below,186.62,190.0,175.21,179.55
2013-10-26T00:00:00+00:00,0.786,460.40392,below,186.62,190.0,175.21,179.55
2013-10-26T00:00:00+00:00,1.0,504.0,below,186.62,190.0,175.21,179.55
2013-10-27T00:00:00+00:00,0.236,348.35792,below,179.56,198.75,179.1,196.7
2013-10-27T00:00:00+00:00,0.382,378.10104,below,179.56,198.75,179.1,196.7
2013-10-27T00:00:00+00:00,0.5,402.14,below,179.56,198.75,179.1,196.7
2013-10-27T00:00:00+00:00,0.618,426.17896,below,179.56,198.75,179.1,196.7
2013-10-27T00:00:00+00:00,0.786,460.40392,below,179.56,198.75,179.1,196.7
2013-10-27T00:00:00+00:00,1.0,504.0,below,179.56,198.75,179.1,196.7
2013-10-28T00:00:00+00:00,0.236,348.35792,below,196.0,199.0,192.15,196.01
2013-10-28T00:00:00+00:00,0.382,378.10104,below,196.0,199.0,192.15,196.01
2013-10-28T00:00:00+00:00,0.5,402.14,below,196.0,199.0,192.15,196.01
2013-10-28T00:00:00+00:00,0.618,426.17896,below,196.0,199.0,192.15,196.01
2013-10-28T00:00:00+00:00,0.786,460.40392,below,196.0,199.0,192.15,196.01
2013-10-28T00:00:00+00:00,1.0,504.0,below,196.0,199.0,192.15,196.01
2013-10-29T00:00:00+00:00,0.236,348.35792,below,196.01,205.0,195.37,204.69
2013-10-29T00:00:00+00:00,0.382,378.10104,below,196.01,205.0,195.37,204.69
2013-10-29T00:00:00+00:00,0.5,402.14,below,196.01,205.0,195.37,204.69
2013-10-29T00:00:00+00:00,0.618,426.17896,below,196.01,205.0,195.37,204.69
2013-10-29T00:00:00+00:00,0.786,460.40392,below,196.01,205.0,195.37,204.69
2013-10-29T00:00:00+00:00,1.0,504.0,below,196.01,205.0,195.37,204.69
2013-10-30T00:00:00+00:00,0.236,348.35792,below,203.7,206.0,195.05,198.74
2013-10-30T00:00:00+00:00,0.382,378.10104,below,203.7,206.0,195.05,198.74
2013-10-30T00:00:00+00:00,0.5,402.14,below,203.7,206.0,195.05,198.74
2013-10-30T00:00:00+00:00,0.618,426.17896,below,203.7,206.0,195.05,198.74
2013-10-30T00:00:00+00:00,0.786,460.40392,below,203.7,206.0,195.05,198.74
2013-10-30T00:00:00+00:00,1.0,504.0,below,203.7,206.0,195.05,198.74
2013-10-31T00:00:00+00:00,0.236,348.35792,below,198.7,204.0,195.28,202.52
2013-10-31T00:00:00+00:00,0.382,378.10104,below,198.7,204.0,195.28,202.52
2013-10-31T00:00:00+00:00,0.5,402.14,below,198.7,204.0,195.28,202.52
2013-10-31T00:00:00+00:00,0.618,426.17896,below,198.7,204.0,195.28,202.52
2013-10-31T00:00:00+00:00,0.786,460.40392,below,198.7,204.0,195.28,202.52
2013-10-31T00:00:00+00:00,1.0,504.0,below,198.7,204.0,195.28,202.52
2013-11-01T00:00:00+00:00,0.236,348.35792,below,203.79,204.0,200.5,201.754999
2013-11-01T00:00:00+00:00,0.382,378.10104,below,203.79,204.0,200.5,201.754999
2013-11-01T00:00:00+00:00,0.5,402.14,below,203.79,204.0,200.5,201.754999
2013-11-01T00:00:00+00:00,0.618,426.17896,below,203.79,204.0,200.5,201.754999
2013-11-01T00:00:00+00:00,0.786,460.40392,below,203.79,204.0,200.5,201.754999
2013-11-01T00:00:00+00:00,1.0,504.0,below,203.79,204.0,200.5,201.754999
2013-11-02T00:00:00+00:00,0.236,348.35792,below,202.24,205.79,201.33,204.94
2013-11-02T00:00:00+00:00,0.382,378.10104,below,202.24,205.79,201.33,204.94
2013-11-02T00:00:00+00:00,0.5,402.14,below,202.24,205.79,201.33,204.94
2013-11-02T00:00:00+00:00,0.618,426.17896,below,202.24,205.79,201.33,204.94
2013-11-02T00:00:00+00:00,0.786,460.40392,below,202.24,205.79,201.33,204.94
2013-11-02T00:00:00+00:00,1.0,504.0,below,202.24,205.79,201.33,204.94
2013-11-03T00:00:00+00:00,0.236,348.35792,below,204.67,219.89,203.0,213.8975
2013-11-03T00:00:00+00:00,0.382,378.10104,below,204.67,219.89,203.0,213.8975
2013-11-03T00:00:00+00:00,0.5,402.14,below,204.67,219.89,203.0,213.8975
2013-11-03T00:00:00+00:00,0.618,426.17896,below,204.67,219.89,203.0,213.8975
2013-11-03T00:00:00+00:00,0.786,460.40392,below,204.67,219.89,203.0,213.8975
2013-11-03T00:00:00+00:00,1.0,504.0,below,204.67,219.89,203.0,213.8975
2013-11-04T00:00:00+00:00,0.236,348.35792,below,213.949,230.5,211.0,226.5049999
2013-11-04T00:00:00+00:00,0.382,378.10104,below,213.949,230.5,211.0,226.5049999
2013-11-04T00:00:00+00:00,0.5,402.14,below,213.949,230.5,211.0,226.5049999
2013-11-04T00:00:00+00:00,0.618,426.17896,below,213.949,230.5,211.0,226.5049999
2013-11-04T00:00:00+00:00,0.786,460.40392,below,213.949,230.5,211.0,226.5049999
2013-11-04T00:00:00+00:00,1.0,504.0,below,213.949,230.5,211.0,226.5049999
2013-11-05T00:00:00+00:00,0.236,348.35792,below,227.29,250.75,225.44,242.88
2013-11-05T00:00:00+00:00,0.382,378.10104,below,227.29,250.75,225.44,242.88
2013-11-05T00:00:00+00:00,0.5,402.14,below,227.29,250.75,225.44,242.88
2013-11-05T00:00:00+00:00,0.618,426.17896,below,227.29,250.75,225.44,242.88
2013-11-05T00:00:00+00:00,0.786,460.40392,below,227.29,250.75,225.44,242.88
2013-11-05T00:00:00+00:00,1.0,504.0,below,227.29,250.75,225.44,242.88
2013-11-06T00:00:00+00:00,0.236,348.35792,below,242.6,265.0,240.6,263.24
2013-11-06T00:00:00+00:00,0.382,378.10104,below,242.6,265.0,240.6,263.24
2013-11-06T00:00:00+00:00,0.5,402.14,below,242.6,265.0,240.6,263.24
2013-11-06T00:00:00+00:00,0.618,426.17896,below,242.6,265.0,240.6,263.24
2013-11-06T00:00:00+00:00,0.786,460.40392,below,242.6,265.0,240.6,263.24
2013-11-06T00:00:00+00:00,1.0,504.0,below,242.6,265.0,240.6,263.24
2013-11-07T00:00:00+00:00,0.236,348.35792,below,263.5,297.79,262.0,291.0
2013-11-07T00:00:00+00:00,0.382,378.10104,below,263.5,297.79,262.0,291.0
2013-11-07T00:00:00+00:00,0.5,402.14,below,263.5,297.79,262.0,291.0
2013-11-07T00:00:00+00:00,0.618,426.17896,below,263.5,297.79,262.0,291.0
2013-11-07T00:00:00+00:00,0.786,460.40392,below,263.5,297.79,262.0,291.0
2013-11-07T00:00:00+00:00,1.0,504.0,below,263.5,297.79,262.0,291.0
2013-11-08T00:00:00+00:00,0.236,348.35792,below,290.8,334.95,288.89,333.9
2013-11-08T00:00:00+00:00,0.382,378.10104,below,290.8,334.95,288.89,333.9
2013-11-08T00:00:00+00:00,0.5,402.14,below,290.8,334.95,288.89,333.9
2013-11-08T00:00:00+00:00,0.618,426.17896,below,290.8,334.95,288.89,333.9
2013-11-08T00:00:00+00:00,0.786,460.40392,below,290.8,334.95,288.89,333.9
2013-11-08T00:00:00+00:00,1.0,504.0,below,290.8,334.95,288.89,333.9
2013-11-09T00:00:00+00:00,0.236,348.35792,touch,333.9,386.0,297.0,338.22941
2013-11-09T00:00:00+00:00,0.382,378.10104,touch,333.9,386.0,297.0,338.22941
2013-11-09T00:00:00+00:00,0.5,402.14,below,333.9,386.0,297.0,338.22941
2013-11-09T00:00:00+00:00,0.618,426.17896,below,333.9,386.0,297.0,338.22941
2013-11-09T00:00:00+00:00,0.786,460.40392,below,333.9,386.0,297.0,338.22941
2013-11-09T00:00:00+00:00,1.0,504.0,below,333.9,386.0,297.0,338.22941
2013-11-10T00:00:00+00:00,0.236,348.35792,below,339.39,340.0,265.11,325.0
2013-11-10T00:00:00+00:00,0.382,378.10104,below,339.39,340.0,265.11,325.0
2013-11-10T00:00:00+00:00,0.5,402.14,below,339.39,340.0,265.11,325.0
2013-11-10T00:00:00+00:00,0.618,426.17896,below,339.39,340.0,265.11,325.0
2013-11-10T00:00:00+00:00,0.786,460.40392,below,339.39,340.0,265.11,325.0
2013-11-10T00:00:00+00:00,1.0,504.0,below,339.39,340.0,265.11,325.0
2013-11-11T00:00:00+00:00,0.236,348.35792,touch,322.24,357.95,311.56,344.27
2013-11-11T00:00:00+00:00,0.382,378.10104,below,322.24,357.95,311.56,344.27
2013-11-11T00:00:00+00:00,0.5,402.14,below,322.24,357.95,311.56,344.27
2013-11-11T00:00:00+00:00,0.618,426.17896,below,322.24,357.95,311.56,344.27
2013-11-11T00:00:00+00:00,0.786,460.40392,below,322.24,357.95,311.56,344.27
2013-11-11T00:00:00+00:00,1.0,504.0,below,322.24,357.95,311.56,344.27
2013-11-12T00:00:00+00:00,0.236,348.35792,cross,347.0,400.0,340.0,354.96
2013-11-12T00:00:00+00:00,0.382,378.10104,touch,347.0,400.0,340.0,354.96
2013-11-12T00:00:00+00:00,0.5,402.14,below,347.0,400.0,340.0,354.96
2013-11-12T00:00:00+00:00,0.618,426.17896,below,347.0,400.0,340.0,354.96
2013-11-12T00:00:00+00:00,0.786,460.40392,below,347.0,400.0,340.0,354.96
2013-11-12T00:00:00+00:00,1.0,504.0,below,347.0,400.0,340.0,354.96
2013-11-13T00:00:00+00:00,0.236,348.35792,above,355.45,414.73,355.45,399.9
2013-11-13T00:00:00+00:00,0.382,378.10104,cross,355.45,414.73,355.45,399.9
2013-11-13T00:00:00+00:00,0.5,402.14,touch,355.45,414.73,355.45,399.9
2013-11-13T00:00:00+00:00,0.618,426.17896,below,355.45,414.73,355.45,399.9
2013-11-13T00:00:00+00:00,0.786,460.40392,below,355.45,414.73,355.45,399.9
2013-11-13T00:00:00+00:00,1.0,504.0,below,355.45,414.73,355.45,399.9
2013-11-14T00:00:00+00:00,0.236,348.35792,above,399.89,423.5,392.8,413.53499
2013-11-14T00:00:00+00:00,0.382,378.10104,above,399.89,423.5,392.8,413.53499
2013-11-14T00:00:00+00:00,0.5,402.14,cross,399.89,423.5,392.8,413.53499
2013-11-14T00:00:00+00:00,0.618,426.17896,below,399.89,423.5,392.8,413.53499
2013-11-14T00:00:00+00:00,0.786,460.40392,below,399.89,423.5,392.8,413.53499
2013-11-14T00:00:00+00:00,1.0,504.0,below,399.89,423.5,392.8,413.53499
2013-11-15T00:00:00+00:00,0.236,348.35792,above,415.16,439.94,388.011,412.0
2013-11-15T00:00:00+00:00,0.382,378.10104,above,415.16,439.94,388.011,412.0
2013-11-15T00:00:00+00:00,0.5,402.14,touch,415.16,439.94,388.011,412.0
2013-11-15T00:00:00+00:00,0.618,426.17896,touch,415.16,439.94,388.011,412.0
2013-11-15T00:00:00+00:00,0.786,460.40392,below,415.16,439.94,388.011,412.0
2013-11-15T00:00:00+00:00,1.0,504.0,below,415.16,439.94,388.011,412.0
2013-11-16T00:00:00+00:00,0.236,348.35792,above,412.0,448.95,410.0,434.52
2013-11-16T00:00:00+00:00,0.382,378.10104,above,412.0,448.95,410.0,434.52
2013-11-16T00:00:00+00:00,0.5,402.14,above,412.0,448.95,410.0,434.52
2013-11-16T00:00:00+00:00,0.618,426.17896,cross,412.0,448.95,410.0,434.52
2013-11-16T00:00:00+00:00,0.786,460.40392,below,412.0,448.95,410.0,434.52
2013-11-16T00:00:00+00:00,1.0,504.0,below,412.0,448.95,410.0,434.52
2013-11-17T00:00:00+00:00,0.236,348.35792,above,434.53,499.99,434.53,492.0
2013-11-17T00:00:00+00:00,0.382,378.10104,above,434.53,499.99,434.53,492.0
2013-11-17T00:00:00+00:00,0.5,402.14,above,434.53,499.99,434.53,492.0
2013-11-17T00:00:00+00:00,0.618,426.17896,above,434.53,499.99,434.53,492.0
2013-11-17T00:00:00+00:00,0.786,460.40392,cross,434.53,499.99,434.53,492.0
2013-11-17T00:00:00+00:00,1.0,504.0,below,434.53,499.99,434.53,492.0
2013-11-18T00:00:00+00:00,0.236,348.35792,above,492.39,775.0,490.11,689.0
2013-11-18T00:00:00+00:00,0.382,378.10104,above,492.39,775.0,490.11,689.0
2013-11-18T00:00:00+00:00,0.5,402.14,above,492.39,775.0,490.11,689.0
2013-11-18T00:00:00+00:00,0.618,426.17896,above,492.39,775.0,490.11,689.0
2013-11-18T00:00:00+00:00,0.786,460.40392,above,492.39,775.0,490.11,689.0
2013-11-18T00:00:00+00:00,1.0,504.0,cross,492.39,775.0,490.11,689.0
2013-11-19T00:00:00+00:00,0.236,348.35792,above,690.0,909.0,360.0,537.0
2013-11-19T00:00:00+00:00,0.382,378.10104,touch,690.0,909.0,360.0,537.0
2013-11-19T00:00:00+00:00,0.5,402.14,touch,690.0,909.0,360.0,537.0
2013-11-19T00:00:00+00:00,0.618,426.17896,touch,690.0,909.0,360.0,537.0
2013-11-19T00:00:00+00:00,0.786,460.40392,touch,690.0,909.0,360.0,537.0
2013-11-19T00:00:00+00:00,1.0,504.0,touch,690.0,909.0,360.0,537.0
2013-11-20T00:00:00+00:00,0.236,348.35792,above,535.01,630.0,450.01,599.12
2013-11-20T00:00:00+00:00,0.382,378.10104,above,535.01,630.0,450.01,599.12
2013-11-20T00:00:00+00:00,0.5,402.14,above,535.01,630.0,450.01,599.12
2013-11-20T00:00:00+00:00,0.618,426.17896,above,535.01,630.0,450.01,599.12
2013-11-20T00:00:00+00:00,0.786,460.40392,touch,535.01,630.0,450.01,599.12
2013-11-20T00:00:00+00:00,1.0,504.0,touch,535.01,630.0,450.01,599.12
2013-11-21T00:00:00+00:00,0.236,348.35792,above,599.12,745.0,589.9,730.0
2013-11-21T00:00:00+00:00,0.382,378.10104,above,599.12,745.0,589.9,730.0
2013-11-21T00:00:00+00:00,0.5,402.14,above,599.12,745.0,589.9,730.0
2013-11-21T00:00:00+00:00,0.618,426.17896,above,599.12,745.0,589.9,730.0
2013-11-21T00:00:00+00:00,0.786,460.40392,above,599.12,745.0,589.9,730.0
2013-11-21T00:00:00+00:00,1.0,504.0,above,599.12,745.0,589.9,730.0
2013-11-22T00:00:00+00:00,0.236,348.35792,above,727.0301,839.77,682.32,806.3
2013-11-22T00:00:00+00:00,0.382,378.10104,above,727.0301,839.77,682.32,806.3
2013-11-22T00:00:00+00:00,0.5,402.14,above,727.0301,839.77,682.32,806.3
2013-11-22T00:00:00+00:00,0.618,426.17896,above,727.0301,839.77,682.32,806.3
2013-11-22T00:00:00+00:00,0.786,460.40392,above,727.0301,839.77,682.32,806.3
2013-11-22T00:00:00+00:00,1.0,504.0,above,727.0301,839.77,682.32,806.3
2013-11-23T00:00:00+00:00,0.236,348.35792,above,815.0,886.876543,775.0,847.666666
2013-11-23T00:00:00+00:00,0.382,378.10104,above,815.0,886.876543,775.0,847.666666
2013-11-23T00:00:00+00:00,0.5,402.14,above,815.0,886.876543,775.0,847.666666
2013-11-23T00:00:00+00:00,0.618,426.17896,above,815.0,886.876543,775.0,847.666666
2013-11-23T00:00:00+00:00,0.786,460.40392,above,815.0,886.876543,775.0,847.666666
2013-11-23T00:00:00+00:00,1.0,504.0,above,815.0,886.876543,775.0,847.666666
2013-11-24T00:00:00+00:00,0.236,348.35792,above,847.5,860.0,745.0,815.0
2013-11-24T00:00:00+00:00,0.382,378.10104,above,847.5,860.0,745.0,815.0
2013-11-24T00:00:00+00:00,0.5,402.14,above,847.5,860.0,745.0,815.0
2013-11-24T00:00:00+00:00,0.618,426.17896,above,847.5,860.0,745.0,815.0
2013-11-24T00:00:00+00:00,0.786,460.40392,above,847.5,860.0,745.0,815.0
2013-11-24T00:00:00+00:00,1.0,504.0,above,847.5,860.0,745.0,815.0
2013-11-25T00:00:00+00:00,0.236,348.35792,above,814.16,844.579,768.0,818.98
2013-11-25T00:00:00+00:00,0.382,378.10104,above,814.16,844.579,768.0,818.98
2013-11-25T00:00:00+00:00,0.5,402.14,above,814.16,844.579,768.0,818.98
2013-11-25T00:00:00+00:00,0.618,426.17896,above,814.16,844.579,768.0,818.98
2013-11-25T00:00:00+00:00,0.786,460.40392,above,814.16,844.579,768.0,818.98
2013-11-25T00:00:00+00:00,1.0,504.0,above,814.16,844.579,768.0,818.98
2013-11-26T00:00:00+00:00,0.236,348.35792,above,813.14,960.0,800.0,952.0
2013-11-26T00:00:00+00:00,0.382,378.10104,above,813.14,960.0,800.0,952.0
2013-11-26T00:00:00+00:00,0.5,402.14,above,813.14,960.0,800.0,952.0
2013-11-26T00:00:00+00:00,0.618,426.17896,above,813.14,960.0,800.0,952.0
2013-11-26T00:00:00+00:00,0.786,460.40392,above,813.14,960.0,800.0,952.0
2013-11-26T00:00:00+00:00,1.0,504.0,above,813.14,960.0,800.0,952.0
2013-11-27T00:00:00+00:00,0.236,348.35792,above,955.01,969.99,894.0,963.0
2013-11-27T00:00:00+00:00,0.382,378.10104,above,955.01,969.99,894.0,963.0
2013-11-27T00:00:00+00:00,0.5,402.14,above,955.01,969.99,894.0,963.0
2013-11-27T00:00:00+00:00,0.618,426.17896,above,955.01,969.99,894.0,963.0
2013-11-27T00:00:00+00:00,0.786,460.40392,above,955.01,969.99,894.0,963.0
2013-11-27T00:00:00+00:00,1.0,504.0,above,955.01,969.99,894.0,963.0
2013-11-28T00:00:00+00:00,0.236,348.35792,above,962.01,1050.34,945.0,1016.1
2013-11-28T00:00:00+00:00,0.382,378.10104,above,962.01,1050.34,945.0,1016.1
2013-11-28T00:00:00+00:00,0.5,402.14,above,962.01,1050.34,945.0,1016.1
2013-11-28T00:00:00+00:00,0.618,426.17896,above,962.01,1050.34,945.0,1016.1
2013-11-28T00:00:00+00:00,0.786,460.40392,above,962.01,1050.34,945.0,1016.1
2013-11-28T00:00:00+00:00,1.0,504.0,above,962.01,1050.34,945.0,1016.1
2013-11-29T00:00:00+00:00,0.236,348.35792,above,1015.79,1142.0,999.12,1132.0
2013-11-29T00:00:00+00:00,0.382,378.10104,above,1015.79,1142.0,999.12,1132.0
2013-11-29T00:00:00+00:00,0.5,402.14,above,1015.79,1142.0,999.12,1132.0
2013-11-29T00:00:00+00:00,0.618,426.17896,above,1015.79,1142.0,999.12,1132.0
2013-11-29T00:00:00+00:00,0.786,460.40392,above,1015.79,1142.0,999.12,1132.0
2013-11-29T00:00:00+00:00,1.0,504.0,above,1015.79,1142.0,999.12,1132.0
2013-11-30T00:00:00+00:00,0.236,348.35792,above,1131.0,1171.25,1090.0,1119.52
2013-11-30T00:00:00+00:00,0.382,378.10104,above,1131.0,1171.25,1090.0,1119.52
2013-11-30T00:00:00+00:00,0.5,402.14,above,1131.0,1171.25,1090.0,1119.52
2013-11-30T00:00:00+00:00,0.618,426.17896,above,1131.0,1171.25,1090.0,1119.52
2013-11-30T00:00:00+00:00,0.786,460.40392,above,1131.0,1171.25,1090.0,1119.52
2013-11-30T00:00:00+00:00,1.0,504.0,above,1131.0,1171.25,1090.0,1119.52
2013-12-01T00:00:00+00:00,0.236,348.35792,above,1119.8,1126.0,780.0,955.0
2013-12-01T00:00:00+00:00,0.382,378.10104,above,1119.8,1126.0,780.0,955.0
2013-12-01T00:00:00+00:00,0.5,402.14,above,1119.8,1126.0,780.0,955.0
2013-12-01T00:00:00+00:00,0.618,426.17896,above,1119.8,1126.0,780.0,955.0
2013-12-01T00:00:00+00:00,0.786,460.40392,above,1119.8,1126.0,780.0,955.0
2013-12-01T00:00:00+00:00,1.0,504.0,above,1119.8,1126.0,780.0,955.0
2013-12-02T00:00:00+00:00,0.236,348.35792,above,950.2601,1059.0,936.0,1037.07
2013-12-02T00:00:00+00:00,0.382,378.10104,above,950.2601,1059.0,936.0,1037.07
2013-12-02T00:00:00+00:00,0.5,402.14,above,950.2601,1059.0,936.0,1037.07
2013-12-02T00:00:00+00:00,0.618,426.17896,above,950.2601,1059.0,936.0,1037.07
2013-12-02T00:00:00+00:00,0.786,460.40392,above,950.2601,1059.0,936.0,1037.07
2013-12-02T00:00:00+00:00,1.0,504.0,above,950.2601,1059.0,936.0,1037.07
2013-12-03T00:00:00+00:00,0.236,348.35792,above,1037.11,1089.88,1000.0,1055.0
2013-12-03T00:00:00+00:00,0.382,378.10104,above,1037.11,1089.88,1000.0,1055.0
2013-12-03T00:00:00+00:00,0.5,402.14,above,1037.11,1089.88,1000.0,1055.0
2013-12-03T00:00:00+00:00,0.618,426.17896,above,1037.11,1089.88,1000.0,1055.0
2013-12-03T00:00:00+00:00,0.786,460.40392,above,1037.11,1089.88,1000.0,1055.0
2013-12-03T00:00:00+00:00,1.0,504.0,above,1037.11,1089.88,1000.0,1055.0
2013-12-04T00:00:00+00:00,0.236,348.35792,above,1055.0,1175.0,1051.0,1138.5
2013-12-04T00:00:00+00:00,0.382,378.10104,above,1055.0,1175.0,1051.0,1138.5
2013-12-04T00:00:00+00:00,0.5,402.14,above,1055.0,1175.0,1051.0,1138.5
2013-12-04T00:00:00+00:00,0.618,426.17896,above,1055.0,1175.0,1051.0,1138.5
2013-12-04T00:00:00+00:00,0.786,460.40392,above,1055.0,1175.0,1051.0,1138.5
2013-12-04T00:00:00+00:00,1.0,504.0,above,1055.0,1175.0,1051.0,1138.5
2013-12-05T00:00:00+00:00,0.236,348.35792,above,1135.0,1141.0,848.42,1023.87
2013-12-05T00:00:00+00:00,0.382,378.10104,above,1135.0,1141.0,848.42,1023.87
2013-12-05T00:00:00+00:00,0.5,402.14,above,1135.0,1141.0,848.42,1023.87
2013-12-05T00:00:00+00:00,0.618,426.17896,above,1135.0,1141.0,848.42,1023.87
2013-12-05T00:00:00+00:00,0.786,460.40392,above,1135.0,1141.0,848.42,1023.87
2013-12-05T00:00:00+00:00,1.0,504.0,above,1135.0,1141.0,848.42,1023.87
2013-12-06T00:00:00+00:00,0.236,348.35792,above,1029.02,1032.04,790.0,820.0
2013-12-06T00:00:00+00:00,0.382,378.10104,above,1029.02,1032.04,790.0,820.0
2013-12-06T00:00:00+00:00,0.5,402.14,above,1029.02,1032.04,790.0,820.0
2013-12-06T00:00:00+00:00,0.618,426.17896,above,1029.02,1032.04,790.0,820.0
2013-12-06T00:00:00+00:00,0.786,460.40392,above,1029.02,1032.04,790.0,820.0
2013-12-06T00:00:00+00:00,1.0,504.0,above,1029.02,1032.04,790.0,820.0
2013-12-07T00:00:00+00:00,0.236,348.35792,above,815.0,842.23,538.0,693.0
2013-12-07T00:00:00+00:00,0.382,378.10104,above,815.0,842.23,538.0,693.0
2013-12-07T00:00:00+00:00,0.5,402.14,above,815.0,842.23,538.0,693.0
2013-12-07T00:00:00+00:00,0.618,426.17896,above,815.0,842.23,538.0,693.0
2013-12-07T00:00:00+00:00,0.786,460.40392,above,815.0,842.23,538.0,693.0
2013-12-07T00:00:00+00:00,1.0,504.0,above,815.0,842.23,538.0,693.0
2013-12-08T00:00:00+00:00,0.236,348.35792,above,692.99,790.39,650.0,784.9
2013-12-08T00:00:00+00:00,0.382,378.10104,above,692.99,790.39,650.0,784.9
2013-12-08T00:00:00+00:00,0.5,402.14,above,692.99,790.39,650.0,784.9
2013-12-08T00:00:00+00:00,0.618,426.17896,above,692.99,790.39,650.0,784.9
2013-12-08T00:00:00+00:00,0.786,460.40392,above,692.99,790.39,650.0,784.9
2013-12-08T00:00:00+00:00,1.0,504.0,above,692.99,790.39,650.0,784.9
2013-12-09T00:00:00+00:00,0.236,348.35792,above,786.0,901.0,767.21,899.01
2013-12-09T00:00:00+00:00,0.382,378.10104,above,786.0,901.0,767.21,899.01
2013-12-09T00:00:00+00:00,0.5,402.14,above,786.0,901.0,767.21,899.01
2013-12-09T00:00:00+00:00,0.618,426.17896,above,786.0,901.0,767.21,899.01
2013-12-09T00:00:00+00:00,0.786,460.40392,above,786.0,901.0,767.21,899.01
2013-12-09T00:00:00+00:00,1.0,504.0,above,786.0,901.0,767.21,899.01
2013-12-10T00:00:00+00:00,0.236,348.35792,above,899.94,992.0,895.0,983.0
2013-12-10T00:00:00+00:00,0.382,378.10104,above,899.94,992.0,895.0,983.0
2013-12-10T00:00:00+00:00,0.5,402.14,above,899.94,992.0,895.0,983.0
2013-12-10T00:00:00+00:00,0.618,426.17896,above,899.94,992.0,895.0,983.0
2013-12-10T00:00:00+00:00,0.786,460.40392,above,899.94,992.0,895.0,983.0
2013-12-10T00:00:00+00:00,1.0,504.0,above,899.94,992.0,895.0,983.0
2013-12-11T00:00:00+00:00,0.236,348.35792,above,982.9697,990.0,804.26,879.3
2013-12-11T00:00:00+00:00,0.382,378.10104,above,982.9697,990.0,804.26,879.3
2013-12-11T00:00:00+00:00,0.5,402.14,above,982.9697,990.0,804.26,879.3
2013-12-11T00:00:00+00:00,0.618,426.17896,above,982.9697,990.0,804.26,879.3
2013-12-11T00:00:00+00:00,0.786,460.40392,above,982.9697,990.0,804.26,879.3
2013-12-11T00:00:00+00:00,1.0,504.0,above,982.9697,990.0,804.26,879.3
2013-12-12T00:00:00+00:00,0.236,348.35792,above,879.4,893.97,838.0,873.0
2013-12-12T00:00:00+00:00,0.382,378.10104,above,879.4,893.97,838.0,873.0
2013-12-12T00:00:00+00:00,0.5,402.14,above,879.4,893.97,838.0,873.0
2013-12-12T00:00:00+00:00,0.618,426.17896,above,879.4,893.97,838.0,873.0
2013-12-12T00:00:00+00:00,0.786,460.40392,above,879.4,893.97,838.0,873.0
2013-12-12T00:00:00+00:00,1.0,504.0,above,879.4,893.97,838.0,873.0
2013-12-13T00:00:00+00:00,0.236,348.35792,above,872.97,923.71,850.02,885.02
2013-12-13T00:00:00+00:00,0.382,378.10104,above,872.97,923.71,850.02,885.02
2013-12-13T00:00:00+00:00,0.5,402.14,above,872.97,923.71,850.02,885.02
2013-12-13T00:00:00+00:00,0.618,426.17896,above,872.97,923.71,850.02,885.02
2013-12-13T00:00:00+00:00,0.786,460.40392,above,872.97,923.71,850.02,885.02
2013-12-13T00:00:00+00:00,1.0,504.0,above,872.97,923.71,850.02,885.02
2013-12-14T00:00:00+00:00,0.236,348.35792,above,885.1,888.8970413,840.0,850.78
2013-12-14T00:00:00+00:00,0.382,378.10104,above,885.1,888.8970413,840.0,850.78
2013-12-14T00:00:00+00:00,0.5,402.14,above,885.1,888.8970413,840.0,850.78
2013-12-14T00:00:00+00:00,0.618,426.17896,above,885.1,888.8970413,840.0,850.78
2013-12-14T00:00:00+00:00,0.786,460.40392,above,885.1,888.8970413,840.0,850.78
2013-12-14T00:00:00+00:00,1.0,504.0,above,885.1,888.8970413,840.0,850.78
2013-12-15T00:00:00+00:00,0.236,348.35792,above,854.98,871.8845,805.0,859.71
2013-12-15T00:00:00+00:00,0.382,378.10104,above,854.98,871.8845,805.0,859.71
2013-12-15T00:00:00+00:00,0.5,402.14,above,854.98,871.8845,805.0,859.71
2013-12-15T00:00:00+00:00,0.618,426.17896,above,854.98,871.8845,805.0,859.71
2013-12-15T00:00:00+00:00,0.786,460.40392,above,854.98,871.8845,805.0,859.71
2013-12-15T00:00:00+00:00,1.0,504.0,above,854.98,871.8845,805.0,859.71
2013-12-16T00:00:00+00:00,0.236,348.35792,above,860.33,864.0,650.9088,690.0
2013-12-16T00:00:00+00:00,0.382,378.10104,above,860.33,864.0,650.9088,690.0
2013-12-16T00:00:00+00:00,0.5,402.14,above,860.33,864.0,650.9088,690.0
2013-12-16T00:00:00+00:00,0.618,426.17896,above,860.33,864.0,650.9088,690.0
2013-12-16T00:00:00+00:00,0.786,460.40392,above,860.33,864.0,650.9088,690.0
2013-12-16T00:00:00+00:00,1.0,504.0,above,860.33,864.0,650.9088,690.0
2013-12-17T00:00:00+00:00,0.236,348.35792,above,690.0,751.0,613.0,675.0
2013-12-17T00:00:00+00:00,0.382,378.10104,above,690.0,751.0,613.0,675.0
2013-12-17T00:00:00+00:00,0.5,402.14,above,690.0,751.0,613.0,675.0
2013-12-17T00:00:00+00:00,0.618,426.17896,above,690.0,751.0,613.0,675.0
2013-12-17T00:00:00+00:00,0.786,460.40392,above,690.0,751.0,613.0,675.0
2013-12-17T00:00:00+00:00,1.0,504.0,above,690.0,751.0,613.0,675.0
2013-12-18T00:00:00+00:00,0.236,348.35792,above,675.0,679.038754,381.51,520.01
2013-12-18T00:00:00+00:00,0.382,378.10104,above,675.0,679.038754,381.51,520.01
2013-12-18T00:00:00+00:00,0.5,402.14,touch,675.0,679.038754,381.51,520.01
2013-12-18T00:00:00+00:00,0.618,426.17896,touch,675.0,679.038754,381.51,520.01
2013-12-18T00:00:00+00:00,0.786,460.40392,touch,675.0,679.038754,381.51,520.01
2013-12-18T00:00:00+00:00,1.0,504.0,touch,675.0,679.038754,381.51,520.01
2013-12-19T00:00:00+00:00,0.236,348.35792,above,519.74,700.0,491.0,684.99
2013-12-19T00:00:00+00:00,0.382,378.10104,above,519.74,700.0,491.0,684.99
2013-12-19T00:00:00+00:00,0.5,402.14,above,519.74,700.0,491.0,684.99
2013-12-19T00:00:00+00:00,0.618,426.17896,above,519.74,700.0,491.0,684.99
2013-12-19T00:00:00+00:00,0.786,460.40392,above,519.74,700.0,491.0,684.99
2013-12-19T00:00:00+00:00,1.0,504.0,touch,519.74,700.0,491.0,684.99
2013-12-20T00:00:00+00:00,0.236,348.35792,above,685.0,721.0,570.0,609.01
2013-12-20T00:00:00+00:00,0.382,378.10104,above,685.0,721.0,570.0,609.01
2013-12-20T00:00:00+00:00,0.5,402.14,above,685.0,721.0,570.0,609.01
2013-12-20T00:00:00+00:00,0.618,426.17896,above,685.0,721.0,570.0,609.01
2013-12-20T00:00:00+00:00,0.786,460.40392,above,685.0,721.0,570.0,609.01
2013-12-20T00:00:00+00:00,1.0,504.0,above,685.0,721.0,570.0,609.01
2013-12-21T00:00:00+00:00,0.236,348.35792,above,608.77,649.0,568.0,595.03
2013-12-21T00:00:00+00:00,0.382,378.10104,above,608.77,649.0,568.0,595.03
2013-12-21T00:00:00+00:00,0.5,402.14,above,608.77,649.0,568.0,595.03
2013-12-21T00:00:00+00:00,0.618,426.17896,above,608.77,649.0,568.0,595.03
2013-12-21T00:00:00+00:00,0.786,460.40392,above,608.77,649.0,568.0,595.03
2013-12-21T00:00:00+00:00,1.0,504.0,above,608.77,649.0,568.0,595.03
2013-12-22T00:00:00+00:00,0.236,348.35792,above,595.06,674.39,574.0123,614.999
2013-12-22T00:00:00+00:00,0.382,378.10104,above,595.06,674.39,574.0123,614.999
2013-12-22T00:00:00+00:00,0.5,402.14,above,595.06,674.39,574.0123,614.999
2013-12-22T00:00:00+00:00,0.618,426.17896,above,595.06,674.39,574.0123,614.999
2013-12-22T00:00:00+00:00,0.786,460.40392,above,595.06,674.39,574.0123,614.999
2013-12-22T00:00:00+00:00,1.0,504.0,above,595.06,674.39,574.0123,614.999
2013-12-23T00:00:00+00:00,0.236,348.35792,above,612.66,669.0,608.01,654.76
2013-12-23T00:00:00+00:00,0.382,378.10104,above,612.66,669.0,608.01,654.76
2013-12-23T00:00:00+00:00,0.5,402.14,above,612.66,669.0,608.01,654.76
2013-12-23T00:00:00+00:00,0.618,426.17896,above,612.66,669.0,608.01,654.76
2013-12-23T00:00:00+00:00,0.786,460.40392,above,612.66,669.0,608.01,654.76
2013-12-23T00:00:00+00:00,1.0,504.0,above,612.66,669.0,608.01,654.76
2013-12-24T00:00:00+00:00,0.236,348.35792,above,654.76,670.0,627.0,651.83
2013-12-24T00:00:00+00:00,0.382,378.10104,above,654.76,670.0,627.0,651.83
2013-12-24T00:00:00+00:00,0.5,402.14,above,654.76,670.0,627.0,651.83
2013-12-24T00:00:00+00:00,0.618,426.17896,above,654.76,670.0,627.0,651.83
2013-12-24T00:00:00+00:00,0.786,460.40392,above,654.76,670.0,627.0,651.83
2013-12-24T00:00:00+00:00,1.0,504.0,above,654.76,670.0,627.0,651.83
2013-12-25T00:00:00+00:00,0.236,348.35792,above,653.57,681.0,635.0,679.5
2013-12-25T00:00:00+00:00,0.382,378.10104,above,653.57,681.0,635.0,679.5
2013-12-25T00:00:00+00:00,0.5,402.14,above,653.57,681.0,635.0,679.5
2013-12-25T00:00:00+00:00,0.618,426.17896,above,653.57,681.0,635.0,679.5
2013-12-25T00:00:00+00:00,0.786,460.40392,above,653.57,681.0,635.0,679.5
2013-12-25T00:00:00+00:00,1.0,504.0,above,653.57,681.0,635.0,679.5
2013-12-26T00:00:00+00:00,0.236,348.35792,above,680.78,764.0,677.0,757.3889
2013-12-26T00:00:00+00:00,0.382,378.10104,above,680.78,764.0,677.0,757.3889
2013-12-26T00:00:00+00:00,0.5,402.14,above,680.78,764.0,677.0,757.3889
2013-12-26T00:00:00+00:00,0.618,426.17896,above,680.78,764.0,677.0,757.3889
2013-12-26T00:00:00+00:00,0.786,460.40392,above,680.78,764.0,677.0,757.3889
2013-12-26T00:00:00+00:00,1.0,504.0,above,680.78,764.0,677.0,757.3889
2013-12-27T00:00:00+00:00,0.236,348.35792,above,748.48,763.0,704.0123,720.61
2013-12-27T00:00:00+00:00,0.382,378.10104,above,748.48,763.0,704.0123,720.61
2013-12-27T00:00:00+00:00,0.5,402.14,above,748.48,763.0,704.0123,720.61
2013-12-27T00:00:00+00:00,0.618,426.17896,above,748.48,763.0,704.0123,720.61
2013-12-27T00:00:00+00:00,0.786,460.40392,above,748.48,763.0,704.0123,720.61
2013-12-27T00:00:00+00:00,1.0,504.0,above,748.48,763.0,704.0123,720.61
2013-12-28T00:00:00+00:00,0.236,348.35792,above,724.75,740.01,690.0,712.2
2013-12-28T00:00:00+00:00,0.382,378.10104,above,724.75,740.01,690.0,712.2
2013-12-28T00:00:00+00:00,0.5,402.14,above,724.75,740.01,690.0,712.2
2013-12-28T00:00:00+00:00,0.618,426.17896,above,724.75,740.01,690.0,712.2
2013-12-28T00:00:00+00:00,0.786,460.40392,above,724.75,740.01,690.0,712.2
2013-12-28T00:00:00+00:00,1.0,504.0,above,724.75,740.01,690.0,712.2
2013-12-29T00:00:00+00:00,0.236,348.35792,above,715.01,732.0,700.0123,728.3
2013-12-29T00:00:00+00:00,0.382,378.10104,above,715.01,732.0,700.0123,728.3
2013-12-29T00:00:00+00:00,0.5,402.14,above,715.01,732.0,700.0123,728.3
2013-12-29T00:00:00+00:00,0.618,426.17896,above,715.01,732.0,700.0123,728.3
2013-12-29T00:00:00+00:00,0.786,460.40392,above,715.01,732.0,700.0123,728.3
2013-12-29T00:00:00+00:00,1.0,504.0,above,715.01,732.0,700.0123,728.3
2013-12-30T00:00:00+00:00,0.236,348.35792,above,726.82,740.62618,724.73,736.5
2013-12-30T00:00:00+00:00,0.382,378.10104,above,726.82,740.62618,724.73,736.5
2013-12-30T00:00:00+00:00,0.5,402.14,above,726.82,740.62618,724.73,736.5
2013-12-30T00:00:00+00:00,0.618,426.17896,above,726.82,740.62618,724.73,736.5
2013-12-30T00:00:00+00:00,0.786,460.40392,above,726.82,740.62618,724.73,736.5
2013-12-30T00:00:00+00:00,1.0,504.0,above,726.82,740.62618,724.73,736.5
2013-12-31T00:00:00+00:00,0.236,348.35792,above,735.5,740.0,710.02,729.99
2013-12-31T00:00:00+00:00,0.382,378.10104,above,735.5,740.0,710.02,729.99
2013-12-31T00:00:00+00:00,0.5,402.14,above,735.5,740.0,710.02,729.99
2013-12-31T00:00:00+00:00,0.618,426.17896,above,735.5,740.0,710.02,729.99
2013-12-31T00:00:00+00:00,0.786,460.40392,above,735.5,740.0,710.02,729.99
2013-12-31T00:00:00+00:00,1.0,504.0,above,735.5,740.0,710.02,729.99
2014-01-01T00:00:00+00:00,0.236,348.35792,above,730.24,757.0,730.24,754.22
2014-01-01T00:00:00+00:00,0.382,378.10104,above,730.24,757.0,730.24,754.22
2014-01-01T00:00:00+00:00,0.5,402.14,above,730.24,757.0,730.24,754.22
2014-01-01T00:00:00+00:00,0.618,426.17896,above,730.24,757.0,730.24,754.22
2014-01-01T00:00:00+00:00,0.786,460.40392,above,730.24,757.0,730.24,754.22
2014-01-01T00:00:00+00:00,1.0,504.0,above,730.24,757.0,730.24,754.22
2014-01-02T00:00:00+00:00,0.236,348.35792,above,751.88,800.0,742.52,784.34
2014-01-02T00:00:00+00:00,0.382,378.10104,above,751.88,800.0,742.52,784.34
2014-01-02T00:00:00+00:00,0.5,402.14,above,751.88,800.0,742.52,784.34
2014-01-02T00:00:00+00:00,0.618,426.17896,above,751.88,800.0,742.52,784.34
2014-01-02T00:00:00+00:00,0.786,460.40392,above,751.88,800.0,742.52,784.34
2014-01-02T00:00:00+00:00,1.0,504.0,above,751.88,800.0,742.52,784.34
2014-01-03T00:00:00+00:00,0.236,348.35792,above,784.12,818.99,768.0,807.0
2014-01-03T00:00:00+00:00,0.382,378.10104,above,784.12,818.99,768.0,807.0
2014-01-03T00:00:00+00:00,0.5,402.14,above,784.12,818.99,768.0,807.0
2014-01-03T00:00:00+00:00,0.618,426.17896,above,784.12,818.99,768.0,807.0
2014-01-03T00:00:00+00:00,0.786,460.40392,above,784.12,818.99,768.0,807.0
2014-01-03T00:00:00+00:00,1.0,504.0,above,784.12,818.99,768.0,807.0
2014-01-04T00:00:00+00:00,0.236,348.35792,above,808.5,830.4,791.04,829.0
2014-01-04T00:00:00+00:00,0.382,378.10104,above,808.5,830.4,791.04,829.0
2014-01-04T00:00:00+00:00,0.5,402.14,above,808.5,830.4,791.04,829.0
2014-01-04T00:00:00+00:00,0.618,426.17896,above,808.5,830.4,791.04,829.0
2014-01-04T00:00:00+00:00,0.786,460.40392,above,808.5,830.4,791.04,829.0
2014-01-04T00:00:00+00:00,1.0,504.0,above,808.5,830.4,791.04,829.0
2014-01-05T00:00:00+00:00,0.236,348.35792,above,829.9,939.8,825.0,905.36
2014-01-05T00:00:00+00:00,0.382,378.10104,above,829.9,939.8,825.0,905.36
2014-01-05T00:00:00+00:00,0.5,402.14,above,829.9,939.8,825.0,905.36
2014-01-05T00:00:00+00:00,0.618,426.17896,above,829.9,939.8,825.0,905.36
2014-01-05T00:00:00+00:00,0.786,460.40392,above,829.9,939.8,825.0,905.36
2014-01-05T00:00:00+00:00,1.0,504.0,above,829.9,939.8,825.0,905.36
2014-01-06T00:00:00+00:00,0.236,348.35792,above,905.0,995.0,875.181,919.24
2014-01-06T00:00:00+00:00,0.382,378.10104,above,905.0,995.0,875.181,919.24
2014-01-06T00:00:00+00:00,0.5,402.14,above,905.0,995.0,875.181,919.24
2014-01-06T00:00:00+00:00,0.618,426.17896,above,905.0,995.0,875.181,919.24
2014-01-06T00:00:00+00:00,0.786,460.40392,above,905.0,995.0,875.181,919.24
2014-01-06T00:00:00+00:00,1.0,504.0,above,905.0,995.0,875.181,919.24
2014-01-07T00:00:00+00:00,0.236,348.35792,above,915.7,943.15,781.0,781.0
2014-01-07T00:00:00+00:00,0.382,378.10104,above,915.7,943.15,781.0,781.0
2014-01-07T00:00:00+00:00,0.5,402.14,above,915.7,943.15,781.0,781.0
2014-01-07T00:00:00+00:00,0.618,426.17896,above,915.7,943.15,781.0,781.0
2014-01-07T00:00:00+00:00,0.786,460.40392,above,915.7,943.15,781.0,781.0
2014-01-07T00:00:00+00:00,1.0,504.0,above,915.7,943.15,781.0,781.0
2014-01-08T00:00:00+00:00,0.236,348.35792,above,785.01,849.0,765.0,824.89
2014-01-08T00:00:00+00:00,0.382,378.10104,above,785.01,849.0,765.0,824.89
2014-01-08T00:00:00+00:00,0.5,402.14,above,785.01,849.0,765.0,824.89
2014-01-08T00:00:00+00:00,0.618,426.17896,above,785.01,849.0,765.0,824.89
2014-01-08T00:00:00+00:00,0.786,460.40392,above,785.01,849.0,765.0,824.89
2014-01-08T00:00:00+00:00,1.0,504.0,above,785.01,849.0,765.0,824.89
2014-01-09T00:00:00+00:00,0.236,348.35792,above,824.89,846.35,779.99,826.2
2014-01-09T00:00:00+00:00,0.382,378.10104,above,824.89,846.35,779.99,826.2
2014-01-09T00:00:00+00:00,0.5,402.14,above,824.89,846.35,779.99,826.2
2014-01-09T00:00:00+00:00,0.618,426.17896,above,824.89,846.35,779.99,826.2
2014-01-09T00:00:00+00:00,0.786,460.40392,above,824.89,846.35,779.99,826.2
2014-01-09T00:00:00+00:00,1.0,504.0,above,824.89,846.35,779.99,826.2
2014-01-10T00:00:00+00:00,0.236,348.35792,above,825.5,860.64,799.98,853.02
2014-01-10T00:00:00+00:00,0.382,378.10104,above,825.5,860.64,799.98,853.02
2014-01-10T00:00:00+00:00,0.5,402.14,above,825.5,860.64,799.98,853.02
2014-01-10T00:00:00+00:00,0.618,426.17896,above,825.5,860.64,799.98,853.02
2014-01-10T00:00:00+00:00,0.786,460.40392,above,825.5,860.64,799.98,853.02
2014-01-10T00:00:00+00:00,1.0,504.0,above,825.5,860.64,799.98,853.02
2014-01-11T00:00:00+00:00,0.236,348.35792,above,850.0,915.0,848.0,896.59
2014-01-11T00:00:00+00:00,0.382,378.10104,above,850.0,915.0,848.0,896.59
2014-01-11T00:00:00+00:00,0.5,402.14,above,850.0,915.0,848.0,896.59
2014-01-11T00:00:00+00:00,0.618,426.17896,above,850.0,915.0,848.0,896.59
2014-01-11T00:00:00+00:00,0.786,460.40392,above,850.0,915.0,848.0,896.59
2014-01-11T00:00:00+00:00,1.0,504.0,above,850.0,915.0,848.0,896.59
2014-01-12T00:00:00+00:00,0.236,348.35792,above,898.5,906.0,824.45143,842.1
2014-01-12T00:00:00+00:00,0.382,378.10104,above,898.5,906.0,824.45143,842.1
2014-01-12T00:00:00+00:00,0.5,402.14,above,898.5,906.0,824.45143,842.1
2014-01-12T00:00:00+00:00,0.618,426.17896,above,898.5,906.0,824.45143,842.1
2014-01-12T00:00:00+00:00,0.786,460.40392,above,898.5,906.0,824.45143,842.1
2014-01-12T00:00:00+00:00,1.0,504.0,above,898.5,906.0,824.45143,842.1
2014-01-13T00:00:00+00:00,0.236,348.35792,above,842.01,844.68,784.0,824.5
2014-01-13T00:00:00+00:00,0.382,378.10104,above,842.01,844.68,784.0,824.5
2014-01-13T00:00:00+00:00,0.5,402.14,above,842.01,844.68,784.0,824.5
2014-01-13T00:00:00+00:00,0.618,426.17896,above,842.01,844.68,784.0,824.5
2014-01-13T00:00:00+00:00,0.786,460.40392,above,842.01,844.68,784.0,824.5
2014-01-13T00:00:00+00:00,1.0,504.0,above,842.01,844.68,784.0,824.5
2014-01-14T00:00:00+00:00,0.236,348.35792,above,823.17,836.99,802.3,816.0
2014-01-14T00:00:00+00:00,0.382,378.10104,above,823.17,836.99,802.3,816.0
2014-01-14T00:00:00+00:00,0.5,402.14,above,823.17,836.99,802.3,816.0
2014-01-14T00:00:00+00:00,0.618,426.17896,above,823.17,836.99,802.3,816.0
2014-01-14T00:00:00+00:00,0.786,460.40392,above,823.17,836.99,802.3,816.0
2014-01-14T00:00:00+00:00,1.0,504.0,above,823.17,836.99,802.3,816.0
2014-01-15T00:00:00+00:00,0.236,348.35792,above,816.0,850.25,811.25,842.111
2014-01-15T00:00:00+00:00,0.382,378.10104,above,816.0,850.25,811.25,842.111
2014-01-15T00:00:00+00:00,0.5,402.14,above,816.0,850.25,811.25,842.111
2014-01-15T00:00:00+00:00,0.618,426.17896,above,816.0,850.25,811.25,842.111
2014-01-15T00:00:00+00:00,0.786,460.40392,above,816.0,850.25,811.25,842.111
2014-01-15T00:00:00+00:00,1.0,504.0,above,816.0,850.25,811.25,842.111
2014-01-16T00:00:00+00:00,0.236,348.35792,above,842.101,847.68,812.48,812.48
2014-01-16T00:00:00+00:00,0.382,378.10104,above,842.101,847.68,812.48,812.48
2014-01-16T00:00:00+00:00,0.5,402.14,above,842.101,847.68,812.48,812.48
2014-01-16T00:00:00+00:00,0.618,426.17896,above,842.101,847.68,812.48,812.48
2014-01-16T00:00:00+00:00,0.786,460.40392,above,842.101,847.68,812.48,812.48
2014-01-16T00:00:00+00:00,1.0,504.0,above,842.101,847.68,812.48,812.48
2014-01-17T00:00:00+00:00,0.236,348.35792,above,812.48,820.22,765.03,800.0
2014-01-17T00:00:00+00:00,0.382,378.10104,above,812.48,820.22,765.03,800.0
2014-01-17T00:00:00+00:00,0.5,402.14,above,812.48,820.22,765.03,800.0
2014-01-17T00:00:00+00:00,0.618,426.17896,above,812.48,820.22,765.03,800.0
2014-01-17T00:00:00+00:00,0.786,460.40392,above,812.48,820.22,765.03,800.0
2014-01-17T00:00:00+00:00,1.0,504.0,above,812.48,820.22,765.03,800.0
2014-01-18T00:00:00+00:00,0.236,348.35792,above,798.99,820.0,794.93,811.22
2014-01-18T00:00:00+00:00,0.382,378.10104,above,798.99,820.0,794.93,811.22
2014-01-18T00:00:00+00:00,0.5,402.14,above,798.99,820.0,794.93,811.22
2014-01-18T00:00:00+00:00,0.618,426.17896,above,798.99,820.0,794.93,811.22
2014-01-18T00:00:00+00:00,0.786,460.40392,above,798.99,820.0,794.93,811.22
2014-01-18T00:00:00+00:00,1.0,504.0,above,798.99,820.0,794.93,811.22
2014-01-19T00:00:00+00:00,0.236,348.35792,above,811.2,842.0,794.41,841.11
2014-01-19T00:00:00+00:00,0.382,378.10104,above,811.2,842.0,794.41,841.11
2014-01-19T00:00:00+00:00,0.5,402.14,above,811.2,842.0,794.41,841.11
2014-01-19T00:00:00+00:00,0.618,426.17896,above,811.2,842.0,794.41,841.11
2014-01-19T00:00:00+00:00,0.786,460.40392,above,811.2,842.0,794.41,841.11
2014-01-19T00:00:00+00:00,1.0,504.0,above,811.2,842.0,794.41,841.11
2014-01-20T00:00:00+00:00,0.236,348.35792,above,842.07,844.99,815.01,827.11
2014-01-20T00:00:00+00:00,0.382,378.10104,above,842.07,844.99,815.01,827.11
2014-01-20T00:00:00+00:00,0.5,402.14,above,842.07,844.99,815.01,827.11
2014-01-20T00:00:00+00:00,0.618,426.17896,above,842.07,844.99,815.01,827.11
2014-01-20T00:00:00+00:00,0.786,460.40392,above,842.07,844.99,815.01,827.11
2014-01-20T00:00:00+00:00,1.0,504.0,above,842.07,844.99,815.01,827.11
2014-01-21T00:00:00+00:00,0.236,348.35792,above,826.02,834.17,813.6,824.34
2014-01-21T00:00:00+00:00,0.382,378.10104,above,826.02,834.17,813.6,824.34
2014-01-21T00:00:00+00:00,0.5,402.14,above,826.02,834.17,813.6,824.34
2014-01-21T00:00:00+00:00,0.618,426.17896,above,826.02,834.17,813.6,824.34
2014-01-21T00:00:00+00:00,0.786,460.40392,above,826.02,834.17,813.6,824.34
2014-01-21T00:00:00+00:00,1.0,504.0,above,826.02,834.17,813.6,824.34
2014-01-22T00:00:00+00:00,0.236,348.35792,above,824.89,826.5,803.1,818.0
2014-01-22T00:00:00+00:00,0.382,378.10104,above,824.89,826.5,803.1,818.0
2014-01-22T00:00:00+00:00,0.5,402.14,above,824.89,826.5,803.1,818.0
2014-01-22T00:00:00+00:00,0.618,426.17896,above,824.89,826.5,803.1,818.0
2014-01-22T00:00:00+00:00,0.786,460.40392,above,824.89,826.5,803.1,818.0
2014-01-22T00:00:00+00:00,1.0,504.0,above,824.89,826.5,803.1,818.0
2014-01-23T00:00:00+00:00,0.236,348.35792,above,817.99,823.0,802.52,811.01
2014-01-23T00:00:00+00:00,0.382,378.10104,above,817.99,823.0,802.52,811.01
2014-01-23T00:00:00+00:00,0.5,402.14,above,817.99,823.0,802.52,811.01
2014-01-23T00:00:00+00:00,0.618,426.17896,above,817.99,823.0,802.52,811.01
2014-01-23T00:00:00+00:00,0.786,460.40392,above,817.99,823.0,802.52,811.01
2014-01-23T00:00:00+00:00,1.0,504.0,above,817.99,823.0,802.52,811.01
2014-01-24T00:00:00+00:00,0.236,348.35792,above,811.01,812.7689,767.23,778.0
2014-01-24T00:00:00+00:00,0.382,378.10104,above,811.01,812.7689,767.23,778.0
2014-01-24T00:00:00+00:00,0.5,402.14,above,811.01,812.7689,767.23,778.0
2014-01-24T00:00:00+00:00,0.618,426.17896,above,811.01,812.7689,767.23,778.0
2014-01-24T00:00:00+00:00,0.786,460.40392,above,811.01,812.7689,767.23,778.0
2014-01-24T00:00:00+00:00,1.0,504.0,above,811.01,812.7689,767.23,778.0
2014-01-25T00:00:00+00:00,0.236,348.35792,above,778.13,817.0,774.38,805.4
2014-01-25T00:00:00+00:00,0.382,378.10104,above,778.13,817.0,774.38,805.4
2014-01-25T00:00:00+00:00,0.5,402.14,above,778.13,817.0,774.38,805.4
2014-01-25T00:00:00+00:00,0.618,426.17896,above,778.13,817.0,774.38,805.4
2014-01-25T00:00:00+00:00,0.786,460.40392,above,778.13,817.0,774.38,805.4
2014-01-25T00:00:00+00:00,1.0,504.0,above,778.13,817.0,774.38,805.4
2014-01-26T00:00:00+00:00,0.236,348.35792,above,806.81,836.7318,794.64,815.0
2014-01-26T00:00:00+00:00,0.382,378.10104,above,806.81,836.7318,794.64,815.0
2014-01-26T00:00:00+00:00,0.5,402.14,above,806.81,836.7318,794.64,815.0
2014-01-26T00:00:00+00:00,0.618,426.17896,above,806.81,836.7318,794.64,815.0
2014-01-26T00:00:00+00:00,0.786,460.40392,above,806.81,836.7318,794.64,815.0
2014-01-26T00:00:00+00:00,1.0,504.0,above,806.81,836.7318,794.64,815.0
2014-01-27T00:00:00+00:00,0.236,348.35792,above,815.0,824.9999,726.5,750.0
2014-01-27T00:00:00+00:00,0.382,378.10104,above,815.0,824.9999,726.5,750.0
2014-01-27T00:00:00+00:00,0.5,402.14,above,815.0,824.9999,726.5,750.0
2014-01-27T00:00:00+00:00,0.618,426.17896,above,815.0,824.9999,726.5,750.0
2014-01-27T00:00:00+00:00,0.786,460.40392,above,815.0,824.9999,726.5,750.0
2014-01-27T00:00:00+00:00,1.0,504.0,above,815.0,824.9999,726.5,750.0
2014-01-28T00:00:00+00:00,0.236,348.35792,above,748.123,814.5,741.214,784.0001
2014-01-28T00:00:00+00:00,0.382,378.10104,above,748.123,814.5,741.214,784.0001
2014-01-28T00:00:00+00:00,0.5,402.14,above,748.123,814.5,741.214,784.0001
2014-01-28T00:00:00+00:00,0.618,426.17896,above,748.123,814.5,741.214,784.0001
2014-01-28T00:00:00+00:00,0.786,460.40392,above,748.123,814.5,741.214,784.0001
2014-01-28T00:00:00+00:00,1.0,504.0,above,748.123,814.5,741.214,784.0001
2014-01-29T00:00:00+00:00,0.236,348.35792,above,785.0,805.0,781.4417,791.56
2014-01-29T00:00:00+00:00,0.382,378.10104,above,785.0,805.0,781.4417,791.56
2014-01-29T00:00:00+00:00,0.5,402.14,above,785.0,805.0,781.4417,791.56
2014-01-29T00:00:00+00:00,0.618,426.17896,above,785.0,805.0,781.4417,791.56
2014-01-29T00:00:00+00:00,0.786,460.40392,above,785.0,805.0,781.4417,791.56
2014-01-29T00:00:00+00:00,1.0,504.0,above,785.0,805.0,781.4417,791.56
2014-01-30T00:00:00+00:00,0.236,348.35792,above,792.69,812.65489,770.0,801.5
2014-01-30T00:00:00+00:00,0.382,378.10104,above,792.69,812.65489,770.0,801.5
2014-01-30T00:00:00+00:00,0.5,402.14,above,792.69,812.65489,770.0,801.5
2014-01-30T00:00:00+00:00,0.618,426.17896,above,792.69,812.65489,770.0,801.5
2014-01-30T00:00:00+00:00,0.786,460.40392,above,792.69,812.65489,770.0,801.5
2014-01-30T00:00:00+00:00,1.0,504.0,above,792.69,812.65489,770.0,801.5
2014-01-31T00:00:00+00:00,0.236,348.35792,above,799.5,809.6746,793.0,803.5
2014-01-31T00:00:00+00:00,0.382,378.10104,above,799.5,809.6746,793.0,803.5
2014-01-31T00:00:00+00:00,0.5,402.14,above,799.5,809.6746,793.0,803.5
2014-01-31T00:00:00+00:00,0.618,426.17896,above,799.5,809.6746,793.0,803.5
2014-01-31T00:00:00+00:00,0.786,460.40392,above,799.5,809.6746,793.0,803.5
2014-01-31T00:00:00+00:00,1.0,504.0,above,799.5,809.6746,793.0,803.5
2014-02-01T00:00:00+00:00,0.236,348.35792,above,803.58,829.0,801.0,812.5211
2014-02-01T00:00:00+00:00,0.382,378.10104,above,803.58,829.0,801.0,812.5211
2014-02-01T00:00:00+00:00,0.5,402.14,above,803.58,829.0,801.0,812.5211
2014-02-01T00:00:00+00:00,0.618,426.17896,above,803.58,829.0,801.0,812.5211
2014-02-01T00:00:00+00:00,0.786,460.40392,above,803.58,829.0,801.0,812.5211
2014-02-01T00:00:00+00:00,1.0,504.0,above,803.58,829.0,801.0,812.5211
2014-02-02T00:00:00+00:00,0.236,348.35792,above,815.52,827.2,811.0,814.222
2014-02-02T00:00:00+00:00,0.382,378.10104,above,815.52,827.2,811.0,814.222
2014-02-02T00:00:00+00:00,0.5,402.14,above,815.52,827.2,811.0,814.222
2014-02-02T00:00:00+00:00,0.618,426.17896,above,815.52,827.2,811.0,814.222
2014-02-02T00:00:00+00:00,0.786,460.40392,above,815.52,827.2,811.0,814.222
2014-02-02T00:00:00+00:00,1.0,504.0,above,815.52,827.2,811.0,814.222
2014-02-03T00:00:00+00:00,0.236,348.35792,above,814.222,815.2,798.5,806.01
2014-02-03T00:00:00+00:00,0.382,378.10104,above,814.222,815.2,798.5,806.01
2014-02-03T00:00:00+00:00,0.5,402.14,above,814.222,815.2,798.5,806.01
2014-02-03T00:00:00+00:00,0.618,426.17896,above,814.222,815.2,798.5,806.01
2014-02-03T00:00:00+00:00,0.786,460.40392,above,814.222,815.2,798.5,806.01
2014-02-03T00:00:00+00:00,1.0,504.0,above,814.222,815.2,798.5,806.01
2014-02-04T00:00:00+00:00,0.236,348.35792,above,806.01,814.4,795.2,802.69
2014-02-04T00:00:00+00:00,0.382,378.10104,above,806.01,814.4,795.2,802.69
2014-02-04T00:00:00+00:00,0.5,402.14,above,806.01,814.4,795.2,802.69
2014-02-04T00:00:00+00:00,0.618,426.17896,above,806.01,814.4,795.2,802.69
2014-02-04T00:00:00+00:00,0.786,460.40392,above,806.01,814.4,795.2,802.69
2014-02-04T00:00:00+00:00,1.0,504.0,above,806.01,814.4,795.2,802.69
2014-02-05T00:00:00+00:00,0.236,348.35792,above,800.0,807.48,777.85,778.03
2014-02-05T00:00:00+00:00,0.382,378.10104,above,800.0,807.48,777.85,778.03
2014-02-05T00:00:00+00:00,0.5,402.14,above,800.0,807.48,777.85,778.03
2014-02-05T00:00:00+00:00,0.618,426.17896,above,800.0,807.48,777.85,778.03
2014-02-05T00:00:00+00:00,0.786,460.40392,above,800.0,807.48,777.85,778.03
2014-02-05T00:00:00+00:00,1.0,504.0,above,800.0,807.48,777.85,778.03
2014-02-06T00:00:00+00:00,0.236,348.35792,above,782.0,829.0,678.03,763.11
2014-02-06T00:00:00+00:00,0.382,378.10104,above,782.0,829.0,678.03,763.11
2014-02-06T00:00:00+00:00,0.5,402.14,above,782.0,829.0,678.03,763.11
2014-02-06T00:00:00+00:00,0.618,426.17896,above,782.0,829.0,678.03,763.11
2014-02-06T00:00:00+00:00,0.786,460.40392,above,782.0,829.0,678.03,763.11
2014-02-06T00:00:00+00:00,1.0,504.0,above,782.0,829.0,678.03,763.11
2014-02-07T00:00:00+00:00,0.236,348.35792,above,763.99,764.0,620.0,702.0
2014-02-07T00:00:00+00:00,0.382,378.10104,above,763.99,764.0,620.0,702.0
2014-02-07T00:00:00+00:00,0.5,402.14,above,763.99,764.0,620.0,702.0
2014-02-07T00:00:00+00:00,0.618,426.17896,above,763.99,764.0,620.0,702.0
2014-02-07T00:00:00+00:00,0.786,460.40392,above,763.99,764.0,620.0,702.0
2014-02-07T00:00:00+00:00,1.0,504.0,above,763.99,764.0,620.0,702.0
2014-02-08T00:00:00+00:00,0.236,348.35792,above,702.0,723.97,667.0,680.49
2014-02-08T00:00:00+00:00,0.382,378.10104,above,702.0,723.97,667.0,680.49
2014-02-08T00:00:00+00:00,0.5,402.14,above,702.0,723.97,667.0,680.49
2014-02-08T00:00:00+00:00,0.618,426.17896,above,702.0,723.97,667.0,680.49
2014-02-08T00:00:00+00:00,0.786,460.40392,above,702.0,723.97,667.0,680.49
2014-02-08T00:00:00+00:00,1.0,504.0,above,702.0,723.97,667.0,680.49
2014-02-09T00:00:00+00:00,0.236,348.35792,above,680.49,728.89934978,666.53,689.0
2014-02-09T00:00:00+00:00,0.382,378.10104,above,680.49,728.89934978,666.53,689.0
2014-02-09T00:00:00+00:00,0.5,402.14,above,680.49,728.89934978,666.53,689.0
2014-02-09T00:00:00+00:00,0.618,426.17896,above,680.49,728.89934978,666.53,689.0
2014-02-09T00:00:00+00:00,0.786,460.40392,above,680.49,728.89934978,666.53,689.0
2014-02-09T00:00:00+00:00,1.0,504.0,above,680.49,728.89934978,666.53,689.0
2014-02-10T00:00:00+00:00,0.236,348.35792,touch,686.11000001,703.0,200.0,686.8313
2014-02-10T00:00:00+00:00,0.382,378.10104,touch,686.11000001,703.0,200.0,686.8313
2014-02-10T00:00:00+00:00,0.5,402.14,touch,686.11000001,703.0,200.0,686.8313
2014-02-10T00:00:00+00:00,0.618,426.17896,touch,686.11000001,703.0,200.0,686.8313
2014-02-10T00:00:00+00:00,0.786,460.40392,touch,686.11000001,703.0,200.0,686.8313
2014-02-10T00:00:00+00:00,1.0,504.0,touch,686.11000001,703.0,200.0,686.8313
2014-02-11T00:00:00+00:00,0.236,348.35792,above,686.0,721.35,631.2,674.5
2014-02-11T00:00:00+00:00,0.382,378.10104,above,686.0,721.35,631.2,674.5
2014-02-11T00:00:00+00:00,0.5,402.14,above,686.0,721.35,631.2,674.5
2014-02-11T00:00:00+00:00,0.618,426.17896,above,686.0,721.35,631.2,674.5
2014-02-11T00:00:00+00:00,0.786,460.40392,above,686.0,721.35,631.2,674.5
2014-02-11T00:00:00+00:00,1.0,504.0,above,686.0,721.35,631.2,674.5
2014-02-12T00:00:00+00:00,0.236,348.35792,above,674.5,684.9,642.0,652.05
2014-02-12T00:00:00+00:00,0.382,378.10104,above,674.5,684.9,642.0,652.05
2014-02-12T00:00:00+00:00,0.5,402.14,above,674.5,684.9,642.0,652.05
2014-02-12T00:00:00+00:00,0.618,426.17896,above,674.5,684.9,642.0,652.05
2014-02-12T00:00:00+00:00,0.786,460.40392,above,674.5,684.9,642.0,652.05
2014-02-12T00:00:00+00:00,1.0,504.0,above,674.5,684.9,642.0,652.05
2014-02-13T00:00:00+00:00,0.236,348.35792,above,652.01,658.9899,603.43,605.5
2014-02-13T00:00:00+00:00,0.382,378.10104,above,652.01,658.9899,603.43,605.5
2014-02-13T00:00:00+00:00,0.5,402.14,above,652.01,658.9899,603.43,605.5
2014-02-13T00:00:00+00:00,0.618,426.17896,above,652.01,658.9899,603.43,605.5
2014-02-13T00:00:00+00:00,0.786,460.40392,above,652.01,658.9899,603.43,605.5
2014-02-13T00:00:00+00:00,1.0,504.0,above,652.01,658.9899,603.43,605.5
2014-02-14T00:00:00+00:00,0.236,348.35792,above,605.6,710.0,535.0,668.0
2014-02-14T00:00:00+00:00,0.382,378.10104,above,605.6,710.0,535.0,668.0
2014-02-14T00:00:00+00:00,0.5,402.14,above,605.6,710.0,535.0,668.0
2014-02-14T00:00:00+00:00,0.618,426.17896,above,605.6,710.0,535.0,668.0
2014-02-14T00:00:00+00:00,0.786,460.40392,above,605.6,710.0,535.0,668.0
2014-02-14T00:00:00+00:00,1.0,504.0,above,605.6,710.0,535.0,668.0
2014-02-15T00:00:00+00:00,0.236,348.35792,above,668.51,670.99,633.3,651.92
2014-02-15T00:00:00+00:00,0.382,378.10104,above,668.51,670.99,633.3,651.92
2014-02-15T00:00:00+00:00,0.5,402.14,above,668.51,670.99,633.3,651.92
2014-02-15T00:00:00+00:00,0.618,426.17896,above,668.51,670.99,633.3,651.92
2014-02-15T00:00:00+00:00,0.786,460.40392,above,668.51,670.99,633.3,651.92
2014-02-15T00:00:00+00:00,1.0,504.0,above,668.51,670.99,633.3,651.92
2014-02-16T00:00:00+00:00,0.236,348.35792,above,654.78,670.9999,585.0,621.0
2014-02-16T00:00:00+00:00,0.382,378.10104,above,654.78,670.9999,585.0,621.0
2014-02-16T00:00:00+00:00,0.5,402.14,above,654.78,670.9999,585.0,621.0
2014-02-16T00:00:00+00:00,0.618,426.17896,above,654.78,670.9999,585.0,621.0
2014-02-16T00:00:00+00:00,0.786,460.40392,above,654.78,670.9999,585.0,621.0
2014-02-16T00:00:00+00:00,1.0,504.0,above,654.78,670.9999,585.0,621.0
2014-02-17T00:00:00+00:00,0.236,348.35792,above,622.19,664.0,611.0,630.0
2014-02-17T00:00:00+00:00,0.382,378.10104,above,622.19,664.0,611.0,630.0
2014-02-17T00:00:00+00:00,0.5,402.14,above,622.19,664.0,611.0,630.0
2014-02-17T00:00:00+00:00,0.618,426.17896,above,622.19,664.0,611.0,630.0
2014-02-17T00:00:00+00:00,0.786,460.40392,above,622.19,664.0,611.0,630.0
2014-02-17T00:00:00+00:00,1.0,504.0,above,622.19,664.0,611.0,630.0
2014-02-18T00:00:00+00:00,0.236,348.35792,above,630.0,651.3,611.304999,627.95
2014-02-18T00:00:00+00:00,0.382,378.10104,above,630.0,651.3,611.304999,627.95
2014-02-18T00:00:00+00:00,0.5,402.14,above,630.0,651.3,611.304999,627.95
2014-02-18T00:00:00+00:00,0.618,426.17896,above,630.0,651.3,611.304999,627.95
2014-02-18T00:00:00+00:00,0.786,460.40392,above,630.0,651.3,611.304999,627.95
2014-02-18T00:00:00+00:00,1.0,504.0,above,630.0,651.3,611.304999,627.95
2014-02-19T00:00:00+00:00,0.236,348.35792,above,627.95,636.85,617.89,621.75
2014-02-19T00:00:00+00:00,0.382,378.10104,above,627.95,636.85,617.89,621.75
2014-02-19T00:00:00+00:00,0.5,402.14,above,627.95,636.85,617.89,621.75
2014-02-19T00:00:00+00:00,0.618,426.17896,above,627.95,636.85,617.89,621.75
2014-02-19T00:00:00+00:00,0.786,460.40392,above,627.95,636.85,617.89,621.75
2014-02-19T00:00:00+00:00,1.0,504.0,above,627.95,636.85,617.89,621.75
2014-02-20T00:00:00+00:00,0.236,348.35792,above,624.0,629.0,561.0,561.2
2014-02-20T00:00:00+00:00,0.382,378.10104,above,624.0,629.0,561.0,561.2
2014-02-20T00:00:00+00:00,0.5,402.14,above,624.0,629.0,561.0,561.2
2014-02-20T00:00:00+00:00,0.618,426.17896,above,624.0,629.0,561.0,561.2
2014-02-20T00:00:00+00:00,0.786,460.40392,above,624.0,629.0,561.0,561.2
2014-02-20T00:00:00+00:00,1.0,504.0,above,624.0,629.0,561.0,561.2
2014-02-21T00:00:00+00:00,0.236,348.35792,above,561.4,588.48969696,530.0,580.0
2014-02-21T00:00:00+00:00,0.382,378.10104,above,561.4,588.48969696,530.0,580.0
2014-02-21T00:00:00+00:00,0.5,402.14,above,561.4,588.48969696,530.0,580.0
2014-02-21T00:00:00+00:00,0.618,426.17896,above,561.4,588.48969696,530.0,580.0
2014-02-21T00:00:00+00:00,0.786,460.40392,above,561.4,588.48969696,530.0,580.0
2014-02-21T00:00:00+00:00,1.0,504.0,above,561.4,588.48969696,530.0,580.0
2014-02-22T00:00:00+00:00,0.236,348.35792,above,580.99,619.0,562.0,608.7
2014-02-22T00:00:00+00:00,0.382,378.10104,above,580.99,619.0,562.0,608.7
2014-02-22T00:00:00+00:00,0.5,402.14,above,580.99,619.0,562.0,608.7
2014-02-22T00:00:00+00:00,0.618,426.17896,above,580.99,619.0,562.0,608.7
2014-02-22T00:00:00+00:00,0.786,460.40392,above,580.99,619.0,562.0,608.7
2014-02-22T00:00:00+00:00,1.0,504.0,above,580.99,619.0,562.0,608.7
2014-02-23T00:00:00+00:00,0.236,348.35792,above,610.26,644.93,601.0,607.15175
2014-02-23T00:00:00+00:00,0.382,378.10104,above,610.26,644.93,601.0,607.15175
2014-02-23T00:00:00+00:00,0.5,402.14,above,610.26,644.93,601.0,607.15175
2014-02-23T00:00:00+00:00,0.618,426.17896,above,610.26,644.93,601.0,607.15175
2014-02-23T00:00:00+00:00,0.786,460.40392,above,610.26,644.93,601.0,607.15175
2014-02-23T00:00:00+00:00,1.0,504.0,above,610.26,644.93,601.0,607.15175
2014-02-24T00:00:00+00:00,0.236,348.35792,above,606.1111,614.89,531.1,535.9999
2014-02-24T00:00:00+00:00,0.382,378.10104,above,606.1111,614.89,531.1,535.9999
2014-02-24T00:00:00+00:00,0.5,402.14,above,606.1111,614.89,531.1,535.9999
2014-02-24T00:00:00+00:00,0.618,426.17896,above,606.1111,614.89,531.1,535.9999
2014-02-24T00:00:00+00:00,0.786,460.40392,above,606.1111,614.89,531.1,535.9999
2014-02-24T00:00:00+00:00,1.0,504.0,above,606.1111,614.89,531.1,535.9999
2014-02-25T00:00:00+00:00,0.236,348.35792,above,533.01,549.0,400.0,534.6
2014-02-25T00:00:00+00:00,0.382,378.10104,above,533.01,549.0,400.0,534.6
2014-02-25T00:00:00+00:00,0.5,402.14,touch,533.01,549.0,400.0,534.6
2014-02-25T00:00:00+00:00,0.618,426.17896,touch,533.01,549.0,400.0,534.6
2014-02-25T00:00:00+00:00,0.786,460.40392,touch,533.01,549.0,400.0,534.6
2014-02-25T00:00:00+00:00,1.0,504.0,touch,533.01,549.0,400.0,534.6
2014-02-26T00:00:00+00:00,0.236,348.35792,above,534.69,609.0,526.7501,584.0
2014-02-26T00:00:00+00:00,0.382,378.10104,above,534.69,609.0,526.7501,584.0
2014-02-26T00:00:00+00:00,0.5,402.14,above,534.69,609.0,526.7501,584.0
2014-02-26T00:00:00+00:00,0.618,426.17896,above,534.69,609.0,526.7501,584.0
2014-02-26T00:00:00+00:00,0.786,460.40392,above,534.69,609.0,526.7501,584.0
2014-02-26T00:00:00+00:00,1.0,504.0,above,534.69,609.0,526.7501,584.0
2014-02-27T00:00:00+00:00,0.236,348.35792,above,586.49,601.2,568.75,583.89
2014-02-27T00:00:00+00:00,0.382,378.10104,above,586.49,601.2,568.75,583.89
2014-02-27T00:00:00+00:00,0.5,402.14,above,586.49,601.2,568.75,583.89
2014-02-27T00:00:00+00:00,0.618,426.17896,above,586.49,601.2,568.75,583.89
2014-02-27T00:00:00+00:00,0.786,460.40392,above,586.49,601.2,568.75,583.89
2014-02-27T00:00:00+00:00,1.0,504.0,above,586.49,601.2,568.75,583.89
2014-02-28T00:00:00+00:00,0.236,348.35792,above,582.01,591.18,545.0,554.25
2014-02-28T00:00:00+00:00,0.382,378.10104,above,582.01,591.18,545.0,554.25
2014-02-28T00:00:00+00:00,0.5,402.14,above,582.01,591.18,545.0,554.25
2014-02-28T00:00:00+00:00,0.618,426.17896,above,582.01,591.18,545.0,554.25
2014-02-28T00:00:00+00:00,0.786,460.40392,above,582.01,591.18,545.0,554.25
2014-02-28T00:00:00+00:00,1.0,504.0,above,582.01,591.18,545.0,554.25
2014-03-01T00:00:00+00:00,0.236,348.35792,above,552.26,577.25,540.2044,568.75
2014-03-01T00:00:00+00:00,0.382,378.10104,above,552.26,577.25,540.2044,568.75
2014-03-01T00:00:00+00:00,0.5,402.14,above,552.26,577.25,540.2044,568.75
2014-03-01T00:00:00+00:00,0.618,426.17896,above,552.26,577.25,540.2044,568.75
2014-03-01T00:00:00+00:00,0.786,460.40392,above,552.26,577.25,540.2044,568.75
2014-03-01T00:00:00+00:00,1.0,504.0,above,552.26,577.25,540.2044,568.75
2014-03-02T00:00:00+00:00,0.236,348.35792,above,566.5,572.24,555.161,565.37191
2014-03-02T00:00:00+00:00,0.382,378.10104,above,566.5,572.24,555.161,565.37191
2014-03-02T00:00:00+00:00,0.5,402.14,above,566.5,572.24,555.161,565.37191
2014-03-02T00:00:00+00:00,0.618,426.17896,above,566.5,572.24,555.161,565.37191
2014-03-02T00:00:00+00:00,0.786,460.40392,above,566.5,572.24,555.161,565.37191
2014-03-02T00:00:00+00:00,1.0,504.0,above,566.5,572.24,555.161,565.37191
2014-03-03T00:00:00+00:00,0.236,348.35792,above,566.0,719.25,563.0,680.98
2014-03-03T00:00:00+00:00,0.382,378.10104,above,566.0,719.25,563.0,680.98
2014-03-03T00:00:00+00:00,0.5,402.14,above,566.0,719.25,563.0,680.98
2014-03-03T00:00:00+00:00,0.618,426.17896,above,566.0,719.25,563.0,680.98
2014-03-03T00:00:00+00:00,0.786,460.40392,above,566.0,719.25,563.0,680.98
2014-03-03T00:00:00+00:00,1.0,504.0,above,566.0,719.25,563.0,680.98
2014-03-04T00:00:00+00:00,0.236,348.35792,above,680.98,703.85,658.5,672.0
2014-03-04T00:00:00+00:00,0.382,378.10104,above,680.98,703.85,658.5,672.0
2014-03-04T00:00:00+00:00,0.5,402.14,above,680.98,703.85,658.5,672.0
2014-03-04T00:00:00+00:00,0.618,426.17896,above,680.98,703.85,658.5,672.0
2014-03-04T00:00:00+00:00,0.786,460.40392,above,680.98,703.85,658.5,672.0
2014-03-04T00:00:00+00:00,1.0,504.0,above,680.98,703.85,658.5,672.0
2014-03-05T00:00:00+00:00,0.236,348.35792,above,672.59999999,678.9999,651.21,669.61
2014-03-05T00:00:00+00:00,0.382,378.10104,above,672.59999999,678.9999,651.21,669.61
2014-03-05T00:00:00+00:00,0.5,402.14,above,672.59999999,678.9999,651.21,669.61
2014-03-05T00:00:00+00:00,0.618,426.17896,above,672.59999999,678.9999,651.21,669.61
2014-03-05T00:00:00+00:00,0.786,460.40392,above,672.59999999,678.9999,651.21,669.61
2014-03-05T00:00:00+00:00,1.0,504.0,above,672.59999999,678.9999,651.21,669.61
2014-03-06T00:00:00+00:00,0.236,348.35792,above,669.61,676.43,648.7,668.0
2014-03-06T00:00:00+00:00,0.382,378.10104,above,669.61,676.43,648.7,668.0
2014-03-06T00:00:00+00:00,0.5,402.14,above,669.61,676.43,648.7,668.0
2014-03-06T00:00:00+00:00,0.618,426.17896,above,669.61,676.43,648.7,668.0
2014-03-06T00:00:00+00:00,0.786,460.40392,above,669.61,676.43,648.7,668.0
2014-03-06T00:00:00+00:00,1.0,504.0,above,669.61,676.43,648.7,668.0
2014-03-07T00:00:00+00:00,0.236,348.35792,above,667.0,669.0,616.23,631.01
2014-03-07T00:00:00+00:00,0.382,378.10104,above,667.0,669.0,616.23,631.01
2014-03-07T00:00:00+00:00,0.5,402.14,above,667.0,669.0,616.23,631.01
2014-03-07T00:00:00+00:00,0.618,426.17896,above,667.0,669.0,616.23,631.01
2014-03-07T00:00:00+00:00,0.786,460.40392,above,667.0,669.0,616.23,631.01
2014-03-07T00:00:00+00:00,1.0,504.0,above,667.0,669.0,616.23,631.01
2014-03-08T00:00:00+00:00,0.236,348.35792,above,632.99999999,639.999,600.6,616.8001
2014-03-08T00:00:00+00:00,0.382,378.10104,above,632.99999999,639.999,600.6,616.8001
2014-03-08T00:00:00+00:00,0.5,402.14,above,632.99999999,639.999,600.6,616.8001
2014-03-08T00:00:00+00:00,0.618,426.17896,above,632.99999999,639.999,600.6,616.8001
2014-03-08T00:00:00+00:00,0.786,460.40392,above,632.99999999,639.999,600.6,616.8001
2014-03-08T00:00:00+00:00,1.0,504.0,above,632.99999999,639.999,600.6,616.8001
2014-03-09T00:00:00+00:00,0.236,348.35792,above,616.9,654.999,610.25,638.5
2014-03-09T00:00:00+00:00,0.382,378.10104,above,616.9,654.999,610.25,638.5
2014-03-09T00:00:00+00:00,0.5,402.14,above,616.9,654.999,610.25,638.5
2014-03-09T00:00:00+00:00,0.618,426.17896,above,616.9,654.999,610.25,638.5
2014-03-09T00:00:00+00:00,0.786,460.40392,above,616.9,654.999,610.25,638.5
2014-03-09T00:00:00+00:00,1.0,504.0,above,616.9,654.999,610.25,638.5
2014-03-10T00:00:00+00:00,0.236,348.35792,above,638.52,648.3,606.0,626.9801
2014-03-10T00:00:00+00:00,0.382,378.10104,above,638.52,648.3,606.0,626.9801
2014-03-10T00:00:00+00:00,0.5,402.14,above,638.52,648.3,606.0,626.9801
2014-03-10T00:00:00+00:00,0.618,426.17896,above,638.52,648.3,606.0,626.9801
2014-03-10T00:00:00+00:00,0.786,460.40392,above,638.52,648.3,606.0,626.9801
2014-03-10T00:00:00+00:00,1.0,504.0,above,638.52,648.3,606.0,626.9801
2014-03-11T00:00:00+00:00,0.236,348.35792,above,626.9801,641.9999,615.31,634.01
2014-03-11T00:00:00+00:00,0.382,378.10104,above,626.9801,641.9999,615.31,634.01
2014-03-11T00:00:00+00:00,0.5,402.14,above,626.9801,641.9999,615.31,634.01
2014-03-11T00:00:00+00:00,0.618,426.17896,above,626.9801,641.9999,615.31,634.01
2014-03-11T00:00:00+00:00,0.786,460.40392,above,626.9801,641.9999,615.31,634.01
2014-03-11T00:00:00+00:00,1.0,504.0,above,626.9801,641.9999,615.31,634.01
2014-03-12T00:00:00+00:00,0.236,348.35792,above,634.01,654.0,631.0,636.2296
2014-03-12T00:00:00+00:00,0.382,378.10104,above,634.01,654.0,631.0,636.2296
2014-03-12T00:00:00+00:00,0.5,402.14,above,634.01,654.0,631.0,636.2296
2014-03-12T00:00:00+00:00,0.618,426.17896,above,634.01,654.0,631.0,636.2296
2014-03-12T00:00:00+00:00,0.786,460.40392,above,634.01,654.0,631.0,636.2296
2014-03-12T00:00:00+00:00,1.0,504.0,above,634.01,654.0,631.0,636.2296
2014-03-13T00:00:00+00:00,0.236,348.35792,above,636.10235,648.0,634.5001,644.18
2014-03-13T00:00:00+00:00,0.382,378.10104,above,636.10235,648.0,634.5001,644.18
2014-03-13T00:00:00+00:00,0.5,402.14,above,636.10235,648.0,634.5001,644.18
2014-03-13T00:00:00+00:00,0.618,426.17896,above,636.10235,648.0,634.5001,644.18
2014-03-13T00:00:00+00:00,0.786,460.40392,above,636.10235,648.0,634.5001,644.18
2014-03-13T00:00:00+00:00,1.0,504.0,above,636.10235,648.0,634.5001,644.18
2014-03-14T00:00:00+00:00,0.236,348.35792,above,643.1,645.0,623.5,627.98
2014-03-14T00:00:00+00:00,0.382,378.10104,above,643.1,645.0,623.5,627.98
2014-03-14T00:00:00+00:00,0.5,402.14,above,643.1,645.0,623.5,627.98
2014-03-14T00:00:00+00:00,0.618,426.17896,above,643.1,645.0,623.5,627.98
2014-03-14T00:00:00+00:00,0.786,460.40392,above,643.1,645.0,623.5,627.98
2014-03-14T00:00:00+00:00,1.0,504.0,above,643.1,645.0,623.5,627.98
2014-03-15T00:00:00+00:00,0.236,348.35792,above,628.89,639.8899,626.3,635.45
2014-03-15T00:00:00+00:00,0.382,378.10104,above,628.89,639.8899,626.3,635.45
2014-03-15T00:00:00+00:00,0.5,402.14,above,628.89,639.8899,626.3,635.45
2014-03-15T00:00:00+00:00,0.618,426.17896,above,628.89,639.8899,626.3,635.45
2014-03-15T00:00:00+00:00,0.786,460.40392,above,628.89,639.8899,626.3,635.45
2014-03-15T00:00:00+00:00,1.0,504.0,above,628.89,639.8899,626.3,635.45
2014-03-16T00:00:00+00:00,0.236,348.35792,above,635.45,638.0,628.5801,633.0
2014-03-16T00:00:00+00:00,0.382,378.10104,above,635.45,638.0,628.5801,633.0
2014-03-16T00:00:00+00:00,0.5,402.14,above,635.45,638.0,628.5801,633.0
2014-03-16T00:00:00+00:00,0.618,426.17896,above,635.45,638.0,628.5801,633.0
2014-03-16T00:00:00+00:00,0.786,460.40392,above,635.45,638.0,628.5801,633.0
2014-03-16T00:00:00+00:00,1.0,504.0,above,635.45,638.0,628.5801,633.0
2014-03-17T00:00:00+00:00,0.236,348.35792,above,632.0,632.5,619.2,623.8
2014-03-17T00:00:00+00:00,0.382,378.10104,above,632.0,632.5,619.2,623.8
2014-03-17T00:00:00+00:00,0.5,402.14,above,632.0,632.5,619.2,623.8
2014-03-17T00:00:00+00:00,0.618,426.17896,above,632.0,632.5,619.2,623.8
2014-03-17T00:00:00+00:00,0.786,460.40392,above,632.0,632.5,619.2,623.8
2014-03-17T00:00:00+00:00,1.0,504.0,above,632.0,632.5,619.2,623.8
2014-03-18T00:00:00+00:00,0.236,348.35792,above,623.8,623.8,600.0,615.5999
2014-03-18T00:00:00+00:00,0.382,378.10104,above,623.8,623.8,600.0,615.5999
2014-03-18T00:00:00+00:00,0.5,402.14,above,623.8,623.8,600.0,615.5999
2014-03-18T00:00:00+00:00,0.618,426.17896,above,623.8,623.8,600.0,615.5999
2014-03-18T00:00:00+00:00,0.786,460.40392,above,623.8,623.8,600.0,615.5999
2014-03-18T00:00:00+00:00,1.0,504.0,above,623.8,623.8,600.0,615.5999
2014-03-19T00:00:00+00:00,0.236,348.35792,above,615.5999,622.2,605.9841,609.0
2014-03-19T00:00:00+00:00,0.382,378.10104,above,615.5999,622.2,605.9841,609.0
2014-03-19T00:00:00+00:00,0.5,402.14,above,615.5999,622.2,605.9841,609.0
2014-03-19T00:00:00+00:00,0.618,426.17896,above,615.5999,622.2,605.9841,609.0
2014-03-19T00:00:00+00:00,0.786,460.40392,above,615.5999,622.2,605.9841,609.0
2014-03-19T00:00:00+00:00,1.0,504.0,above,615.5999,622.2,605.9841,609.0
2014-03-20T00:00:00+00:00,0.236,348.35792,above,608.9841,609.0,584.0,586.5551
2014-03-20T00:00:00+00:00,0.382,378.10104,above,608.9841,609.0,584.0,586.5551
2014-03-20T00:00:00+00:00,0.5,402.14,above,608.9841,609.0,584.0,586.5551
2014-03-20T00:00:00+00:00,0.618,426.17896,above,608.9841,609.0,584.0,586.5551
2014-03-20T00:00:00+00:00,0.786,460.40392,above,608.9841,609.0,584.0,586.5551
2014-03-20T00:00:00+00:00,1.0,504.0,above,608.9841,609.0,584.0,586.5551
2014-03-21T00:00:00+00:00,0.236,348.35792,above,588.8294,605.96,555.5,570.9999
2014-03-21T00:00:00+00:00,0.382,378.10104,above,588.8294,605.96,555.5,570.9999
2014-03-21T00:00:00+00:00,0.5,402.14,above,588.8294,605.96,555.5,570.9999
2014-03-21T00:00:00+00:00,0.618,426.17896,above,588.8294,605.96,555.5,570.9999
2014-03-21T00:00:00+00:00,0.786,460.40392,above,588.8294,605.96,555.5,570.9999
2014-03-21T00:00:00+00:00,1.0,504.0,above,588.8294,605.96,555.5,570.9999
2014-03-22T00:00:00+00:00,0.236,348.35792,above,570.9798,574.24,550.09,563.0
2014-03-22T00:00:00+00:00,0.382,378.10104,above,570.9798,574.24,550.09,563.0
2014-03-22T00:00:00+00:00,0.5,402.14,above,570.9798,574.24,550.09,563.0
2014-03-22T00:00:00+00:00,0.618,426.17896,above,570.9798,574.24,550.09,563.0
2014-03-22T00:00:00+00:00,0.786,460.40392,above,570.9798,574.24,550.09,563.0
2014-03-22T00:00:00+00:00,1.0,504.0,above,570.9798,574.24,550.09,563.0
2014-03-23T00:00:00+00:00,0.236,348.35792,above,563.0,571.0,555.0,558.0
2014-03-23T00:00:00+00:00,0.382,378.10104,above,563.0,571.0,555.0,558.0
2014-03-23T00:00:00+00:00,0.5,402.14,above,563.0,571.0,555.0,558.0
2014-03-23T00:00:00+00:00,0.618,426.17896,above,563.0,571.0,555.0,558.0
2014-03-23T00:00:00+00:00,0.786,460.40392,above,563.0,571.0,555.0,558.0
2014-03-23T00:00:00+00:00,1.0,504.0,above,563.0,571.0,555.0,558.0
2014-03-24T00:00:00+00:00,0.236,348.35792,above,557.8884,590.0,550.5,585.6587
2014-03-24T00:00:00+00:00,0.382,378.10104,above,557.8884,590.0,550.5,585.6587
2014-03-24T00:00:00+00:00,0.5,402.14,above,557.8884,590.0,550.5,585.6587
2014-03-24T00:00:00+00:00,0.618,426.17896,above,557.8884,590.0,550.5,585.6587
2014-03-24T00:00:00+00:00,0.786,460.40392,above,557.8884,590.0,550.5,585.6587
2014-03-24T00:00:00+00:00,1.0,504.0,above,557.8884,590.0,550.5,585.6587
2014-03-25T00:00:00+00:00,0.236,348.35792,above,584.9899,586.0,568.55,583.9899
2014-03-25T00:00:00+00:00,0.382,378.10104,above,584.9899,586.0,568.55,583.9899
2014-03-25T00:00:00+00:00,0.5,402.14,above,584.9899,586.0,568.55,583.9899
2014-03-25T00:00:00+00:00,0.618,426.17896,above,584.9899,586.0,568.55,583.9899
2014-03-25T00:00:00+00:00,0.786,460.40392,above,584.9899,586.0,568.55,583.9899
2014-03-25T00:00:00+00:00,1.0,504.0,above,584.9899,586.0,568.55,583.9899
2014-03-26T00:00:00+00:00,0.236,348.35792,above,583.89,593.25,566.51,576.6
2014-03-26T00:00:00+00:00,0.382,378.10104,above,583.89,593.25,566.51,576.6
2014-03-26T00:00:00+00:00,0.5,402.14,above,583.89,593.25,566.51,576.6
2014-03-26T00:00:00+00:00,0.618,426.17896,above,583.89,593.25,566.51,576.6
2014-03-26T00:00:00+00:00,0.786,460.40392,above,583.89,593.25,566.51,576.6
2014-03-26T00:00:00+00:00,1.0,504.0,above,583.89,593.25,566.51,576.6
2014-03-27T00:00:00+00:00,0.236,348.35792,above,577.9999,579.4799,465.0,474.0
2014-03-27T00:00:00+00:00,0.382,378.10104,above,577.9999,579.4799,465.0,474.0
2014-03-27T00:00:00+00:00,0.5,402.14,above,577.9999,579.4799,465.0,474.0
2014-03-27T00:00:00+00:00,0.618,426.17896,above,577.9999,579.4799,465.0,474.0
2014-03-27T00:00:00+00:00,0.786,460.40392,above,577.9999,579.4799,465.0,474.0
2014-03-27T00:00:00+00:00,1.0,504.0,cross,577.9999,579.4799,465.0,474.0
2014-03-28T00:00:00+00:00,0.236,348.35792,above,475.0,533.36,470.0,502.25
2014-03-28T00:00:00+00:00,0.382,378.10104,above,475.0,533.36,470.0,502.25
2014-03-28T00:00:00+00:00,0.5,402.14,above,475.0,533.36,470.0,502.25
2014-03-28T00:00:00+00:00,0.618,426.17896,above,475.0,533.36,470.0,502.25
2014-03-28T00:00:00+00:00,0.786,460.40392,above,475.0,533.36,470.0,502.25
2014-03-28T00:00:00+00:00,1.0,504.0,touch,475.0,533.36,470.0,502.25
2014-03-29T00:00:00+00:00,0.236,348.35792,above,502.4996,507.99,485.45,492.4398
2014-03-29T00:00:00+00:00,0.382,378.10104,above,502.4996,507.99,485.45,492.4398
2014-03-29T00:00:00+00:00,0.5,402.14,above,502.4996,507.99,485.45,492.4398
2014-03-29T00:00:00+00:00,0.618,426.17896,above,502.4996,507.99,485.45,492.4398
2014-03-29T00:00:00+00:00,0.786,460.40392,above,502.4996,507.99,485.45,492.4398
2014-03-29T00:00:00+00:00,1.0,504.0,touch,502.4996,507.99,485.45,492.4398
2014-03-30T00:00:00+00:00,0.236,348.35792,above,490.01,491.9999,436.2,460.9999
2014-03-30T00:00:00+00:00,0.382,378.10104,above,490.01,491.9999,436.2,460.9999
2014-03-30T00:00:00+00:00,0.5,402.14,above,490.01,491.9999,436.2,460.9999
2014-03-30T00:00:00+00:00,0.618,426.17896,above,490.01,491.9999,436.2,460.9999
2014-03-30T00:00:00+00:00,0.786,460.40392,touch,490.01,491.9999,436.2,460.9999
2014-03-30T00:00:00+00:00,1.0,504.0,below,490.01,491.9999,436.2,460.9999
2014-03-31T00:00:00+00:00,0.236,348.35792,above,460.6,488.0,436.1,456.9899
2014-03-31T00:00:00+00:00,0.382,378.10104,above,460.6,488.0,436.1,456.9899
2014-03-31T00:00:00+00:00,0.5,402.14,above,460.6,488.0,436.1,456.9899
2014-03-31T00:00:00+00:00,0.618,426.17896,above,460.6,488.0,436.1,456.9899
2014-03-31T00:00:00+00:00,0.786,460.40392,cross,460.6,488.0,436.1,456.9899
2014-03-31T00:00:00+00:00,1.0,504.0,below,460.6,488.0,436.1,456.9899
2014-04-01T00:00:00+00:00,0.236,348.35792,above,456.3,513.9,453.4,479.9181
2014-04-01T00:00:00+00:00,0.382,378.10104,above,456.3,513.9,453.4,479.9181
2014-04-01T00:00:00+00:00,0.5,402.14,above,456.3,513.9,453.4,479.9181
2014-04-01T00:00:00+00:00,0.618,426.17896,above,456.3,513.9,453.4,479.9181
2014-04-01T00:00:00+00:00,0.786,460.40392,cross,456.3,513.9,453.4,479.9181
2014-04-01T00:00:00+00:00,1.0,504.0,touch,456.3,513.9,453.4,479.9181
2014-04-02T00:00:00+00:00,0.236,348.35792,above,477.53,496.2,431.2,437.2203
2014-04-02T00:00:00+00:00,0.382,378.10104,above,477.53,496.2,431.2,437.2203
2014-04-02T00:00:00+00:00,0.5,402.14,above,477.53,496.2,431.2,437.2203
2014-04-02T00:00:00+00:00,0.618,426.17896,above,477.53,496.2,431.2,437.2203
2014-04-02T00:00:00+00:00,0.786,460.40392,cross,477.53,496.2,431.2,437.2203
2014-04-02T00:00:00+00:00,1.0,504.0,below,477.53,496.2,431.2,437.2203
2014-04-03T00:00:00+00:00,0.236,348.35792,above,436.5301,463.0,415.46,447.9999
2014-04-03T00:00:00+00:00,0.382,378.10104,above,436.5301,463.0,415.46,447.9999
2014-04-03T00:00:00+00:00,0.5,402.14,above,436.5301,463.0,415.46,447.9999
2014-04-03T00:00:00+00:00,0.618,426.17896,touch,436.5301,463.0,415.46,447.9999
2014-04-03T00:00:00+00:00,0.786,460.40392,touch,436.5301,463.0,415.46,447.9999
2014-04-03T00:00:00+00:00,1.0,504.0,below,436.5301,463.0,415.46,447.9999
2014-04-04T00:00:00+00:00,0.236,348.35792,above,447.1161,458.5899,430.2,447.0211
2014-04-04T00:00:00+00:00,0.382,378.10104,above,447.1161,458.5899,430.2,447.0211
2014-04-04T00:00:00+00:00,0.5,402.14,above,447.1161,458.5899,430.2,447.0211
2014-04-04T00:00:00+00:00,0.618,426.17896,above,447.1161,458.5899,430.2,447.0211
2014-04-04T00:00:00+00:00,0.786,460.40392,below,447.1161,458.5899,430.2,447.0211
2014-04-04T00:00:00+00:00,1.0,504.0,below,447.1161,458.5899,430.2,447.0211
2014-04-05T00:00:00+00:00,0.236,348.35792,above,448.001,464.5,444.395,463.99
2014-04-05T00:00:00+00:00,0.382,378.10104,above,448.001,464.5,444.395,463.99
2014-04-05T00:00:00+00:00,0.5,402.14,above,448.001,464.5,444.395,463.99
2014-04-05T00:00:00+00:00,0.618,426.17896,above,448.001,464.5,444.395,463.99
2014-04-05T00:00:00+00:00,0.786,460.40392,cross,448.001,464.5,444.395,463.99
2014-04-05T00:00:00+00:00,1.0,504.0,below,448.001,464.5,444.395,463.99
2014-04-06T00:00:00+00:00,0.236,348.35792,above,463.5,465.9998,450.0,458.78
2014-04-06T00:00:00+00:00,0.382,378.10104,above,463.5,465.9998,450.0,458.78
2014-04-06T00:00:00+00:00,0.5,402.14,above,463.5,465.9998,450.0,458.78
2014-04-06T00:00:00+00:00,0.618,426.17896,above,463.5,465.9998,450.0,458.78
2014-04-06T00:00:00+00:00,0.786,460.40392,cross,463.5,465.9998,450.0,458.78
2014-04-06T00:00:00+00:00,1.0,504.0,below,463.5,465.9998,450.0,458.78
2014-04-07T00:00:00+00:00,0.236,348.35792,above,458.6,461.0,445.05,446.58
2014-04-07T00:00:00+00:00,0.382,378.10104,above,458.6,461.0,445.05,446.58
2014-04-07T00:00:00+00:00,0.5,402.14,above,458.6,461.0,445.05,446.58
2014-04-07T00:00:00+00:00,0.618,426.17896,above,458.6,461.0,445.05,446.58
2014-04-07T00:00:00+00:00,0.786,460.40392,touch,458.6,461.0,445.05,446.58
2014-04-07T00:00:00+00:00,1.0,504.0,below,458.6,461.0,445.05,446.58
2014-04-08T00:00:00+00:00,0.236,348.35792,above,445.222,458.8,445.01,452.3849
2014-04-08T00:00:00+00:00,0.382,378.10104,above,445.222,458.8,445.01,452.3849
2014-04-08T00:00:00+00:00,0.5,402.14,above,445.222,458.8,445.01,452.3849
2014-04-08T00:00:00+00:00,0.618,426.17896,above,445.222,458.8,445.01,452.3849
2014-04-08T00:00:00+00:00,0.786,460.40392,below,445.222,458.8,445.01,452.3849
2014-04-08T00:00:00+00:00,1.0,504.0,below,445.222,458.8,445.01,452.3849
2014-04-09T00:00:00+00:00,0.236,348.35792,above,452.3849,455.13590891,440.0536,442.45
2014-04-09T00:00:00+00:00,0.382,378.10104,above,452.3849,455.13590891,440.0536,442.45
2014-04-09T00:00:00+00:00,0.5,402.14,above,452.3849,455.13590891,440.0536,442.45
2014-04-09T00:00:00+00:00,0.618,426.17896,above,452.3849,455.13590891,440.0536,442.45
2014-04-09T00:00:00+00:00,0.786,460.40392,below,452.3849,455.13590891,440.0536,442.45
2014-04-09T00:00:00+00:00,1.0,504.0,below,452.3849,455.13590891,440.0536,442.45
2014-04-10T00:00:00+00:00,0.236,348.35792,above,442.4499,442.8689,357.0,364.2
2014-04-10T00:00:00+00:00,0.382,378.10104,cross,442.4499,442.8689,357.0,364.2
2014-04-10T00:00:00+00:00,0.5,402.14,cross,442.4499,442.8689,357.0,364.2
2014-04-10T00:00:00+00:00,0.618,426.17896,cross,442.4499,442.8689,357.0,364.2
2014-04-10T00:00:00+00:00,0.786,460.40392,below,442.4499,442.8689,357.0,364.2
2014-04-10T00:00:00+00:00,1.0,504.0,below,442.4499,442.8689,357.0,364.2
2014-04-11T00:00:00+00:00,0.236,348.35792,touch,364.04989,433.6,340.0,421.0
2014-04-11T00:00:00+00:00,0.382,378.10104,cross,364.04989,433.6,340.0,421.0
2014-04-11T00:00:00+00:00,0.5,402.14,cross,364.04989,433.6,340.0,421.0
2014-04-11T00:00:00+00:00,0.618,426.17896,touch,364.04989,433.6,340.0,421.0
2014-04-11T00:00:00+00:00,0.786,460.40392,below,364.04989,433.6,340.0,421.0
2014-04-11T00:00:00+00:00,1.0,504.0,below,364.04989,433.6,340.0,421.0
2014-04-12T00:00:00+00:00,0.236,348.35792,above,421.999,441.0,413.0741,423.3
2014-04-12T00:00:00+00:00,0.382,378.10104,above,421.999,441.0,413.0741,423.3
2014-04-12T00:00:00+00:00,0.5,402.14,above,421.999,441.0,413.0741,423.3
2014-04-12T00:00:00+00:00,0.618,426.17896,touch,421.999,441.0,413.0741,423.3
2014-04-12T00:00:00+00:00,0.786,460.40392,below,421.999,441.0,413.0741,423.3
2014-04-12T00:00:00+00:00,1.0,504.0,below,421.999,441.0,413.0741,423.3
2014-04-13T00:00:00+00:00,0.236,348.35792,above,422.2001,428.2,400.0,418.0
2014-04-13T00:00:00+00:00,0.382,378.10104,above,422.2001,428.2,400.0,418.0
2014-04-13T00:00:00+00:00,0.5,402.14,touch,422.2001,428.2,400.0,418.0
2014-04-13T00:00:00+00:00,0.618,426.17896,touch,422.2001,428.2,400.0,418.0
2014-04-13T00:00:00+00:00,0.786,460.40392,below,422.2001,428.2,400.0,418.0
2014-04-13T00:00:00+00:00,1.0,504.0,below,422.2001,428.2,400.0,418.0
2014-04-14T00:00:00+00:00,0.236,348.35792,above,417.6,478.0,406.4,460.0
2014-04-14T00:00:00+00:00,0.382,378.10104,above,417.6,478.0,406.4,460.0
2014-04-14T00:00:00+00:00,0.5,402.14,above,417.6,478.0,406.4,460.0
2014-04-14T00:00:00+00:00,0.618,426.17896,cross,417.6,478.0,406.4,460.0
2014-04-14T00:00:00+00:00,0.786,460.40392,touch,417.6,478.0,406.4,460.0
2014-04-14T00:00:00+00:00,1.0,504.0,below,417.6,478.0,406.4,460.0
2014-04-15T00:00:00+00:00,0.236,348.35792,above,460.0,526.995,452.0,519.0
2014-04-15T00:00:00+00:00,0.382,378.10104,above,460.0,526.995,452.0,519.0
2014-04-15T00:00:00+00:00,0.5,402.14,above,460.0,526.995,452.0,519.0
2014-04-15T00:00:00+00:00,0.618,426.17896,above,460.0,526.995,452.0,519.0
2014-04-15T00:00:00+00:00,0.786,460.40392,cross,460.0,526.995,452.0,519.0
2014-04-15T00:00:00+00:00,1.0,504.0,cross,460.0,526.995,452.0,519.0
2014-04-16T00:00:00+00:00,0.236,348.35792,above,519.11,547.0,495.0,531.25
2014-04-16T00:00:00+00:00,0.382,378.10104,above,519.11,547.0,495.0,531.25
2014-04-16T00:00:00+00:00,0.5,402.14,above,519.11,547.0,495.0,531.25
2014-04-16T00:00:00+00:00,0.618,426.17896,above,519.11,547.0,495.0,531.25
2014-04-16T00:00:00+00:00,0.786,460.40392,above,519.11,547.0,495.0,531.25
2014-04-16T00:00:00+00:00,1.0,504.0,touch,519.11,547.0,495.0,531.25
2014-04-17T00:00:00+00:00,0.236,348.35792,above,531.25,535.7499,486.1,498.10000001
2014-04-17T00:00:00+00:00,0.382,378.10104,above,531.25,535.7499,486.1,498.10000001
2014-04-17T00:00:00+00:00,0.5,402.14,above,531.25,535.7499,486.1,498.10000001
2014-04-17T00:00:00+00:00,0.618,426.17896,above,531.25,535.7499,486.1,498.10000001
2014-04-17T00:00:00+00:00,0.786,460.40392,above,531.25,535.7499,486.1,498.10000001
2014-04-17T00:00:00+00:00,1.0,504.0,cross,531.25,535.7499,486.1,498.10000001
2014-04-18T00:00:00+00:00,0.236,348.35792,above,499.0,503.9999,474.25,480.044
2014-04-18T00:00:00+00:00,0.382,378.10104,above,499.0,503.9999,474.25,480.044
2014-04-18T00:00:00+00:00,0.5,402.14,above,499.0,503.9999,474.25,480.044
2014-04-18T00:00:00+00:00,0.618,426.17896,above,499.0,503.9999,474.25,480.044
2014-04-18T00:00:00+00:00,0.786,460.40392,above,499.0,503.9999,474.25,480.044
2014-04-18T00:00:00+00:00,1.0,504.0,below,499.0,503.9999,474.25,480.044
2014-04-19T00:00:00+00:00,0.236,348.35792,above,480.044,513.9899,473.83,504.999999
2014-04-19T00:00:00+00:00,0.382,378.10104,above,480.044,513.9899,473.83,504.999999
2014-04-19T00:00:00+00:00,0.5,402.14,above,480.044,513.9899,473.83,504.999999
2014-04-19T00:00:00+00:00,0.618,426.17896,above,480.044,513.9899,473.83,504.999999
2014-04-19T00:00:00+00:00,0.786,460.40392,above,480.044,513.9899,473.83,504.999999
2014-04-19T00:00:00+00:00,1.0,504.0,cross,480.044,513.9899,473.83,504.999999
2014-04-20T00:00:00+00:00,0.236,348.35792,above,504.99999,517.995,492.2,500.9501
2014-04-20T00:00:00+00:00,0.382,378.10104,above,504.99999,517.995,492.2,500.9501
2014-04-20T00:00:00+00:00,0.5,402.14,above,504.99999,517.995,492.2,500.9501
2014-04-20T00:00:00+00:00,0.618,426.17896,above,504.99999,517.995,492.2,500.9501
2014-04-20T00:00:00+00:00,0.786,460.40392,above,504.99999,517.995,492.2,500.9501
2014-04-20T00:00:00+00:00,1.0,504.0,cross,504.99999,517.995,492.2,500.9501
2014-04-21T00:00:00+00:00,0.236,348.35792,above,501.3551,515.646,485.0,495.39
2014-04-21T00:00:00+00:00,0.382,378.10104,above,501.3551,515.646,485.0,495.39
2014-04-21T00:00:00+00:00,0.5,402.14,above,501.3551,515.646,485.0,495.39
2014-04-21T00:00:00+00:00,0.618,426.17896,above,501.3551,515.646,485.0,495.39
2014-04-21T00:00:00+00:00,0.786,460.40392,above,501.3551,515.646,485.0,495.39
2014-04-21T00:00:00+00:00,1.0,504.0,touch,501.3551,515.646,485.0,495.39
2014-04-22T00:00:00+00:00,0.236,348.35792,above,499.25,506.0,488.0,489.2503
2014-04-22T00:00:00+00:00,0.382,378.10104,above,499.25,506.0,488.0,489.2503
2014-04-22T00:00:00+00:00,0.5,402.14,above,499.25,506.0,488.0,489.2503
2014-04-22T00:00:00+00:00,0.618,426.17896,above,499.25,506.0,488.0,489.2503
2014-04-22T00:00:00+00:00,0.786,460.40392,above,499.25,506.0,488.0,489.2503
2014-04-22T00:00:00+00:00,1.0,504.0,touch,499.25,506.0,488.0,489.2503
2014-04-23T00:00:00+00:00,0.236,348.35792,above,491.69999999,496.0,482.88,491.78
2014-04-23T00:00:00+00:00,0.382,378.10104,above,491.69999999,496.0,482.88,491.78
2014-04-23T00:00:00+00:00,0.5,402.14,above,491.69999999,496.0,482.88,491.78
2014-04-23T00:00:00+00:00,0.618,426.17896,above,491.69999999,496.0,482.88,491.78
2014-04-23T00:00:00+00:00,0.786,460.40392,above,491.69999999,496.0,482.88,491.78
2014-04-23T00:00:00+00:00,1.0,504.0,below,491.69999999,496.0,482.88,491.78
2014-04-24T00:00:00+00:00,0.236,348.35792,above,492.08,504.96,480.16,503.7
2014-04-24T00:00:00+00:00,0.382,378.10104,above,492.08,504.96,480.16,503.7
2014-04-24T00:00:00+00:00,0.5,402.14,above,492.08,504.96,480.16,503.7
2014-04-24T00:00:00+00:00,0.618,426.17896,above,492.08,504.96,480.16,503.7
2014-04-24T00:00:00+00:00,0.786,460.40392,above,492.08,504.96,480.16,503.7
2014-04-24T00:00:00+00:00,1.0,504.0,touch,492.08,504.96,480.16,503.7
2014-04-25T00:00:00+00:00,0.236,348.35792,above,503.7,504.96,441.3,464.33566
2014-04-25T00:00:00+00:00,0.382,378.10104,above,503.7,504.96,441.3,464.33566
2014-04-25T00:00:00+00:00,0.5,402.14,above,503.7,504.96,441.3,464.33566
2014-04-25T00:00:00+00:00,0.618,426.17896,above,503.7,504.96,441.3,464.33566
2014-04-25T00:00:00+00:00,0.786,460.40392,touch,503.7,504.96,441.3,464.33566
2014-04-25T00:00:00+00:00,1.0,504.0,touch,503.7,504.96,441.3,464.33566
2014-04-26T00:00:00+00:00,0.236,348.35792,above,464.33566,469.19,449.8001,460.0
2014-04-26T00:00:00+00:00,0.382,378.10104,above,464.33566,469.19,449.8001,460.0
2014-04-26T00:00:00+00:00,0.5,402.14,above,464.33566,469.19,449.8001,460.0
2014-04-26T00:00:00+00:00,0.618,426.17896,above,464.33566,469.19,449.8001,460.0
2014-04-26T00:00:00+00:00,0.786,460.40392,cross,464.33566,469.19,449.8001,460.0
2014-04-26T00:00:00+00:00,1.0,504.0,below,464.33566,469.19,449.8001,460.0
2014-04-27T00:00:00+00:00,0.236,348.35792,above,459.01,465.6,427.55,429.99
2014-04-27T00:00:00+00:00,0.382,378.10104,above,459.01,465.6,427.55,429.99
2014-04-27T00:00:00+00:00,0.5,402.14,above,459.01,465.6,427.55,429.99
2014-04-27T00:00:00+00:00,0.618,426.17896,above,459.01,465.6,427.55,429.99
2014-04-27T00:00:00+00:00,0.786,460.40392,touch,459.01,465.6,427.55,429.99
2014-04-27T00:00:00+00:00,1.0,504.0,below,459.01,465.6,427.55,429.99
2014-04-28T00:00:00+00:00,0.236,348.35792,above,429.99,450.0,423.11,441.38999999
2014-04-28T00:00:00+00:00,0.382,378.10104,above,429.99,450.0,423.11,441.38999999
2014-04-28T00:00:00+00:00,0.5,402.14,above,429.99,450.0,423.11,441.38999999
2014-04-28T00:00:00+00:00,0.618,426.17896,touch,429.99,450.0,423.11,441.38999999
2014-04-28T00:00:00+00:00,0.786,460.40392,below,429.99,450.0,423.11,441.38999999
2014-04-28T00:00:00+00:00,1.0,504.0,below,429.99,450.0,423.11,441.38999999
2014-04-29T00:00:00+00:00,0.236,348.35792,above,441.39,454.0,434.0,446.53
2014-04-29T00:00:00+00:00,0.382,378.10104,above,441.39,454.0,434.0,446.53
2014-04-29T00:00:00+00:00,0.5,402.14,above,441.39,454.0,434.0,446.53
2014-04-29T00:00:00+00:00,0.618,426.17896,above,441.39,454.0,434.0,446.53
2014-04-29T00:00:00+00:00,0.786,460.40392,below,441.39,454.0,434.0,446.53
2014-04-29T00:00:00+00:00,1.0,504.0,below,441.39,454.0,434.0,446.53
2014-04-30T00:00:00+00:00,0.236,348.35792,above,446.53,453.9899,432.0,449.0201
2014-04-30T00:00:00+00:00,0.382,378.10104,above,446.53,453.9899,432.0,449.0201
2014-04-30T00:00:00+00:00,0.5,402.14,above,446.53,453.9899,432.0,449.0201
2014-04-30T00:00:00+00:00,0.618,426.17896,above,446.53,453.9899,432.0,449.0201
2014-04-30T00:00:00+00:00,0.786,460.40392,below,446.53,453.9899,432.0,449.0201
2014-04-30T00:00:00+00:00,1.0,504.0,below,446.53,453.9899,432.0,449.0201
2014-05-01T00:00:00+00:00,0.236,348.35792,above,449.0201,463.53,448.82,459.4102
2014-05-01T00:00:00+00:00,0.382,378.10104,above,449.0201,463.53,448.82,459.4102
2014-05-01T00:00:00+00:00,0.5,402.14,above,449.0201,463.53,448.82,459.4102
2014-05-01T00:00:00+00:00,0.618,426.17896,above,449.0201,463.53,448.82,459.4102
2014-05-01T00:00:00+00:00,0.786,460.40392,touch,449.0201,463.53,448.82,459.4102
2014-05-01T00:00:00+00:00,1.0,504.0,below,449.0201,463.53,448.82,459.4102
2014-05-02T00:00:00+00:00,0.236,348.35792,above,461.11992999,461.11992999,443.0,452.0
2014-05-02T00:00:00+00:00,0.382,378.10104,above,461.11992999,461.11992999,443.0,452.0
2014-05-02T00:00:00+00:00,0.5,402.14,above,461.11992999,461.11992999,443.0,452.0
2014-05-02T00:00:00+00:00,0.618,426.17896,above,461.11992999,461.11992999,443.0,452.0
2014-05-02T00:00:00+00:00,0.786,460.40392,cross,461.11992999,461.11992999,443.0,452.0
2014-05-02T00:00:00+00:00,1.0,504.0,below,461.11992999,461.11992999,443.0,452.0
2014-05-03T00:00:00+00:00,0.236,348.35792,above,451.99,451.9999,430.0,439.7398
2014-05-03T00:00:00+00:00,0.382,378.10104,above,451.99,451.9999,430.0,439.7398
2014-05-03T00:00:00+00:00,0.5,402.14,above,451.99,451.9999,430.0,439.7398
2014-05-03T00:00:00+00:00,0.618,426.17896,above,451.99,451.9999,430.0,439.7398
2014-05-03T00:00:00+00:00,0.786,460.40392,below,451.99,451.9999,430.0,439.7398
2014-05-03T00:00:00+00:00,1.0,504.0,below,451.99,451.9999,430.0,439.7398
2014-05-04T00:00:00+00:00,0.236,348.35792,above,439.7297,441.4999,429.0,435.0413
2014-05-04T00:00:00+00:00,0.382,378.10104,above,439.7297,441.4999,429.0,435.0413
2014-05-04T00:00:00+00:00,0.5,402.14,above,439.7297,441.4999,429.0,435.0413
2014-05-04T00:00:00+00:00,0.618,426.17896,above,439.7297,441.4999,429.0,435.0413
2014-05-04T00:00:00+00:00,0.786,460.40392,below,439.7297,441.4999,429.0,435.0413
2014-05-04T00:00:00+00:00,1.0,504.0,below,439.7297,441.4999,429.0,435.0413
2014-05-05T00:00:00+00:00,0.236,348.35792,above,438.58799899,444.4,425.5999,432.389
2014-05-05T00:00:00+00:00,0.382,378.10104,above,438.58799899,444.4,425.5999,432.389
2014-05-05T00:00:00+00:00,0.5,402.14,above,438.58799899,444.4,425.5999,432.389
2014-05-05T00:00:00+00:00,0.618,426.17896,touch,438.58799899,444.4,425.5999,432.389
2014-05-05T00:00:00+00:00,0.786,460.40392,below,438.58799899,444.4,425.5999,432.389
2014-05-05T00:00:00+00:00,1.0,504.0,below,438.58799899,444.4,425.5999,432.389
2014-05-06T00:00:00+00:00,0.236,348.35792,above,431.6,435.39,419.4,429.7
2014-05-06T00:00:00+00:00,0.382,378.10104,above,431.6,435.39,419.4,429.7
2014-05-06T00:00:00+00:00,0.5,402.14,above,431.6,435.39,419.4,429.7
2014-05-06T00:00:00+00:00,0.618,426.17896,touch,431.6,435.39,419.4,429.7
2014-05-06T00:00:00+00:00,0.786,460.40392,below,431.6,435.39,419.4,429.7
2014-05-06T00:00:00+00:00,1.0,504.0,below,431.6,435.39,419.4,429.7
2014-05-07T00:00:00+00:00,0.236,348.35792,above,430.0,453.6,424.2487,440.43
2014-05-07T00:00:00+00:00,0.382,378.10104,above,430.0,453.6,424.2487,440.43
2014-05-07T00:00:00+00:00,0.5,402.14,above,430.0,453.6,424.2487,440.43
2014-05-07T00:00:00+00:00,0.618,426.17896,touch,430.0,453.6,424.2487,440.43
2014-05-07T00:00:00+00:00,0.786,460.40392,below,430.0,453.6,424.2487,440.43
2014-05-07T00:00:00+00:00,1.0,504.0,below,430.0,453.6,424.2487,440.43
2014-05-08T00:00:00+00:00,0.236,348.35792,above,440.0,450.59,437.69,438.5
2014-05-08T00:00:00+00:00,0.382,378.10104,above,440.0,450.59,437.69,438.5
2014-05-08T00:00:00+00:00,0.5,402.14,above,440.0,450.59,437.69,438.5
2014-05-08T00:00:00+00:00,0.618,426.17896,above,440.0,450.59,437.69,438.5
2014-05-08T00:00:00+00:00,0.786,460.40392,below,440.0,450.59,437.69,438.5
2014-05-08T00:00:00+00:00,1.0,504.0,below,440.0,450.59,437.69,438.5
2014-05-09T00:00:00+00:00,0.236,348.35792,above,438.2,456.6,438.2,454.0
2014-05-09T00:00:00+00:00,0.382,378.10104,above,438.2,456.6,438.2,454.0
2014-05-09T00:00:00+00:00,0.5,402.14,above,438.2,456.6,438.2,454.0
2014-05-09T00:00:00+00:00,0.618,426.17896,above,438.2,456.6,438.2,454.0
2014-05-09T00:00:00+00:00,0.786,460.40392,below,438.2,456.6,438.2,454.0
2014-05-09T00:00:00+00:00,1.0,504.0,below,438.2,456.6,438.2,454.0
2014-05-10T00:00:00+00:00,0.236,348.35792,above,453.99,459.65,448.2,456.09
2014-05-10T00:00:00+00:00,0.382,378.10104,above,453.99,459.65,448.2,456.09
2014-05-10T00:00:00+00:00,0.5,402.14,above,453.99,459.65,448.2,456.09
2014-05-10T00:00:00+00:00,0.618,426.17896,above,453.99,459.65,448.2,456.09
2014-05-10T00:00:00+00:00,0.786,460.40392,below,453.99,459.65,448.2,456.09
2014-05-10T00:00:00+00:00,1.0,504.0,below,453.99,459.65,448.2,456.09
2014-05-11T00:00:00+00:00,0.236,348.35792,above,456.11,458.4,430.0,437.97
2014-05-11T00:00:00+00:00,0.382,378.10104,above,456.11,458.4,430.0,437.97
2014-05-11T00:00:00+00:00,0.5,402.14,above,456.11,458.4,430.0,437.97
2014-05-11T00:00:00+00:00,0.618,426.17896,above,456.11,458.4,430.0,437.97
2014-05-11T00:00:00+00:00,0.786,460.40392,below,456.11,458.4,430.0,437.97
2014-05-11T00:00:00+00:00,1.0,504.0,below,456.11,458.4,430.0,437.97
2014-05-12T00:00:00+00:00,0.236,348.35792,above,437.45,442.0,431.8,440.0
2014-05-12T00:00:00+00:00,0.382,378.10104,above,437.45,442.0,431.8,440.0
2014-05-12T00:00:00+00:00,0.5,402.14,above,437.45,442.0,431.8,440.0
2014-05-12T00:00:00+00:00,0.618,426.17896,above,437.45,442.0,431.8,440.0
2014-05-12T00:00:00+00:00,0.786,460.40392,below,437.45,442.0,431.8,440.0
2014-05-12T00:00:00+00:00,1.0,504.0,below,437.45,442.0,431.8,440.0
2014-05-13T00:00:00+00:00,0.236,348.35792,above,440.0,440.9,434.01,438.81
2014-05-13T00:00:00+00:00,0.382,378.10104,above,440.0,440.9,434.01,438.81
2014-05-13T00:00:00+00:00,0.5,402.14,above,440.0,440.9,434.01,438.81
2014-05-13T00:00:00+00:00,0.618,426.17896,above,440.0,440.9,434.01,438.81
2014-05-13T00:00:00+00:00,0.786,460.40392,below,440.0,440.9,434.01,438.81
2014-05-13T00:00:00+00:00,1.0,504.0,below,440.0,440.9,434.01,438.81
2014-05-14T00:00:00+00:00,0.236,348.35792,above,438.81,448.0,438.47,445.0
2014-05-14T00:00:00+00:00,0.382,378.10104,above,438.81,448.0,438.47,445.0
2014-05-14T00:00:00+00:00,0.5,402.14,above,438.81,448.0,438.47,445.0
2014-05-14T00:00:00+00:00,0.618,426.17896,above,438.81,448.0,438.47,445.0
2014-05-14T00:00:00+00:00,0.786,460.40392,below,438.81,448.0,438.47,445.0
2014-05-14T00:00:00+00:00,1.0,504.0,below,438.81,448.0,438.47,445.0
2014-05-15T00:00:00+00:00,0.236,348.35792,above,444.03,451.4,444.0,447.58
2014-05-15T00:00:00+00:00,0.382,378.10104,above,444.03,451.4,444.0,447.58
2014-05-15T00:00:00+00:00,0.5,402.14,above,444.03,451.4,444.0,447.58
2014-05-15T00:00:00+00:00,0.618,426.17896,above,444.03,451.4,444.0,447.58
2014-05-15T00:00:00+00:00,0.786,460.40392,below,444.03,451.4,444.0,447.58
2014-05-15T00:00:00+00:00,1.0,504.0,below,444.03,451.4,444.0,447.58
2014-05-16T00:00:00+00:00,0.236,348.35792,above,447.58,453.0,443.4,448.6
2014-05-16T00:00:00+00:00,0.382,378.10104,above,447.58,453.0,443.4,448.6
2014-05-16T00:00:00+00:00,0.5,402.14,above,447.58,453.0,443.4,448.6
2014-05-16T00:00:00+00:00,0.618,426.17896,above,447.58,453.0,443.4,448.6
2014-05-16T00:00:00+00:00,0.786,460.40392,below,447.58,453.0,443.4,448.6
2014-05-16T00:00:00+00:00,1.0,504.0,below,447.58,453.0,443.4,448.6
2014-05-17T00:00:00+00:00,0.236,348.35792,above,448.6,450.0,446.83,449.03
2014-05-17T00:00:00+00:00,0.382,378.10104,above,448.6,450.0,446.83,449.03
2014-05-17T00:00:00+00:00,0.5,402.14,above,448.6,450.0,446.83,449.03
2014-05-17T00:00:00+00:00,0.618,426.17896,above,448.6,450.0,446.83,449.03
2014-05-17T00:00:00+00:00,0.786,460.40392,below,448.6,450.0,446.83,449.03
2014-05-17T00:00:00+00:00,1.0,504.0,below,448.6,450.0,446.83,449.03
2014-05-18T00:00:00+00:00,0.236,348.35792,above,449.04,449.11,445.5,447.4
2014-05-18T00:00:00+00:00,0.382,378.10104,above,449.04,449.11,445.5,447.4
2014-05-18T00:00:00+00:00,0.5,402.14,above,449.04,449.11,445.5,447.4
2014-05-18T00:00:00+00:00,0.618,426.17896,above,449.04,449.11,445.5,447.4
2014-05-18T00:00:00+00:00,0.786,460.40392,below,449.04,449.11,445.5,447.4
2014-05-18T00:00:00+00:00,1.0,504.0,below,449.04,449.11,445.5,447.4
2014-05-19T00:00:00+00:00,0.236,348.35792,above,447.6,448.5,444.1,447.0
2014-05-19T00:00:00+00:00,0.382,378.10104,above,447.6,448.5,444.1,447.0
2014-05-19T00:00:00+00:00,0.5,402.14,above,447.6,448.5,444.1,447.0
2014-05-19T00:00:00+00:00,0.618,426.17896,above,447.6,448.5,444.1,447.0
2014-05-19T00:00:00+00:00,0.786,460.40392,below,447.6,448.5,444.1,447.0
2014-05-19T00:00:00+00:00,1.0,504.0,below,447.6,448.5,444.1,447.0
2014-05-20T00:00:00+00:00,0.236,348.35792,above,446.89,498.68,446.0,491.35
2014-05-20T00:00:00+00:00,0.382,378.10104,above,446.89,498.68,446.0,491.35
2014-05-20T00:00:00+00:00,0.5,402.14,above,446.89,498.68,446.0,491.35
2014-05-20T00:00:00+00:00,0.618,426.17896,above,446.89,498.68,446.0,491.35
2014-05-20T00:00:00+00:00,0.786,460.40392,cross,446.89,498.68,446.0,491.35
2014-05-20T00:00:00+00:00,1.0,504.0,below,446.89,498.68,446.0,491.35
2014-05-21T00:00:00+00:00,0.236,348.35792,above,490.62,501.0,489.5,494.99
2014-05-21T00:00:00+00:00,0.382,378.10104,above,490.62,501.0,489.5,494.99
2014-05-21T00:00:00+00:00,0.5,402.14,above,490.62,501.0,489.5,494.99
2014-05-21T00:00:00+00:00,0.618,426.17896,above,490.62,501.0,489.5,494.99
2014-05-21T00:00:00+00:00,0.786,460.40392,above,490.62,501.0,489.5,494.99
2014-05-21T00:00:00+00:00,1.0,504.0,below,490.62,501.0,489.5,494.99
2014-05-22T00:00:00+00:00,0.236,348.35792,above,495.0,530.0,492.25,528.85
2014-05-22T00:00:00+00:00,0.382,378.10104,above,495.0,530.0,492.25,528.85
2014-05-22T00:00:00+00:00,0.5,402.14,above,495.0,530.0,492.25,528.85
2014-05-22T00:00:00+00:00,0.618,426.17896,above,495.0,530.0,492.25,528.85
2014-05-22T00:00:00+00:00,0.786,460.40392,above,495.0,530.0,492.25,528.85
2014-05-22T00:00:00+00:00,1.0,504.0,cross,495.0,530.0,492.25,528.85
2014-05-23T00:00:00+00:00,0.236,348.35792,above,528.85,544.78,521.11,523.57
2014-05-23T00:00:00+00:00,0.382,378.10104,above,528.85,544.78,521.11,523.57
2014-05-23T00:00:00+00:00,0.5,402.14,above,528.85,544.78,521.11,523.57
2014-05-23T00:00:00+00:00,0.618,426.17896,above,528.85,544.78,521.11,523.57
2014-05-23T00:00:00+00:00,0.786,460.40392,above,528.85,544.78,521.11,523.57
2014-05-23T00:00:00+00:00,1.0,504.0,above,528.85,544.78,521.11,523.57
2014-05-24T00:00:00+00:00,0.236,348.35792,above,523.61,529.75,514.25,528.0
2014-05-24T00:00:00+00:00,0.382,378.10104,above,523.61,529.75,514.25,528.0
2014-05-24T00:00:00+00:00,0.5,402.14,above,523.61,529.75,514.25,528.0
2014-05-24T00:00:00+00:00,0.618,426.17896,above,523.61,529.75,514.25,528.0
2014-05-24T00:00:00+00:00,0.786,460.40392,above,523.61,529.75,514.25,528.0
2014-05-24T00:00:00+00:00,1.0,504.0,above,523.61,529.75,514.25,528.0
2014-05-25T00:00:00+00:00,0.236,348.35792,above,528.92,586.0,528.92,573.99
2014-05-25T00:00:00+00:00,0.382,378.10104,above,528.92,586.0,528.92,573.99
2014-05-25T00:00:00+00:00,0.5,402.14,above,528.92,586.0,528.92,573.99
2014-05-25T00:00:00+00:00,0.618,426.17896,above,528.92,586.0,528.92,573.99
2014-05-25T00:00:00+00:00,0.786,460.40392,above,528.92,586.0,528.92,573.99
2014-05-25T00:00:00+00:00,1.0,504.0,above,528.92,586.0,528.92,573.99
2014-05-26T00:00:00+00:00,0.236,348.35792,above,574.55,593.3,566.21,586.0
2014-05-26T00:00:00+00:00,0.382,378.10104,above,574.55,593.3,566.21,586.0
2014-05-26T00:00:00+00:00,0.5,402.14,above,574.55,593.3,566.21,586.0
2014-05-26T00:00:00+00:00,0.618,426.17896,above,574.55,593.3,566.21,586.0
2014-05-26T00:00:00+00:00,0.786,460.40392,above,574.55,593.3,566.21,586.0
2014-05-26T00:00:00+00:00,1.0,504.0,above,574.55,593.3,566.21,586.0
2014-05-27T00:00:00+00:00,0.236,348.35792,above,586.69,597.3,551.0,576.08
2014-05-27T00:00:00+00:00,0.382,378.10104,above,586.69,597.3,551.0,576.08
2014-05-27T00:00:00+00:00,0.5,402.14,above,586.69,597.3,551.0,576.08
2014-05-27T00:00:00+00:00,0.618,426.17896,above,586.69,597.3,551.0,576.08
2014-05-27T00:00:00+00:00,0.786,460.40392,above,586.69,597.3,551.0,576.08
2014-05-27T00:00:00+00:00,1.0,504.0,above,586.69,597.3,551.0,576.08
2014-05-28T00:00:00+00:00,0.236,348.35792,above,573.6,583.5,565.0,578.77
2014-05-28T00:00:00+00:00,0.382,378.10104,above,573.6,583.5,565.0,578.77
2014-05-28T00:00:00+00:00,0.5,402.14,above,573.6,583.5,565.0,578.77
2014-05-28T00:00:00+00:00,0.618,426.17896,above,573.6,583.5,565.0,578.77
2014-05-28T00:00:00+00:00,0.786,460.40392,above,573.6,583.5,565.0,578.77
2014-05-28T00:00:00+00:00,1.0,504.0,above,573.6,583.5,565.0,578.77
2014-05-29T00:00:00+00:00,0.236,348.35792,above,580.0,583.0,563.0,569.5
2014-05-29T00:00:00+00:00,0.382,378.10104,above,580.0,583.0,563.0,569.5
2014-05-29T00:00:00+00:00,0.5,402.14,above,580.0,583.0,563.0,569.5
2014-05-29T00:00:00+00:00,0.618,426.17896,above,580.0,583.0,563.0,569.5
2014-05-29T00:00:00+00:00,0.786,460.40392,above,580.0,583.0,563.0,569.5
2014-05-29T00:00:00+00:00,1.0,504.0,above,580.0,583.0,563.0,569.5
2014-05-30T00:00:00+00:00,0.236,348.35792,above,569.85,630.0,569.85,621.0
2014-05-30T00:00:00+00:00,0.382,378.10104,above,569.85,630.0,569.85,621.0
2014-05-30T00:00:00+00:00,0.5,402.14,above,569.85,630.0,569.85,621.0
2014-05-30T00:00:00+00:00,0.618,426.17896,above,569.85,630.0,569.85,621.0
2014-05-30T00:00:00+00:00,0.786,460.40392,above,569.85,630.0,569.85,621.0
2014-05-30T00:00:00+00:00,1.0,504.0,above,569.85,630.0,569.85,621.0
2014-05-31T00:00:00+00:00,0.236,348.35792,above,620.9,629.0,610.02,626.21
2014-05-31T00:00:00+00:00,0.382,378.10104,above,620.9,629.0,610.02,626.21
2014-05-31T00:00:00+00:00,0.5,402.14,above,620.9,629.0,610.02,626.21
2014-05-31T00:00:00+00:00,0.618,426.17896,above,620.9,629.0,610.02,626.21
2014-05-31T00:00:00+00:00,0.786,460.40392,above,620.9,629.0,610.02,626.21
2014-05-31T00:00:00+00:00,1.0,504.0,above,620.9,629.0,610.02,626.21
2014-06-01T00:00:00+00:00,0.236,348.35792,above,627.01,680.0,618.01,626.42
2014-06-01T00:00:00+00:00,0.382,378.10104,above,627.01,680.0,618.01,626.42
2014-06-01T00:00:00+00:00,0.5,402.14,above,627.01,680.0,618.01,626.42
2014-06-01T00:00:00+00:00,0.618,426.17896,above,627.01,680.0,618.01,626.42
2014-06-01T00:00:00+00:00,0.786,460.40392,above,627.01,680.0,618.01,626.42
2014-06-01T00:00:00+00:00,1.0,504.0,above,627.01,680.0,618.01,626.42
2014-06-02T00:00:00+00:00,0.236,348.35792,above,631.97,679.8,615.0,667.11
2014-06-02T00:00:00+00:00,0.382,378.10104,above,631.97,679.8,615.0,667.11
2014-06-02T00:00:00+00:00,0.5,402.14,above,631.97,679.8,615.0,667.11
2014-06-02T00:00:00+00:00,0.618,426.17896,above,631.97,679.8,615.0,667.11
2014-06-02T00:00:00+00:00,0.786,460.40392,above,631.97,679.8,615.0,667.11
2014-06-02T00:00:00+00:00,1.0,504.0,above,631.97,679.8,615.0,667.11
2014-06-03T00:00:00+00:00,0.236,348.35792,above,667.78,685.0,652.16,674.0
2014-06-03T00:00:00+00:00,0.382,378.10104,above,667.78,685.0,652.16,674.0
2014-06-03T00:00:00+00:00,0.5,402.14,above,667.78,685.0,652.16,674.0
2014-06-03T00:00:00+00:00,0.618,426.17896,above,667.78,685.0,652.16,674.0
2014-06-03T00:00:00+00:00,0.786,460.40392,above,667.78,685.0,652.16,674.0
2014-06-03T00:00:00+00:00,1.0,504.0,above,667.78,685.0,652.16,674.0
2014-06-04T00:00:00+00:00,0.236,348.35792,above,670.84,672.97,620.0,642.0
2014-06-04T00:00:00+00:00,0.382,378.10104,above,670.84,672.97,620.0,642.0
2014-06-04T00:00:00+00:00,0.5,402.14,above,670.84,672.97,620.0,642.0
2014-06-04T00:00:00+00:00,0.618,426.17896,above,670.84,672.97,620.0,642.0
2014-06-04T00:00:00+00:00,0.786,460.40392,above,670.84,672.97,620.0,642.0
2014-06-04T00:00:00+00:00,1.0,504.0,above,670.84,672.97,620.0,642.0
2014-06-05T00:00:00+00:00,0.236,348.35792,above,642.0,672.0,641.0,660.9
2014-06-05T00:00:00+00:00,0.382,378.10104,above,642.0,672.0,641.0,660.9
2014-06-05T00:00:00+00:00,0.5,402.14,above,642.0,672.0,641.0,660.9
2014-06-05T00:00:00+00:00,0.618,426.17896,above,642.0,672.0,641.0,660.9
2014-06-05T00:00:00+00:00,0.786,460.40392,above,642.0,672.0,641.0,660.9
2014-06-05T00:00:00+00:00,1.0,504.0,above,642.0,672.0,641.0,660.9
2014-06-06T00:00:00+00:00,0.236,348.35792,above,660.99,664.94,646.8,649.39
2014-06-06T00:00:00+00:00,0.382,378.10104,above,660.99,664.94,646.8,649.39
2014-06-06T00:00:00+00:00,0.5,402.14,above,660.99,664.94,646.8,649.39
2014-06-06T00:00:00+00:00,0.618,426.17896,above,660.99,664.94,646.8,649.39
2014-06-06T00:00:00+00:00,0.786,460.40392,above,660.99,664.94,646.8,649.39
2014-06-06T00:00:00+00:00,1.0,504.0,above,660.99,664.94,646.8,649.39
2014-06-07T00:00:00+00:00,0.236,348.35792,above,649.35,659.4,637.01,657.21
2014-06-07T00:00:00+00:00,0.382,378.10104,above,649.35,659.4,637.01,657.21
2014-06-07T00:00:00+00:00,0.5,402.14,above,649.35,659.4,637.01,657.21
2014-06-07T00:00:00+00:00,0.618,426.17896,above,649.35,659.4,637.01,657.21
2014-06-07T00:00:00+00:00,0.786,460.40392,above,649.35,659.4,637.01,657.21
2014-06-07T00:00:00+00:00,1.0,504.0,above,649.35,659.4,637.01,657.21
2014-06-08T00:00:00+00:00,0.236,348.35792,above,657.21,664.5,652.5,658.7
2014-06-08T00:00:00+00:00,0.382,378.10104,above,657.21,664.5,652.5,658.7
2014-06-08T00:00:00+00:00,0.5,402.14,above,657.21,664.5,652.5,658.7
2014-06-08T00:00:00+00:00,0.618,426.17896,above,657.21,664.5,652.5,658.7
2014-06-08T00:00:00+00:00,0.786,460.40392,above,657.21,664.5,652.5,658.7
2014-06-08T00:00:00+00:00,1.0,504.0,above,657.21,664.5,652.5,658.7
2014-06-09T00:00:00+00:00,0.236,348.35792,above,658.7,661.99,639.06,650.3
2014-06-09T00:00:00+00:00,0.382,378.10104,above,658.7,661.99,639.06,650.3
2014-06-09T00:00:00+00:00,0.5,402.14,above,658.7,661.99,639.06,650.3
2014-06-09T00:00:00+00:00,0.618,426.17896,above,658.7,661.99,639.06,650.3
2014-06-09T00:00:00+00:00,0.786,460.40392,above,658.7,661.99,639.06,650.3
2014-06-09T00:00:00+00:00,1.0,504.0,above,658.7,661.99,639.06,650.3
2014-06-10T00:00:00+00:00,0.236,348.35792,above,650.3,672.0,646.0,657.0
2014-06-10T00:00:00+00:00,0.382,378.10104,above,650.3,672.0,646.0,657.0
2014-06-10T00:00:00+00:00,0.5,402.14,above,650.3,672.0,646.0,657.0
2014-06-10T00:00:00+00:00,0.618,426.17896,above,650.3,672.0,646.0,657.0
2014-06-10T00:00:00+00:00,0.786,460.40392,above,650.3,672.0,646.0,657.0
2014-06-10T00:00:00+00:00,1.0,504.0,above,650.3,672.0,646.0,657.0
2014-06-11T00:00:00+00:00,0.236,348.35792,above,657.0,666.5,635.11,637.6
2014-06-11T00:00:00+00:00,0.382,378.10104,above,657.0,666.5,635.11,637.6
2014-06-11T00:00:00+00:00,0.5,402.14,above,657.0,666.5,635.11,637.6
2014-06-11T00:00:00+00:00,0.618,426.17896,above,657.0,666.5,635.11,637.6
2014-06-11T00:00:00+00:00,0.786,460.40392,above,657.0,666.5,635.11,637.6
2014-06-11T00:00:00+00:00,1.0,504.0,above,657.0,666.5,635.11,637.6
2014-06-12T00:00:00+00:00,0.236,348.35792,above,637.6,647.0,575.2,597.99
2014-06-12T00:00:00+00:00,0.382,378.10104,above,637.6,647.0,575.2,597.99
2014-06-12T00:00:00+00:00,0.5,402.14,above,637.6,647.0,575.2,597.99
2014-06-12T00:00:00+00:00,0.618,426.17896,above,637.6,647.0,575.2,597.99
2014-06-12T00:00:00+00:00,0.786,460.40392,above,637.6,647.0,575.2,597.99
2014-06-12T00:00:00+00:00,1.0,504.0,above,637.6,647.0,575.2,597.99
2014-06-13T00:00:00+00:00,0.236,348.35792,above,596.43,620.97,592.11,605.0
2014-06-13T00:00:00+00:00,0.382,378.10104,above,596.43,620.97,592.11,605.0
2014-06-13T00:00:00+00:00,0.5,402.14,above,596.43,620.97,592.11,605.0
2014-06-13T00:00:00+00:00,0.618,426.17896,above,596.43,620.97,592.11,605.0
2014-06-13T00:00:00+00:00,0.786,460.40392,above,596.43,620.97,592.11,605.0
2014-06-13T00:00:00+00:00,1.0,504.0,above,596.43,620.97,592.11,605.0
2014-06-14T00:00:00+00:00,0.236,348.35792,above,605.2,606.98,522.15,570.27
2014-06-14T00:00:00+00:00,0.382,378.10104,above,605.2,606.98,522.15,570.27
2014-06-14T00:00:00+00:00,0.5,402.14,above,605.2,606.98,522.15,570.27
2014-06-14T00:00:00+00:00,0.618,426.17896,above,605.2,606.98,522.15,570.27
2014-06-14T00:00:00+00:00,0.786,460.40392,above,605.2,606.98,522.15,570.27
2014-06-14T00:00:00+00:00,1.0,504.0,above,605.2,606.98,522.15,570.27
2014-06-15T00:00:00+00:00,0.236,348.35792,above,570.26,595.1,540.0,593.89
2014-06-15T00:00:00+00:00,0.382,378.10104,above,570.26,595.1,540.0,593.89
2014-06-15T00:00:00+00:00,0.5,402.14,above,570.26,595.1,540.0,593.89
2014-06-15T00:00:00+00:00,0.618,426.17896,above,570.26,595.1,540.0,593.89
2014-06-15T00:00:00+00:00,0.786,460.40392,above,570.26,595.1,540.0,593.89
2014-06-15T00:00:00+00:00,1.0,504.0,above,570.26,595.1,540.0,593.89
2014-06-16T00:00:00+00:00,0.236,348.35792,above,593.61,612.0,582.1,591.1
2014-06-16T00:00:00+00:00,0.382,378.10104,above,593.61,612.0,582.1,591.1
2014-06-16T00:00:00+00:00,0.5,402.14,above,593.61,612.0,582.1,591.1
2014-06-16T00:00:00+00:00,0.618,426.17896,above,593.61,612.0,582.1,591.1
2014-06-16T00:00:00+00:00,0.786,460.40392,above,593.61,612.0,582.1,591.1
2014-06-16T00:00:00+00:00,1.0,504.0,above,593.61,612.0,582.1,591.1
2014-06-17T00:00:00+00:00,0.236,348.35792,above,592.35,619.0,591.1,613.4
2014-06-17T00:00:00+00:00,0.382,378.10104,above,592.35,619.0,591.1,613.4
2014-06-17T00:00:00+00:00,0.5,402.14,above,592.35,619.0,591.1,613.4
2014-06-17T00:00:00+00:00,0.618,426.17896,above,592.35,619.0,591.1,613.4
2014-06-17T00:00:00+00:00,0.786,460.40392,above,592.35,619.0,591.1,613.4
2014-06-17T00:00:00+00:00,1.0,504.0,above,592.35,619.0,591.1,613.4
2014-06-18T00:00:00+00:00,0.236,348.35792,above,613.4,619.6,601.5,608.1
2014-06-18T00:00:00+00:00,0.382,378.10104,above,613.4,619.6,601.5,608.1
2014-06-18T00:00:00+00:00,0.5,402.14,above,613.4,619.6,601.5,608.1
2014-06-18T00:00:00+00:00,0.618,426.17896,above,613.4,619.6,601.5,608.1
2014-06-18T00:00:00+00:00,0.786,460.40392,above,613.4,619.6,601.5,608.1
2014-06-18T00:00:00+00:00,1.0,504.0,above,613.4,619.6,601.5,608.1
2014-06-19T00:00:00+00:00,0.236,348.35792,above,608.6,611.99,592.9,597.3
2014-06-19T00:00:00+00:00,0.382,378.10104,above,608.6,611.99,592.9,597.3
2014-06-19T00:00:00+00:00,0.5,402.14,above,608.6,611.99,592.9,597.3
2014-06-19T00:00:00+00:00,0.618,426.17896,above,608.6,611.99,592.9,597.3
2014-06-19T00:00:00+00:00,0.786,460.40392,above,608.6,611.99,592.9,597.3
2014-06-19T00:00:00+00:00,1.0,504.0,above,608.6,611.99,592.9,597.3
2014-06-20T00:00:00+00:00,0.236,348.35792,above,596.06,598.28,582.37,592.0
2014-06-20T00:00:00+00:00,0.382,378.10104,above,596.06,598.28,582.37,592.0
2014-06-20T00:00:00+00:00,0.5,402.14,above,596.06,598.28,582.37,592.0
2014-06-20T00:00:00+00:00,0.618,426.17896,above,596.06,598.28,582.37,592.0
2014-06-20T00:00:00+00:00,0.786,460.40392,above,596.06,598.28,582.37,592.0
2014-06-20T00:00:00+00:00,1.0,504.0,above,596.06,598.28,582.37,592.0
2014-06-21T00:00:00+00:00,0.236,348.35792,above,592.0,599.91,583.5,595.5
2014-06-21T00:00:00+00:00,0.382,378.10104,above,592.0,599.91,583.5,595.5
2014-06-21T00:00:00+00:00,0.5,402.14,above,592.0,599.91,583.5,595.5
2014-06-21T00:00:00+00:00,0.618,426.17896,above,592.0,599.91,583.5,595.5
2014-06-21T00:00:00+00:00,0.786,460.40392,above,592.0,599.91,583.5,595.5
2014-06-21T00:00:00+00:00,1.0,504.0,above,592.0,599.91,583.5,595.5
2014-06-22T00:00:00+00:00,0.236,348.35792,above,596.9,615.0,595.5,603.4
2014-06-22T00:00:00+00:00,0.382,378.10104,above,596.9,615.0,595.5,603.4
2014-06-22T00:00:00+00:00,0.5,402.14,above,596.9,615.0,595.5,603.4
2014-06-22T00:00:00+00:00,0.618,426.17896,above,596.9,615.0,595.5,603.4
2014-06-22T00:00:00+00:00,0.786,460.40392,above,596.9,615.0,595.5,603.4
2014-06-22T00:00:00+00:00,1.0,504.0,above,596.9,615.0,595.5,603.4
2014-06-23T00:00:00+00:00,0.236,348.35792,above,603.39,604.19,580.11,591.57
2014-06-23T00:00:00+00:00,0.382,378.10104,above,603.39,604.19,580.11,591.57
2014-06-23T00:00:00+00:00,0.5,402.14,above,603.39,604.19,580.11,591.57
2014-06-23T00:00:00+00:00,0.618,426.17896,above,603.39,604.19,580.11,591.57
2014-06-23T00:00:00+00:00,0.786,460.40392,above,603.39,604.19,580.11,591.57
2014-06-23T00:00:00+00:00,1.0,504.0,above,603.39,604.19,580.11,591.57
2014-06-24T00:00:00+00:00,0.236,348.35792,above,591.02,597.79,580.0,580.56
2014-06-24T00:00:00+00:00,0.382,378.10104,above,591.02,597.79,580.0,580.56
2014-06-24T00:00:00+00:00,0.5,402.14,above,591.02,597.79,580.0,580.56
2014-06-24T00:00:00+00:00,0.618,426.17896,above,591.02,597.79,580.0,580.56
2014-06-24T00:00:00+00:00,0.786,460.40392,above,591.02,597.79,580.0,580.56
2014-06-24T00:00:00+00:00,1.0,504.0,above,591.02,597.79,580.0,580.56
2014-06-25T00:00:00+00:00,0.236,348.35792,above,580.65,584.99,560.53,566.75
2014-06-25T00:00:00+00:00,0.382,378.10104,above,580.65,584.99,560.53,566.75
2014-06-25T00:00:00+00:00,0.5,402.14,above,580.65,584.99,560.53,566.75
2014-06-25T00:00:00+00:00,0.618,426.17896,above,580.65,584.99,560.53,566.75
2014-06-25T00:00:00+00:00,0.786,460.40392,above,580.65,584.99,560.53,566.75
2014-06-25T00:00:00+00:00,1.0,504.0,above,580.65,584.99,560.53,566.75
2014-06-26T00:00:00+00:00,0.236,348.35792,above,566.75,584.0,562.9,581.98
2014-06-26T00:00:00+00:00,0.382,378.10104,above,566.75,584.0,562.9,581.98
2014-06-26T00:00:00+00:00,0.5,402.14,above,566.75,584.0,562.9,581.98
2014-06-26T00:00:00+00:00,0.618,426.17896,above,566.75,584.0,562.9,581.98
2014-06-26T00:00:00+00:00,0.786,460.40392,above,566.75,584.0,562.9,581.98
2014-06-26T00:00:00+00:00,1.0,504.0,above,566.75,584.0,562.9,581.98
2014-06-27T00:00:00+00:00,0.236,348.35792,above,581.99,604.9,575.03,604.0
2014-06-27T00:00:00+00:00,0.382,378.10104,above,581.99,604.9,575.03,604.0
2014-06-27T00:00:00+00:00,0.5,402.14,above,581.99,604.9,575.03,604.0
2014-06-27T00:00:00+00:00,0.618,426.17896,above,581.99,604.9,575.03,604.0
2014-06-27T00:00:00+00:00,0.786,460.40392,above,581.99,604.9,575.03,604.0
2014-06-27T00:00:00+00:00,1.0,504.0,above,581.99,604.9,575.03,604.0
2014-06-28T00:00:00+00:00,0.236,348.35792,above,604.0,607.21,593.89,596.1
2014-06-28T00:00:00+00:00,0.382,378.10104,above,604.0,607.21,593.89,596.1
2014-06-28T00:00:00+00:00,0.5,402.14,above,604.0,607.21,593.89,596.1
2014-06-28T00:00:00+00:00,0.618,426.17896,above,604.0,607.21,593.89,596.1
2014-06-28T00:00:00+00:00,0.786,460.40392,above,604.0,607.21,593.89,596.1
2014-06-28T00:00:00+00:00,1.0,504.0,above,604.0,607.21,593.89,596.1
2014-06-29T00:00:00+00:00,0.236,348.35792,above,596.1,607.0,593.37,601.95
2014-06-29T00:00:00+00:00,0.382,378.10104,above,596.1,607.0,593.37,601.95
2014-06-29T00:00:00+00:00,0.5,402.14,above,596.1,607.0,593.37,601.95
2014-06-29T00:00:00+00:00,0.618,426.17896,above,596.1,607.0,593.37,601.95
2014-06-29T00:00:00+00:00,0.786,460.40392,above,596.1,607.0,593.37,601.95
2014-06-29T00:00:00+00:00,1.0,504.0,above,596.1,607.0,593.37,601.95
2014-06-30T00:00:00+00:00,0.236,348.35792,above,601.95,647.99,598.4,640.79
2014-06-30T00:00:00+00:00,0.382,378.10104,above,601.95,647.99,598.4,640.79
2014-06-30T00:00:00+00:00,0.5,402.14,above,601.95,647.99,598.4,640.79
2014-06-30T00:00:00+00:00,0.618,426.17896,above,601.95,647.99,598.4,640.79
2014-06-30T00:00:00+00:00,0.786,460.40392,above,601.95,647.99,598.4,640.79
2014-06-30T00:00:00+00:00,1.0,504.0,above,601.95,647.99,598.4,640.79
2014-07-01T00:00:00+00:00,0.236,348.35792,above,642.26,665.0,636.1,641.34
2014-07-01T00:00:00+00:00,0.382,378.10104,above,642.26,665.0,636.1,641.34
2014-07-01T00:00:00+00:00,0.5,402.14,above,642.26,665.0,636.1,641.34
2014-07-01T00:00:00+00:00,0.618,426.17896,above,642.26,665.0,636.1,641.34
2014-07-01T00:00:00+00:00,0.786,460.40392,above,642.26,665.0,636.1,641.34
2014-07-01T00:00:00+00:00,1.0,504.0,above,642.26,665.0,636.1,641.34
2014-07-02T00:00:00+00:00,0.236,348.35792,above,641.35,662.0,640.14,654.61
2014-07-02T00:00:00+00:00,0.382,378.10104,above,641.35,662.0,640.14,654.61
2014-07-02T00:00:00+00:00,0.5,402.14,above,641.35,662.0,640.14,654.61
2014-07-02T00:00:00+00:00,0.618,426.17896,above,641.35,662.0,640.14,654.61
2014-07-02T00:00:00+00:00,0.786,460.40392,above,641.35,662.0,640.14,654.61
2014-07-02T00:00:00+00:00,1.0,504.0,above,641.35,662.0,640.14,654.61
2014-07-03T00:00:00+00:00,0.236,348.35792,above,653.5,654.0,636.24,644.0
2014-07-03T00:00:00+00:00,0.382,378.10104,above,653.5,654.0,636.24,644.0
2014-07-03T00:00:00+00:00,0.5,402.14,above,653.5,654.0,636.24,644.0
2014-07-03T00:00:00+00:00,0.618,426.17896,above,653.5,654.0,636.24,644.0
2014-07-03T00:00:00+00:00,0.786,460.40392,above,653.5,654.0,636.24,644.0
2014-07-03T00:00:00+00:00,1.0,504.0,above,653.5,654.0,636.24,644.0
2014-07-04T00:00:00+00:00,0.236,348.35792,above,644.0,648.66,629.3,632.11
2014-07-04T00:00:00+00:00,0.382,378.10104,above,644.0,648.66,629.3,632.11
2014-07-04T00:00:00+00:00,0.5,402.14,above,644.0,648.66,629.3,632.11
2014-07-04T00:00:00+00:00,0.618,426.17896,above,644.0,648.66,629.3,632.11
2014-07-04T00:00:00+00:00,0.786,460.40392,above,644.0,648.66,629.3,632.11
2014-07-04T00:00:00+00:00,1.0,504.0,above,644.0,648.66,629.3,632.11
2014-07-05T00:00:00+00:00,0.236,348.35792,above,632.58,638.4,627.7,631.88
2014-07-05T00:00:00+00:00,0.382,378.10104,above,632.58,638.4,627.7,631.88
2014-07-05T00:00:00+00:00,0.5,402.14,above,632.58,638.4,627.7,631.88
2014-07-05T00:00:00+00:00,0.618,426.17896,above,632.58,638.4,627.7,631.88
2014-07-05T00:00:00+00:00,0.786,460.40392,above,632.58,638.4,627.7,631.88
2014-07-05T00:00:00+00:00,1.0,504.0,above,632.58,638.4,627.7,631.88
2014-07-06T00:00:00+00:00,0.236,348.35792,above,631.59,644.69,630.38,637.38
2014-07-06T00:00:00+00:00,0.382,378.10104,above,631.59,644.69,630.38,637.38
2014-07-06T00:00:00+00:00,0.5,402.14,above,631.59,644.69,630.38,637.38
2014-07-06T00:00:00+00:00,0.618,426.17896,above,631.59,644.69,630.38,637.38
2014-07-06T00:00:00+00:00,0.786,460.40392,above,631.59,644.69,630.38,637.38
2014-07-06T00:00:00+00:00,1.0,504.0,above,631.59,644.69,630.38,637.38
2014-07-07T00:00:00+00:00,0.236,348.35792,above,637.76,639.76,616.73,621.45
2014-07-07T00:00:00+00:00,0.382,378.10104,above,637.76,639.76,616.73,621.45
2014-07-07T00:00:00+00:00,0.5,402.14,above,637.76,639.76,616.73,621.45
2014-07-07T00:00:00+00:00,0.618,426.17896,above,637.76,639.76,616.73,621.45
2014-07-07T00:00:00+00:00,0.786,460.40392,above,637.76,639.76,616.73,621.45
2014-07-07T00:00:00+00:00,1.0,504.0,above,637.76,639.76,616.73,621.45
2014-07-08T00:00:00+00:00,0.236,348.35792,above,620.31,629.85,617.51,625.36
2014-07-08T00:00:00+00:00,0.382,378.10104,above,620.31,629.85,617.51,625.36
2014-07-08T00:00:00+00:00,0.5,402.14,above,620.31,629.85,617.51,625.36
2014-07-08T00:00:00+00:00,0.618,426.17896,above,620.31,629.85,617.51,625.36
2014-07-08T00:00:00+00:00,0.786,460.40392,above,620.31,629.85,617.51,625.36
2014-07-08T00:00:00+00:00,1.0,504.0,above,620.31,629.85,617.51,625.36
2014-07-09T00:00:00+00:00,0.236,348.35792,above,625.11,632.99,620.13,624.47
2014-07-09T00:00:00+00:00,0.382,378.10104,above,625.11,632.99,620.13,624.47
2014-07-09T00:00:00+00:00,0.5,402.14,above,625.11,632.99,620.13,624.47
2014-07-09T00:00:00+00:00,0.618,426.17896,above,625.11,632.99,620.13,624.47
2014-07-09T00:00:00+00:00,0.786,460.40392,above,625.11,632.99,620.13,624.47
2014-07-09T00:00:00+00:00,1.0,504.0,above,625.11,632.99,620.13,624.47
2014-07-10T00:00:00+00:00,0.236,348.35792,above,623.24,626.55,608.43,615.84
2014-07-10T00:00:00+00:00,0.382,378.10104,above,623.24,626.55,608.43,615.84
2014-07-10T00:00:00+00:00,0.5,402.14,above,623.24,626.55,608.43,615.84
2014-07-10T00:00:00+00:00,0.618,426.17896,above,623.24,626.55,608.43,615.84
2014-07-10T00:00:00+00:00,0.786,460.40392,above,623.24,626.55,608.43,615.84
2014-07-10T00:00:00+00:00,1.0,504.0,above,623.24,626.55,608.43,615.84
2014-07-11T00:00:00+00:00,0.236,348.35792,above,615.84,636.4,615.84,636.0
2014-07-11T00:00:00+00:00,0.382,378.10104,above,615.84,636.4,615.84,636.0
2014-07-11T00:00:00+00:00,0.5,402.14,above,615.84,636.4,615.84,636.0
2014-07-11T00:00:00+00:00,0.618,426.17896,above,615.84,636.4,615.84,636.0
2014-07-11T00:00:00+00:00,0.786,460.40392,above,615.84,636.4,615.84,636.0
2014-07-11T00:00:00+00:00,1.0,504.0,above,615.84,636.4,615.84,636.0
2014-07-12T00:00:00+00:00,0.236,348.35792,above,636.2,642.79,630.0,636.31
2014-07-12T00:00:00+00:00,0.382,378.10104,above,636.2,642.79,630.0,636.31
2014-07-12T00:00:00+00:00,0.5,402.14,above,636.2,642.79,630.0,636.31
2014-07-12T00:00:00+00:00,0.618,426.17896,above,636.2,642.79,630.0,636.31
2014-07-12T00:00:00+00:00,0.786,460.40392,above,636.2,642.79,630.0,636.31
2014-07-12T00:00:00+00:00,1.0,504.0,above,636.2,642.79,630.0,636.31
2014-07-13T00:00:00+00:00,0.236,348.35792,above,636.7,638.21,626.36,629.49
2014-07-13T00:00:00+00:00,0.382,378.10104,above,636.7,638.21,626.36,629.49
2014-07-13T00:00:00+00:00,0.5,402.14,above,636.7,638.21,626.36,629.49
2014-07-13T00:00:00+00:00,0.618,426.17896,above,636.7,638.21,626.36,629.49
2014-07-13T00:00:00+00:00,0.786,460.40392,above,636.7,638.21,626.36,629.49
2014-07-13T00:00:00+00:00,1.0,504.0,above,636.7,638.21,626.36,629.49
2014-07-14T00:00:00+00:00,0.236,348.35792,above,629.6,630.25,616.8,619.17
2014-07-14T00:00:00+00:00,0.382,378.10104,above,629.6,630.25,616.8,619.17
2014-07-14T00:00:00+00:00,0.5,402.14,above,629.6,630.25,616.8,619.17
2014-07-14T00:00:00+00:00,0.618,426.17896,above,629.6,630.25,616.8,619.17
2014-07-14T00:00:00+00:00,0.786,460.40392,above,629.6,630.25,616.8,619.17
2014-07-14T00:00:00+00:00,1.0,504.0,above,629.6,630.25,616.8,619.17
2014-07-15T00:00:00+00:00,0.236,348.35792,above,619.15,627.99,618.57,620.8
2014-07-15T00:00:00+00:00,0.382,378.10104,above,619.15,627.99,618.57,620.8
2014-07-15T00:00:00+00:00,0.5,402.14,above,619.15,627.99,618.57,620.8
2014-07-15T00:00:00+00:00,0.618,426.17896,above,619.15,627.99,618.57,620.8
2014-07-15T00:00:00+00:00,0.786,460.40392,above,619.15,627.99,618.57,620.8
2014-07-15T00:00:00+00:00,1.0,504.0,above,619.15,627.99,618.57,620.8
2014-07-16T00:00:00+00:00,0.236,348.35792,above,620.11,622.5,611.21,616.48
2014-07-16T00:00:00+00:00,0.382,378.10104,above,620.11,622.5,611.21,616.48
2014-07-16T00:00:00+00:00,0.5,402.14,above,620.11,622.5,611.21,616.48
2014-07-16T00:00:00+00:00,0.618,426.17896,above,620.11,622.5,611.21,616.48
2014-07-16T00:00:00+00:00,0.786,460.40392,above,620.11,622.5,611.21,616.48
2014-07-16T00:00:00+00:00,1.0,504.0,above,620.11,622.5,611.21,616.48
2014-07-17T00:00:00+00:00,0.236,348.35792,above,616.48,627.5,613.0,622.51
2014-07-17T00:00:00+00:00,0.382,378.10104,above,616.48,627.5,613.0,622.51
2014-07-17T00:00:00+00:00,0.5,402.14,above,616.48,627.5,613.0,622.51
2014-07-17T00:00:00+00:00,0.618,426.17896,above,616.48,627.5,613.0,622.51
2014-07-17T00:00:00+00:00,0.786,460.40392,above,616.48,627.5,613.0,622.51
2014-07-17T00:00:00+00:00,1.0,504.0,above,616.48,627.5,613.0,622.51
2014-07-18T00:00:00+00:00,0.236,348.35792,above,622.52,633.6,616.96,630.8
2014-07-18T00:00:00+00:00,0.382,378.10104,above,622.52,633.6,616.96,630.8
2014-07-18T00:00:00+00:00,0.5,402.14,above,622.52,633.6,616.96,630.8
2014-07-18T00:00:00+00:00,0.618,426.17896,above,622.52,633.6,616.96,630.8
2014-07-18T00:00:00+00:00,0.786,460.40392,above,622.52,633.6,616.96,630.8
2014-07-18T00:00:00+00:00,1.0,504.0,above,622.52,633.6,616.96,630.8
2014-07-19T00:00:00+00:00,0.236,348.35792,above,630.8,632.1,625.6,629.3
2014-07-19T00:00:00+00:00,0.382,378.10104,above,630.8,632.1,625.6,629.3
2014-07-19T00:00:00+00:00,0.5,402.14,above,630.8,632.1,625.6,629.3
2014-07-19T00:00:00+00:00,0.618,426.17896,above,630.8,632.1,625.6,629.3
2014-07-19T00:00:00+00:00,0.786,460.40392,above,630.8,632.1,625.6,629.3
2014-07-19T00:00:00+00:00,1.0,504.0,above,630.8,632.1,625.6,629.3
2014-07-20T00:00:00+00:00,0.236,348.35792,above,626.77,628.23,620.36,624.0
2014-07-20T00:00:00+00:00,0.382,378.10104,above,626.77,628.23,620.36,624.0
2014-07-20T00:00:00+00:00,0.5,402.14,above,626.77,628.23,620.36,624.0
2014-07-20T00:00:00+00:00,0.618,426.17896,above,626.77,628.23,620.36,624.0
2014-07-20T00:00:00+00:00,0.786,460.40392,above,626.77,628.23,620.36,624.0
2014-07-20T00:00:00+00:00,1.0,504.0,above,626.77,628.23,620.36,624.0
2014-07-21T00:00:00+00:00,0.236,348.35792,above,624.0,624.95,616.8,620.01
2014-07-21T00:00:00+00:00,0.382,378.10104,above,624.0,624.95,616.8,620.01
2014-07-21T00:00:00+00:00,0.5,402.14,above,624.0,624.95,616.8,620.01
2014-07-21T00:00:00+00:00,0.618,426.17896,above,624.0,624.95,616.8,620.01
2014-07-21T00:00:00+00:00,0.786,460.40392,above,624.0,624.95,616.8,620.01
2014-07-21T00:00:00+00:00,1.0,504.0,above,624.0,624.95,616.8,620.01
2014-07-22T00:00:00+00:00,0.236,348.35792,above,620.0,623.17,617.5,618.54
2014-07-22T00:00:00+00:00,0.382,378.10104,above,620.0,623.17,617.5,618.54
2014-07-22T00:00:00+00:00,0.5,402.14,above,620.0,623.17,617.5,618.54
2014-07-22T00:00:00+00:00,0.618,426.17896,above,620.0,623.17,617.5,618.54
2014-07-22T00:00:00+00:00,0.786,460.40392,above,620.0,623.17,617.5,618.54
2014-07-22T00:00:00+00:00,1.0,504.0,above,620.0,623.17,617.5,618.54
2014-07-23T00:00:00+00:00,0.236,348.35792,above,618.56,620.9,616.21,619.0
2014-07-23T00:00:00+00:00,0.382,378.10104,above,618.56,620.9,616.21,619.0
2014-07-23T00:00:00+00:00,0.5,402.14,above,618.56,620.9,616.21,619.0
2014-07-23T00:00:00+00:00,0.618,426.17896,above,618.56,620.9,616.21,619.0
2014-07-23T00:00:00+00:00,0.786,460.40392,above,618.56,620.9,616.21,619.0
2014-07-23T00:00:00+00:00,1.0,504.0,above,618.56,620.9,616.21,619.0
2014-07-24T00:00:00+00:00,0.236,348.35792,above,619.0,619.99,591.4,603.98
2014-07-24T00:00:00+00:00,0.382,378.10104,above,619.0,619.99,591.4,603.98
2014-07-24T00:00:00+00:00,0.5,402.14,above,619.0,619.99,591.4,603.98
2014-07-24T00:00:00+00:00,0.618,426.17896,above,619.0,619.99,591.4,603.98
2014-07-24T00:00:00+00:00,0.786,460.40392,above,619.0,619.99,591.4,603.98
2014-07-24T00:00:00+00:00,1.0,504.0,above,619.0,619.99,591.4,603.98
2014-07-25T00:00:00+00:00,0.236,348.35792,above,602.43,608.0,592.5,600.47
2014-07-25T00:00:00+00:00,0.382,378.10104,above,602.43,608.0,592.5,600.47
2014-07-25T00:00:00+00:00,0.5,402.14,above,602.43,608.0,592.5,600.47
2014-07-25T00:00:00+00:00,0.618,426.17896,above,602.43,608.0,592.5,600.47
2014-07-25T00:00:00+00:00,0.786,460.40392,above,602.43,608.0,592.5,600.47
2014-07-25T00:00:00+00:00,1.0,504.0,above,602.43,608.0,592.5,600.47
2014-07-26T00:00:00+00:00,0.236,348.35792,above,600.6,600.6,589.0,593.82
2014-07-26T00:00:00+00:00,0.382,378.10104,above,600.6,600.6,589.0,593.82
2014-07-26T00:00:00+00:00,0.5,402.14,above,600.6,600.6,589.0,593.82
2014-07-26T00:00:00+00:00,0.618,426.17896,above,600.6,600.6,589.0,593.82
2014-07-26T00:00:00+00:00,0.786,460.40392,above,600.6,600.6,589.0,593.82
2014-07-26T00:00:00+00:00,1.0,504.0,above,600.6,600.6,589.0,593.82
2014-07-27T00:00:00+00:00,0.236,348.35792,above,593.9,599.78,590.1,591.55
2014-07-27T00:00:00+00:00,0.382,378.10104,above,593.9,599.78,590.1,591.55
2014-07-27T00:00:00+00:00,0.5,402.14,above,593.9,599.78,590.1,591.55
2014-07-27T00:00:00+00:00,0.618,426.17896,above,593.9,599.78,590.1,591.55
2014-07-27T00:00:00+00:00,0.786,460.40392,above,593.9,599.78,590.1,591.55
2014-07-27T00:00:00+00:00,1.0,504.0,above,593.9,599.78,590.1,591.55
2014-07-28T00:00:00+00:00,0.236,348.35792,above,591.5,592.0,572.0,583.5
2014-07-28T00:00:00+00:00,0.382,378.10104,above,591.5,592.0,572.0,583.5
2014-07-28T00:00:00+00:00,0.5,402.14,above,591.5,592.0,572.0,583.5
2014-07-28T00:00:00+00:00,0.618,426.17896,above,591.5,592.0,572.0,583.5
2014-07-28T00:00:00+00:00,0.786,460.40392,above,591.5,592.0,572.0,583.5
2014-07-28T00:00:00+00:00,1.0,504.0,above,591.5,592.0,572.0,583.5
2014-07-29T00:00:00+00:00,0.236,348.35792,above,584.86,590.0,577.11,583.0
2014-07-29T00:00:00+00:00,0.382,378.10104,above,584.86,590.0,577.11,583.0
2014-07-29T00:00:00+00:00,0.5,402.14,above,584.86,590.0,577.11,583.0
2014-07-29T00:00:00+00:00,0.618,426.17896,above,584.86,590.0,577.11,583.0
2014-07-29T00:00:00+00:00,0.786,460.40392,above,584.86,590.0,577.11,583.0
2014-07-29T00:00:00+00:00,1.0,504.0,above,584.86,590.0,577.11,583.0
2014-07-30T00:00:00+00:00,0.236,348.35792,above,583.04,583.98,561.55,565.99
2014-07-30T00:00:00+00:00,0.382,378.10104,above,583.04,583.98,561.55,565.99
2014-07-30T00:00:00+00:00,0.5,402.14,above,583.04,583.98,561.55,565.99
2014-07-30T00:00:00+00:00,0.618,426.17896,above,583.04,583.98,561.55,565.99
2014-07-30T00:00:00+00:00,0.786,460.40392,above,583.04,583.98,561.55,565.99
2014-07-30T00:00:00+00:00,1.0,504.0,above,583.04,583.98,561.55,565.99
2014-07-31T00:00:00+00:00,0.236,348.35792,above,566.0,590.0,561.47,580.0
2014-07-31T00:00:00+00:00,0.382,378.10104,above,566.0,590.0,561.47,580.0
2014-07-31T00:00:00+00:00,0.5,402.14,above,566.0,590.0,561.47,580.0
2014-07-31T00:00:00+00:00,0.618,426.17896,above,566.0,590.0,561.47,580.0
2014-07-31T00:00:00+00:00,0.786,460.40392,above,566.0,590.0,561.47,580.0
2014-07-31T00:00:00+00:00,1.0,504.0,above,566.0,590.0,561.47,580.0
2014-08-01T00:00:00+00:00,0.236,348.35792,above,579.49,605.72,579.1,594.6
2014-08-01T00:00:00+00:00,0.382,378.10104,above,579.49,605.72,579.1,594.6
2014-08-01T00:00:00+00:00,0.5,402.14,above,579.49,605.72,579.1,594.6
2014-08-01T00:00:00+00:00,0.618,426.17896,above,579.49,605.72,579.1,594.6
2014-08-01T00:00:00+00:00,0.786,460.40392,above,579.49,605.72,579.1,594.6
2014-08-01T00:00:00+00:00,1.0,504.0,above,579.49,605.72,579.1,594.6
2014-08-02T00:00:00+00:00,0.236,348.35792,above,594.6,596.6,585.0,587.6
2014-08-02T00:00:00+00:00,0.382,378.10104,above,594.6,596.6,585.0,587.6
2014-08-02T00:00:00+00:00,0.5,402.14,above,594.6,596.6,585.0,587.6
2014-08-02T00:00:00+00:00,0.618,426.17896,above,594.6,596.6,585.0,587.6
2014-08-02T00:00:00+00:00,0.786,460.40392,above,594.6,596.6,585.0,587.6
2014-08-02T00:00:00+00:00,1.0,504.0,above,594.6,596.6,585.0,587.6
2014-08-03T00:00:00+00:00,0.236,348.35792,above,587.61,589.0,578.13,585.71
2014-08-03T00:00:00+00:00,0.382,378.10104,above,587.61,589.0,578.13,585.71
2014-08-03T00:00:00+00:00,0.5,402.14,above,587.61,589.0,578.13,585.71
2014-08-03T00:00:00+00:00,0.618,426.17896,above,587.61,589.0,578.13,585.71
2014-08-03T00:00:00+00:00,0.786,460.40392,above,587.61,589.0,578.13,585.71
2014-08-03T00:00:00+00:00,1.0,504.0,above,587.61,589.0,578.13,585.71
2014-08-04T00:00:00+00:00,0.236,348.35792,above,587.0,595.0,581.22,586.6
2014-08-04T00:00:00+00:00,0.382,378.10104,above,587.0,595.0,581.22,586.6
2014-08-04T00:00:00+00:00,0.5,402.14,above,587.0,595.0,581.22,586.6
2014-08-04T00:00:00+00:00,0.618,426.17896,above,587.0,595.0,581.22,586.6
2014-08-04T00:00:00+00:00,0.786,460.40392,above,587.0,595.0,581.22,586.6
2014-08-04T00:00:00+00:00,1.0,504.0,above,587.0,595.0,581.22,586.6
2014-08-05T00:00:00+00:00,0.236,348.35792,above,587.21,588.77,579.0,582.94
2014-08-05T00:00:00+00:00,0.382,378.10104,above,587.21,588.77,579.0,582.94
2014-08-05T00:00:00+00:00,0.5,402.14,above,587.21,588.77,579.0,582.94
2014-08-05T00:00:00+00:00,0.618,426.17896,above,587.21,588.77,579.0,582.94
2014-08-05T00:00:00+00:00,0.786,460.40392,above,587.21,588.77,579.0,582.94
2014-08-05T00:00:00+00:00,1.0,504.0,above,587.21,588.77,579.0,582.94
2014-08-06T00:00:00+00:00,0.236,348.35792,above,582.94,586.3,574.01,581.36
2014-08-06T00:00:00+00:00,0.382,378.10104,above,582.94,586.3,574.01,581.36
2014-08-06T00:00:00+00:00,0.5,402.14,above,582.94,586.3,574.01,581.36
2014-08-06T00:00:00+00:00,0.618,426.17896,above,582.94,586.3,574.01,581.36
2014-08-06T00:00:00+00:00,0.786,460.40392,above,582.94,586.3,574.01,581.36
2014-08-06T00:00:00+00:00,1.0,504.0,above,582.94,586.3,574.01,581.36
2014-08-07T00:00:00+00:00,0.236,348.35792,above,582.87,592.7,576.5,586.8
2014-08-07T00:00:00+00:00,0.382,378.10104,above,582.87,592.7,576.5,586.8
2014-08-07T00:00:00+00:00,0.5,402.14,above,582.87,592.7,576.5,586.8
2014-08-07T00:00:00+00:00,0.618,426.17896,above,582.87,592.7,576.5,586.8
2014-08-07T00:00:00+00:00,0.786,460.40392,above,582.87,592.7,576.5,586.8
2014-08-07T00:00:00+00:00,1.0,504.0,above,582.87,592.7,576.5,586.8
2014-08-08T00:00:00+00:00,0.236,348.35792,above,586.82,598.88,586.81,590.6
2014-08-08T00:00:00+00:00,0.382,378.10104,above,586.82,598.88,586.81,590.6
2014-08-08T00:00:00+00:00,0.5,402.14,above,586.82,598.88,586.81,590.6
2014-08-08T00:00:00+00:00,0.618,426.17896,above,586.82,598.88,586.81,590.6
2014-08-08T00:00:00+00:00,0.786,460.40392,above,586.82,598.88,586.81,590.6
2014-08-08T00:00:00+00:00,1.0,504.0,above,586.82,598.88,586.81,590.6
2014-08-09T00:00:00+00:00,0.236,348.35792,above,590.61,591.0,584.19,589.98
2014-08-09T00:00:00+00:00,0.382,378.10104,above,590.61,591.0,584.19,589.98
2014-08-09T00:00:00+00:00,0.5,402.14,above,590.61,591.0,584.19,589.98
2014-08-09T00:00:00+00:00,0.618,426.17896,above,590.61,591.0,584.19,589.98
2014-08-09T00:00:00+00:00,0.786,460.40392,above,590.61,591.0,584.19,589.98
2014-08-09T00:00:00+00:00,1.0,504.0,above,590.61,591.0,584.19,589.98
2014-08-10T00:00:00+00:00,0.236,348.35792,above,588.61,594.49,583.31,588.61
2014-08-10T00:00:00+00:00,0.382,378.10104,above,588.61,594.49,583.31,588.61
2014-08-10T00:00:00+00:00,0.5,402.14,above,588.61,594.49,583.31,588.61
2014-08-10T00:00:00+00:00,0.618,426.17896,above,588.61,594.49,583.31,588.61
2014-08-10T00:00:00+00:00,0.786,460.40392,above,588.61,594.49,583.31,588.61
2014-08-10T00:00:00+00:00,1.0,504.0,above,588.61,594.49,583.31,588.61
2014-08-11T00:00:00+00:00,0.236,348.35792,above,587.97,588.7,567.02,572.51
2014-08-11T00:00:00+00:00,0.382,378.10104,above,587.97,588.7,567.02,572.51
2014-08-11T00:00:00+00:00,0.5,402.14,above,587.97,588.7,567.02,572.51
2014-08-11T00:00:00+00:00,0.618,426.17896,above,587.97,588.7,567.02,572.51
2014-08-11T00:00:00+00:00,0.786,460.40392,above,587.97,588.7,567.02,572.51
2014-08-11T00:00:00+00:00,1.0,504.0,above,587.97,588.7,567.02,572.51
2014-08-12T00:00:00+00:00,0.236,348.35792,above,573.32,578.8,562.51,569.54
2014-08-12T00:00:00+00:00,0.382,378.10104,above,573.32,578.8,562.51,569.54
2014-08-12T00:00:00+00:00,0.5,402.14,above,573.32,578.8,562.51,569.54
2014-08-12T00:00:00+00:00,0.618,426.17896,above,573.32,578.8,562.51,569.54
2014-08-12T00:00:00+00:00,0.786,460.40392,above,573.32,578.8,562.51,569.54
2014-08-12T00:00:00+00:00,1.0,504.0,above,573.32,578.8,562.51,569.54
2014-08-13T00:00:00+00:00,0.236,348.35792,above,569.52,571.4,525.0,547.3
2014-08-13T00:00:00+00:00,0.382,378.10104,above,569.52,571.4,525.0,547.3
2014-08-13T00:00:00+00:00,0.5,402.14,above,569.52,571.4,525.0,547.3
2014-08-13T00:00:00+00:00,0.618,426.17896,above,569.52,571.4,525.0,547.3
2014-08-13T00:00:00+00:00,0.786,460.40392,above,569.52,571.4,525.0,547.3
2014-08-13T00:00:00+00:00,1.0,504.0,above,569.52,571.4,525.0,547.3
2014-08-14T00:00:00+00:00,0.236,348.35792,above,546.25,546.5,451.0,510.98
2014-08-14T00:00:00+00:00,0.382,378.10104,above,546.25,546.5,451.0,510.98
2014-08-14T00:00:00+00:00,0.5,402.14,above,546.25,546.5,451.0,510.98
2014-08-14T00:00:00+00:00,0.618,426.17896,above,546.25,546.5,451.0,510.98
2014-08-14T00:00:00+00:00,0.786,460.40392,touch,546.25,546.5,451.0,510.98
2014-08-14T00:00:00+00:00,1.0,504.0,touch,546.25,546.5,451.0,510.98
2014-08-15T00:00:00+00:00,0.236,348.35792,above,509.99,519.5,478.0,496.39
2014-08-15T00:00:00+00:00,0.382,378.10104,above,509.99,519.5,478.0,496.39
2014-08-15T00:00:00+00:00,0.5,402.14,above,509.99,519.5,478.0,496.39
2014-08-15T00:00:00+00:00,0.618,426.17896,above,509.99,519.5,478.0,496.39
2014-08-15T00:00:00+00:00,0.786,460.40392,above,509.99,519.5,478.0,496.39
2014-08-15T00:00:00+00:00,1.0,504.0,cross,509.99,519.5,478.0,496.39
2014-08-16T00:00:00+00:00,0.236,348.35792,above,496.39,523.11,484.5,519.01
2014-08-16T00:00:00+00:00,0.382,378.10104,above,496.39,523.11,484.5,519.01
2014-08-16T00:00:00+00:00,0.5,402.14,above,496.39,523.11,484.5,519.01
2014-08-16T00:00:00+00:00,0.618,426.17896,above,496.39,523.11,484.5,519.01
2014-08-16T00:00:00+00:00,0.786,460.40392,above,496.39,523.11,484.5,519.01
2014-08-16T00:00:00+00:00,1.0,504.0,cross,496.39,523.11,484.5,519.01
2014-08-17T00:00:00+00:00,0.236,348.35792,above,519.54,522.43,484.82,497.4
2014-08-17T00:00:00+00:00,0.382,378.10104,above,519.54,522.43,484.82,497.4
2014-08-17T00:00:00+00:00,0.5,402.14,above,519.54,522.43,484.82,497.4
2014-08-17T00:00:00+00:00,0.618,426.17896,above,519.54,522.43,484.82,497.4
2014-08-17T00:00:00+00:00,0.786,460.40392,above,519.54,522.43,484.82,497.4
2014-08-17T00:00:00+00:00,1.0,504.0,cross,519.54,522.43,484.82,497.4
2014-08-18T00:00:00+00:00,0.236,348.35792,above,497.57,512.3,443.0,467.04
2014-08-18T00:00:00+00:00,0.382,378.10104,above,497.57,512.3,443.0,467.04
2014-08-18T00:00:00+00:00,0.5,402.14,above,497.57,512.3,443.0,467.04
2014-08-18T00:00:00+00:00,0.618,426.17896,above,497.57,512.3,443.0,467.04
2014-08-18T00:00:00+00:00,0.786,460.40392,touch,497.57,512.3,443.0,467.04
2014-08-18T00:00:00+00:00,1.0,504.0,touch,497.57,512.3,443.0,467.04
2014-08-19T00:00:00+00:00,0.236,348.35792,above,467.95,492.61,462.9,487.0
2014-08-19T00:00:00+00:00,0.382,378.10104,above,467.95,492.61,462.9,487.0
2014-08-19T00:00:00+00:00,0.5,402.14,above,467.95,492.61,462.9,487.0
2014-08-19T00:00:00+00:00,0.618,426.17896,above,467.95,492.61,462.9,487.0
2014-08-19T00:00:00+00:00,0.786,460.40392,above,467.95,492.61,462.9,487.0
2014-08-19T00:00:00+00:00,1.0,504.0,below,467.95,492.61,462.9,487.0
2014-08-20T00:00:00+00:00,0.236,348.35792,above,487.24,521.89,464.0,511.0
2014-08-20T00:00:00+00:00,0.382,378.10104,above,487.24,521.89,464.0,511.0
2014-08-20T00:00:00+00:00,0.5,402.14,above,487.24,521.89,464.0,511.0
2014-08-20T00:00:00+00:00,0.618,426.17896,above,487.24,521.89,464.0,511.0
2014-08-20T00:00:00+00:00,0.786,460.40392,above,487.24,521.89,464.0,511.0
2014-08-20T00:00:00+00:00,1.0,504.0,cross,487.24,521.89,464.0,511.0
2014-08-21T00:00:00+00:00,0.236,348.35792,above,510.61,534.89,510.6,517.47
2014-08-21T00:00:00+00:00,0.382,378.10104,above,510.61,534.89,510.6,517.47
2014-08-21T00:00:00+00:00,0.5,402.14,above,510.61,534.89,510.6,517.47
2014-08-21T00:00:00+00:00,0.618,426.17896,above,510.61,534.89,510.6,517.47
2014-08-21T00:00:00+00:00,0.786,460.40392,above,510.61,534.89,510.6,517.47
2014-08-21T00:00:00+00:00,1.0,504.0,above,510.61,534.89,510.6,517.47
2014-08-22T00:00:00+00:00,0.236,348.35792,above,518.24,525.0,503.7,514.13
2014-08-22T00:00:00+00:00,0.382,378.10104,above,518.24,525.0,503.7,514.13
2014-08-22T00:00:00+00:00,0.5,402.14,above,518.24,525.0,503.7,514.13
2014-08-22T00:00:00+00:00,0.618,426.17896,above,518.24,525.0,503.7,514.13
2014-08-22T00:00:00+00:00,0.786,460.40392,above,518.24,525.0,503.7,514.13
2014-08-22T00:00:00+00:00,1.0,504.0,touch,518.24,525.0,503.7,514.13
2014-08-23T00:00:00+00:00,0.236,348.35792,above,514.42,515.58,491.52,499.5
2014-08-23T00:00:00+00:00,0.382,378.10104,above,514.42,515.58,491.52,499.5
2014-08-23T00:00:00+00:00,0.5,402.14,above,514.42,515.58,491.52,499.5
2014-08-23T00:00:00+00:00,0.618,426.17896,above,514.42,515.58,491.52,499.5
2014-08-23T00:00:00+00:00,0.786,460.40392,above,514.42,515.58,491.52,499.5
2014-08-23T00:00:00+00:00,1.0,504.0,cross,514.42,515.58,491.52,499.5
2014-08-24T00:00:00+00:00,0.236,348.35792,above,498.85,517.7,495.71,510.82
2014-08-24T00:00:00+00:00,0.382,378.10104,above,498.85,517.7,495.71,510.82
2014-08-24T00:00:00+00:00,0.5,402.14,above,498.85,517.7,495.71,510.82
2014-08-24T00:00:00+00:00,0.618,426.17896,above,498.85,517.7,495.71,510.82
2014-08-24T00:00:00+00:00,0.786,460.40392,above,498.85,517.7,495.71,510.82
2014-08-24T00:00:00+00:00,1.0,504.0,cross,498.85,517.7,495.71,510.82
2014-08-25T00:00:00+00:00,0.236,348.35792,above,511.41,511.41,497.55,501.76
2014-08-25T00:00:00+00:00,0.382,378.10104,above,511.41,511.41,497.55,501.76
2014-08-25T00:00:00+00:00,0.5,402.14,above,511.41,511.41,497.55,501.76
2014-08-25T00:00:00+00:00,0.618,426.17896,above,511.41,511.41,497.55,501.76
2014-08-25T00:00:00+00:00,0.786,460.40392,above,511.41,511.41,497.55,501.76
2014-08-25T00:00:00+00:00,1.0,504.0,cross,511.41,511.41,497.55,501.76
2014-08-26T00:00:00+00:00,0.236,348.35792,above,501.49,517.47,497.75,513.34
2014-08-26T00:00:00+00:00,0.382,378.10104,above,501.49,517.47,497.75,513.34
2014-08-26T00:00:00+00:00,0.5,402.14,above,501.49,517.47,497.75,513.34
2014-08-26T00:00:00+00:00,0.618,426.17896,above,501.49,517.47,497.75,513.34
2014-08-26T00:00:00+00:00,0.786,460.40392,above,501.49,517.47,497.75,513.34
2014-08-26T00:00:00+00:00,1.0,504.0,cross,501.49,517.47,497.75,513.34
2014-08-27T00:00:00+00:00,0.236,348.35792,above,512.3,522.8,508.1,508.35
2014-08-27T00:00:00+00:00,0.382,378.10104,above,512.3,522.8,508.1,508.35
2014-08-27T00:00:00+00:00,0.5,402.14,above,512.3,522.8,508.1,508.35
2014-08-27T00:00:00+00:00,0.618,426.17896,above,512.3,522.8,508.1,508.35
2014-08-27T00:00:00+00:00,0.786,460.40392,above,512.3,522.8,508.1,508.35
2014-08-27T00:00:00+00:00,1.0,504.0,above,512.3,522.8,508.1,508.35
2014-08-28T00:00:00+00:00,0.236,348.35792,above,508.3,514.77,503.86,505.87
2014-08-28T00:00:00+00:00,0.382,378.10104,above,508.3,514.77,503.86,505.87
2014-08-28T00:00:00+00:00,0.5,402.14,above,508.3,514.77,503.86,505.87
2014-08-28T00:00:00+00:00,0.618,426.17896,above,508.3,514.77,503.86,505.87
2014-08-28T00:00:00+00:00,0.786,460.40392,above,508.3,514.77,503.86,505.87
2014-08-28T00:00:00+00:00,1.0,504.0,touch,508.3,514.77,503.86,505.87
2014-08-29T00:00:00+00:00,0.236,348.35792,above,505.87,513.99,498.8,508.52
2014-08-29T00:00:00+00:00,0.382,378.10104,above,505.87,513.99,498.8,508.52
2014-08-29T00:00:00+00:00,0.5,402.14,above,505.87,513.99,498.8,508.52
2014-08-29T00:00:00+00:00,0.618,426.17896,above,505.87,513.99,498.8,508.52
2014-08-29T00:00:00+00:00,0.786,460.40392,above,505.87,513.99,498.8,508.52
2014-08-29T00:00:00+00:00,1.0,504.0,touch,505.87,513.99,498.8,508.52
2014-08-30T00:00:00+00:00,0.236,348.35792,above,508.34,508.37,495.5,499.15
2014-08-30T00:00:00+00:00,0.382,378.10104,above,508.34,508.37,495.5,499.15
2014-08-30T00:00:00+00:00,0.5,402.14,above,508.34,508.37,495.5,499.15
2014-08-30T00:00:00+00:00,0.618,426.17896,above,508.34,508.37,495.5,499.15
2014-08-30T00:00:00+00:00,0.786,460.40392,above,508.34,508.37,495.5,499.15
2014-08-30T00:00:00+00:00,1.0,504.0,cross,508.34,508.37,495.5,499.15
2014-08-31T00:00:00+00:00,0.236,348.35792,above,499.08,500.27,471.65,477.81
2014-08-31T00:00:00+00:00,0.382,378.10104,above,499.08,500.27,471.65,477.81
2014-08-31T00:00:00+00:00,0.5,402.14,above,499.08,500.27,471.65,477.81
2014-08-31T00:00:00+00:00,0.618,426.17896,above,499.08,500.27,471.65,477.81
2014-08-31T00:00:00+00:00,0.786,460.40392,above,499.08,500.27,471.65,477.81
2014-08-31T00:00:00+00:00,1.0,504.0,below,499.08,500.27,471.65,477.81
2014-09-01T00:00:00+00:00,0.236,348.35792,above,477.84,484.9,471.01,472.6
2014-09-01T00:00:00+00:00,0.382,378.10104,above,477.84,484.9,471.01,472.6
2014-09-01T00:00:00+00:00,0.5,402.14,above,477.84,484.9,471.01,472.6
2014-09-01T00:00:00+00:00,0.618,426.17896,above,477.84,484.9,471.01,472.6
2014-09-01T00:00:00+00:00,0.786,460.40392,above,477.84,484.9,471.01,472.6
2014-09-01T00:00:00+00:00,1.0,504.0,below,477.84,484.9,471.01,472.6
2014-09-02T00:00:00+00:00,0.236,348.35792,above,472.97,484.0,468.82,475.45
2014-09-02T00:00:00+00:00,0.382,378.10104,above,472.97,484.0,468.82,475.45
2014-09-02T00:00:00+00:00,0.5,402.14,above,472.97,484.0,468.82,475.45
2014-09-02T00:00:00+00:00,0.618,426.17896,above,472.97,484.0,468.82,475.45
2014-09-02T00:00:00+00:00,0.786,460.40392,above,472.97,484.0,468.82,475.45
2014-09-02T00:00:00+00:00,1.0,504.0,below,472.97,484.0,468.82,475.45
2014-09-03T00:00:00+00:00,0.236,348.35792,above,475.46,479.9,472.99,474.14
2014-09-03T00:00:00+00:00,0.382,378.10104,above,475.46,479.9,472.99,474.14
2014-09-03T00:00:00+00:00,0.5,402.14,above,475.46,479.9,472.99,474.14
2014-09-03T00:00:00+00:00,0.618,426.17896,above,475.46,479.9,472.99,474.14
2014-09-03T00:00:00+00:00,0.786,460.40392,above,475.46,479.9,472.99,474.14
2014-09-03T00:00:00+00:00,1.0,504.0,below,475.46,479.9,472.99,474.14
2014-09-04T00:00:00+00:00,0.236,348.35792,above,474.14,497.24,473.1,489.68
2014-09-04T00:00:00+00:00,0.382,378.10104,above,474.14,497.24,473.1,489.68
2014-09-04T00:00:00+00:00,0.5,402.14,above,474.14,497.24,473.1,489.68
2014-09-04T00:00:00+00:00,0.618,426.17896,above,474.14,497.24,473.1,489.68
2014-09-04T00:00:00+00:00,0.786,460.40392,above,474.14,497.24,473.1,489.68
2014-09-04T00:00:00+00:00,1.0,504.0,below,474.14,497.24,473.1,489.68
2014-09-05T00:00:00+00:00,0.236,348.35792,above,489.69,491.42,478.1,481.9
2014-09-05T00:00:00+00:00,0.382,378.10104,above,489.69,491.42,478.1,481.9
2014-09-05T00:00:00+00:00,0.5,402.14,above,489.69,491.42,478.1,481.9
2014-09-05T00:00:00+00:00,0.618,426.17896,above,489.69,491.42,478.1,481.9
2014-09-05T00:00:00+00:00,0.786,460.40392,above,489.69,491.42,478.1,481.9
2014-09-05T00:00:00+00:00,1.0,504.0,below,489.69,491.42,478.1,481.9
2014-09-06T00:00:00+00:00,0.236,348.35792,above,480.62,486.9,480.1,482.61
2014-09-06T00:00:00+00:00,0.382,378.10104,above,480.62,486.9,480.1,482.61
2014-09-06T00:00:00+00:00,0.5,402.14,above,480.62,486.9,480.1,482.61
2014-09-06T00:00:00+00:00,0.618,426.17896,above,480.62,486.9,480.1,482.61
2014-09-06T00:00:00+00:00,0.786,460.40392,above,480.62,486.9,480.1,482.61
2014-09-06T00:00:00+00:00,1.0,504.0,below,480.62,486.9,480.1,482.61
2014-09-07T00:00:00+00:00,0.236,348.35792,above,483.08,487.1,479.88,479.88
2014-09-07T00:00:00+00:00,0.382,378.10104,above,483.08,487.1,479.88,479.88
2014-09-07T00:00:00+00:00,0.5,402.14,above,483.08,487.1,479.88,479.88
2014-09-07T00:00:00+00:00,0.618,426.17896,above,483.08,487.1,479.88,479.88
2014-09-07T00:00:00+00:00,0.786,460.40392,above,483.08,487.1,479.88,479.88
2014-09-07T00:00:00+00:00,1.0,504.0,below,483.08,487.1,479.88,479.88
2014-09-08T00:00:00+00:00,0.236,348.35792,above,479.88,480.9,464.22,471.1
2014-09-08T00:00:00+00:00,0.382,378.10104,above,479.88,480.9,464.22,471.1
2014-09-08T00:00:00+00:00,0.5,402.14,above,479.88,480.9,464.22,471.1
2014-09-08T00:00:00+00:00,0.618,426.17896,above,479.88,480.9,464.22,471.1
2014-09-08T00:00:00+00:00,0.786,460.40392,above,479.88,480.9,464.22,471.1
2014-09-08T00:00:00+00:00,1.0,504.0,below,479.88,480.9,464.22,471.1
2014-09-09T00:00:00+00:00,0.236,348.35792,above,471.16,479.7,463.0,473.06
2014-09-09T00:00:00+00:00,0.382,378.10104,above,471.16,479.7,463.0,473.06
2014-09-09T00:00:00+00:00,0.5,402.14,above,471.16,479.7,463.0,473.06
2014-09-09T00:00:00+00:00,0.618,426.17896,above,471.16,479.7,463.0,473.06
2014-09-09T00:00:00+00:00,0.786,460.40392,above,471.16,479.7,463.0,473.06
2014-09-09T00:00:00+00:00,1.0,504.0,below,471.16,479.7,463.0,473.06
2014-09-10T00:00:00+00:00,0.236,348.35792,above,473.09,489.99,472.0,478.12
2014-09-10T00:00:00+00:00,0.382,378.10104,above,473.09,489.99,472.0,478.12
2014-09-10T00:00:00+00:00,0.5,402.14,above,473.09,489.99,472.0,478.12
2014-09-10T00:00:00+00:00,0.618,426.17896,above,473.09,489.99,472.0,478.12
2014-09-10T00:00:00+00:00,0.786,460.40392,above,473.09,489.99,472.0,478.12
2014-09-10T00:00:00+00:00,1.0,504.0,below,473.09,489.99,472.0,478.12
2014-09-11T00:00:00+00:00,0.236,348.35792,above,478.1,480.6,472.2,477.38
2014-09-11T00:00:00+00:00,0.382,378.10104,above,478.1,480.6,472.2,477.38
2014-09-11T00:00:00+00:00,0.5,402.14,above,478.1,480.6,472.2,477.38
2014-09-11T00:00:00+00:00,0.618,426.17896,above,478.1,480.6,472.2,477.38
2014-09-11T00:00:00+00:00,0.786,460.40392,above,478.1,480.6,472.2,477.38
2014-09-11T00:00:00+00:00,1.0,504.0,below,478.1,480.6,472.2,477.38
2014-09-12T00:00:00+00:00,0.236,348.35792,above,477.04,477.98,467.0,474.37
2014-09-12T00:00:00+00:00,0.382,378.10104,above,477.04,477.98,467.0,474.37
2014-09-12T00:00:00+00:00,0.5,402.14,above,477.04,477.98,467.0,474.37
2014-09-12T00:00:00+00:00,0.618,426.17896,above,477.04,477.98,467.0,474.37
2014-09-12T00:00:00+00:00,0.786,460.40392,above,477.04,477.98,467.0,474.37
2014-09-12T00:00:00+00:00,1.0,504.0,below,477.04,477.98,467.0,474.37
2014-09-13T00:00:00+00:00,0.236,348.35792,above,474.34,483.93,472.86,478.69
2014-09-13T00:00:00+00:00,0.382,378.10104,above,474.34,483.93,472.86,478.69
2014-09-13T00:00:00+00:00,0.5,402.14,above,474.34,483.93,472.86,478.69
2014-09-13T00:00:00+00:00,0.618,426.17896,above,474.34,483.93,472.86,478.69
2014-09-13T00:00:00+00:00,0.786,460.40392,above,474.34,483.93,472.86,478.69
2014-09-13T00:00:00+00:00,1.0,504.0,below,474.34,483.93,472.86,478.69
2014-09-14T00:00:00+00:00,0.236,348.35792,above,478.69,481.56,475.33,476.5
2014-09-14T00:00:00+00:00,0.382,378.10104,above,478.69,481.56,475.33,476.5
2014-09-14T00:00:00+00:00,0.5,402.14,above,478.69,481.56,475.33,476.5
2014-09-14T00:00:00+00:00,0.618,426.17896,above,478.69,481.56,475.33,476.5
2014-09-14T00:00:00+00:00,0.786,460.40392,above,478.69,481.56,475.33,476.5
2014-09-14T00:00:00+00:00,1.0,504.0,below,478.69,481.56,475.33,476.5
2014-09-15T00:00:00+00:00,0.236,348.35792,above,477.12,480.3,474.77,474.77
2014-09-15T00:00:00+00:00,0.382,378.10104,above,477.12,480.3,474.77,474.77
2014-09-15T00:00:00+00:00,0.5,402.14,above,477.12,480.3,474.77,474.77
2014-09-15T00:00:00+00:00,0.618,426.17896,above,477.12,480.3,474.77,474.77
2014-09-15T00:00:00+00:00,0.786,460.40392,above,477.12,480.3,474.77,474.77
2014-09-15T00:00:00+00:00,1.0,504.0,below,477.12,480.3,474.77,474.77
2014-09-16T00:00:00+00:00,0.236,348.35792,above,474.77,475.5,462.11,466.5
2014-09-16T00:00:00+00:00,0.382,378.10104,above,474.77,475.5,462.11,466.5
2014-09-16T00:00:00+00:00,0.5,402.14,above,474.77,475.5,462.11,466.5
2014-09-16T00:00:00+00:00,0.618,426.17896,above,474.77,475.5,462.11,466.5
2014-09-16T00:00:00+00:00,0.786,460.40392,above,474.77,475.5,462.11,466.5
2014-09-16T00:00:00+00:00,1.0,504.0,below,474.77,475.5,462.11,466.5
2014-09-17T00:00:00+00:00,0.236,348.35792,above,466.65,467.75,451.6,458.3
2014-09-17T00:00:00+00:00,0.382,378.10104,above,466.65,467.75,451.6,458.3
2014-09-17T00:00:00+00:00,0.5,402.14,above,466.65,467.75,451.6,458.3
2014-09-17T00:00:00+00:00,0.618,426.17896,above,466.65,467.75,451.6,458.3
2014-09-17T00:00:00+00:00,0.786,460.40392,cross,466.65,467.75,451.6,458.3
2014-09-17T00:00:00+00:00,1.0,504.0,below,466.65,467.75,451.6,458.3
2014-09-18T00:00:00+00:00,0.236,348.35792,above,457.8,458.3,408.8,424.99
2014-09-18T00:00:00+00:00,0.382,378.10104,above,457.8,458.3,408.8,424.99
2014-09-18T00:00:00+00:00,0.5,402.14,above,457.8,458.3,408.8,424.99
2014-09-18T00:00:00+00:00,0.618,426.17896,cross,457.8,458.3,408.8,424.99
2014-09-18T00:00:00+00:00,0.786,460.40392,below,457.8,458.3,408.8,424.99
2014-09-18T00:00:00+00:00,1.0,504.0,below,457.8,458.3,408.8,424.99
2014-09-19T00:00:00+00:00,0.236,348.35792,above,425.0,431.92,381.5,393.3
2014-09-19T00:00:00+00:00,0.382,378.10104,above,425.0,431.92,381.5,393.3
2014-09-19T00:00:00+00:00,0.5,402.14,cross,425.0,431.92,381.5,393.3
2014-09-19T00:00:00+00:00,0.618,426.17896,touch,425.0,431.92,381.5,393.3
2014-09-19T00:00:00+00:00,0.786,460.40392,below,425.0,431.92,381.5,393.3
2014-09-19T00:00:00+00:00,1.0,504.0,below,425.0,431.92,381.5,393.3
2014-09-20T00:00:00+00:00,0.236,348.35792,above,392.99,426.3,385.5,408.4
2014-09-20T00:00:00+00:00,0.382,378.10104,above,392.99,426.3,385.5,408.4
2014-09-20T00:00:00+00:00,0.5,402.14,cross,392.99,426.3,385.5,408.4
2014-09-20T00:00:00+00:00,0.618,426.17896,touch,392.99,426.3,385.5,408.4
2014-09-20T00:00:00+00:00,0.786,460.40392,below,392.99,426.3,385.5,408.4
2014-09-20T00:00:00+00:00,1.0,504.0,below,392.99,426.3,385.5,408.4
2014-09-21T00:00:00+00:00,0.236,348.35792,above,408.4,414.14,392.23,399.21
2014-09-21T00:00:00+00:00,0.382,378.10104,above,408.4,414.14,392.23,399.21
2014-09-21T00:00:00+00:00,0.5,402.14,cross,408.4,414.14,392.23,399.21
2014-09-21T00:00:00+00:00,0.618,426.17896,below,408.4,414.14,392.23,399.21
2014-09-21T00:00:00+00:00,0.786,460.40392,below,408.4,414.14,392.23,399.21
2014-09-21T00:00:00+00:00,1.0,504.0,below,408.4,414.14,392.23,399.21
2014-09-22T00:00:00+00:00,0.236,348.35792,above,400.03,411.2,397.67,404.99
2014-09-22T00:00:00+00:00,0.382,378.10104,above,400.03,411.2,397.67,404.99
2014-09-22T00:00:00+00:00,0.5,402.14,cross,400.03,411.2,397.67,404.99
2014-09-22T00:00:00+00:00,0.618,426.17896,below,400.03,411.2,397.67,404.99
2014-09-22T00:00:00+00:00,0.786,460.40392,below,400.03,411.2,397.67,404.99
2014-09-22T00:00:00+00:00,1.0,504.0,below,400.03,411.2,397.67,404.99
2014-09-23T00:00:00+00:00,0.236,348.35792,above,404.23,447.11,392.15,438.65
2014-09-23T00:00:00+00:00,0.382,378.10104,above,404.23,447.11,392.15,438.65
2014-09-23T00:00:00+00:00,0.5,402.14,touch,404.23,447.11,392.15,438.65
2014-09-23T00:00:00+00:00,0.618,426.17896,cross,404.23,447.11,392.15,438.65
2014-09-23T00:00:00+00:00,0.786,460.40392,below,404.23,447.11,392.15,438.65
2014-09-23T00:00:00+00:00,1.0,504.0,below,404.23,447.11,392.15,438.65
2014-09-24T00:00:00+00:00,0.236,348.35792,above,438.01,440.28,422.0,424.51
2014-09-24T00:00:00+00:00,0.382,378.10104,above,438.01,440.28,422.0,424.51
2014-09-24T00:00:00+00:00,0.5,402.14,above,438.01,440.28,422.0,424.51
2014-09-24T00:00:00+00:00,0.618,426.17896,cross,438.01,440.28,422.0,424.51
2014-09-24T00:00:00+00:00,0.786,460.40392,below,438.01,440.28,422.0,424.51
2014-09-24T00:00:00+00:00,1.0,504.0,below,438.01,440.28,422.0,424.51
2014-09-25T00:00:00+00:00,0.236,348.35792,above,424.51,426.97,402.33,409.86
2014-09-25T00:00:00+00:00,0.382,378.10104,above,424.51,426.97,402.33,409.86
2014-09-25T00:00:00+00:00,0.5,402.14,above,424.51,426.97,402.33,409.86
2014-09-25T00:00:00+00:00,0.618,426.17896,touch,424.51,426.97,402.33,409.86
2014-09-25T00:00:00+00:00,0.786,460.40392,below,424.51,426.97,402.33,409.86
2014-09-25T00:00:00+00:00,1.0,504.0,below,424.51,426.97,402.33,409.86
2014-09-26T00:00:00+00:00,0.236,348.35792,above,409.67,415.0,396.2,404.01
2014-09-26T00:00:00+00:00,0.382,378.10104,above,409.67,415.0,396.2,404.01
2014-09-26T00:00:00+00:00,0.5,402.14,touch,409.67,415.0,396.2,404.01
2014-09-26T00:00:00+00:00,0.618,426.17896,below,409.67,415.0,396.2,404.01
2014-09-26T00:00:00+00:00,0.786,460.40392,below,409.67,415.0,396.2,404.01
2014-09-26T00:00:00+00:00,1.0,504.0,below,409.67,415.0,396.2,404.01
2014-09-27T00:00:00+00:00,0.236,348.35792,above,404.03,409.04,393.2,399.8
2014-09-27T00:00:00+00:00,0.382,378.10104,above,404.03,409.04,393.2,399.8
2014-09-27T00:00:00+00:00,0.5,402.14,cross,404.03,409.04,393.2,399.8
2014-09-27T00:00:00+00:00,0.618,426.17896,below,404.03,409.04,393.2,399.8
2014-09-27T00:00:00+00:00,0.786,460.40392,below,404.03,409.04,393.2,399.8
2014-09-27T00:00:00+00:00,1.0,504.0,below,404.03,409.04,393.2,399.8
2014-09-28T00:00:00+00:00,0.236,348.35792,above,399.8,402.9,365.0,376.7
2014-09-28T00:00:00+00:00,0.382,378.10104,cross,399.8,402.9,365.0,376.7
2014-09-28T00:00:00+00:00,0.5,402.14,touch,399.8,402.9,365.0,376.7
2014-09-28T00:00:00+00:00,0.618,426.17896,below,399.8,402.9,365.0,376.7
2014-09-28T00:00:00+00:00,0.786,460.40392,below,399.8,402.9,365.0,376.7
2014-09-28T00:00:00+00:00,1.0,504.0,below,399.8,402.9,365.0,376.7
2014-09-29T00:00:00+00:00,0.236,348.35792,above,375.93,386.56,368.0,373.64
2014-09-29T00:00:00+00:00,0.382,378.10104,touch,375.93,386.56,368.0,373.64
2014-09-29T00:00:00+00:00,0.5,402.14,below,375.93,386.56,368.0,373.64
2014-09-29T00:00:00+00:00,0.618,426.17896,below,375.93,386.56,368.0,373.64
2014-09-29T00:00:00+00:00,0.786,460.40392,below,375.93,386.56,368.0,373.64
2014-09-29T00:00:00+00:00,1.0,504.0,below,375.93,386.56,368.0,373.64
2014-09-30T00:00:00+00:00,0.236,348.35792,above,373.64,398.7,370.0,387.0
2014-09-30T00:00:00+00:00,0.382,378.10104,cross,373.64,398.7,370.0,387.0
2014-09-30T00:00:00+00:00,0.5,402.14,below,373.64,398.7,370.0,387.0
2014-09-30T00:00:00+00:00,0.618,426.17896,below,373.64,398.7,370.0,387.0
2014-09-30T00:00:00+00:00,0.786,460.40392,below,373.64,398.7,370.0,387.0
2014-09-30T00:00:00+00:00,1.0,504.0,below,373.64,398.7,370.0,387.0
2014-10-01T00:00:00+00:00,0.236,348.35792,above,386.93,391.18,377.0,383.63
2014-10-01T00:00:00+00:00,0.382,378.10104,touch,386.93,391.18,377.0,383.63
2014-10-01T00:00:00+00:00,0.5,402.14,below,386.93,391.18,377.0,383.63
2014-10-01T00:00:00+00:00,0.618,426.17896,below,386.93,391.18,377.0,383.63
2014-10-01T00:00:00+00:00,0.786,460.40392,below,386.93,391.18,377.0,383.63
2014-10-01T00:00:00+00:00,1.0,504.0,below,386.93,391.18,377.0,383.63
2014-10-02T00:00:00+00:00,0.236,348.35792,above,382.72,385.52,367.8,371.39
2014-10-02T00:00:00+00:00,0.382,378.10104,cross,382.72,385.52,367.8,371.39
2014-10-02T00:00:00+00:00,0.5,402.14,below,382.72,385.52,367.8,371.39
2014-10-02T00:00:00+00:00,0.618,426.17896,below,382.72,385.52,367.8,371.39
2014-10-02T00:00:00+00:00,0.786,460.40392,below,382.72,385.52,367.8,371.39
2014-10-02T00:00:00+00:00,1.0,504.0,below,382.72,385.52,367.8,371.39
2014-10-03T00:00:00+00:00,0.236,348.35792,above,371.39,376.86,355.0,359.74
2014-10-03T00:00:00+00:00,0.382,378.10104,below,371.39,376.86,355.0,359.74
2014-10-03T00:00:00+00:00,0.5,402.14,below,371.39,376.86,355.0,359.74
2014-10-03T00:00:00+00:00,0.618,426.17896,below,371.39,376.86,355.0,359.74
2014-10-03T00:00:00+00:00,0.786,460.40392,below,371.39,376.86,355.0,359.74
2014-10-03T00:00:00+00:00,1.0,504.0,below,371.39,376.86,355.0,359.74
2014-10-04T00:00:00+00:00,0.236,348.35792,cross,358.93,367.05,321.5,328.25
2014-10-04T00:00:00+00:00,0.382,378.10104,below,358.93,367.05,321.5,328.25
2014-10-04T00:00:00+00:00,0.5,402.14,below,358.93,367.05,321.5,328.25
2014-10-04T00:00:00+00:00,0.618,426.17896,below,358.93,367.05,321.5,328.25
2014-10-04T00:00:00+00:00,0.786,460.40392,below,358.93,367.05,321.5,328.25
2014-10-04T00:00:00+00:00,1.0,504.0,below,358.93,367.05,321.5,328.25
2014-10-05T00:00:00+00:00,0.236,348.35792,below,327.36,346.69,275.0,319.9
2014-10-05T00:00:00+00:00,0.382,378.10104,below,327.36,346.69,275.0,319.9
2014-10-05T00:00:00+00:00,0.5,402.14,below,327.36,346.69,275.0,319.9
2014-10-05T00:00:00+00:00,0.618,426.17896,below,327.36,346.69,275.0,319.9
2014-10-05T00:00:00+00:00,0.786,460.40392,below,327.36,346.69,275.0,319.9
2014-10-05T00:00:00+00:00,1.0,504.0,below,327.36,346.69,275.0,319.9
2014-10-06T00:00:00+00:00,0.236,348.35792,below,319.9,346.89,301.0,327.56
2014-10-06T00:00:00+00:00,0.382,378.10104,below,319.9,346.89,301.0,327.56
2014-10-06T00:00:00+00:00,0.5,402.14,below,319.9,346.89,301.0,327.56
2014-10-06T00:00:00+00:00,0.618,426.17896,below,319.9,346.89,301.0,327.56
2014-10-06T00:00:00+00:00,0.786,460.40392,below,319.9,346.89,301.0,327.56
2014-10-06T00:00:00+00:00,1.0,504.0,below,319.9,346.89,301.0,327.56
2014-10-07T00:00:00+00:00,0.236,348.35792,below,327.59,340.0,317.0,335.97
2014-10-07T00:00:00+00:00,0.382,378.10104,below,327.59,340.0,317.0,335.97
2014-10-07T00:00:00+00:00,0.5,402.14,below,327.59,340.0,317.0,335.97
2014-10-07T00:00:00+00:00,0.618,426.17896,below,327.59,340.0,317.0,335.97
2014-10-07T00:00:00+00:00,0.786,460.40392,below,327.59,340.0,317.0,335.97
2014-10-07T00:00:00+00:00,1.0,504.0,below,327.59,340.0,317.0,335.97
2014-10-08T00:00:00+00:00,0.236,348.35792,cross,335.97,354.87,323.85,352.9
2014-10-08T00:00:00+00:00,0.382,378.10104,below,335.97,354.87,323.85,352.9
2014-10-08T00:00:00+00:00,0.5,402.14,below,335.97,354.87,323.85,352.9
2014-10-08T00:00:00+00:00,0.618,426.17896,below,335.97,354.87,323.85,352.9
2014-10-08T00:00:00+00:00,0.786,460.40392,below,335.97,354.87,323.85,352.9
2014-10-08T00:00:00+00:00,1.0,504.0,below,335.97,354.87,323.85,352.9
2014-10-09T00:00:00+00:00,0.236,348.35792,touch,353.0,387.13,347.14,364.0
2014-10-09T00:00:00+00:00,0.382,378.10104,touch,353.0,387.13,347.14,364.0
2014-10-09T00:00:00+00:00,0.5,402.14,below,353.0,387.13,347.14,364.0
2014-10-09T00:00:00+00:00,0.618,426.17896,below,353.0,387.13,347.14,364.0
2014-10-09T00:00:00+00:00,0.786,460.40392,below,353.0,387.13,347.14,364.0
2014-10-09T00:00:00+00:00,1.0,504.0,below,353.0,387.13,347.14,364.0
2014-10-10T00:00:00+00:00,0.236,348.35792,above,363.98,379.74,351.15,359.1
2014-10-10T00:00:00+00:00,0.382,378.10104,touch,363.98,379.74,351.15,359.1
2014-10-10T00:00:00+00:00,0.5,402.14,below,363.98,379.74,351.15,359.1
2014-10-10T00:00:00+00:00,0.618,426.17896,below,363.98,379.74,351.15,359.1
2014-10-10T00:00:00+00:00,0.786,460.40392,below,363.98,379.74,351.15,359.1
2014-10-10T00:00:00+00:00,1.0,504.0,below,363.98,379.74,351.15,359.1
2014-10-11T00:00:00+00:00,0.236,348.35792,above,359.1,368.5,351.0,360.66
2014-10-11T00:00:00+00:00,0.382,378.10104,below,359.1,368.5,351.0,360.66
2014-10-11T00:00:00+00:00,0.5,402.14,below,359.1,368.5,351.0,360.66
2014-10-11T00:00:00+00:00,0.618,426.17896,below,359.1,368.5,351.0,360.66
2014-10-11T00:00:00+00:00,0.786,460.40392,below,359.1,368.5,351.0,360.66
2014-10-11T00:00:00+00:00,1.0,504.0,below,359.1,368.5,351.0,360.66
2014-10-12T00:00:00+00:00,0.236,348.35792,above,361.01,382.46,351.86,378.05
2014-10-12T00:00:00+00:00,0.382,378.10104,touch,361.01,382.46,351.86,378.05
2014-10-12T00:00:00+00:00,0.5,402.14,below,361.01,382.46,351.86,378.05
2014-10-12T00:00:00+00:00,0.618,426.17896,below,361.01,382.46,351.86,378.05
2014-10-12T00:00:00+00:00,0.786,460.40392,below,361.01,382.46,351.86,378.05
2014-10-12T00:00:00+00:00,1.0,504.0,below,361.01,382.46,351.86,378.05
2014-10-13T00:00:00+00:00,0.236,348.35792,above,378.05,399.89,368.24,391.2
2014-10-13T00:00:00+00:00,0.382,378.10104,cross,378.05,399.89,368.24,391.2
2014-10-13T00:00:00+00:00,0.5,402.14,below,378.05,399.89,368.24,391.2
2014-10-13T00:00:00+00:00,0.618,426.17896,below,378.05,399.89,368.24,391.2
2014-10-13T00:00:00+00:00,0.786,460.40392,below,378.05,399.89,368.24,391.2
2014-10-13T00:00:00+00:00,1.0,504.0,below,378.05,399.89,368.24,391.2
2014-10-14T00:00:00+00:00,0.236,348.35792,above,391.5,414.42,391.5,399.0
2014-10-14T00:00:00+00:00,0.382,378.10104,above,391.5,414.42,391.5,399.0
2014-10-14T00:00:00+00:00,0.5,402.14,touch,391.5,414.42,391.5,399.0
2014-10-14T00:00:00+00:00,0.618,426.17896,below,391.5,414.42,391.5,399.0
2014-10-14T00:00:00+00:00,0.786,460.40392,below,391.5,414.42,391.5,399.0
2014-10-14T00:00:00+00:00,1.0,504.0,below,391.5,414.42,391.5,399.0
2014-10-15T00:00:00+00:00,0.236,348.35792,above,399.0,402.68,384.7,394.2
2014-10-15T00:00:00+00:00,0.382,378.10104,above,399.0,402.68,384.7,394.2
2014-10-15T00:00:00+00:00,0.5,402.14,touch,399.0,402.68,384.7,394.2
2014-10-15T00:00:00+00:00,0.618,426.17896,below,399.0,402.68,384.7,394.2
2014-10-15T00:00:00+00:00,0.786,460.40392,below,399.0,402.68,384.7,394.2
2014-10-15T00:00:00+00:00,1.0,504.0,below,399.0,402.68,384.7,394.2
2014-10-16T00:00:00+00:00,0.236,348.35792,above,394.2,400.0,370.21,381.6
2014-10-16T00:00:00+00:00,0.382,378.10104,touch,394.2,400.0,370.21,381.6
2014-10-16T00:00:00+00:00,0.5,402.14,below,394.2,400.0,370.21,381.6
2014-10-16T00:00:00+00:00,0.618,426.17896,below,394.2,400.0,370.21,381.6
2014-10-16T00:00:00+00:00,0.786,460.40392,below,394.2,400.0,370.21,381.6
2014-10-16T00:00:00+00:00,1.0,504.0,below,394.2,400.0,370.21,381.6
2014-10-17T00:00:00+00:00,0.236,348.35792,above,381.55,386.8,372.0,382.48
2014-10-17T00:00:00+00:00,0.382,378.10104,touch,381.55,386.8,372.0,382.48
2014-10-17T00:00:00+00:00,0.5,402.14,below,381.55,386.8,372.0,382.48
2014-10-17T00:00:00+00:00,0.618,426.17896,below,381.55,386.8,372.0,382.48
2014-10-17T00:00:00+00:00,0.786,460.40392,below,381.55,386.8,372.0,382.48
2014-10-17T00:00:00+00:00,1.0,504.0,below,381.55,386.8,372.0,382.48
2014-10-18T00:00:00+00:00,0.236,348.35792,above,381.24,396.0,376.4,390.9
2014-10-18T00:00:00+00:00,0.382,378.10104,touch,381.24,396.0,376.4,390.9
2014-10-18T00:00:00+00:00,0.5,402.14,below,381.24,396.0,376.4,390.9
2014-10-18T00:00:00+00:00,0.618,426.17896,below,381.24,396.0,376.4,390.9
2014-10-18T00:00:00+00:00,0.786,460.40392,below,381.24,396.0,376.4,390.9
2014-10-18T00:00:00+00:00,1.0,504.0,below,381.24,396.0,376.4,390.9
2014-10-19T00:00:00+00:00,0.236,348.35792,above,390.92,394.5,383.5,388.02
2014-10-19T00:00:00+00:00,0.382,378.10104,above,390.92,394.5,383.5,388.02
2014-10-19T00:00:00+00:00,0.5,402.14,below,390.92,394.5,383.5,388.02
2014-10-19T00:00:00+00:00,0.618,426.17896,below,390.92,394.5,383.5,388.02
2014-10-19T00:00:00+00:00,0.786,460.40392,below,390.92,394.5,383.5,388.02
2014-10-19T00:00:00+00:00,1.0,504.0,below,390.92,394.5,383.5,388.02
2014-10-20T00:00:00+00:00,0.236,348.35792,above,388.08,388.25,370.2,380.55
2014-10-20T00:00:00+00:00,0.382,378.10104,touch,388.08,388.25,370.2,380.55
2014-10-20T00:00:00+00:00,0.5,402.14,below,388.08,388.25,370.2,380.55
2014-10-20T00:00:00+00:00,0.618,426.17896,below,388.08,388.25,370.2,380.55
2014-10-20T00:00:00+00:00,0.786,460.40392,below,388.08,388.25,370.2,380.55
2014-10-20T00:00:00+00:00,1.0,504.0,below,388.08,388.25,370.2,380.55
2014-10-21T00:00:00+00:00,0.236,348.35792,above,380.86,394.0,376.66,384.0
2014-10-21T00:00:00+00:00,0.382,378.10104,touch,380.86,394.0,376.66,384.0
2014-10-21T00:00:00+00:00,0.5,402.14,below,380.86,394.0,376.66,384.0
2014-10-21T00:00:00+00:00,0.618,426.17896,below,380.86,394.0,376.66,384.0
2014-10-21T00:00:00+00:00,0.786,460.40392,below,380.86,394.0,376.66,384.0
2014-10-21T00:00:00+00:00,1.0,504.0,below,380.86,394.0,376.66,384.0
2014-10-22T00:00:00+00:00,0.236,348.35792,above,384.01,386.7,377.25,378.8
2014-10-22T00:00:00+00:00,0.382,378.10104,touch,384.01,386.7,377.25,378.8
2014-10-22T00:00:00+00:00,0.5,402.14,below,384.01,386.7,377.25,378.8
2014-10-22T00:00:00+00:00,0.618,426.17896,below,384.01,386.7,377.25,378.8
2014-10-22T00:00:00+00:00,0.786,460.40392,below,384.01,386.7,377.25,378.8
2014-10-22T00:00:00+00:00,1.0,504.0,below,384.01,386.7,377.25,378.8
2014-10-23T00:00:00+00:00,0.236,348.35792,above,378.79,383.6,355.0,357.87
2014-10-23T00:00:00+00:00,0.382,378.10104,cross,378.79,383.6,355.0,357.87
2014-10-23T00:00:00+00:00,0.5,402.14,below,378.79,383.6,355.0,357.87
2014-10-23T00:00:00+00:00,0.618,426.17896,below,378.79,383.6,355.0,357.87
2014-10-23T00:00:00+00:00,0.786,460.40392,below,378.79,383.6,355.0,357.87
2014-10-23T00:00:00+00:00,1.0,504.0,below,378.79,383.6,355.0,357.87
2014-10-24T00:00:00+00:00,0.236,348.35792,above,357.87,363.1,351.5,356.58
2014-10-24T00:00:00+00:00,0.382,378.10104,below,357.87,363.1,351.5,356.58
2014-10-24T00:00:00+00:00,0.5,402.14,below,357.87,363.1,351.5,356.58
2014-10-24T00:00:00+00:00,0.618,426.17896,below,357.87,363.1,351.5,356.58
2014-10-24T00:00:00+00:00,0.786,460.40392,below,357.87,363.1,351.5,356.58
2014-10-24T00:00:00+00:00,1.0,504.0,below,357.87,363.1,351.5,356.58
2014-10-25T00:00:00+00:00,0.236,348.35792,cross,356.58,358.88,337.65,344.62
2014-10-25T00:00:00+00:00,0.382,378.10104,below,356.58,358.88,337.65,344.62
2014-10-25T00:00:00+00:00,0.5,402.14,below,356.58,358.88,337.65,344.62
2014-10-25T00:00:00+00:00,0.618,426.17896,below,356.58,358.88,337.65,344.62
2014-10-25T00:00:00+00:00,0.786,460.40392,below,356.58,358.88,337.65,344.62
2014-10-25T00:00:00+00:00,1.0,504.0,below,356.58,358.88,337.65,344.62
2014-10-26T00:00:00+00:00,0.236,348.35792,cross,344.65,359.9,340.2,353.01
2014-10-26T00:00:00+00:00,0.382,378.10104,below,344.65,359.9,340.2,353.01
2014-10-26T00:00:00+00:00,0.5,402.14,below,344.65,359.9,340.2,353.01
2014-10-26T00:00:00+00:00,0.618,426.17896,below,344.65,359.9,340.2,353.01
2014-10-26T00:00:00+00:00,0.786,460.40392,below,344.65,359.9,340.2,353.01
2014-10-26T00:00:00+00:00,1.0,504.0,below,344.65,359.9,340.2,353.01
2014-10-27T00:00:00+00:00,0.236,348.35792,touch,353.07,359.47,346.44,349.01
2014-10-27T00:00:00+00:00,0.382,378.10104,below,353.07,359.47,346.44,349.01
2014-10-27T00:00:00+00:00,0.5,402.14,below,353.07,359.47,346.44,349.01
2014-10-27T00:00:00+00:00,0.618,426.17896,below,353.07,359.47,346.44,349.01
2014-10-27T00:00:00+00:00,0.786,460.40392,below,353.07,359.47,346.44,349.01
2014-10-27T00:00:00+00:00,1.0,504.0,below,353.07,359.47,346.44,349.01
2014-10-28T00:00:00+00:00,0.236,348.35792,touch,349.51,355.44,347.44,352.7
2014-10-28T00:00:00+00:00,0.382,378.10104,below,349.51,355.44,347.44,352.7
2014-10-28T00:00:00+00:00,0.5,402.14,below,349.51,355.44,347.44,352.7
2014-10-28T00:00:00+00:00,0.618,426.17896,below,349.51,355.44,347.44,352.7
2014-10-28T00:00:00+00:00,0.786,460.40392,below,349.51,355.44,347.44,352.7
2014-10-28T00:00:00+00:00,1.0,504.0,below,349.51,355.44,347.44,352.7
2014-10-29T00:00:00+00:00,0.236,348.35792,cross,352.71,353.78,332.0,333.58
2014-10-29T00:00:00+00:00,0.382,378.10104,below,352.71,353.78,332.0,333.58
2014-10-29T00:00:00+00:00,0.5,402.14,below,352.71,353.78,332.0,333.58
2014-10-29T00:00:00+00:00,0.618,426.17896,below,352.71,353.78,332.0,333.58
2014-10-29T00:00:00+00:00,0.786,460.40392,below,352.71,353.78,332.0,333.58
2014-10-29T00:00:00+00:00,1.0,504.0,below,352.71,353.78,332.0,333.58
2014-10-30T00:00:00+00:00,0.236,348.35792,touch,333.5,351.0,331.0,345.08
2014-10-30T00:00:00+00:00,0.382,378.10104,below,333.5,351.0,331.0,345.08
2014-10-30T00:00:00+00:00,0.5,402.14,below,333.5,351.0,331.0,345.08
2014-10-30T00:00:00+00:00,0.618,426.17896,below,333.5,351.0,331.0,345.08
2014-10-30T00:00:00+00:00,0.786,460.40392,below,333.5,351.0,331.0,345.08
2014-10-30T00:00:00+00:00,1.0,504.0,below,333.5,351.0,331.0,345.08
2014-10-31T00:00:00+00:00,0.236,348.35792,below,345.08,347.99,332.14,336.82
2014-10-31T00:00:00+00:00,0.382,378.10104,below,345.08,347.99,332.14,336.82
2014-10-31T00:00:00+00:00,0.5,402.14,below,345.08,347.99,332.14,336.82
2014-10-31T00:00:00+00:00,0.618,426.17896,below,345.08,347.99,332.14,336.82
2014-10-31T00:00:00+00:00,0.786,460.40392,below,345.08,347.99,332.14,336.82
2014-10-31T00:00:00+00:00,1.0,504.0,below,345.08,347.99,332.14,336.82
2014-11-01T00:00:00+00:00,0.236,348.35792,below,336.72,339.0,315.54,325.9
2014-11-01T00:00:00+00:00,0.382,378.10104,below,336.72,339.0,315.54,325.9
2014-11-01T00:00:00+00:00,0.5,402.14,below,336.72,339.0,315.54,325.9
2014-11-01T00:00:00+00:00,0.618,426.17896,below,336.72,339.0,315.54,325.9
2014-11-01T00:00:00+00:00,0.786,460.40392,below,336.72,339.0,315.54,325.9
2014-11-01T00:00:00+00:00,1.0,504.0,below,336.72,339.0,315.54,325.9
2014-11-02T00:00:00+00:00,0.236,348.35792,below,325.9,329.55,317.7,323.82
2014-11-02T00:00:00+00:00,0.382,378.10104,below,325.9,329.55,317.7,323.82
2014-11-02T00:00:00+00:00,0.5,402.14,below,325.9,329.55,317.7,323.82
2014-11-02T00:00:00+00:00,0.618,426.17896,below,325.9,329.55,317.7,323.82
2014-11-02T00:00:00+00:00,0.786,460.40392,below,325.9,329.55,317.7,323.82
2014-11-02T00:00:00+00:00,1.0,504.0,below,325.9,329.55,317.7,323.82
2014-11-03T00:00:00+00:00,0.236,348.35792,below,323.8,334.14,323.8,325.0
2014-11-03T00:00:00+00:00,0.382,378.10104,below,323.8,334.14,323.8,325.0
2014-11-03T00:00:00+00:00,0.5,402.14,below,323.8,334.14,323.8,325.0
2014-11-03T00:00:00+00:00,0.618,426.17896,below,323.8,334.14,323.8,325.0
2014-11-03T00:00:00+00:00,0.786,460.40392,below,323.8,334.14,323.8,325.0
2014-11-03T00:00:00+00:00,1.0,504.0,below,323.8,334.14,323.8,325.0
2014-11-04T00:00:00+00:00,0.236,348.35792,below,324.83,331.28,321.0,329.66
2014-11-04T00:00:00+00:00,0.382,378.10104,below,324.83,331.28,321.0,329.66
2014-11-04T00:00:00+00:00,0.5,402.14,below,324.83,331.28,321.0,329.66
2014-11-04T00:00:00+00:00,0.618,426.17896,below,324.83,331.28,321.0,329.66
2014-11-04T00:00:00+00:00,0.786,460.40392,below,324.83,331.28,321.0,329.66
2014-11-04T00:00:00+00:00,1.0,504.0,below,324.83,331.28,321.0,329.66
2014-11-05T00:00:00+00:00,0.236,348.35792,below,329.75,342.54,329.75,338.62
2014-11-05T00:00:00+00:00,0.382,378.10104,below,329.75,342.54,329.75,338.62
2014-11-05T00:00:00+00:00,0.5,402.14,below,329.75,342.54,329.75,338.62
2014-11-05T00:00:00+00:00,0.618,426.17896,below,329.75,342.54,329.75,338.62
2014-11-05T00:00:00+00:00,0.786,460.40392,below,329.75,342.54,329.75,338.62
2014-11-05T00:00:00+00:00,1.0,504.0,below,329.75,342.54,329.75,338.62
2014-11-06T00:00:00+00:00,0.236,348.35792,cross,338.62,354.32,336.32,350.48
2014-11-06T00:00:00+00:00,0.382,378.10104,below,338.62,354.32,336.32,350.48
2014-11-06T00:00:00+00:00,0.5,402.14,below,338.62,354.32,336.32,350.48
2014-11-06T00:00:00+00:00,0.618,426.17896,below,338.62,354.32,336.32,350.48
2014-11-06T00:00:00+00:00,0.786,460.40392,below,338.62,354.32,336.32,350.48
2014-11-06T00:00:00+00:00,1.0,504.0,below,338.62,354.32,336.32,350.48
2014-11-07T00:00:00+00:00,0.236,348.35792,cross,350.49,354.0,338.1,341.84
2014-11-07T00:00:00+00:00,0.382,378.10104,below,350.49,354.0,338.1,341.84
2014-11-07T00:00:00+00:00,0.5,402.14,below,350.49,354.0,338.1,341.84
2014-11-07T00:00:00+00:00,0.618,426.17896,below,350.49,354.0,338.1,341.84
2014-11-07T00:00:00+00:00,0.786,460.40392,below,350.49,354.0,338.1,341.84
2014-11-07T00:00:00+00:00,1.0,504.0,below,350.49,354.0,338.1,341.84
2014-11-08T00:00:00+00:00,0.236,348.35792,below,342.04,348.3,341.0,345.0
2014-11-08T00:00:00+00:00,0.382,378.10104,below,342.04,348.3,341.0,345.0
2014-11-08T00:00:00+00:00,0.5,402.14,below,342.04,348.3,341.0,345.0
2014-11-08T00:00:00+00:00,0.618,426.17896,below,342.04,348.3,341.0,345.0
2014-11-08T00:00:00+00:00,0.786,460.40392,below,342.04,348.3,341.0,345.0
2014-11-08T00:00:00+00:00,1.0,504.0,below,342.04,348.3,341.0,345.0
2014-11-09T00:00:00+00:00,0.236,348.35792,cross,345.01,364.12,343.41,362.61
2014-11-09T00:00:00+00:00,0.382,378.10104,below,345.01,364.12,343.41,362.61
2014-11-09T00:00:00+00:00,0.5,402.14,below,345.01,364.12,343.41,362.61
2014-11-09T00:00:00+00:00,0.618,426.17896,below,345.01,364.12,343.41,362.61
2014-11-09T00:00:00+00:00,0.786,460.40392,below,345.01,364.12,343.41,362.61
2014-11-09T00:00:00+00:00,1.0,504.0,below,345.01,364.12,343.41,362.61
2014-11-10T00:00:00+00:00,0.236,348.35792,above,362.6,374.26,356.33,366.07
2014-11-10T00:00:00+00:00,0.382,378.10104,below,362.6,374.26,356.33,366.07
2014-11-10T00:00:00+00:00,0.5,402.14,below,362.6,374.26,356.33,366.07
2014-11-10T00:00:00+00:00,0.618,426.17896,below,362.6,374.26,356.33,366.07
2014-11-10T00:00:00+00:00,0.786,460.40392,below,362.6,374.26,356.33,366.07
2014-11-10T00:00:00+00:00,1.0,504.0,below,362.6,374.26,356.33,366.07
2014-11-11T00:00:00+00:00,0.236,348.35792,above,366.17,371.45,360.74,367.65
2014-11-11T00:00:00+00:00,0.382,378.10104,below,366.17,371.45,360.74,367.65
2014-11-11T00:00:00+00:00,0.5,402.14,below,366.17,371.45,360.74,367.65
2014-11-11T00:00:00+00:00,0.618,426.17896,below,366.17,371.45,360.74,367.65
2014-11-11T00:00:00+00:00,0.786,460.40392,below,366.17,371.45,360.74,367.65
2014-11-11T00:00:00+00:00,1.0,504.0,below,366.17,371.45,360.74,367.65
2014-11-12T00:00:00+00:00,0.236,348.35792,above,367.66,436.0,367.59,433.56
2014-11-12T00:00:00+00:00,0.382,378.10104,cross,367.66,436.0,367.59,433.56
2014-11-12T00:00:00+00:00,0.5,402.14,cross,367.66,436.0,367.59,433.56
2014-11-12T00:00:00+00:00,0.618,426.17896,cross,367.66,436.0,367.59,433.56
2014-11-12T00:00:00+00:00,0.786,460.40392,below,367.66,436.0,367.59,433.56
2014-11-12T00:00:00+00:00,1.0,504.0,below,367.66,436.0,367.59,433.56
2014-11-13T00:00:00+00:00,0.236,348.35792,above,432.0,475.0,381.56,417.65
2014-11-13T00:00:00+00:00,0.382,378.10104,above,432.0,475.0,381.56,417.65
2014-11-13T00:00:00+00:00,0.5,402.14,touch,432.0,475.0,381.56,417.65
2014-11-13T00:00:00+00:00,0.618,426.17896,cross,432.0,475.0,381.56,417.65
2014-11-13T00:00:00+00:00,0.786,460.40392,touch,432.0,475.0,381.56,417.65
2014-11-13T00:00:00+00:00,1.0,504.0,below,432.0,475.0,381.56,417.65
2014-11-14T00:00:00+00:00,0.236,348.35792,above,417.65,425.67,382.22,399.99
2014-11-14T00:00:00+00:00,0.382,378.10104,above,417.65,425.67,382.22,399.99
2014-11-14T00:00:00+00:00,0.5,402.14,cross,417.65,425.67,382.22,399.99
2014-11-14T00:00:00+00:00,0.618,426.17896,below,417.65,425.67,382.22,399.99
2014-11-14T00:00:00+00:00,0.786,460.40392,below,417.65,425.67,382.22,399.99
2014-11-14T00:00:00+00:00,1.0,504.0,below,417.65,425.67,382.22,399.99
2014-11-15T00:00:00+00:00,0.236,348.35792,above,400.0,410.1,368.0,375.34
2014-11-15T00:00:00+00:00,0.382,378.10104,cross,400.0,410.1,368.0,375.34
2014-11-15T00:00:00+00:00,0.5,402.14,touch,400.0,410.1,368.0,375.34
2014-11-15T00:00:00+00:00,0.618,426.17896,below,400.0,410.1,368.0,375.34
2014-11-15T00:00:00+00:00,0.786,460.40392,below,400.0,410.1,368.0,375.34
2014-11-15T00:00:00+00:00,1.0,504.0,below,400.0,410.1,368.0,375.34
2014-11-16T00:00:00+00:00,0.236,348.35792,above,375.37,399.9,372.5,391.65
2014-11-16T00:00:00+00:00,0.382,378.10104,cross,375.37,399.9,372.5,391.65
2014-11-16T00:00:00+00:00,0.5,402.14,below,375.37,399.9,372.5,391.65
2014-11-16T00:00:00+00:00,0.618,426.17896,below,375.37,399.9,372.5,391.65
2014-11-16T00:00:00+00:00,0.786,460.40392,below,375.37,399.9,372.5,391.65
2014-11-16T00:00:00+00:00,1.0,504.0,below,375.37,399.9,372.5,391.65
2014-11-17T00:00:00+00:00,0.236,348.35792,above,391.8,413.48,373.0,387.5
2014-11-17T00:00:00+00:00,0.382,378.10104,touch,391.8,413.48,373.0,387.5
2014-11-17T00:00:00+00:00,0.5,402.14,touch,391.8,413.48,373.0,387.5
2014-11-17T00:00:00+00:00,0.618,426.17896,below,391.8,413.48,373.0,387.5
2014-11-17T00:00:00+00:00,0.786,460.40392,below,391.8,413.48,373.0,387.5
2014-11-17T00:00:00+00:00,1.0,504.0,below,391.8,413.48,373.0,387.5
2014-11-18T00:00:00+00:00,0.236,348.35792,above,387.5,393.0,366.46,372.85
2014-11-18T00:00:00+00:00,0.382,378.10104,cross,387.5,393.0,366.46,372.85
2014-11-18T00:00:00+00:00,0.5,402.14,below,387.5,393.0,366.46,372.85
2014-11-18T00:00:00+00:00,0.618,426.17896,below,387.5,393.0,366.46,372.85
2014-11-18T00:00:00+00:00,0.786,460.40392,below,387.5,393.0,366.46,372.85
2014-11-18T00:00:00+00:00,1.0,504.0,below,387.5,393.0,366.46,372.85
2014-11-19T00:00:00+00:00,0.236,348.35792,above,372.89,386.0,368.55,375.26
2014-11-19T00:00:00+00:00,0.382,378.10104,touch,372.89,386.0,368.55,375.26
2014-11-19T00:00:00+00:00,0.5,402.14,below,372.89,386.0,368.55,375.26
2014-11-19T00:00:00+00:00,0.618,426.17896,below,372.89,386.0,368.55,375.26
2014-11-19T00:00:00+00:00,0.786,460.40392,below,372.89,386.0,368.55,375.26
2014-11-19T00:00:00+00:00,1.0,504.0,below,372.89,386.0,368.55,375.26
2014-11-20T00:00:00+00:00,0.236,348.35792,above,376.73,379.5,352.01,356.77
2014-11-20T00:00:00+00:00,0.382,378.10104,touch,376.73,379.5,352.01,356.77
2014-11-20T00:00:00+00:00,0.5,402.14,below,376.73,379.5,352.01,356.77
2014-11-20T00:00:00+00:00,0.618,426.17896,below,376.73,379.5,352.01,356.77
2014-11-20T00:00:00+00:00,0.786,460.40392,below,376.73,379.5,352.01,356.77
2014-11-20T00:00:00+00:00,1.0,504.0,below,376.73,379.5,352.01,356.77
2014-11-21T00:00:00+00:00,0.236,348.35792,touch,356.59,357.39,340.0,350.46
2014-11-21T00:00:00+00:00,0.382,378.10104,below,356.59,357.39,340.0,350.46
2014-11-21T00:00:00+00:00,0.5,402.14,below,356.59,357.39,340.0,350.46
2014-11-21T00:00:00+00:00,0.618,426.17896,below,356.59,357.39,340.0,350.46
2014-11-21T00:00:00+00:00,0.786,460.40392,below,356.59,357.39,340.0,350.46
2014-11-21T00:00:00+00:00,1.0,504.0,below,356.59,357.39,340.0,350.46
2014-11-22T00:00:00+00:00,0.236,348.35792,above,350.11,365.3,349.1,352.81
2014-11-22T00:00:00+00:00,0.382,378.10104,below,350.11,365.3,349.1,352.81
2014-11-22T00:00:00+00:00,0.5,402.14,below,350.11,365.3,349.1,352.81
2014-11-22T00:00:00+00:00,0.618,426.17896,below,350.11,365.3,349.1,352.81
2014-11-22T00:00:00+00:00,0.786,460.40392,below,350.11,365.3,349.1,352.81
2014-11-22T00:00:00+00:00,1.0,504.0,below,350.11,365.3,349.1,352.81
2014-11-23T00:00:00+00:00,0.236,348.35792,above,352.44,372.28,351.5,368.25
2014-11-23T00:00:00+00:00,0.382,378.10104,below,352.44,372.28,351.5,368.25
2014-11-23T00:00:00+00:00,0.5,402.14,below,352.44,372.28,351.5,368.25
2014-11-23T00:00:00+00:00,0.618,426.17896,below,352.44,372.28,351.5,368.25
2014-11-23T00:00:00+00:00,0.786,460.40392,below,352.44,372.28,351.5,368.25
2014-11-23T00:00:00+00:00,1.0,504.0,below,352.44,372.28,351.5,368.25
2014-11-24T00:00:00+00:00,0.236,348.35792,above,368.0,391.92,363.62,376.05
2014-11-24T00:00:00+00:00,0.382,378.10104,touch,368.0,391.92,363.62,376.05
2014-11-24T00:00:00+00:00,0.5,402.14,below,368.0,391.92,363.62,376.05
2014-11-24T00:00:00+00:00,0.618,426.17896,below,368.0,391.92,363.62,376.05
2014-11-24T00:00:00+00:00,0.786,460.40392,below,368.0,391.92,363.62,376.05
2014-11-24T00:00:00+00:00,1.0,504.0,below,368.0,391.92,363.62,376.05
2014-11-25T00:00:00+00:00,0.236,348.35792,above,376.06,396.87,375.08,377.02
2014-11-25T00:00:00+00:00,0.382,378.10104,touch,376.06,396.87,375.08,377.02
2014-11-25T00:00:00+00:00,0.5,402.14,below,376.06,396.87,375.08,377.02
2014-11-25T00:00:00+00:00,0.618,426.17896,below,376.06,396.87,375.08,377.02
2014-11-25T00:00:00+00:00,0.786,460.40392,below,376.06,396.87,375.08,377.02
2014-11-25T00:00:00+00:00,1.0,504.0,below,376.06,396.87,375.08,377.02
2014-11-26T00:00:00+00:00,0.236,348.35792,above,377.0,379.26,365.22,369.99
2014-11-26T00:00:00+00:00,0.382,378.10104,touch,377.0,379.26,365.22,369.99
2014-11-26T00:00:00+00:00,0.5,402.14,below,377.0,379.26,365.22,369.99
2014-11-26T00:00:00+00:00,0.618,426.17896,below,377.0,379.26,365.22,369.99
2014-11-26T00:00:00+00:00,0.786,460.40392,below,377.0,379.26,365.22,369.99
2014-11-26T00:00:00+00:00,1.0,504.0,below,377.0,379.26,365.22,369.99
2014-11-27T00:00:00+00:00,0.236,348.35792,above,370.0,375.0,368.15,370.0
2014-11-27T00:00:00+00:00,0.382,378.10104,below,370.0,375.0,368.15,370.0
2014-11-27T00:00:00+00:00,0.5,402.14,below,370.0,375.0,368.15,370.0
2014-11-27T00:00:00+00:00,0.618,426.17896,below,370.0,375.0,368.15,370.0
2014-11-27T00:00:00+00:00,0.786,460.40392,below,370.0,375.0,368.15,370.0
2014-11-27T00:00:00+00:00,1.0,504.0,below,370.0,375.0,368.15,370.0
2014-11-28T00:00:00+00:00,0.236,348.35792,above,369.99,387.5,355.51,377.43
2014-11-28T00:00:00+00:00,0.382,378.10104,touch,369.99,387.5,355.51,377.43
2014-11-28T00:00:00+00:00,0.5,402.14,below,369.99,387.5,355.51,377.43
2014-11-28T00:00:00+00:00,0.618,426.17896,below,369.99,387.5,355.51,377.43
2014-11-28T00:00:00+00:00,0.786,460.40392,below,369.99,387.5,355.51,377.43
2014-11-28T00:00:00+00:00,1.0,504.0,below,369.99,387.5,355.51,377.43
2014-11-29T00:00:00+00:00,0.236,348.35792,above,377.79,390.0,371.0,376.28
2014-11-29T00:00:00+00:00,0.382,378.10104,touch,377.79,390.0,371.0,376.28
2014-11-29T00:00:00+00:00,0.5,402.14,below,377.79,390.0,371.0,376.28
2014-11-29T00:00:00+00:00,0.618,426.17896,below,377.79,390.0,371.0,376.28
2014-11-29T00:00:00+00:00,0.786,460.40392,below,377.79,390.0,371.0,376.28
2014-11-29T00:00:00+00:00,1.0,504.0,below,377.79,390.0,371.0,376.28
2014-11-30T00:00:00+00:00,0.236,348.35792,above,376.07,385.59,373.7,379.89
2014-11-30T00:00:00+00:00,0.382,378.10104,cross,376.07,385.59,373.7,379.89
2014-11-30T00:00:00+00:00,0.5,402.14,below,376.07,385.59,373.7,379.89
2014-11-30T00:00:00+00:00,0.618,426.17896,below,376.07,385.59,373.7,379.89
2014-11-30T00:00:00+00:00,0.786,460.40392,below,376.07,385.59,373.7,379.89
2014-11-30T00:00:00+00:00,1.0,504.0,below,376.07,385.59,373.7,379.89
2014-12-01T00:00:00+00:00,0.236,348.35792,above,379.67,386.5,377.3,382.0
2014-12-01T00:00:00+00:00,0.382,378.10104,touch,379.67,386.5,377.3,382.0
2014-12-01T00:00:00+00:00,0.5,402.14,below,379.67,386.5,377.3,382.0
2014-12-01T00:00:00+00:00,0.618,426.17896,below,379.67,386.5,377.3,382.0
2014-12-01T00:00:00+00:00,0.786,460.40392,below,379.67,386.5,377.3,382.0
2014-12-01T00:00:00+00:00,1.0,504.0,below,379.67,386.5,377.3,382.0
2014-12-02T00:00:00+00:00,0.236,348.35792,above,382.0,387.99,379.08,384.5
2014-12-02T00:00:00+00:00,0.382,378.10104,above,382.0,387.99,379.08,384.5
2014-12-02T00:00:00+00:00,0.5,402.14,below,382.0,387.99,379.08,384.5
2014-12-02T00:00:00+00:00,0.618,426.17896,below,382.0,387.99,379.08,384.5
2014-12-02T00:00:00+00:00,0.786,460.40392,below,382.0,387.99,379.08,384.5
2014-12-02T00:00:00+00:00,1.0,504.0,below,382.0,387.99,379.08,384.5
2014-12-03T00:00:00+00:00,0.236,348.35792,above,384.67,386.3,372.64,376.0
2014-12-03T00:00:00+00:00,0.382,378.10104,cross,384.67,386.3,372.64,376.0
2014-12-03T00:00:00+00:00,0.5,402.14,below,384.67,386.3,372.64,376.0
2014-12-03T00:00:00+00:00,0.618,426.17896,below,384.67,386.3,372.64,376.0
2014-12-03T00:00:00+00:00,0.786,460.40392,below,384.67,386.3,372.64,376.0
2014-12-03T00:00:00+00:00,1.0,504.0,below,384.67,386.3,372.64,376.0
2014-12-04T00:00:00+00:00,0.236,348.35792,above,376.24,380.33,367.8,370.99
2014-12-04T00:00:00+00:00,0.382,378.10104,touch,376.24,380.33,367.8,370.99
2014-12-04T00:00:00+00:00,0.5,402.14,below,376.24,380.33,367.8,370.99
2014-12-04T00:00:00+00:00,0.618,426.17896,below,376.24,380.33,367.8,370.99
2014-12-04T00:00:00+00:00,0.786,460.40392,below,376.24,380.33,367.8,370.99
2014-12-04T00:00:00+00:00,1.0,504.0,below,376.24,380.33,367.8,370.99
2014-12-05T00:00:00+00:00,0.236,348.35792,above,370.74,382.51,366.1,378.18
2014-12-05T00:00:00+00:00,0.382,378.10104,cross,370.74,382.51,366.1,378.18
2014-12-05T00:00:00+00:00,0.5,402.14,below,370.74,382.51,366.1,378.18
2014-12-05T00:00:00+00:00,0.618,426.17896,below,370.74,382.51,366.1,378.18
2014-12-05T00:00:00+00:00,0.786,460.40392,below,370.74,382.51,366.1,378.18
2014-12-05T00:00:00+00:00,1.0,504.0,below,370.74,382.51,366.1,378.18
2014-12-06T00:00:00+00:00,0.236,348.35792,above,378.3,381.19,370.11,376.69
2014-12-06T00:00:00+00:00,0.382,378.10104,cross,378.3,381.19,370.11,376.69
2014-12-06T00:00:00+00:00,0.5,402.14,below,378.3,381.19,370.11,376.69
2014-12-06T00:00:00+00:00,0.618,426.17896,below,378.3,381.19,370.11,376.69
2014-12-06T00:00:00+00:00,0.786,460.40392,below,378.3,381.19,370.11,376.69
2014-12-06T00:00:00+00:00,1.0,504.0,below,378.3,381.19,370.11,376.69
2014-12-07T00:00:00+00:00,0.236,348.35792,above,376.59,379.8,373.01,376.02
2014-12-07T00:00:00+00:00,0.382,378.10104,touch,376.59,379.8,373.01,376.02
2014-12-07T00:00:00+00:00,0.5,402.14,below,376.59,379.8,373.01,376.02
2014-12-07T00:00:00+00:00,0.618,426.17896,below,376.59,379.8,373.01,376.02
2014-12-07T00:00:00+00:00,0.786,460.40392,below,376.59,379.8,373.01,376.02
2014-12-07T00:00:00+00:00,1.0,504.0,below,376.59,379.8,373.01,376.02
2014-12-08T00:00:00+00:00,0.236,348.35792,above,376.29,378.34,362.11,362.11
2014-12-08T00:00:00+00:00,0.382,378.10104,touch,376.29,378.34,362.11,362.11
2014-12-08T00:00:00+00:00,0.5,402.14,below,376.29,378.34,362.11,362.11
2014-12-08T00:00:00+00:00,0.618,426.17896,below,376.29,378.34,362.11,362.11
2014-12-08T00:00:00+00:00,0.786,460.40392,below,376.29,378.34,362.11,362.11
2014-12-08T00:00:00+00:00,1.0,504.0,below,376.29,378.34,362.11,362.11
2014-12-09T00:00:00+00:00,0.236,348.35792,touch,362.1,363.91,343.0,351.99
2014-12-09T00:00:00+00:00,0.382,378.10104,below,362.1,363.91,343.0,351.99
2014-12-09T00:00:00+00:00,0.5,402.14,below,362.1,363.91,343.0,351.99
2014-12-09T00:00:00+00:00,0.618,426.17896,below,362.1,363.91,343.0,351.99
2014-12-09T00:00:00+00:00,0.786,460.40392,below,362.1,363.91,343.0,351.99
2014-12-09T00:00:00+00:00,1.0,504.0,below,362.1,363.91,343.0,351.99
2014-12-10T00:00:00+00:00,0.236,348.35792,cross,352.0,352.5,345.0,345.08
2014-12-10T00:00:00+00:00,0.382,378.10104,below,352.0,352.5,345.0,345.08
2014-12-10T00:00:00+00:00,0.5,402.14,below,352.0,352.5,345.0,345.08
2014-12-10T00:00:00+00:00,0.618,426.17896,below,352.0,352.5,345.0,345.08
2014-12-10T00:00:00+00:00,0.786,460.40392,below,352.0,352.5,345.0,345.08
2014-12-10T00:00:00+00:00,1.0,504.0,below,352.0,352.5,345.0,345.08
2014-12-11T00:00:00+00:00,0.236,348.35792,cross,345.12,362.99,335.7,348.53
2014-12-11T00:00:00+00:00,0.382,378.10104,below,345.12,362.99,335.7,348.53
2014-12-11T00:00:00+00:00,0.5,402.14,below,345.12,362.99,335.7,348.53
2014-12-11T00:00:00+00:00,0.618,426.17896,below,345.12,362.99,335.7,348.53
2014-12-11T00:00:00+00:00,0.786,460.40392,below,345.12,362.99,335.7,348.53
2014-12-11T00:00:00+00:00,1.0,504.0,below,345.12,362.99,335.7,348.53
2014-12-12T00:00:00+00:00,0.236,348.35792,cross,348.06,354.9,346.11,352.29
2014-12-12T00:00:00+00:00,0.382,378.10104,below,348.06,354.9,346.11,352.29
2014-12-12T00:00:00+00:00,0.5,402.14,below,348.06,354.9,346.11,352.29
2014-12-12T00:00:00+00:00,0.618,426.17896,below,348.06,354.9,346.11,352.29
2014-12-12T00:00:00+00:00,0.786,460.40392,below,348.06,354.9,346.11,352.29
2014-12-12T00:00:00+00:00,1.0,504.0,below,348.06,354.9,346.11,352.29
2014-12-13T00:00:00+00:00,0.236,348.35792,cross,352.49,352.49,344.11,346.56
2014-12-13T00:00:00+00:00,0.382,378.10104,below,352.49,352.49,344.11,346.56
2014-12-13T00:00:00+00:00,0.5,402.14,below,352.49,352.49,344.11,346.56
2014-12-13T00:00:00+00:00,0.618,426.17896,below,352.49,352.49,344.11,346.56
2014-12-13T00:00:00+00:00,0.786,460.40392,below,352.49,352.49,344.11,346.56
2014-12-13T00:00:00+00:00,1.0,504.0,below,352.49,352.49,344.11,346.56
2014-12-14T00:00:00+00:00,0.236,348.35792,cross,346.56,358.0,345.04,353.65
2014-12-14T00:00:00+00:00,0.382,378.10104,below,346.56,358.0,345.04,353.65
2014-12-14T00:00:00+00:00,0.5,402.14,below,346.56,358.0,345.04,353.65
2014-12-14T00:00:00+00:00,0.618,426.17896,below,346.56,358.0,345.04,353.65
2014-12-14T00:00:00+00:00,0.786,460.40392,below,346.56,358.0,345.04,353.65
2014-12-14T00:00:00+00:00,1.0,504.0,below,346.56,358.0,345.04,353.65
2014-12-15T00:00:00+00:00,0.236,348.35792,cross,353.7,354.6,345.45,346.01
2014-12-15T00:00:00+00:00,0.382,378.10104,below,353.7,354.6,345.45,346.01
2014-12-15T00:00:00+00:00,0.5,402.14,below,353.7,354.6,345.45,346.01
2014-12-15T00:00:00+00:00,0.618,426.17896,below,353.7,354.6,345.45,346.01
2014-12-15T00:00:00+00:00,0.786,460.40392,below,353.7,354.6,345.45,346.01
2014-12-15T00:00:00+00:00,1.0,504.0,below,353.7,354.6,345.45,346.01
2014-12-16T00:00:00+00:00,0.236,348.35792,below,346.34,346.93,325.1,325.1
2014-12-16T00:00:00+00:00,0.382,378.10104,below,346.34,346.93,325.1,325.1
2014-12-16T00:00:00+00:00,0.5,402.14,below,346.34,346.93,325.1,325.1
2014-12-16T00:00:00+00:00,0.618,426.17896,below,346.34,346.93,325.1,325.1
2014-12-16T00:00:00+00:00,0.786,460.40392,below,346.34,346.93,325.1,325.1
2014-12-16T00:00:00+00:00,1.0,504.0,below,346.34,346.93,325.1,325.1
2014-12-17T00:00:00+00:00,0.236,348.35792,below,325.13,335.0,314.21,318.86
2014-12-17T00:00:00+00:00,0.382,378.10104,below,325.13,335.0,314.21,318.86
2014-12-17T00:00:00+00:00,0.5,402.14,below,325.13,335.0,314.21,318.86
2014-12-17T00:00:00+00:00,0.618,426.17896,below,325.13,335.0,314.21,318.86
2014-12-17T00:00:00+00:00,0.786,460.40392,below,325.13,335.0,314.21,318.86
2014-12-17T00:00:00+00:00,1.0,504.0,below,325.13,335.0,314.21,318.86
2014-12-18T00:00:00+00:00,0.236,348.35792,below,319.5,325.0,302.32,311.77
2014-12-18T00:00:00+00:00,0.382,378.10104,below,319.5,325.0,302.32,311.77
2014-12-18T00:00:00+00:00,0.5,402.14,below,319.5,325.0,302.32,311.77
2014-12-18T00:00:00+00:00,0.618,426.17896,below,319.5,325.0,302.32,311.77
2014-12-18T00:00:00+00:00,0.786,460.40392,below,319.5,325.0,302.32,311.77
2014-12-18T00:00:00+00:00,1.0,504.0,below,319.5,325.0,302.32,311.77
2014-12-19T00:00:00+00:00,0.236,348.35792,below,311.76,319.97,305.6,318.47
2014-12-19T00:00:00+00:00,0.382,378.10104,below,311.76,319.97,305.6,318.47
2014-12-19T00:00:00+00:00,0.5,402.14,below,311.76,319.97,305.6,318.47
2014-12-19T00:00:00+00:00,0.618,426.17896,below,311.76,319.97,305.6,318.47
2014-12-19T00:00:00+00:00,0.786,460.40392,below,311.76,319.97,305.6,318.47
2014-12-19T00:00:00+00:00,1.0,504.0,below,311.76,319.97,305.6,318.47
2014-12-20T00:00:00+00:00,0.236,348.35792,below,318.47,330.0,315.3,329.66
2014-12-20T00:00:00+00:00,0.382,378.10104,below,318.47,330.0,315.3,329.66
2014-12-20T00:00:00+00:00,0.5,402.14,below,318.47,330.0,315.3,329.66
2014-12-20T00:00:00+00:00,0.618,426.17896,below,318.47,330.0,315.3,329.66
2014-12-20T00:00:00+00:00,0.786,460.40392,below,318.47,330.0,315.3,329.66
2014-12-20T00:00:00+00:00,1.0,504.0,below,318.47,330.0,315.3,329.66
2014-12-21T00:00:00+00:00,0.236,348.35792,below,329.69,329.73,316.85,320.79
2014-12-21T00:00:00+00:00,0.382,378.10104,below,329.69,329.73,316.85,320.79
2014-12-21T00:00:00+00:00,0.5,402.14,below,329.69,329.73,316.85,320.79
2014-12-21T00:00:00+00:00,0.618,426.17896,below,329.69,329.73,316.85,320.79
2014-12-21T00:00:00+00:00,0.786,460.40392,below,329.69,329.73,316.85,320.79
2014-12-21T00:00:00+00:00,1.0,504.0,below,329.69,329.73,316.85,320.79
2014-12-22T00:00:00+00:00,0.236,348.35792,below,321.19,336.85,319.64,332.63
2014-12-22T00:00:00+00:00,0.382,378.10104,below,321.19,336.85,319.64,332.63
2014-12-22T00:00:00+00:00,0.5,402.14,below,321.19,336.85,319.64,332.63
2014-12-22T00:00:00+00:00,0.618,426.17896,below,321.19,336.85,319.64,332.63
2014-12-22T00:00:00+00:00,0.786,460.40392,below,321.19,336.85,319.64,332.63
2014-12-22T00:00:00+00:00,1.0,504.0,below,321.19,336.85,319.64,332.63
2014-12-23T00:00:00+00:00,0.236,348.35792,below,332.41,337.79,330.0,335.7
2014-12-23T00:00:00+00:00,0.382,378.10104,below,332.41,337.79,330.0,335.7
2014-12-23T00:00:00+00:00,0.5,402.14,below,332.41,337.79,330.0,335.7
2014-12-23T00:00:00+00:00,0.618,426.17896,below,332.41,337.79,330.0,335.7
2014-12-23T00:00:00+00:00,0.786,460.40392,below,332.41,337.79,330.0,335.7
2014-12-23T00:00:00+00:00,1.0,504.0,below,332.41,337.79,330.0,335.7
2014-12-24T00:00:00+00:00,0.236,348.35792,below,335.69,335.93,320.0,322.61
2014-12-24T00:00:00+00:00,0.382,378.10104,below,335.69,335.93,320.0,322.61
2014-12-24T00:00:00+00:00,0.5,402.14,below,335.69,335.93,320.0,322.61
2014-12-24T00:00:00+00:00,0.618,426.17896,below,335.69,335.93,320.0,322.61
2014-12-24T00:00:00+00:00,0.786,460.40392,below,335.69,335.93,320.0,322.61
2014-12-24T00:00:00+00:00,1.0,504.0,below,335.69,335.93,320.0,322.61
2014-12-25T00:00:00+00:00,0.236,348.35792,below,322.62,323.4,315.5,318.5
2014-12-25T00:00:00+00:00,0.382,378.10104,below,322.62,323.4,315.5,318.5
2014-12-25T00:00:00+00:00,0.5,402.14,below,322.62,323.4,315.5,318.5
2014-12-25T00:00:00+00:00,0.618,426.17896,below,322.62,323.4,315.5,318.5
2014-12-25T00:00:00+00:00,0.786,460.40392,below,322.62,323.4,315.5,318.5
2014-12-25T00:00:00+00:00,1.0,504.0,below,322.62,323.4,315.5,318.5
2014-12-26T00:00:00+00:00,0.236,348.35792,below,318.49,332.4,316.17,327.2
2014-12-26T00:00:00+00:00,0.382,378.10104,below,318.49,332.4,316.17,327.2
2014-12-26T00:00:00+00:00,0.5,402.14,below,318.49,332.4,316.17,327.2
2014-12-26T00:00:00+00:00,0.618,426.17896,below,318.49,332.4,316.17,327.2
2014-12-26T00:00:00+00:00,0.786,460.40392,below,318.49,332.4,316.17,327.2
2014-12-26T00:00:00+00:00,1.0,504.0,below,318.49,332.4,316.17,327.2
2014-12-27T00:00:00+00:00,0.236,348.35792,below,327.79,330.6,310.0,315.89
2014-12-27T00:00:00+00:00,0.382,378.10104,below,327.79,330.6,310.0,315.89
2014-12-27T00:00:00+00:00,0.5,402.14,below,327.79,330.6,310.0,315.89
2014-12-27T00:00:00+00:00,0.618,426.17896,below,327.79,330.6,310.0,315.89
2014-12-27T00:00:00+00:00,0.786,460.40392,below,327.79,330.6,310.0,315.89
2014-12-27T00:00:00+00:00,1.0,504.0,below,327.79,330.6,310.0,315.89
2014-12-28T00:00:00+00:00,0.236,348.35792,below,315.9,319.79,310.08,316.94
2014-12-28T00:00:00+00:00,0.382,378.10104,below,315.9,319.79,310.08,316.94
2014-12-28T00:00:00+00:00,0.5,402.14,below,315.9,319.79,310.08,316.94
2014-12-28T00:00:00+00:00,0.618,426.17896,below,315.9,319.79,310.08,316.94
2014-12-28T00:00:00+00:00,0.786,460.40392,below,315.9,319.79,310.08,316.94
2014-12-28T00:00:00+00:00,1.0,504.0,below,315.9,319.79,310.08,316.94
2014-12-29T00:00:00+00:00,0.236,348.35792,below,316.96,320.5,312.51,312.64
2014-12-29T00:00:00+00:00,0.382,378.10104,below,316.96,320.5,312.51,312.64
2014-12-29T00:00:00+00:00,0.5,402.14,below,316.96,320.5,312.51,312.64
2014-12-29T00:00:00+00:00,0.618,426.17896,below,316.96,320.5,312.51,312.64
2014-12-29T00:00:00+00:00,0.786,460.40392,below,316.96,320.5,312.51,312.64
2014-12-29T00:00:00+00:00,1.0,504.0,below,316.96,320.5,312.51,312.64
2014-12-30T00:00:00+00:00,0.236,348.35792,below,312.86,315.93,307.1,310.8
2014-12-30T00:00:00+00:00,0.382,378.10104,below,312.86,315.93,307.1,310.8
2014-12-30T00:00:00+00:00,0.5,402.14,below,312.86,315.93,307.1,310.8
2014-12-30T00:00:00+00:00,0.618,426.17896,below,312.86,315.93,307.1,310.8
2014-12-30T00:00:00+00:00,0.786,460.40392,below,312.86,315.93,307.1,310.8
2014-12-30T00:00:00+00:00,1.0,504.0,below,312.86,315.93,307.1,310.8
2014-12-31T00:00:00+00:00,0.236,348.35792,below,310.81,322.79,309.39,322.3
2014-12-31T00:00:00+00:00,0.382,378.10104,below,310.81,322.79,309.39,322.3
2014-12-31T00:00:00+00:00,0.5,402.14,below,310.81,322.79,309.39,322.3
2014-12-31T00:00:00+00:00,0.618,426.17896,below,310.81,322.79,309.39,322.3
2014-12-31T00:00:00+00:00,0.786,460.40392,below,310.81,322.79,309.39,322.3
2014-12-31T00:00:00+00:00,1.0,504.0,below,310.81,322.79,309.39,322.3
2015-01-01T00:00:00+00:00,0.236,348.35792,below,322.31,322.9,313.81,314.96
2015-01-01T00:00:00+00:00,0.382,378.10104,below,322.31,322.9,313.81,314.96
2015-01-01T00:00:00+00:00,0.5,402.14,below,322.31,322.9,313.81,314.96
2015-01-01T00:00:00+00:00,0.618,426.17896,below,322.31,322.9,313.81,314.96
2015-01-01T00:00:00+00:00,0.786,460.40392,below,322.31,322.9,313.81,314.96
2015-01-01T00:00:00+00:00,1.0,504.0,below,322.31,322.9,313.81,314.96
2015-01-02T00:00:00+00:00,0.236,348.35792,below,314.54,316.74,313.28,315.81
2015-01-02T00:00:00+00:00,0.382,378.10104,below,314.54,316.74,313.28,315.81
2015-01-02T00:00:00+00:00,0.5,402.14,below,314.54,316.74,313.28,315.81
2015-01-02T00:00:00+00:00,0.618,426.17896,below,314.54,316.74,313.28,315.81
2015-01-02T00:00:00+00:00,0.786,460.40392,below,314.54,316.74,313.28,315.81
2015-01-02T00:00:00+00:00,1.0,504.0,below,314.54,316.74,313.28,315.81
2015-01-03T00:00:00+00:00,0.236,348.35792,below,315.8,315.99,277.5,279.3
2015-01-03T00:00:00+00:00,0.382,378.10104,below,315.8,315.99,277.5,279.3
2015-01-03T00:00:00+00:00,0.5,402.14,below,315.8,315.99,277.5,279.3
2015-01-03T00:00:00+00:00,0.618,426.17896,below,315.8,315.99,277.5,279.3
2015-01-03T00:00:00+00:00,0.786,460.40392,below,315.8,315.99,277.5,279.3
2015-01-03T00:00:00+00:00,1.0,504.0,below,315.8,315.99,277.5,279.3
2015-01-04T00:00:00+00:00,0.236,348.35792,below,279.3,288.74,255.03,264.19
2015-01-04T00:00:00+00:00,0.382,378.10104,below,279.3,288.74,255.03,264.19
2015-01-04T00:00:00+00:00,0.5,402.14,below,279.3,288.74,255.03,264.19
2015-01-04T00:00:00+00:00,0.618,426.17896,below,279.3,288.74,255.03,264.19
2015-01-04T00:00:00+00:00,0.786,460.40392,below,279.3,288.74,255.03,264.19
2015-01-04T00:00:00+00:00,1.0,504.0,below,279.3,288.74,255.03,264.19
2015-01-05T00:00:00+00:00,0.236,348.35792,below,264.04,280.44,263.75,274.84
2015-01-05T00:00:00+00:00,0.382,378.10104,below,264.04,280.44,263.75,274.84
2015-01-05T00:00:00+00:00,0.5,402.14,below,264.04,280.44,263.75,274.84
2015-01-05T00:00:00+00:00,0.618,426.17896,below,264.04,280.44,263.75,274.84
2015-01-05T00:00:00+00:00,0.786,460.40392,below,264.04,280.44,263.75,274.84
2015-01-05T00:00:00+00:00,1.0,504.0,below,264.04,280.44,263.75,274.84
2015-01-06T00:00:00+00:00,0.236,348.35792,below,274.85,291.94,272.1,288.43
2015-01-06T00:00:00+00:00,0.382,378.10104,below,274.85,291.94,272.1,288.43
2015-01-06T00:00:00+00:00,0.5,402.14,below,274.85,291.94,272.1,288.43
2015-01-06T00:00:00+00:00,0.618,426.17896,below,274.85,291.94,272.1,288.43
2015-01-06T00:00:00+00:00,0.786,460.40392,below,274.85,291.94,272.1,288.43
2015-01-06T00:00:00+00:00,1.0,504.0,below,274.85,291.94,272.1,288.43
2015-01-07T00:00:00+00:00,0.236,348.35792,below,288.36,303.33,284.0,297.99
2015-01-07T00:00:00+00:00,0.382,378.10104,below,288.36,303.33,284.0,297.99
2015-01-07T00:00:00+00:00,0.5,402.14,below,288.36,303.33,284.0,297.99
2015-01-07T00:00:00+00:00,0.618,426.17896,below,288.36,303.33,284.0,297.99
2015-01-07T00:00:00+00:00,0.786,460.40392,below,288.36,303.33,284.0,297.99
2015-01-07T00:00:00+00:00,1.0,504.0,below,288.36,303.33,284.0,297.99
2015-01-08T00:00:00+00:00,0.236,348.35792,below,297.89,298.47,282.01,283.21
2015-01-08T00:00:00+00:00,0.382,378.10104,below,297.89,298.47,282.01,283.21
2015-01-08T00:00:00+00:00,0.5,402.14,below,297.89,298.47,282.01,283.21
2015-01-08T00:00:00+00:00,0.618,426.17896,below,297.89,298.47,282.01,283.21
2015-01-08T00:00:00+00:00,0.786,460.40392,below,297.89,298.47,282.01,283.21
2015-01-08T00:00:00+00:00,1.0,504.0,below,297.89,298.47,282.01,283.21
2015-01-09T00:00:00+00:00,0.236,348.35792,below,283.99,297.32,280.4,290.51
2015-01-09T00:00:00+00:00,0.382,378.10104,below,283.99,297.32,280.4,290.51
2015-01-09T00:00:00+00:00,0.5,402.14,below,283.99,297.32,280.4,290.51
2015-01-09T00:00:00+00:00,0.618,426.17896,below,283.99,297.32,280.4,290.51
2015-01-09T00:00:00+00:00,0.786,460.40392,below,283.99,297.32,280.4,290.51
2015-01-09T00:00:00+00:00,1.0,504.0,below,283.99,297.32,280.4,290.51
2015-01-10T00:00:00+00:00,0.236,348.35792,below,290.58,292.1,275.0,276.03
2015-01-10T00:00:00+00:00,0.382,378.10104,below,290.58,292.1,275.0,276.03
2015-01-10T00:00:00+00:00,0.5,402.14,below,290.58,292.1,275.0,276.03
2015-01-10T00:00:00+00:00,0.618,426.17896,below,290.58,292.1,275.0,276.03
2015-01-10T00:00:00+00:00,0.786,460.40392,below,290.58,292.1,275.0,276.03
2015-01-10T00:00:00+00:00,1.0,504.0,below,290.58,292.1,275.0,276.03
2015-01-11T00:00:00+00:00,0.236,348.35792,below,276.01,282.86,265.83,267.27
2015-01-11T00:00:00+00:00,0.382,378.10104,below,276.01,282.86,265.83,267.27
2015-01-11T00:00:00+00:00,0.5,402.14,below,276.01,282.86,265.83,267.27
2015-01-11T00:00:00+00:00,0.618,426.17896,below,276.01,282.86,265.83,267.27
2015-01-11T00:00:00+00:00,0.786,460.40392,below,276.01,282.86,265.83,267.27
2015-01-11T00:00:00+00:00,1.0,504.0,below,276.01,282.86,265.83,267.27
2015-01-12T00:00:00+00:00,0.236,348.35792,below,267.54,274.44,266.24,268.75
2015-01-12T00:00:00+00:00,0.382,378.10104,below,267.54,274.44,266.24,268.75
2015-01-12T00:00:00+00:00,0.5,402.14,below,267.54,274.44,266.24,268.75
2015-01-12T00:00:00+00:00,0.618,426.17896,below,267.54,274.44,266.24,268.75
2015-01-12T00:00:00+00:00,0.786,460.40392,below,267.54,274.44,266.24,268.75
2015-01-12T00:00:00+00:00,1.0,504.0,below,267.54,274.44,266.24,268.75
2015-01-13T00:00:00+00:00,0.236,348.35792,below,268.6,269.66,219.0,228.07
2015-01-13T00:00:00+00:00,0.382,378.10104,below,268.6,269.66,219.0,228.07
2015-01-13T00:00:00+00:00,0.5,402.14,below,268.6,269.66,219.0,228.07
2015-01-13T00:00:00+00:00,0.618,426.17896,below,268.6,269.66,219.0,228.07
2015-01-13T00:00:00+00:00,0.786,460.40392,below,268.6,269.66,219.0,228.07
2015-01-13T00:00:00+00:00,1.0,504.0,below,268.6,269.66,219.0,228.07
2015-01-14T00:00:00+00:00,0.236,348.35792,below,228.49,228.49,166.45,182.0
2015-01-14T00:00:00+00:00,0.382,378.10104,below,228.49,228.49,166.45,182.0
2015-01-14T00:00:00+00:00,0.5,402.14,below,228.49,228.49,166.45,182.0
2015-01-14T00:00:00+00:00,0.618,426.17896,below,228.49,228.49,166.45,182.0
2015-01-14T00:00:00+00:00,0.786,460.40392,below,228.49,228.49,166.45,182.0
2015-01-14T00:00:00+00:00,1.0,504.0,below,228.49,228.49,166.45,182.0
2015-01-15T00:00:00+00:00,0.236,348.35792,below,181.0,230.74,179.05,209.81
2015-01-15T00:00:00+00:00,0.382,378.10104,below,181.0,230.74,179.05,209.81
2015-01-15T00:00:00+00:00,0.5,402.14,below,181.0,230.74,179.05,209.81
2015-01-15T00:00:00+00:00,0.618,426.17896,below,181.0,230.74,179.05,209.81
2015-01-15T00:00:00+00:00,0.786,460.40392,below,181.0,230.74,179.05,209.81
2015-01-15T00:00:00+00:00,1.0,504.0,below,181.0,230.74,179.05,209.81
2015-01-16T00:00:00+00:00,0.236,348.35792,below,209.81,223.1,197.72,208.5
2015-01-16T00:00:00+00:00,0.382,378.10104,below,209.81,223.1,197.72,208.5
2015-01-16T00:00:00+00:00,0.5,402.14,below,209.81,223.1,197.72,208.5
2015-01-16T00:00:00+00:00,0.618,426.17896,below,209.81,223.1,197.72,208.5
2015-01-16T00:00:00+00:00,0.786,460.40392,below,209.81,223.1,197.72,208.5
2015-01-16T00:00:00+00:00,1.0,504.0,below,209.81,223.1,197.72,208.5
2015-01-17T00:00:00+00:00,0.236,348.35792,below,208.52,214.0,192.2,201.24
2015-01-17T00:00:00+00:00,0.382,378.10104,below,208.52,214.0,192.2,201.24
2015-01-17T00:00:00+00:00,0.5,402.14,below,208.52,214.0,192.2,201.24
2015-01-17T00:00:00+00:00,0.618,426.17896,below,208.52,214.0,192.2,201.24
2015-01-17T00:00:00+00:00,0.786,460.40392,below,208.52,214.0,192.2,201.24
2015-01-17T00:00:00+00:00,1.0,504.0,below,208.52,214.0,192.2,201.24
2015-01-18T00:00:00+00:00,0.236,348.35792,below,200.31,222.0,194.0,211.03
2015-01-18T00:00:00+00:00,0.382,378.10104,below,200.31,222.0,194.0,211.03
2015-01-18T00:00:00+00:00,0.5,402.14,below,200.31,222.0,194.0,211.03
2015-01-18T00:00:00+00:00,0.618,426.17896,below,200.31,222.0,194.0,211.03
2015-01-18T00:00:00+00:00,0.786,460.40392,below,200.31,222.0,194.0,211.03
2015-01-18T00:00:00+00:00,1.0,504.0,below,200.31,222.0,194.0,211.03
2015-01-19T00:00:00+00:00,0.236,348.35792,below,210.98,219.95,207.0,216.2
2015-01-19T00:00:00+00:00,0.382,378.10104,below,210.98,219.95,207.0,216.2
2015-01-19T00:00:00+00:00,0.5,402.14,below,210.98,219.95,207.0,216.2
2015-01-19T00:00:00+00:00,0.618,426.17896,below,210.98,219.95,207.0,216.2
2015-01-19T00:00:00+00:00,0.786,460.40392,below,210.98,219.95,207.0,216.2
2015-01-19T00:00:00+00:00,1.0,504.0,below,210.98,219.95,207.0,216.2
2015-01-20T00:00:00+00:00,0.236,348.35792,below,216.14,219.25,203.7,212.11
2015-01-20T00:00:00+00:00,0.382,378.10104,below,216.14,219.25,203.7,212.11
2015-01-20T00:00:00+00:00,0.5,402.14,below,216.14,219.25,203.7,212.11
2015-01-20T00:00:00+00:00,0.618,426.17896,below,216.14,219.25,203.7,212.11
2015-01-20T00:00:00+00:00,0.786,460.40392,below,216.14,219.25,203.7,212.11
2015-01-20T00:00:00+00:00,1.0,504.0,below,216.14,219.25,203.7,212.11
2015-01-21T00:00:00+00:00,0.236,348.35792,below,212.1,230.0,211.0,228.08
2015-01-21T00:00:00+00:00,0.382,378.10104,below,212.1,230.0,211.0,228.08
2015-01-21T00:00:00+00:00,0.5,402.14,below,212.1,230.0,211.0,228.08
2015-01-21T00:00:00+00:00,0.618,426.17896,below,212.1,230.0,211.0,228.08
2015-01-21T00:00:00+00:00,0.786,460.40392,below,212.1,230.0,211.0,228.08
2015-01-21T00:00:00+00:00,1.0,504.0,below,212.1,230.0,211.0,228.08
2015-01-22T00:00:00+00:00,0.236,348.35792,below,228.05,242.0,225.29,234.7
2015-01-22T00:00:00+00:00,0.382,378.10104,below,228.05,242.0,225.29,234.7
2015-01-22T00:00:00+00:00,0.5,402.14,below,228.05,242.0,225.29,234.7
2015-01-22T00:00:00+00:00,0.618,426.17896,below,228.05,242.0,225.29,234.7
2015-01-22T00:00:00+00:00,0.786,460.40392,below,228.05,242.0,225.29,234.7
2015-01-22T00:00:00+00:00,1.0,504.0,below,228.05,242.0,225.29,234.7
2015-01-23T00:00:00+00:00,0.236,348.35792,below,234.7,236.98,225.13,233.12
2015-01-23T00:00:00+00:00,0.382,378.10104,below,234.7,236.98,225.13,233.12
2015-01-23T00:00:00+00:00,0.5,402.14,below,234.7,236.98,225.13,233.12
2015-01-23T00:00:00+00:00,0.618,426.17896,below,234.7,236.98,225.13,233.12
2015-01-23T00:00:00+00:00,0.786,460.40392,below,234.7,236.98,225.13,233.12
2015-01-23T00:00:00+00:00,1.0,504.0,below,234.7,236.98,225.13,233.12
2015-01-24T00:00:00+00:00,0.236,348.35792,below,233.37,249.77,229.03,248.66
2015-01-24T00:00:00+00:00,0.382,378.10104,below,233.37,249.77,229.03,248.66
2015-01-24T00:00:00+00:00,0.5,402.14,below,233.37,249.77,229.03,248.66
2015-01-24T00:00:00+00:00,0.618,426.17896,below,233.37,249.77,229.03,248.66
2015-01-24T00:00:00+00:00,0.786,460.40392,below,233.37,249.77,229.03,248.66
2015-01-24T00:00:00+00:00,1.0,504.0,below,233.37,249.77,229.03,248.66
2015-01-25T00:00:00+00:00,0.236,348.35792,below,248.94,259.39,245.0,254.73
2015-01-25T00:00:00+00:00,0.382,378.10104,below,248.94,259.39,245.0,254.73
2015-01-25T00:00:00+00:00,0.5,402.14,below,248.94,259.39,245.0,254.73
2015-01-25T00:00:00+00:00,0.618,426.17896,below,248.94,259.39,245.0,254.73
2015-01-25T00:00:00+00:00,0.786,460.40392,below,248.94,259.39,245.0,254.73
2015-01-25T00:00:00+00:00,1.0,504.0,below,248.94,259.39,245.0,254.73
2015-01-26T00:00:00+00:00,0.236,348.35792,below,254.72,315.0,254.65,276.01
2015-01-26T00:00:00+00:00,0.382,378.10104,below,254.72,315.0,254.65,276.01
2015-01-26T00:00:00+00:00,0.5,402.14,below,254.72,315.0,254.65,276.01
2015-01-26T00:00:00+00:00,0.618,426.17896,below,254.72,315.0,254.65,276.01
2015-01-26T00:00:00+00:00,0.786,460.40392,below,254.72,315.0,254.65,276.01
2015-01-26T00:00:00+00:00,1.0,504.0,below,254.72,315.0,254.65,276.01
2015-01-27T00:00:00+00:00,0.236,348.35792,below,276.01,280.37,250.0,265.09
2015-01-27T00:00:00+00:00,0.382,378.10104,below,276.01,280.37,250.0,265.09
2015-01-27T00:00:00+00:00,0.5,402.14,below,276.01,280.37,250.0,265.09
2015-01-27T00:00:00+00:00,0.618,426.17896,below,276.01,280.37,250.0,265.09
2015-01-27T00:00:00+00:00,0.786,460.40392,below,276.01,280.37,250.0,265.09
2015-01-27T00:00:00+00:00,1.0,504.0,below,276.01,280.37,250.0,265.09
2015-01-28T00:00:00+00:00,0.236,348.35792,below,265.55,269.97,226.35,234.5
2015-01-28T00:00:00+00:00,0.382,378.10104,below,265.55,269.97,226.35,234.5
2015-01-28T00:00:00+00:00,0.5,402.14,below,265.55,269.97,226.35,234.5
2015-01-28T00:00:00+00:00,0.618,426.17896,below,265.55,269.97,226.35,234.5
2015-01-28T00:00:00+00:00,0.786,460.40392,below,265.55,269.97,226.35,234.5
2015-01-28T00:00:00+00:00,1.0,504.0,below,265.55,269.97,226.35,234.5
2015-01-29T00:00:00+00:00,0.236,348.35792,below,234.49,239.33,220.0,233.01
2015-01-29T00:00:00+00:00,0.382,378.10104,below,234.49,239.33,220.0,233.01
2015-01-29T00:00:00+00:00,0.5,402.14,below,234.49,239.33,220.0,233.01
2015-01-29T00:00:00+00:00,0.618,426.17896,below,234.49,239.33,220.0,233.01
2015-01-29T00:00:00+00:00,0.786,460.40392,below,234.49,239.33,220.0,233.01
2015-01-29T00:00:00+00:00,1.0,504.0,below,234.49,239.33,220.0,233.01
2015-01-30T00:00:00+00:00,0.236,348.35792,below,233.7,243.89,224.22,226.45
2015-01-30T00:00:00+00:00,0.382,378.10104,below,233.7,243.89,224.22,226.45
2015-01-30T00:00:00+00:00,0.5,402.14,below,233.7,243.89,224.22,226.45
2015-01-30T00:00:00+00:00,0.618,426.17896,below,233.7,243.89,224.22,226.45
2015-01-30T00:00:00+00:00,0.786,460.40392,below,233.7,243.89,224.22,226.45
2015-01-30T00:00:00+00:00,1.0,504.0,below,233.7,243.89,224.22,226.45
2015-01-31T00:00:00+00:00,0.236,348.35792,below,226.47,234.03,213.1,215.8
2015-01-31T00:00:00+00:00,0.382,378.10104,below,226.47,234.03,213.1,215.8
2015-01-31T00:00:00+00:00,0.5,402.14,below,226.47,234.03,213.1,215.8
2015-01-31T00:00:00+00:00,0.618,426.17896,below,226.47,234.03,213.1,215.8
2015-01-31T00:00:00+00:00,0.786,460.40392,below,226.47,234.03,213.1,215.8
2015-01-31T00:00:00+00:00,1.0,504.0,below,226.47,234.03,213.1,215.8
2015-02-01T00:00:00+00:00,0.236,348.35792,below,215.91,233.32,211.02,226.92
2015-02-01T00:00:00+00:00,0.382,378.10104,below,215.91,233.32,211.02,226.92
2015-02-01T00:00:00+00:00,0.5,402.14,below,215.91,233.32,211.02,226.92
2015-02-01T00:00:00+00:00,0.618,426.17896,below,215.91,233.32,211.02,226.92
2015-02-01T00:00:00+00:00,0.786,460.40392,below,215.91,233.32,211.02,226.92
2015-02-01T00:00:00+00:00,1.0,504.0,below,215.91,233.32,211.02,226.92
2015-02-02T00:00:00+00:00,0.236,348.35792,below,226.86,247.5,222.5,238.99
2015-02-02T00:00:00+00:00,0.382,378.10104,below,226.86,247.5,222.5,238.99
2015-02-02T00:00:00+00:00,0.5,402.14,below,226.86,247.5,222.5,238.99
2015-02-02T00:00:00+00:00,0.618,426.17896,below,226.86,247.5,222.5,238.99
2015-02-02T00:00:00+00:00,0.786,460.40392,below,226.86,247.5,222.5,238.99
2015-02-02T00:00:00+00:00,1.0,504.0,below,226.86,247.5,222.5,238.99
2015-02-03T00:00:00+00:00,0.236,348.35792,below,238.86,248.42,222.66,227.96
2015-02-03T00:00:00+00:00,0.382,378.10104,below,238.86,248.42,222.66,227.96
2015-02-03T00:00:00+00:00,0.5,402.14,below,238.86,248.42,222.66,227.96
2015-02-03T00:00:00+00:00,0.618,426.17896,below,238.86,248.42,222.66,227.96
2015-02-03T00:00:00+00:00,0.786,460.40392,below,238.86,248.42,222.66,227.96
2015-02-03T00:00:00+00:00,1.0,504.0,below,238.86,248.42,222.66,227.96
2015-02-04T00:00:00+00:00,0.236,348.35792,below,227.81,233.0,220.23,227.8
2015-02-04T00:00:00+00:00,0.382,378.10104,below,227.81,233.0,220.23,227.8
2015-02-04T00:00:00+00:00,0.5,402.14,below,227.81,233.0,220.23,227.8
2015-02-04T00:00:00+00:00,0.618,426.17896,below,227.81,233.0,220.23,227.8
2015-02-04T00:00:00+00:00,0.786,460.40392,below,227.81,233.0,220.23,227.8
2015-02-04T00:00:00+00:00,1.0,504.0,below,227.81,233.0,220.23,227.8
2015-02-05T00:00:00+00:00,0.236,348.35792,below,227.79,228.8,210.12,216.47
2015-02-05T00:00:00+00:00,0.382,378.10104,below,227.79,228.8,210.12,216.47
2015-02-05T00:00:00+00:00,0.5,402.14,below,227.79,228.8,210.12,216.47
2015-02-05T00:00:00+00:00,0.618,426.17896,below,227.79,228.8,210.12,216.47
2015-02-05T00:00:00+00:00,0.786,460.40392,below,227.79,228.8,210.12,216.47
2015-02-05T00:00:00+00:00,1.0,504.0,below,227.79,228.8,210.12,216.47
2015-02-06T00:00:00+00:00,0.236,348.35792,below,216.43,225.88,215.0,222.65
2015-02-06T00:00:00+00:00,0.382,378.10104,below,216.43,225.88,215.0,222.65
2015-02-06T00:00:00+00:00,0.5,402.14,below,216.43,225.88,215.0,222.65
2015-02-06T00:00:00+00:00,0.618,426.17896,below,216.43,225.88,215.0,222.65
2015-02-06T00:00:00+00:00,0.786,460.40392,below,216.43,225.88,215.0,222.65
2015-02-06T00:00:00+00:00,1.0,504.0,below,216.43,225.88,215.0,222.65
2015-02-07T00:00:00+00:00,0.236,348.35792,below,222.66,239.78,222.66,228.8
2015-02-07T00:00:00+00:00,0.382,378.10104,below,222.66,239.78,222.66,228.8
2015-02-07T00:00:00+00:00,0.5,402.14,below,222.66,239.78,222.66,228.8
2015-02-07T00:00:00+00:00,0.618,426.17896,below,222.66,239.78,222.66,228.8
2015-02-07T00:00:00+00:00,0.786,460.40392,below,222.66,239.78,222.66,228.8
2015-02-07T00:00:00+00:00,1.0,504.0,below,222.66,239.78,222.66,228.8
2015-02-08T00:00:00+00:00,0.236,348.35792,below,228.8,232.9,221.1,223.85
2015-02-08T00:00:00+00:00,0.382,378.10104,below,228.8,232.9,221.1,223.85
2015-02-08T00:00:00+00:00,0.5,402.14,below,228.8,232.9,221.1,223.85
2015-02-08T00:00:00+00:00,0.618,426.17896,below,228.8,232.9,221.1,223.85
2015-02-08T00:00:00+00:00,0.786,460.40392,below,228.8,232.9,221.1,223.85
2015-02-08T00:00:00+00:00,1.0,504.0,below,228.8,232.9,221.1,223.85
2015-02-09T00:00:00+00:00,0.236,348.35792,below,224.13,225.98,215.33,220.48
2015-02-09T00:00:00+00:00,0.382,378.10104,below,224.13,225.98,215.33,220.48
2015-02-09T00:00:00+00:00,0.5,402.14,below,224.13,225.98,215.33,220.48
2015-02-09T00:00:00+00:00,0.618,426.17896,below,224.13,225.98,215.33,220.48
2015-02-09T00:00:00+00:00,0.786,460.40392,below,224.13,225.98,215.33,220.48
2015-02-09T00:00:00+00:00,1.0,504.0,below,224.13,225.98,215.33,220.48
2015-02-10T00:00:00+00:00,0.236,348.35792,below,220.48,223.88,214.0,220.87
2015-02-10T00:00:00+00:00,0.382,378.10104,below,220.48,223.88,214.0,220.87
2015-02-10T00:00:00+00:00,0.5,402.14,below,220.48,223.88,214.0,220.87
2015-02-10T00:00:00+00:00,0.618,426.17896,below,220.48,223.88,214.0,220.87
2015-02-10T00:00:00+00:00,0.786,460.40392,below,220.48,223.88,214.0,220.87
2015-02-10T00:00:00+00:00,1.0,504.0,below,220.48,223.88,214.0,220.87
2015-02-11T00:00:00+00:00,0.236,348.35792,below,220.75,224.4,218.1,219.8
2015-02-11T00:00:00+00:00,0.382,378.10104,below,220.75,224.4,218.1,219.8
2015-02-11T00:00:00+00:00,0.5,402.14,below,220.75,224.4,218.1,219.8
2015-02-11T00:00:00+00:00,0.618,426.17896,below,220.75,224.4,218.1,219.8
2015-02-11T00:00:00+00:00,0.786,460.40392,below,220.75,224.4,218.1,219.8
2015-02-11T00:00:00+00:00,1.0,504.0,below,220.75,224.4,218.1,219.8
2015-02-12T00:00:00+00:00,0.236,348.35792,below,219.8,223.2,217.8,222.39
2015-02-12T00:00:00+00:00,0.382,378.10104,below,219.8,223.2,217.8,222.39
2015-02-12T00:00:00+00:00,0.5,402.14,below,219.8,223.2,217.8,222.39
2015-02-12T00:00:00+00:00,0.618,426.17896,below,219.8,223.2,217.8,222.39
2015-02-12T00:00:00+00:00,0.786,460.40392,below,219.8,223.2,217.8,222.39
2015-02-12T00:00:00+00:00,1.0,504.0,below,219.8,223.2,217.8,222.39
2015-02-13T00:00:00+00:00,0.236,348.35792,below,222.56,242.5,221.46,236.13
2015-02-13T00:00:00+00:00,0.382,378.10104,below,222.56,242.5,221.46,236.13
2015-02-13T00:00:00+00:00,0.5,402.14,below,222.56,242.5,221.46,236.13
2015-02-13T00:00:00+00:00,0.618,426.17896,below,222.56,242.5,221.46,236.13
2015-02-13T00:00:00+00:00,0.786,460.40392,below,222.56,242.5,221.46,236.13
2015-02-13T00:00:00+00:00,1.0,504.0,below,222.56,242.5,221.46,236.13
2015-02-14T00:00:00+00:00,0.236,348.35792,below,235.8,261.3,235.51,257.0
2015-02-14T00:00:00+00:00,0.382,378.10104,below,235.8,261.3,235.51,257.0
2015-02-14T00:00:00+00:00,0.5,402.14,below,235.8,261.3,235.51,257.0
2015-02-14T00:00:00+00:00,0.618,426.17896,below,235.8,261.3,235.51,257.0
2015-02-14T00:00:00+00:00,0.786,460.40392,below,235.8,261.3,235.51,257.0
2015-02-14T00:00:00+00:00,1.0,504.0,below,235.8,261.3,235.51,257.0
2015-02-15T00:00:00+00:00,0.236,348.35792,below,257.01,268.54,228.2,235.88
2015-02-15T00:00:00+00:00,0.382,378.10104,below,257.01,268.54,228.2,235.88
2015-02-15T00:00:00+00:00,0.5,402.14,below,257.01,268.54,228.2,235.88
2015-02-15T00:00:00+00:00,0.618,426.17896,below,257.01,268.54,228.2,235.88
2015-02-15T00:00:00+00:00,0.786,460.40392,below,257.01,268.54,228.2,235.88
2015-02-15T00:00:00+00:00,1.0,504.0,below,257.01,268.54,228.2,235.88
2015-02-16T00:00:00+00:00,0.236,348.35792,below,235.34,243.65,228.62,233.5
2015-02-16T00:00:00+00:00,0.382,378.10104,below,235.34,243.65,228.62,233.5
2015-02-16T00:00:00+00:00,0.5,402.14,below,235.34,243.65,228.62,233.5
2015-02-16T00:00:00+00:00,0.618,426.17896,below,235.34,243.65,228.62,233.5
2015-02-16T00:00:00+00:00,0.786,460.40392,below,235.34,243.65,228.62,233.5
2015-02-16T00:00:00+00:00,1.0,504.0,below,235.34,243.65,228.62,233.5
2015-02-17T00:00:00+00:00,0.236,348.35792,below,233.5,246.28,231.5,244.0
2015-02-17T00:00:00+00:00,0.382,378.10104,below,233.5,246.28,231.5,244.0
2015-02-17T00:00:00+00:00,0.5,402.14,below,233.5,246.28,231.5,244.0
2015-02-17T00:00:00+00:00,0.618,426.17896,below,233.5,246.28,231.5,244.0
2015-02-17T00:00:00+00:00,0.786,460.40392,below,233.5,246.28,231.5,244.0
2015-02-17T00:00:00+00:00,1.0,504.0,below,233.5,246.28,231.5,244.0
2015-02-18T00:00:00+00:00,0.236,348.35792,below,243.82,244.99,231.01,236.26
2015-02-18T00:00:00+00:00,0.382,378.10104,below,243.82,244.99,231.01,236.26
2015-02-18T00:00:00+00:00,0.5,402.14,below,243.82,244.99,231.01,236.26
2015-02-18T00:00:00+00:00,0.618,426.17896,below,243.82,244.99,231.01,236.26
2015-02-18T00:00:00+00:00,0.786,460.40392,below,243.82,244.99,231.01,236.26
2015-02-18T00:00:00+00:00,1.0,504.0,below,243.82,244.99,231.01,236.26
2015-02-19T00:00:00+00:00,0.236,348.35792,below,236.27,243.42,234.97,240.0
2015-02-19T00:00:00+00:00,0.382,378.10104,below,236.27,243.42,234.97,240.0
2015-02-19T00:00:00+00:00,0.5,402.14,below,236.27,243.42,234.97,240.0
2015-02-19T00:00:00+00:00,0.618,426.17896,below,236.27,243.42,234.97,240.0
2015-02-19T00:00:00+00:00,0.786,460.40392,below,236.27,243.42,234.97,240.0
2015-02-19T00:00:00+00:00,1.0,504.0,below,236.27,243.42,234.97,240.0
2015-02-20T00:00:00+00:00,0.236,348.35792,below,240.2,248.98,238.95,244.5
2015-02-20T00:00:00+00:00,0.382,378.10104,below,240.2,248.98,238.95,244.5
2015-02-20T00:00:00+00:00,0.5,402.14,below,240.2,248.98,238.95,244.5
2015-02-20T00:00:00+00:00,0.618,426.17896,below,240.2,248.98,238.95,244.5
2015-02-20T00:00:00+00:00,0.786,460.40392,below,240.2,248.98,238.95,244.5
2015-02-20T00:00:00+00:00,1.0,504.0,below,240.2,248.98,238.95,244.5
2015-02-21T00:00:00+00:00,0.236,348.35792,below,244.51,247.73,243.28,245.54
2015-02-21T00:00:00+00:00,0.382,378.10104,below,244.51,247.73,243.28,245.54
2015-02-21T00:00:00+00:00,0.5,402.14,below,244.51,247.73,243.28,245.54
2015-02-21T00:00:00+00:00,0.618,426.17896,below,244.51,247.73,243.28,245.54
2015-02-21T00:00:00+00:00,0.786,460.40392,below,244.51,247.73,243.28,245.54
2015-02-21T00:00:00+00:00,1.0,504.0,below,244.51,247.73,243.28,245.54
2015-02-22T00:00:00+00:00,0.236,348.35792,below,245.53,247.78,232.1,236.5
2015-02-22T00:00:00+00:00,0.382,378.10104,below,245.53,247.78,232.1,236.5
2015-02-22T00:00:00+00:00,0.5,402.14,below,245.53,247.78,232.1,236.5
2015-02-22T00:00:00+00:00,0.618,426.17896,below,245.53,247.78,232.1,236.5
2015-02-22T00:00:00+00:00,0.786,460.40392,below,245.53,247.78,232.1,236.5
2015-02-22T00:00:00+00:00,1.0,504.0,below,245.53,247.78,232.1,236.5
2015-02-23T00:00:00+00:00,0.236,348.35792,below,236.5,241.0,232.61,239.4
2015-02-23T00:00:00+00:00,0.382,378.10104,below,236.5,241.0,232.61,239.4
2015-02-23T00:00:00+00:00,0.5,402.14,below,236.5,241.0,232.61,239.4
2015-02-23T00:00:00+00:00,0.618,426.17896,below,236.5,241.0,232.61,239.4
2015-02-23T00:00:00+00:00,0.786,460.40392,below,236.5,241.0,232.61,239.4
2015-02-23T00:00:00+00:00,1.0,504.0,below,236.5,241.0,232.61,239.4
2015-02-24T00:00:00+00:00,0.236,348.35792,below,239.33,240.99,236.7,239.73
2015-02-24T00:00:00+00:00,0.382,378.10104,below,239.33,240.99,236.7,239.73
2015-02-24T00:00:00+00:00,0.5,402.14,below,239.33,240.99,236.7,239.73
2015-02-24T00:00:00+00:00,0.618,426.17896,below,239.33,240.99,236.7,239.73
2015-02-24T00:00:00+00:00,0.786,460.40392,below,239.33,240.99,236.7,239.73
2015-02-24T00:00:00+00:00,1.0,504.0,below,239.33,240.99,236.7,239.73
2015-02-25T00:00:00+00:00,0.236,348.35792,below,239.95,240.83,235.53,237.99
2015-02-25T00:00:00+00:00,0.382,378.10104,below,239.95,240.83,235.53,237.99
2015-02-25T00:00:00+00:00,0.5,402.14,below,239.95,240.83,235.53,237.99
2015-02-25T00:00:00+00:00,0.618,426.17896,below,239.95,240.83,235.53,237.99
2015-02-25T00:00:00+00:00,0.786,460.40392,below,239.95,240.83,235.53,237.99
2015-02-25T00:00:00+00:00,1.0,504.0,below,239.95,240.83,235.53,237.99
2015-02-26T00:00:00+00:00,0.236,348.35792,below,237.98,238.33,233.62,236.93
2015-02-26T00:00:00+00:00,0.382,378.10104,below,237.98,238.33,233.62,236.93
2015-02-26T00:00:00+00:00,0.5,402.14,below,237.98,238.33,233.62,236.93
2015-02-26T00:00:00+00:00,0.618,426.17896,below,237.98,238.33,233.62,236.93
2015-02-26T00:00:00+00:00,0.786,460.40392,below,237.98,238.33,233.62,236.93
2015-02-26T00:00:00+00:00,1.0,504.0,below,237.98,238.33,233.62,236.93
2015-02-27T00:00:00+00:00,0.236,348.35792,below,236.93,262.8,236.64,255.05
2015-02-27T00:00:00+00:00,0.382,378.10104,below,236.93,262.8,236.64,255.05
2015-02-27T00:00:00+00:00,0.5,402.14,below,236.93,262.8,236.64,255.05
2015-02-27T00:00:00+00:00,0.618,426.17896,below,236.93,262.8,236.64,255.05
2015-02-27T00:00:00+00:00,0.786,460.40392,below,236.93,262.8,236.64,255.05
2015-02-27T00:00:00+00:00,1.0,504.0,below,236.93,262.8,236.64,255.05
2015-02-28T00:00:00+00:00,0.236,348.35792,below,255.06,257.4,251.25,255.7
2015-02-28T00:00:00+00:00,0.382,378.10104,below,255.06,257.4,251.25,255.7
2015-02-28T00:00:00+00:00,0.5,402.14,below,255.06,257.4,251.25,255.7
2015-02-28T00:00:00+00:00,0.618,426.17896,below,255.06,257.4,251.25,255.7
2015-02-28T00:00:00+00:00,0.786,460.40392,below,255.06,257.4,251.25,255.7
2015-02-28T00:00:00+00:00,1.0,504.0,below,255.06,257.4,251.25,255.7
2015-03-01T00:00:00+00:00,0.236,348.35792,below,255.7,266.91,245.65,262.4
2015-03-01T00:00:00+00:00,0.382,378.10104,below,255.7,266.91,245.65,262.4
2015-03-01T00:00:00+00:00,0.5,402.14,below,255.7,266.91,245.65,262.4
2015-03-01T00:00:00+00:00,0.618,426.17896,below,255.7,266.91,245.65,262.4
2015-03-01T00:00:00+00:00,0.786,460.40392,below,255.7,266.91,245.65,262.4
2015-03-01T00:00:00+00:00,1.0,504.0,below,255.7,266.91,245.65,262.4
2015-03-02T00:00:00+00:00,0.236,348.35792,below,262.47,279.61,258.98,277.41
2015-03-02T00:00:00+00:00,0.382,378.10104,below,262.47,279.61,258.98,277.41
2015-03-02T00:00:00+00:00,0.5,402.14,below,262.47,279.61,258.98,277.41
2015-03-02T00:00:00+00:00,0.618,426.17896,below,262.47,279.61,258.98,277.41
2015-03-02T00:00:00+00:00,0.786,460.40392,below,262.47,279.61,258.98,277.41
2015-03-02T00:00:00+00:00,1.0,504.0,below,262.47,279.61,258.98,277.41
2015-03-03T00:00:00+00:00,0.236,348.35792,below,277.3,294.0,267.04,283.75
2015-03-03T00:00:00+00:00,0.382,378.10104,below,277.3,294.0,267.04,283.75
2015-03-03T00:00:00+00:00,0.5,402.14,below,277.3,294.0,267.04,283.75
2015-03-03T00:00:00+00:00,0.618,426.17896,below,277.3,294.0,267.04,283.75
2015-03-03T00:00:00+00:00,0.786,460.40392,below,277.3,294.0,267.04,283.75
2015-03-03T00:00:00+00:00,1.0,504.0,below,277.3,294.0,267.04,283.75
2015-03-04T00:00:00+00:00,0.236,348.35792,below,283.8,285.99,267.0,273.33
2015-03-04T00:00:00+00:00,0.382,378.10104,below,283.8,285.99,267.0,273.33
2015-03-04T00:00:00+00:00,0.5,402.14,below,283.8,285.99,267.0,273.33
2015-03-04T00:00:00+00:00,0.618,426.17896,below,283.8,285.99,267.0,273.33
2015-03-04T00:00:00+00:00,0.786,460.40392,below,283.8,285.99,267.0,273.33
2015-03-04T00:00:00+00:00,1.0,504.0,below,283.8,285.99,267.0,273.33
2015-03-05T00:00:00+00:00,0.236,348.35792,below,272.92,284.99,262.0,277.69
2015-03-05T00:00:00+00:00,0.382,378.10104,below,272.92,284.99,262.0,277.69
2015-03-05T00:00:00+00:00,0.5,402.14,below,272.92,284.99,262.0,277.69
2015-03-05T00:00:00+00:00,0.618,426.17896,below,272.92,284.99,262.0,277.69
2015-03-05T00:00:00+00:00,0.786,460.40392,below,272.92,284.99,262.0,277.69
2015-03-05T00:00:00+00:00,1.0,504.0,below,272.92,284.99,262.0,277.69
2015-03-06T00:00:00+00:00,0.236,348.35792,below,277.69,279.75,268.8,273.36
2015-03-06T00:00:00+00:00,0.382,378.10104,below,277.69,279.75,268.8,273.36
2015-03-06T00:00:00+00:00,0.5,402.14,below,277.69,279.75,268.8,273.36
2015-03-06T00:00:00+00:00,0.618,426.17896,below,277.69,279.75,268.8,273.36
2015-03-06T00:00:00+00:00,0.786,460.40392,below,277.69,279.75,268.8,273.36
2015-03-06T00:00:00+00:00,1.0,504.0,below,277.69,279.75,268.8,273.36
2015-03-07T00:00:00+00:00,0.236,348.35792,below,273.27,280.76,270.55,276.97
2015-03-07T00:00:00+00:00,0.382,378.10104,below,273.27,280.76,270.55,276.97
2015-03-07T00:00:00+00:00,0.5,402.14,below,273.27,280.76,270.55,276.97
2015-03-07T00:00:00+00:00,0.618,426.17896,below,273.27,280.76,270.55,276.97
2015-03-07T00:00:00+00:00,0.786,460.40392,below,273.27,280.76,270.55,276.97
2015-03-07T00:00:00+00:00,1.0,504.0,below,273.27,280.76,270.55,276.97
2015-03-08T00:00:00+00:00,0.236,348.35792,below,276.98,278.68,271.61,275.59
2015-03-08T00:00:00+00:00,0.382,378.10104,below,276.98,278.68,271.61,275.59
2015-03-08T00:00:00+00:00,0.5,402.14,below,276.98,278.68,271.61,275.59
2015-03-08T00:00:00+00:00,0.618,426.17896,below,276.98,278.68,271.61,275.59
2015-03-08T00:00:00+00:00,0.786,460.40392,below,276.98,278.68,271.61,275.59
2015-03-08T00:00:00+00:00,1.0,504.0,below,276.98,278.68,271.61,275.59
2015-03-09T00:00:00+00:00,0.236,348.35792,below,275.58,295.0,275.01,291.0
2015-03-09T00:00:00+00:00,0.382,378.10104,below,275.58,295.0,275.01,291.0
2015-03-09T00:00:00+00:00,0.5,402.14,below,275.58,295.0,275.01,291.0
2015-03-09T00:00:00+00:00,0.618,426.17896,below,275.58,295.0,275.01,291.0
2015-03-09T00:00:00+00:00,0.786,460.40392,below,275.58,295.0,275.01,291.0
2015-03-09T00:00:00+00:00,1.0,504.0,below,275.58,295.0,275.01,291.0
2015-03-10T00:00:00+00:00,0.236,348.35792,below,291.04,303.96,289.03,292.62
2015-03-10T00:00:00+00:00,0.382,378.10104,below,291.04,303.96,289.03,292.62
2015-03-10T00:00:00+00:00,0.5,402.14,below,291.04,303.96,289.03,292.62
2015-03-10T00:00:00+00:00,0.618,426.17896,below,291.04,303.96,289.03,292.62
2015-03-10T00:00:00+00:00,0.786,460.40392,below,291.04,303.96,289.03,292.62
2015-03-10T00:00:00+00:00,1.0,504.0,below,291.04,303.96,289.03,292.62
2015-03-11T00:00:00+00:00,0.236,348.35792,below,292.64,298.75,291.0,296.6
2015-03-11T00:00:00+00:00,0.382,378.10104,below,292.64,298.75,291.0,296.6
2015-03-11T00:00:00+00:00,0.5,402.14,below,292.64,298.75,291.0,296.6
2015-03-11T00:00:00+00:00,0.618,426.17896,below,292.64,298.75,291.0,296.6
2015-03-11T00:00:00+00:00,0.786,460.40392,below,292.64,298.75,291.0,296.6
2015-03-11T00:00:00+00:00,1.0,504.0,below,292.64,298.75,291.0,296.6
2015-03-12T00:00:00+00:00,0.236,348.35792,below,296.52,298.8,291.04,295.55
2015-03-12T00:00:00+00:00,0.382,378.10104,below,296.52,298.8,291.04,295.55
2015-03-12T00:00:00+00:00,0.5,402.14,below,296.52,298.8,291.04,295.55
2015-03-12T00:00:00+00:00,0.618,426.17896,below,296.52,298.8,291.04,295.55
2015-03-12T00:00:00+00:00,0.786,460.40392,below,296.52,298.8,291.04,295.55
2015-03-12T00:00:00+00:00,1.0,504.0,below,296.52,298.8,291.04,295.55
2015-03-13T00:00:00+00:00,0.236,348.35792,below,295.52,295.91,282.13,283.18
2015-03-13T00:00:00+00:00,0.382,378.10104,below,295.52,295.91,282.13,283.18
2015-03-13T00:00:00+00:00,0.5,402.14,below,295.52,295.91,282.13,283.18
2015-03-13T00:00:00+00:00,0.618,426.17896,below,295.52,295.91,282.13,283.18
2015-03-13T00:00:00+00:00,0.786,460.40392,below,295.52,295.91,282.13,283.18
2015-03-13T00:00:00+00:00,1.0,504.0,below,295.52,295.91,282.13,283.18
2015-03-14T00:00:00+00:00,0.236,348.35792,below,283.18,287.6,281.36,282.6
2015-03-14T00:00:00+00:00,0.382,378.10104,below,283.18,287.6,281.36,282.6
2015-03-14T00:00:00+00:00,0.5,402.14,below,283.18,287.6,281.36,282.6
2015-03-14T00:00:00+00:00,0.618,426.17896,below,283.18,287.6,281.36,282.6
2015-03-14T00:00:00+00:00,0.786,460.40392,below,283.18,287.6,281.36,282.6
2015-03-14T00:00:00+00:00,1.0,504.0,below,283.18,287.6,281.36,282.6
2015-03-15T00:00:00+00:00,0.236,348.35792,below,282.54,287.8,281.59,286.9
2015-03-15T00:00:00+00:00,0.382,378.10104,below,282.54,287.8,281.59,286.9
2015-03-15T00:00:00+00:00,0.5,402.14,below,282.54,287.8,281.59,286.9
2015-03-15T00:00:00+00:00,0.618,426.17896,below,282.54,287.8,281.59,286.9
2015-03-15T00:00:00+00:00,0.786,460.40392,below,282.54,287.8,281.59,286.9
2015-03-15T00:00:00+00:00,1.0,504.0,below,282.54,287.8,281.59,286.9
2015-03-16T00:00:00+00:00,0.236,348.35792,below,286.71,295.2,286.45,291.22
2015-03-16T00:00:00+00:00,0.382,378.10104,below,286.71,295.2,286.45,291.22
2015-03-16T00:00:00+00:00,0.5,402.14,below,286.71,295.2,286.45,291.22
2015-03-16T00:00:00+00:00,0.618,426.17896,below,286.71,295.2,286.45,291.22
2015-03-16T00:00:00+00:00,0.786,460.40392,below,286.71,295.2,286.45,291.22
2015-03-16T00:00:00+00:00,1.0,504.0,below,286.71,295.2,286.45,291.22
2015-03-17T00:00:00+00:00,0.236,348.35792,below,291.24,292.9,281.56,285.25
2015-03-17T00:00:00+00:00,0.382,378.10104,below,291.24,292.9,281.56,285.25
2015-03-17T00:00:00+00:00,0.5,402.14,below,291.24,292.9,281.56,285.25
2015-03-17T00:00:00+00:00,0.618,426.17896,below,291.24,292.9,281.56,285.25
2015-03-17T00:00:00+00:00,0.786,460.40392,below,291.24,292.9,281.56,285.25
2015-03-17T00:00:00+00:00,1.0,504.0,below,291.24,292.9,281.56,285.25
2015-03-18T00:00:00+00:00,0.236,348.35792,below,285.11,285.25,248.0,257.21
2015-03-18T00:00:00+00:00,0.382,378.10104,below,285.11,285.25,248.0,257.21
2015-03-18T00:00:00+00:00,0.5,402.14,below,285.11,285.25,248.0,257.21
2015-03-18T00:00:00+00:00,0.618,426.17896,below,285.11,285.25,248.0,257.21
2015-03-18T00:00:00+00:00,0.786,460.40392,below,285.11,285.25,248.0,257.21
2015-03-18T00:00:00+00:00,1.0,504.0,below,285.11,285.25,248.0,257.21
2015-03-19T00:00:00+00:00,0.236,348.35792,below,257.2,269.5,246.98,261.98
2015-03-19T00:00:00+00:00,0.382,378.10104,below,257.2,269.5,246.98,261.98
2015-03-19T00:00:00+00:00,0.5,402.14,below,257.2,269.5,246.98,261.98
2015-03-19T00:00:00+00:00,0.618,426.17896,below,257.2,269.5,246.98,261.98
2015-03-19T00:00:00+00:00,0.786,460.40392,below,257.2,269.5,246.98,261.98
2015-03-19T00:00:00+00:00,1.0,504.0,below,257.2,269.5,246.98,261.98
2015-03-20T00:00:00+00:00,0.236,348.35792,below,261.7,267.0,259.36,262.19
2015-03-20T00:00:00+00:00,0.382,378.10104,below,261.7,267.0,259.36,262.19
2015-03-20T00:00:00+00:00,0.5,402.14,below,261.7,267.0,259.36,262.19
2015-03-20T00:00:00+00:00,0.618,426.17896,below,261.7,267.0,259.36,262.19
2015-03-20T00:00:00+00:00,0.786,460.40392,below,261.7,267.0,259.36,262.19
2015-03-20T00:00:00+00:00,1.0,504.0,below,261.7,267.0,259.36,262.19
2015-03-21T00:00:00+00:00,0.236,348.35792,below,262.18,263.01,255.1,260.47
2015-03-21T00:00:00+00:00,0.382,378.10104,below,262.18,263.01,255.1,260.47
2015-03-21T00:00:00+00:00,0.5,402.14,below,262.18,263.01,255.1,260.47
2015-03-21T00:00:00+00:00,0.618,426.17896,below,262.18,263.01,255.1,260.47
2015-03-21T00:00:00+00:00,0.786,460.40392,below,262.18,263.01,255.1,260.47
2015-03-21T00:00:00+00:00,1.0,504.0,below,262.18,263.01,255.1,260.47
2015-03-22T00:00:00+00:00,0.236,348.35792,below,260.6,270.8,259.74,268.82
2015-03-22T00:00:00+00:00,0.382,378.10104,below,260.6,270.8,259.74,268.82
2015-03-22T00:00:00+00:00,0.5,402.14,below,260.6,270.8,259.74,268.82
2015-03-22T00:00:00+00:00,0.618,426.17896,below,260.6,270.8,259.74,268.82
2015-03-22T00:00:00+00:00,0.786,460.40392,below,260.6,270.8,259.74,268.82
2015-03-22T00:00:00+00:00,1.0,504.0,below,260.6,270.8,259.74,268.82
2015-03-23T00:00:00+00:00,0.236,348.35792,below,268.6,271.5,262.0,267.23
2015-03-23T00:00:00+00:00,0.382,378.10104,below,268.6,271.5,262.0,267.23
2015-03-23T00:00:00+00:00,0.5,402.14,below,268.6,271.5,262.0,267.23
2015-03-23T00:00:00+00:00,0.618,426.17896,below,268.6,271.5,262.0,267.23
2015-03-23T00:00:00+00:00,0.786,460.40392,below,268.6,271.5,262.0,267.23
2015-03-23T00:00:00+00:00,1.0,504.0,below,268.6,271.5,262.0,267.23
2015-03-24T00:00:00+00:00,0.236,348.35792,below,267.31,268.4,241.39,246.0
2015-03-24T00:00:00+00:00,0.382,378.10104,below,267.31,268.4,241.39,246.0
2015-03-24T00:00:00+00:00,0.5,402.14,below,267.31,268.4,241.39,246.0
2015-03-24T00:00:00+00:00,0.618,426.17896,below,267.31,268.4,241.39,246.0
2015-03-24T00:00:00+00:00,0.786,460.40392,below,267.31,268.4,241.39,246.0
2015-03-24T00:00:00+00:00,1.0,504.0,below,267.31,268.4,241.39,246.0
2015-03-25T00:00:00+00:00,0.236,348.35792,below,246.0,250.95,235.7,246.29
2015-03-25T00:00:00+00:00,0.382,378.10104,below,246.0,250.95,235.7,246.29
2015-03-25T00:00:00+00:00,0.5,402.14,below,246.0,250.95,235.7,246.29
2015-03-25T00:00:00+00:00,0.618,426.17896,below,246.0,250.95,235.7,246.29
2015-03-25T00:00:00+00:00,0.786,460.40392,below,246.0,250.95,235.7,246.29
2015-03-25T00:00:00+00:00,1.0,504.0,below,246.0,250.95,235.7,246.29
2015-03-26T00:00:00+00:00,0.236,348.35792,below,246.29,255.0,244.5,249.33
2015-03-26T00:00:00+00:00,0.382,378.10104,below,246.29,255.0,244.5,249.33
2015-03-26T00:00:00+00:00,0.5,402.14,below,246.29,255.0,244.5,249.33
2015-03-26T00:00:00+00:00,0.618,426.17896,below,246.29,255.0,244.5,249.33
2015-03-26T00:00:00+00:00,0.786,460.40392,below,246.29,255.0,244.5,249.33
2015-03-26T00:00:00+00:00,1.0,504.0,below,246.29,255.0,244.5,249.33
2015-03-27T00:00:00+00:00,0.236,348.35792,below,249.21,250.45,245.23,246.5
2015-03-27T00:00:00+00:00,0.382,378.10104,below,249.21,250.45,245.23,246.5
2015-03-27T00:00:00+00:00,0.5,402.14,below,249.21,250.45,245.23,246.5
2015-03-27T00:00:00+00:00,0.618,426.17896,below,249.21,250.45,245.23,246.5
2015-03-27T00:00:00+00:00,0.786,460.40392,below,249.21,250.45,245.23,246.5
2015-03-27T00:00:00+00:00,1.0,504.0,below,249.21,250.45,245.23,246.5
2015-03-28T00:00:00+00:00,0.236,348.35792,below,246.5,255.96,246.49,252.95
2015-03-28T00:00:00+00:00,0.382,378.10104,below,246.5,255.96,246.49,252.95
2015-03-28T00:00:00+00:00,0.5,402.14,below,246.5,255.96,246.49,252.95
2015-03-28T00:00:00+00:00,0.618,426.17896,below,246.5,255.96,246.49,252.95
2015-03-28T00:00:00+00:00,0.786,460.40392,below,246.5,255.96,246.49,252.95
2015-03-28T00:00:00+00:00,1.0,504.0,below,246.5,255.96,246.49,252.95
2015-03-29T00:00:00+00:00,0.236,348.35792,below,252.9,253.01,238.89,242.74
2015-03-29T00:00:00+00:00,0.382,378.10104,below,252.9,253.01,238.89,242.74
2015-03-29T00:00:00+00:00,0.5,402.14,below,252.9,253.01,238.89,242.74
2015-03-29T00:00:00+00:00,0.618,426.17896,below,252.9,253.01,238.89,242.74
2015-03-29T00:00:00+00:00,0.786,460.40392,below,252.9,253.01,238.89,242.74
2015-03-29T00:00:00+00:00,1.0,504.0,below,252.9,253.01,238.89,242.74
2015-03-30T00:00:00+00:00,0.236,348.35792,below,242.9,250.98,236.24,247.93
2015-03-30T00:00:00+00:00,0.382,378.10104,below,242.9,250.98,236.24,247.93
2015-03-30T00:00:00+00:00,0.5,402.14,below,242.9,250.98,236.24,247.93
2015-03-30T00:00:00+00:00,0.618,426.17896,below,242.9,250.98,236.24,247.93
2015-03-30T00:00:00+00:00,0.786,460.40392,below,242.9,250.98,236.24,247.93
2015-03-30T00:00:00+00:00,1.0,504.0,below,242.9,250.98,236.24,247.93
2015-03-31T00:00:00+00:00,0.236,348.35792,below,247.93,248.8,242.0,244.51
2015-03-31T00:00:00+00:00,0.382,378.10104,below,247.93,248.8,242.0,244.51
2015-03-31T00:00:00+00:00,0.5,402.14,below,247.93,248.8,242.0,244.51
2015-03-31T00:00:00+00:00,0.618,426.17896,below,247.93,248.8,242.0,244.51
2015-03-31T00:00:00+00:00,0.786,460.40392,below,247.93,248.8,242.0,244.51
2015-03-31T00:00:00+00:00,1.0,504.0,below,247.93,248.8,242.0,244.51
2015-04-01T00:00:00+00:00,0.236,348.35792,below,244.56,248.71,239.21,246.93
2015-04-01T00:00:00+00:00,0.382,378.10104,below,244.56,248.71,239.21,246.93
2015-04-01T00:00:00+00:00,0.5,402.14,below,244.56,248.71,239.21,246.93
2015-04-01T00:00:00+00:00,0.618,426.17896,below,244.56,248.71,239.21,246.93
2015-04-01T00:00:00+00:00,0.786,460.40392,below,244.56,248.71,239.21,246.93
2015-04-01T00:00:00+00:00,1.0,504.0,below,244.56,248.71,239.21,246.93
2015-04-02T00:00:00+00:00,0.236,348.35792,below,247.07,254.94,243.0,253.23
2015-04-02T00:00:00+00:00,0.382,378.10104,below,247.07,254.94,243.0,253.23
2015-04-02T00:00:00+00:00,0.5,402.14,below,247.07,254.94,243.0,253.23
2015-04-02T00:00:00+00:00,0.618,426.17896,below,247.07,254.94,243.0,253.23
2015-04-02T00:00:00+00:00,0.786,460.40392,below,247.07,254.94,243.0,253.23
2015-04-02T00:00:00+00:00,1.0,504.0,below,247.07,254.94,243.0,253.23
2015-04-03T00:00:00+00:00,0.236,348.35792,below,253.33,256.49,250.31,254.24
2015-04-03T00:00:00+00:00,0.382,378.10104,below,253.33,256.49,250.31,254.24
2015-04-03T00:00:00+00:00,0.5,402.14,below,253.33,256.49,250.31,254.24
2015-04-03T00:00:00+00:00,0.618,426.17896,below,253.33,256.49,250.31,254.24
2015-04-03T00:00:00+00:00,0.786,460.40392,below,253.33,256.49,250.31,254.24
2015-04-03T00:00:00+00:00,1.0,504.0,below,253.33,256.49,250.31,254.24
2015-04-04T00:00:00+00:00,0.236,348.35792,below,254.24,255.7,250.32,253.6
2015-04-04T00:00:00+00:00,0.382,378.10104,below,254.24,255.7,250.32,253.6
2015-04-04T00:00:00+00:00,0.5,402.14,below,254.24,255.7,250.32,253.6
2015-04-04T00:00:00+00:00,0.618,426.17896,below,254.24,255.7,250.32,253.6
2015-04-04T00:00:00+00:00,0.786,460.40392,below,254.24,255.7,250.32,253.6
2015-04-04T00:00:00+00:00,1.0,504.0,below,254.24,255.7,250.32,253.6
2015-04-05T00:00:00+00:00,0.236,348.35792,below,253.7,261.25,251.55,260.5
2015-04-05T00:00:00+00:00,0.382,378.10104,below,253.7,261.25,251.55,260.5
2015-04-05T00:00:00+00:00,0.5,402.14,below,253.7,261.25,251.55,260.5
2015-04-05T00:00:00+00:00,0.618,426.17896,below,253.7,261.25,251.55,260.5
2015-04-05T00:00:00+00:00,0.786,460.40392,below,253.7,261.25,251.55,260.5
2015-04-05T00:00:00+00:00,1.0,504.0,below,253.7,261.25,251.55,260.5
2015-04-06T00:00:00+00:00,0.236,348.35792,below,260.75,262.45,253.4,255.73
2015-04-06T00:00:00+00:00,0.382,378.10104,below,260.75,262.45,253.4,255.73
2015-04-06T00:00:00+00:00,0.5,402.14,below,260.75,262.45,253.4,255.73
2015-04-06T00:00:00+00:00,0.618,426.17896,below,260.75,262.45,253.4,255.73
2015-04-06T00:00:00+00:00,0.786,460.40392,below,260.75,262.45,253.4,255.73
2015-04-06T00:00:00+00:00,1.0,504.0,below,260.75,262.45,253.4,255.73
2015-04-07T00:00:00+00:00,0.236,348.35792,below,255.62,257.9,253.01,253.7
2015-04-07T00:00:00+00:00,0.382,378.10104,below,255.62,257.9,253.01,253.7
2015-04-07T00:00:00+00:00,0.5,402.14,below,255.62,257.9,253.01,253.7
2015-04-07T00:00:00+00:00,0.618,426.17896,below,255.62,257.9,253.01,253.7
2015-04-07T00:00:00+00:00,0.786,460.40392,below,255.62,257.9,253.01,253.7
2015-04-07T00:00:00+00:00,1.0,504.0,below,255.62,257.9,253.01,253.7
2015-04-08T00:00:00+00:00,0.236,348.35792,below,253.7,254.99,242.72,244.92
2015-04-08T00:00:00+00:00,0.382,378.10104,below,253.7,254.99,242.72,244.92
2015-04-08T00:00:00+00:00,0.5,402.14,below,253.7,254.99,242.72,244.92
2015-04-08T00:00:00+00:00,0.618,426.17896,below,253.7,254.99,242.72,244.92
2015-04-08T00:00:00+00:00,0.786,460.40392,below,253.7,254.99,242.72,244.92
2015-04-08T00:00:00+00:00,1.0,504.0,below,253.7,254.99,242.72,244.92
2015-04-09T00:00:00+00:00,0.236,348.35792,below,244.94,246.79,236.5,243.58
2015-04-09T00:00:00+00:00,0.382,378.10104,below,244.94,246.79,236.5,243.58
2015-04-09T00:00:00+00:00,0.5,402.14,below,244.94,246.79,236.5,243.58
2015-04-09T00:00:00+00:00,0.618,426.17896,below,244.94,246.79,236.5,243.58
2015-04-09T00:00:00+00:00,0.786,460.40392,below,244.94,246.79,236.5,243.58
2015-04-09T00:00:00+00:00,1.0,504.0,below,244.94,246.79,236.5,243.58
2015-04-10T00:00:00+00:00,0.236,348.35792,below,243.56,243.74,230.75,236.12
2015-04-10T00:00:00+00:00,0.382,378.10104,below,243.56,243.74,230.75,236.12
2015-04-10T00:00:00+00:00,0.5,402.14,below,243.56,243.74,230.75,236.12
2015-04-10T00:00:00+00:00,0.618,426.17896,below,243.56,243.74,230.75,236.12
2015-04-10T00:00:00+00:00,0.786,460.40392,below,243.56,243.74,230.75,236.12
2015-04-10T00:00:00+00:00,1.0,504.0,below,243.56,243.74,230.75,236.12
2015-04-11T00:00:00+00:00,0.236,348.35792,below,236.12,240.58,233.72,236.86
2015-04-11T00:00:00+00:00,0.382,378.10104,below,236.12,240.58,233.72,236.86
2015-04-11T00:00:00+00:00,0.5,402.14,below,236.12,240.58,233.72,236.86
2015-04-11T00:00:00+00:00,0.618,426.17896,below,236.12,240.58,233.72,236.86
2015-04-11T00:00:00+00:00,0.786,460.40392,below,236.12,240.58,233.72,236.86
2015-04-11T00:00:00+00:00,1.0,504.0,below,236.12,240.58,233.72,236.86
2015-04-12T00:00:00+00:00,0.236,348.35792,below,236.83,238.7,232.38,236.38
2015-04-12T00:00:00+00:00,0.382,378.10104,below,236.83,238.7,232.38,236.38
2015-04-12T00:00:00+00:00,0.5,402.14,below,236.83,238.7,232.38,236.38
2015-04-12T00:00:00+00:00,0.618,426.17896,below,236.83,238.7,232.38,236.38
2015-04-12T00:00:00+00:00,0.786,460.40392,below,236.83,238.7,232.38,236.38
2015-04-12T00:00:00+00:00,1.0,504.0,below,236.83,238.7,232.38,236.38
2015-04-13T00:00:00+00:00,0.236,348.35792,below,236.21,237.7,220.14,224.9
2015-04-13T00:00:00+00:00,0.382,378.10104,below,236.21,237.7,220.14,224.9
2015-04-13T00:00:00+00:00,0.5,402.14,below,236.21,237.7,220.14,224.9
2015-04-13T00:00:00+00:00,0.618,426.17896,below,236.21,237.7,220.14,224.9
2015-04-13T00:00:00+00:00,0.786,460.40392,below,236.21,237.7,220.14,224.9
2015-04-13T00:00:00+00:00,1.0,504.0,below,236.21,237.7,220.14,224.9
2015-04-14T00:00:00+00:00,0.236,348.35792,below,224.9,225.75,216.37,220.16
2015-04-14T00:00:00+00:00,0.382,378.10104,below,224.9,225.75,216.37,220.16
2015-04-14T00:00:00+00:00,0.5,402.14,below,224.9,225.75,216.37,220.16
2015-04-14T00:00:00+00:00,0.618,426.17896,below,224.9,225.75,216.37,220.16
2015-04-14T00:00:00+00:00,0.786,460.40392,below,224.9,225.75,216.37,220.16
2015-04-14T00:00:00+00:00,1.0,504.0,below,224.9,225.75,216.37,220.16
2015-04-15T00:00:00+00:00,0.236,348.35792,below,220.1,224.75,219.01,223.98
2015-04-15T00:00:00+00:00,0.382,378.10104,below,220.1,224.75,219.01,223.98
2015-04-15T00:00:00+00:00,0.5,402.14,below,220.1,224.75,219.01,223.98
2015-04-15T00:00:00+00:00,0.618,426.17896,below,220.1,224.75,219.01,223.98
2015-04-15T00:00:00+00:00,0.786,460.40392,below,220.1,224.75,219.01,223.98
2015-04-15T00:00:00+00:00,1.0,504.0,below,220.1,224.75,219.01,223.98
2015-04-16T00:00:00+00:00,0.236,348.35792,below,223.8,230.0,223.01,228.14
2015-04-16T00:00:00+00:00,0.382,378.10104,below,223.8,230.0,223.01,228.14
2015-04-16T00:00:00+00:00,0.5,402.14,below,223.8,230.0,223.01,228.14
2015-04-16T00:00:00+00:00,0.618,426.17896,below,223.8,230.0,223.01,228.14
2015-04-16T00:00:00+00:00,0.786,460.40392,below,223.8,230.0,223.01,228.14
2015-04-16T00:00:00+00:00,1.0,504.0,below,223.8,230.0,223.01,228.14
2015-04-17T00:00:00+00:00,0.236,348.35792,below,228.23,228.98,219.58,222.4
2015-04-17T00:00:00+00:00,0.382,378.10104,below,228.23,228.98,219.58,222.4
2015-04-17T00:00:00+00:00,0.5,402.14,below,228.23,228.98,219.58,222.4
2015-04-17T00:00:00+00:00,0.618,426.17896,below,228.23,228.98,219.58,222.4
2015-04-17T00:00:00+00:00,0.786,460.40392,below,228.23,228.98,219.58,222.4
2015-04-17T00:00:00+00:00,1.0,504.0,below,228.23,228.98,219.58,222.4
2015-04-18T00:00:00+00:00,0.236,348.35792,below,222.39,224.16,219.94,223.08
2015-04-18T00:00:00+00:00,0.382,378.10104,below,222.39,224.16,219.94,223.08
2015-04-18T00:00:00+00:00,0.5,402.14,below,222.39,224.16,219.94,223.08
2015-04-18T00:00:00+00:00,0.618,426.17896,below,222.39,224.16,219.94,223.08
2015-04-18T00:00:00+00:00,0.786,460.40392,below,222.39,224.16,219.94,223.08
2015-04-18T00:00:00+00:00,1.0,504.0,below,222.39,224.16,219.94,223.08
2015-04-19T00:00:00+00:00,0.236,348.35792,below,223.23,227.0,222.1,222.16
2015-04-19T00:00:00+00:00,0.382,378.10104,below,223.23,227.0,222.1,222.16
2015-04-19T00:00:00+00:00,0.5,402.14,below,223.23,227.0,222.1,222.16
2015-04-19T00:00:00+00:00,0.618,426.17896,below,223.23,227.0,222.1,222.16
2015-04-19T00:00:00+00:00,0.786,460.40392,below,223.23,227.0,222.1,222.16
2015-04-19T00:00:00+00:00,1.0,504.0,below,223.23,227.0,222.1,222.16
2015-04-20T00:00:00+00:00,0.236,348.35792,below,222.28,227.0,221.24,224.21
2015-04-20T00:00:00+00:00,0.382,378.10104,below,222.28,227.0,221.24,224.21
2015-04-20T00:00:00+00:00,0.5,402.14,below,222.28,227.0,221.24,224.21
2015-04-20T00:00:00+00:00,0.618,426.17896,below,222.28,227.0,221.24,224.21
2015-04-20T00:00:00+00:00,0.786,460.40392,below,222.28,227.0,221.24,224.21
2015-04-20T00:00:00+00:00,1.0,504.0,below,222.28,227.0,221.24,224.21
2015-04-21T00:00:00+00:00,0.236,348.35792,below,224.21,236.99,224.16,236.96
2015-04-21T00:00:00+00:00,0.382,378.10104,below,224.21,236.99,224.16,236.96
2015-04-21T00:00:00+00:00,0.5,402.14,below,224.21,236.99,224.16,236.96
2015-04-21T00:00:00+00:00,0.618,426.17896,below,224.21,236.99,224.16,236.96
2015-04-21T00:00:00+00:00,0.786,460.40392,below,224.21,236.99,224.16,236.96
2015-04-21T00:00:00+00:00,1.0,504.0,below,224.21,236.99,224.16,236.96
2015-04-22T00:00:00+00:00,0.236,348.35792,below,236.18,238.99,232.0,234.14
2015-04-22T00:00:00+00:00,0.382,378.10104,below,236.18,238.99,232.0,234.14
2015-04-22T00:00:00+00:00,0.5,402.14,below,236.18,238.99,232.0,234.14
2015-04-22T00:00:00+00:00,0.618,426.17896,below,236.18,238.99,232.0,234.14
2015-04-22T00:00:00+00:00,0.786,460.40392,below,236.18,238.99,232.0,234.14
2015-04-22T00:00:00+00:00,1.0,504.0,below,236.18,238.99,232.0,234.14
2015-04-23T00:00:00+00:00,0.236,348.35792,below,234.35,237.22,233.0,236.01
2015-04-23T00:00:00+00:00,0.382,378.10104,below,234.35,237.22,233.0,236.01
2015-04-23T00:00:00+00:00,0.5,402.14,below,234.35,237.22,233.0,236.01
2015-04-23T00:00:00+00:00,0.618,426.17896,below,234.35,237.22,233.0,236.01
2015-04-23T00:00:00+00:00,0.786,460.40392,below,234.35,237.22,233.0,236.01
2015-04-23T00:00:00+00:00,1.0,504.0,below,234.35,237.22,233.0,236.01
2015-04-24T00:00:00+00:00,0.236,348.35792,below,235.82,236.51,228.7,231.38
2015-04-24T00:00:00+00:00,0.382,378.10104,below,235.82,236.51,228.7,231.38
2015-04-24T00:00:00+00:00,0.5,402.14,below,235.82,236.51,228.7,231.38
2015-04-24T00:00:00+00:00,0.618,426.17896,below,235.82,236.51,228.7,231.38
2015-04-24T00:00:00+00:00,0.786,460.40392,below,235.82,236.51,228.7,231.38
2015-04-24T00:00:00+00:00,1.0,504.0,below,235.82,236.51,228.7,231.38
2015-04-25T00:00:00+00:00,0.236,348.35792,below,231.21,232.7,225.35,226.01
2015-04-25T00:00:00+00:00,0.382,378.10104,below,231.21,232.7,225.35,226.01
2015-04-25T00:00:00+00:00,0.5,402.14,below,231.21,232.7,225.35,226.01
2015-04-25T00:00:00+00:00,0.618,426.17896,below,231.21,232.7,225.35,226.01
2015-04-25T00:00:00+00:00,0.786,460.40392,below,231.21,232.7,225.35,226.01
2015-04-25T00:00:00+00:00,1.0,504.0,below,231.21,232.7,225.35,226.01
2015-04-26T00:00:00+00:00,0.236,348.35792,below,226.1,226.84,213.92,219.7
2015-04-26T00:00:00+00:00,0.382,378.10104,below,226.1,226.84,213.92,219.7
2015-04-26T00:00:00+00:00,0.5,402.14,below,226.1,226.84,213.92,219.7
2015-04-26T00:00:00+00:00,0.618,426.17896,below,226.1,226.84,213.92,219.7
2015-04-26T00:00:00+00:00,0.786,460.40392,below,226.1,226.84,213.92,219.7
2015-04-26T00:00:00+00:00,1.0,504.0,below,226.1,226.84,213.92,219.7
2015-04-27T00:00:00+00:00,0.236,348.35792,below,219.73,232.49,218.24,226.91
2015-04-27T00:00:00+00:00,0.382,378.10104,below,219.73,232.49,218.24,226.91
2015-04-27T00:00:00+00:00,0.5,402.14,below,219.73,232.49,218.24,226.91
2015-04-27T00:00:00+00:00,0.618,426.17896,below,219.73,232.49,218.24,226.91
2015-04-27T00:00:00+00:00,0.786,460.40392,below,219.73,232.49,218.24,226.91
2015-04-27T00:00:00+00:00,1.0,504.0,below,219.73,232.49,218.24,226.91
2015-04-28T00:00:00+00:00,0.236,348.35792,below,227.44,228.05,222.16,225.3
2015-04-28T00:00:00+00:00,0.382,378.10104,below,227.44,228.05,222.16,225.3
2015-04-28T00:00:00+00:00,0.5,402.14,below,227.44,228.05,222.16,225.3
2015-04-28T00:00:00+00:00,0.618,426.17896,below,227.44,228.05,222.16,225.3
2015-04-28T00:00:00+00:00,0.786,460.40392,below,227.44,228.05,222.16,225.3
2015-04-28T00:00:00+00:00,1.0,504.0,below,227.44,228.05,222.16,225.3
2015-04-29T00:00:00+00:00,0.236,348.35792,below,225.3,227.8,222.66,225.23
2015-04-29T00:00:00+00:00,0.382,378.10104,below,225.3,227.8,222.66,225.23
2015-04-29T00:00:00+00:00,0.5,402.14,below,225.3,227.8,222.66,225.23
2015-04-29T00:00:00+00:00,0.618,426.17896,below,225.3,227.8,222.66,225.23
2015-04-29T00:00:00+00:00,0.786,460.40392,below,225.3,227.8,222.66,225.23
2015-04-29T00:00:00+00:00,1.0,504.0,below,225.3,227.8,222.66,225.23
2015-04-30T00:00:00+00:00,0.236,348.35792,below,225.56,240.89,224.63,236.11
2015-04-30T00:00:00+00:00,0.382,378.10104,below,225.56,240.89,224.63,236.11
2015-04-30T00:00:00+00:00,0.5,402.14,below,225.56,240.89,224.63,236.11
2015-04-30T00:00:00+00:00,0.618,426.17896,below,225.56,240.89,224.63,236.11
2015-04-30T00:00:00+00:00,0.786,460.40392,below,225.56,240.89,224.63,236.11
2015-04-30T00:00:00+00:00,1.0,504.0,below,225.56,240.89,224.63,236.11
2015-05-01T00:00:00+00:00,0.236,348.35792,below,236.18,239.25,231.26,231.78
2015-05-01T00:00:00+00:00,0.382,378.10104,below,236.18,239.25,231.26,231.78
2015-05-01T00:00:00+00:00,0.5,402.14,below,236.18,239.25,231.26,231.78
2015-05-01T00:00:00+00:00,0.618,426.17896,below,236.18,239.25,231.26,231.78
2015-05-01T00:00:00+00:00,0.786,460.40392,below,236.18,239.25,231.26,231.78
2015-05-01T00:00:00+00:00,1.0,504.0,below,236.18,239.25,231.26,231.78
2015-05-02T00:00:00+00:00,0.236,348.35792,below,231.75,235.79,231.75,234.81
2015-05-02T00:00:00+00:00,0.382,378.10104,below,231.75,235.79,231.75,234.81
2015-05-02T00:00:00+00:00,0.5,402.14,below,231.75,235.79,231.75,234.81
2015-05-02T00:00:00+00:00,0.618,426.17896,below,231.75,235.79,231.75,234.81
2015-05-02T00:00:00+00:00,0.786,460.40392,below,231.75,235.79,231.75,234.81
2015-05-02T00:00:00+00:00,1.0,504.0,below,231.75,235.79,231.75,234.81
2015-05-03T00:00:00+00:00,0.236,348.35792,below,234.76,243.73,233.75,240.57
2015-05-03T00:00:00+00:00,0.382,378.10104,below,234.76,243.73,233.75,240.57
2015-05-03T00:00:00+00:00,0.5,402.14,below,234.76,243.73,233.75,240.57
2015-05-03T00:00:00+00:00,0.618,426.17896,below,234.76,243.73,233.75,240.57
2015-05-03T00:00:00+00:00,0.786,460.40392,below,234.76,243.73,233.75,240.57
2015-05-03T00:00:00+00:00,1.0,504.0,below,234.76,243.73,233.75,240.57
2015-05-04T00:00:00+00:00,0.236,348.35792,below,240.69,243.6,236.98,238.54
2015-05-04T00:00:00+00:00,0.382,378.10104,below,240.69,243.6,236.98,238.54
2015-05-04T00:00:00+00:00,0.5,402.14,below,240.69,243.6,236.98,238.54
2015-05-04T00:00:00+00:00,0.618,426.17896,below,240.69,243.6,236.98,238.54
2015-05-04T00:00:00+00:00,0.786,460.40392,below,240.69,243.6,236.98,238.54
2015-05-04T00:00:00+00:00,1.0,504.0,below,240.69,243.6,236.98,238.54
2015-05-05T00:00:00+00:00,0.236,348.35792,below,238.68,239.49,231.05,235.87
2015-05-05T00:00:00+00:00,0.382,378.10104,below,238.68,239.49,231.05,235.87
2015-05-05T00:00:00+00:00,0.5,402.14,below,238.68,239.49,231.05,235.87
2015-05-05T00:00:00+00:00,0.618,426.17896,below,238.68,239.49,231.05,235.87
2015-05-05T00:00:00+00:00,0.786,460.40392,below,238.68,239.49,231.05,235.87
2015-05-05T00:00:00+00:00,1.0,504.0,below,238.68,239.49,231.05,235.87
2015-05-06T00:00:00+00:00,0.236,348.35792,below,235.85,236.75,226.42,229.27
2015-05-06T00:00:00+00:00,0.382,378.10104,below,235.85,236.75,226.42,229.27
2015-05-06T00:00:00+00:00,0.5,402.14,below,235.85,236.75,226.42,229.27
2015-05-06T00:00:00+00:00,0.618,426.17896,below,235.85,236.75,226.42,229.27
2015-05-06T00:00:00+00:00,0.786,460.40392,below,235.85,236.75,226.42,229.27
2015-05-06T00:00:00+00:00,1.0,504.0,below,235.85,236.75,226.42,229.27
2015-05-07T00:00:00+00:00,0.236,348.35792,below,229.04,239.79,227.81,237.3
2015-05-07T00:00:00+00:00,0.382,378.10104,below,229.04,239.79,227.81,237.3
2015-05-07T00:00:00+00:00,0.5,402.14,below,229.04,239.79,227.81,237.3
2015-05-07T00:00:00+00:00,0.618,426.17896,below,229.04,239.79,227.81,237.3
2015-05-07T00:00:00+00:00,0.786,460.40392,below,229.04,239.79,227.81,237.3
2015-05-07T00:00:00+00:00,1.0,504.0,below,229.04,239.79,227.81,237.3
2015-05-08T00:00:00+00:00,0.236,348.35792,below,237.3,249.22,236.2,244.5
2015-05-08T00:00:00+00:00,0.382,378.10104,below,237.3,249.22,236.2,244.5
2015-05-08T00:00:00+00:00,0.5,402.14,below,237.3,249.22,236.2,244.5
2015-05-08T00:00:00+00:00,0.618,426.17896,below,237.3,249.22,236.2,244.5
2015-05-08T00:00:00+00:00,0.786,460.40392,below,237.3,249.22,236.2,244.5
2015-05-08T00:00:00+00:00,1.0,504.0,below,237.3,249.22,236.2,244.5
2015-05-09T00:00:00+00:00,0.236,348.35792,below,244.52,249.21,240.1,242.54
2015-05-09T00:00:00+00:00,0.382,378.10104,below,244.52,249.21,240.1,242.54
2015-05-09T00:00:00+00:00,0.5,402.14,below,244.52,249.21,240.1,242.54
2015-05-09T00:00:00+00:00,0.618,426.17896,below,244.52,249.21,240.1,242.54
2015-05-09T00:00:00+00:00,0.786,460.40392,below,244.52,249.21,240.1,242.54
2015-05-09T00:00:00+00:00,1.0,504.0,below,244.52,249.21,240.1,242.54
2015-05-10T00:00:00+00:00,0.236,348.35792,below,242.53,245.95,238.79,240.73
2015-05-10T00:00:00+00:00,0.382,378.10104,below,242.53,245.95,238.79,240.73
2015-05-10T00:00:00+00:00,0.5,402.14,below,242.53,245.95,238.79,240.73
2015-05-10T00:00:00+00:00,0.618,426.17896,below,242.53,245.95,238.79,240.73
2015-05-10T00:00:00+00:00,0.786,460.40392,below,242.53,245.95,238.79,240.73
2015-05-10T00:00:00+00:00,1.0,504.0,below,242.53,245.95,238.79,240.73
2015-05-11T00:00:00+00:00,0.236,348.35792,below,240.8,245.49,238.5,242.46
2015-05-11T00:00:00+00:00,0.382,378.10104,below,240.8,245.49,238.5,242.46
2015-05-11T00:00:00+00:00,0.5,402.14,below,240.8,245.49,238.5,242.46
2015-05-11T00:00:00+00:00,0.618,426.17896,below,240.8,245.49,238.5,242.46
2015-05-11T00:00:00+00:00,0.786,460.40392,below,240.8,245.49,238.5,242.46
2015-05-11T00:00:00+00:00,1.0,504.0,below,240.8,245.49,238.5,242.46
2015-05-12T00:00:00+00:00,0.236,348.35792,below,242.44,244.67,240.86,241.92
2015-05-12T00:00:00+00:00,0.382,378.10104,below,242.44,244.67,240.86,241.92
2015-05-12T00:00:00+00:00,0.5,402.14,below,242.44,244.67,240.86,241.92
2015-05-12T00:00:00+00:00,0.618,426.17896,below,242.44,244.67,240.86,241.92
2015-05-12T00:00:00+00:00,0.786,460.40392,below,242.44,244.67,240.86,241.92
2015-05-12T00:00:00+00:00,1.0,504.0,below,242.44,244.67,240.86,241.92
2015-05-13T00:00:00+00:00,0.236,348.35792,below,242.01,245.0,234.22,235.7
2015-05-13T00:00:00+00:00,0.382,378.10104,below,242.01,245.0,234.22,235.7
2015-05-13T00:00:00+00:00,0.5,402.14,below,242.01,245.0,234.22,235.7
2015-05-13T00:00:00+00:00,0.618,426.17896,below,242.01,245.0,234.22,235.7
2015-05-13T00:00:00+00:00,0.786,460.40392,below,242.01,245.0,234.22,235.7
2015-05-13T00:00:00+00:00,1.0,504.0,below,242.01,245.0,234.22,235.7
2015-05-14T00:00:00+00:00,0.236,348.35792,below,235.72,238.39,232.1,236.7
2015-05-14T00:00:00+00:00,0.382,378.10104,below,235.72,238.39,232.1,236.7
2015-05-14T00:00:00+00:00,0.5,402.14,below,235.72,238.39,232.1,236.7
2015-05-14T00:00:00+00:00,0.618,426.17896,below,235.72,238.39,232.1,236.7
2015-05-14T00:00:00+00:00,0.786,460.40392,below,235.72,238.39,232.1,236.7
2015-05-14T00:00:00+00:00,1.0,504.0,below,235.72,238.39,232.1,236.7
2015-05-15T00:00:00+00:00,0.236,348.35792,below,236.7,239.0,233.88,237.3
2015-05-15T00:00:00+00:00,0.382,378.10104,below,236.7,239.0,233.88,237.3
2015-05-15T00:00:00+00:00,0.5,402.14,below,236.7,239.0,233.88,237.3
2015-05-15T00:00:00+00:00,0.618,426.17896,below,236.7,239.0,233.88,237.3
2015-05-15T00:00:00+00:00,0.786,460.40392,below,236.7,239.0,233.88,237.3
2015-05-15T00:00:00+00:00,1.0,504.0,below,236.7,239.0,233.88,237.3
2015-05-16T00:00:00+00:00,0.236,348.35792,below,237.24,237.58,234.0,235.7
2015-05-16T00:00:00+00:00,0.382,378.10104,below,237.24,237.58,234.0,235.7
2015-05-16T00:00:00+00:00,0.5,402.14,below,237.24,237.58,234.0,235.7
2015-05-16T00:00:00+00:00,0.618,426.17896,below,237.24,237.58,234.0,235.7
2015-05-16T00:00:00+00:00,0.786,460.40392,below,237.24,237.58,234.0,235.7
2015-05-16T00:00:00+00:00,1.0,504.0,below,237.24,237.58,234.0,235.7
2015-05-17T00:00:00+00:00,0.236,348.35792,below,235.85,238.24,235.6,236.15
2015-05-17T00:00:00+00:00,0.382,378.10104,below,235.85,238.24,235.6,236.15
2015-05-17T00:00:00+00:00,0.5,402.14,below,235.85,238.24,235.6,236.15
2015-05-17T00:00:00+00:00,0.618,426.17896,below,235.85,238.24,235.6,236.15
2015-05-17T00:00:00+00:00,0.786,460.40392,below,235.85,238.24,235.6,236.15
2015-05-17T00:00:00+00:00,1.0,504.0,below,235.85,238.24,235.6,236.15
2015-05-18T00:00:00+00:00,0.236,348.35792,below,236.25,237.25,229.0,232.82
2015-05-18T00:00:00+00:00,0.382,378.10104,below,236.25,237.25,229.0,232.82
2015-05-18T00:00:00+00:00,0.5,402.14,below,236.25,237.25,229.0,232.82
2015-05-18T00:00:00+00:00,0.618,426.17896,below,236.25,237.25,229.0,232.82
2015-05-18T00:00:00+00:00,0.786,460.40392,below,236.25,237.25,229.0,232.82
2015-05-18T00:00:00+00:00,1.0,504.0,below,236.25,237.25,229.0,232.82
2015-05-19T00:00:00+00:00,0.236,348.35792,below,232.83,233.99,231.19,231.7
2015-05-19T00:00:00+00:00,0.382,378.10104,below,232.83,233.99,231.19,231.7
2015-05-19T00:00:00+00:00,0.5,402.14,below,232.83,233.99,231.19,231.7
2015-05-19T00:00:00+00:00,0.618,426.17896,below,232.83,233.99,231.19,231.7
2015-05-19T00:00:00+00:00,0.786,460.40392,below,232.83,233.99,231.19,231.7
2015-05-19T00:00:00+00:00,1.0,504.0,below,232.83,233.99,231.19,231.7
2015-05-20T00:00:00+00:00,0.236,348.35792,below,231.56,235.24,231.56,234.24
2015-05-20T00:00:00+00:00,0.382,378.10104,below,231.56,235.24,231.56,234.24
2015-05-20T00:00:00+00:00,0.5,402.14,below,231.56,235.24,231.56,234.24
2015-05-20T00:00:00+00:00,0.618,426.17896,below,231.56,235.24,231.56,234.24
2015-05-20T00:00:00+00:00,0.786,460.40392,below,231.56,235.24,231.56,234.24
2015-05-20T00:00:00+00:00,1.0,504.0,below,231.56,235.24,231.56,234.24
2015-05-21T00:00:00+00:00,0.236,348.35792,below,234.26,236.5,233.9,235.27
2015-05-21T00:00:00+00:00,0.382,378.10104,below,234.26,236.5,233.9,235.27
2015-05-21T00:00:00+00:00,0.5,402.14,below,234.26,236.5,233.9,235.27
2015-05-21T00:00:00+00:00,0.618,426.17896,below,234.26,236.5,233.9,235.27
2015-05-21T00:00:00+00:00,0.786,460.40392,below,234.26,236.5,233.9,235.27
2015-05-21T00:00:00+00:00,1.0,504.0,below,234.26,236.5,233.9,235.27
2015-05-22T00:00:00+00:00,0.236,348.35792,below,235.25,241.83,234.59,240.97
2015-05-22T00:00:00+00:00,0.382,378.10104,below,235.25,241.83,234.59,240.97
2015-05-22T00:00:00+00:00,0.5,402.14,below,235.25,241.83,234.59,240.97
2015-05-22T00:00:00+00:00,0.618,426.17896,below,235.25,241.83,234.59,240.97
2015-05-22T00:00:00+00:00,0.786,460.40392,below,235.25,241.83,234.59,240.97
2015-05-22T00:00:00+00:00,1.0,504.0,below,235.25,241.83,234.59,240.97
2015-05-23T00:00:00+00:00,0.236,348.35792,below,240.97,241.2,237.54,238.81
2015-05-23T00:00:00+00:00,0.382,378.10104,below,240.97,241.2,237.54,238.81
2015-05-23T00:00:00+00:00,0.5,402.14,below,240.97,241.2,237.54,238.81
2015-05-23T00:00:00+00:00,0.618,426.17896,below,240.97,241.2,237.54,238.81
2015-05-23T00:00:00+00:00,0.786,460.40392,below,240.97,241.2,237.54,238.81
2015-05-23T00:00:00+00:00,1.0,504.0,below,240.97,241.2,237.54,238.81
2015-05-24T00:00:00+00:00,0.236,348.35792,below,238.86,242.98,238.52,240.96
2015-05-24T00:00:00+00:00,0.382,378.10104,below,238.86,242.98,238.52,240.96
2015-05-24T00:00:00+00:00,0.5,402.14,below,238.86,242.98,238.52,240.96
2015-05-24T00:00:00+00:00,0.618,426.17896,below,238.86,242.98,238.52,240.96
2015-05-24T00:00:00+00:00,0.786,460.40392,below,238.86,242.98,238.52,240.96
2015-05-24T00:00:00+00:00,1.0,504.0,below,238.86,242.98,238.52,240.96
2015-05-25T00:00:00+00:00,0.236,348.35792,below,240.92,241.12,236.1,237.1
2015-05-25T00:00:00+00:00,0.382,378.10104,below,240.92,241.12,236.1,237.1
2015-05-25T00:00:00+00:00,0.5,402.14,below,240.92,241.12,236.1,237.1
2015-05-25T00:00:00+00:00,0.618,426.17896,below,240.92,241.12,236.1,237.1
2015-05-25T00:00:00+00:00,0.786,460.40392,below,240.92,241.12,236.1,237.1
2015-05-25T00:00:00+00:00,1.0,504.0,below,240.92,241.12,236.1,237.1
2015-05-26T00:00:00+00:00,0.236,348.35792,below,237.1,238.5,235.26,237.36
2015-05-26T00:00:00+00:00,0.382,378.10104,below,237.1,238.5,235.26,237.36
2015-05-26T00:00:00+00:00,0.5,402.14,below,237.1,238.5,235.26,237.36
2015-05-26T00:00:00+00:00,0.618,426.17896,below,237.1,238.5,235.26,237.36
2015-05-26T00:00:00+00:00,0.786,460.40392,below,237.1,238.5,235.26,237.36
2015-05-26T00:00:00+00:00,1.0,504.0,below,237.1,238.5,235.26,237.36
2015-05-27T00:00:00+00:00,0.236,348.35792,below,237.37,239.3,235.0,236.48
2015-05-27T00:00:00+00:00,0.382,378.10104,below,237.37,239.3,235.0,236.48
2015-05-27T00:00:00+00:00,0.5,402.14,below,237.37,239.3,235.0,236.48
2015-05-27T00:00:00+00:00,0.618,426.17896,below,237.37,239.3,235.0,236.48
2015-05-27T00:00:00+00:00,0.786,460.40392,below,237.37,239.3,235.0,236.48
2015-05-27T00:00:00+00:00,1.0,504.0,below,237.37,239.3,235.0,236.48
2015-05-28T00:00:00+00:00,0.236,348.35792,below,236.75,237.5,235.85,236.86
2015-05-28T00:00:00+00:00,0.382,378.10104,below,236.75,237.5,235.85,236.86
2015-05-28T00:00:00+00:00,0.5,402.14,below,236.75,237.5,235.85,236.86
2015-05-28T00:00:00+00:00,0.618,426.17896,below,236.75,237.5,235.85,236.86
2015-05-28T00:00:00+00:00,0.786,460.40392,below,236.75,237.5,235.85,236.86
2015-05-28T00:00:00+00:00,1.0,504.0,below,236.75,237.5,235.85,236.86
2015-05-29T00:00:00+00:00,0.236,348.35792,below,236.83,237.16,235.02,236.52
2015-05-29T00:00:00+00:00,0.382,378.10104,below,236.83,237.16,235.02,236.52
2015-05-29T00:00:00+00:00,0.5,402.14,below,236.83,237.16,235.02,236.52
2015-05-29T00:00:00+00:00,0.618,426.17896,below,236.83,237.16,235.02,236.52
2015-05-29T00:00:00+00:00,0.786,460.40392,below,236.83,237.16,235.02,236.52
2015-05-29T00:00:00+00:00,1.0,504.0,below,236.83,237.16,235.02,236.52
2015-05-30T00:00:00+00:00,0.236,348.35792,below,236.72,236.73,228.2,232.54
2015-05-30T00:00:00+00:00,0.382,378.10104,below,236.72,236.73,228.2,232.54
2015-05-30T00:00:00+00:00,0.5,402.14,below,236.72,236.73,228.2,232.54
2015-05-30T00:00:00+00:00,0.618,426.17896,below,236.72,236.73,228.2,232.54
2015-05-30T00:00:00+00:00,0.786,460.40392,below,236.72,236.73,228.2,232.54
2015-05-30T00:00:00+00:00,1.0,504.0,below,236.72,236.73,228.2,232.54
2015-05-31T00:00:00+00:00,0.236,348.35792,below,232.35,232.69,227.0,228.7
2015-05-31T00:00:00+00:00,0.382,378.10104,below,232.35,232.69,227.0,228.7
2015-05-31T00:00:00+00:00,0.5,402.14,below,232.35,232.69,227.0,228.7
2015-05-31T00:00:00+00:00,0.618,426.17896,below,232.35,232.69,227.0,228.7
2015-05-31T00:00:00+00:00,0.786,460.40392,below,232.35,232.69,227.0,228.7
2015-05-31T00:00:00+00:00,1.0,504.0,below,232.35,232.69,227.0,228.7
2015-06-01T00:00:00+00:00,0.236,348.35792,below,228.38,230.89,219.71,222.0
2015-06-01T00:00:00+00:00,0.382,378.10104,below,228.38,230.89,219.71,222.0
2015-06-01T00:00:00+00:00,0.5,402.14,below,228.38,230.89,219.71,222.0
2015-06-01T00:00:00+00:00,0.618,426.17896,below,228.38,230.89,219.71,222.0
2015-06-01T00:00:00+00:00,0.786,460.40392,below,228.38,230.89,219.71,222.0
2015-06-01T00:00:00+00:00,1.0,504.0,below,228.38,230.89,219.71,222.0
2015-06-02T00:00:00+00:00,0.236,348.35792,below,222.01,226.0,220.97,224.68
2015-06-02T00:00:00+00:00,0.382,378.10104,below,222.01,226.0,220.97,224.68
2015-06-02T00:00:00+00:00,0.5,402.14,below,222.01,226.0,220.97,224.68
2015-06-02T00:00:00+00:00,0.618,426.17896,below,222.01,226.0,220.97,224.68
2015-06-02T00:00:00+00:00,0.786,460.40392,below,222.01,226.0,220.97,224.68
2015-06-02T00:00:00+00:00,1.0,504.0,below,222.01,226.0,220.97,224.68
2015-06-03T00:00:00+00:00,0.236,348.35792,below,224.7,227.0,222.26,225.14
2015-06-03T00:00:00+00:00,0.382,378.10104,below,224.7,227.0,222.26,225.14
2015-06-03T00:00:00+00:00,0.5,402.14,below,224.7,227.0,222.26,225.14
2015-06-03T00:00:00+00:00,0.618,426.17896,below,224.7,227.0,222.26,225.14
2015-06-03T00:00:00+00:00,0.786,460.40392,below,224.7,227.0,222.26,225.14
2015-06-03T00:00:00+00:00,1.0,504.0,below,224.7,227.0,222.26,225.14
2015-06-04T00:00:00+00:00,0.236,348.35792,below,225.14,225.77,222.64,223.24
2015-06-04T00:00:00+00:00,0.382,378.10104,below,225.14,225.77,222.64,223.24
2015-06-04T00:00:00+00:00,0.5,402.14,below,225.14,225.77,222.64,223.24
2015-06-04T00:00:00+00:00,0.618,426.17896,below,225.14,225.77,222.64,223.24
2015-06-04T00:00:00+00:00,0.786,460.40392,below,225.14,225.77,222.64,223.24
2015-06-04T00:00:00+00:00,1.0,504.0,below,225.14,225.77,222.64,223.24
2015-06-05T00:00:00+00:00,0.236,348.35792,below,223.24,229.23,222.65,224.51
2015-06-05T00:00:00+00:00,0.382,378.10104,below,223.24,229.23,222.65,224.51
2015-06-05T00:00:00+00:00,0.5,402.14,below,223.24,229.23,222.65,224.51
2015-06-05T00:00:00+00:00,0.618,426.17896,below,223.24,229.23,222.65,224.51
2015-06-05T00:00:00+00:00,0.786,460.40392,below,223.24,229.23,222.65,224.51
2015-06-05T00:00:00+00:00,1.0,504.0,below,223.24,229.23,222.65,224.51
2015-06-06T00:00:00+00:00,0.236,348.35792,below,224.7,228.0,223.9,225.66
2015-06-06T00:00:00+00:00,0.382,378.10104,below,224.7,228.0,223.9,225.66
2015-06-06T00:00:00+00:00,0.5,402.14,below,224.7,228.0,223.9,225.66
2015-06-06T00:00:00+00:00,0.618,426.17896,below,224.7,228.0,223.9,225.66
2015-06-06T00:00:00+00:00,0.786,460.40392,below,224.7,228.0,223.9,225.66
2015-06-06T00:00:00+00:00,1.0,504.0,below,224.7,228.0,223.9,225.66
2015-06-07T00:00:00+00:00,0.236,348.35792,below,225.69,227.0,222.29,223.26
2015-06-07T00:00:00+00:00,0.382,378.10104,below,225.69,227.0,222.29,223.26
2015-06-07T00:00:00+00:00,0.5,402.14,below,225.69,227.0,222.29,223.26
2015-06-07T00:00:00+00:00,0.618,426.17896,below,225.69,227.0,222.29,223.26
2015-06-07T00:00:00+00:00,0.786,460.40392,below,225.69,227.0,222.29,223.26
2015-06-07T00:00:00+00:00,1.0,504.0,below,225.69,227.0,222.29,223.26
2015-06-08T00:00:00+00:00,0.236,348.35792,below,223.29,230.63,223.25,228.76
2015-06-08T00:00:00+00:00,0.382,378.10104,below,223.29,230.63,223.25,228.76
2015-06-08T00:00:00+00:00,0.5,402.14,below,223.29,230.63,223.25,228.76
2015-06-08T00:00:00+00:00,0.618,426.17896,below,223.29,230.63,223.25,228.76
2015-06-08T00:00:00+00:00,0.786,460.40392,below,223.29,230.63,223.25,228.76
2015-06-08T00:00:00+00:00,1.0,504.0,below,223.29,230.63,223.25,228.76
2015-06-09T00:00:00+00:00,0.236,348.35792,below,228.79,232.07,227.79,229.06
2015-06-09T00:00:00+00:00,0.382,378.10104,below,228.79,232.07,227.79,229.06
2015-06-09T00:00:00+00:00,0.5,402.14,below,228.79,232.07,227.79,229.06
2015-06-09T00:00:00+00:00,0.618,426.17896,below,228.79,232.07,227.79,229.06
2015-06-09T00:00:00+00:00,0.786,460.40392,below,228.79,232.07,227.79,229.06
2015-06-09T00:00:00+00:00,1.0,504.0,below,228.79,232.07,227.79,229.06
2015-06-10T00:00:00+00:00,0.236,348.35792,below,229.06,229.97,227.48,228.6
2015-06-10T00:00:00+00:00,0.382,378.10104,below,229.06,229.97,227.48,228.6
2015-06-10T00:00:00+00:00,0.5,402.14,below,229.06,229.97,227.48,228.6
2015-06-10T00:00:00+00:00,0.618,426.17896,below,229.06,229.97,227.48,228.6
2015-06-10T00:00:00+00:00,0.786,460.40392,below,229.06,229.97,227.48,228.6
2015-06-10T00:00:00+00:00,1.0,504.0,below,229.06,229.97,227.48,228.6
2015-06-11T00:00:00+00:00,0.236,348.35792,below,228.61,230.7,228.6,230.0
2015-06-11T00:00:00+00:00,0.382,378.10104,below,228.61,230.7,228.6,230.0
2015-06-11T00:00:00+00:00,0.5,402.14,below,228.61,230.7,228.6,230.0
2015-06-11T00:00:00+00:00,0.618,426.17896,below,228.61,230.7,228.6,230.0
2015-06-11T00:00:00+00:00,0.786,460.40392,below,228.61,230.7,228.6,230.0
2015-06-11T00:00:00+00:00,1.0,504.0,below,228.61,230.7,228.6,230.0
2015-06-12T00:00:00+00:00,0.236,348.35792,below,229.99,231.34,229.11,229.55
2015-06-12T00:00:00+00:00,0.382,378.10104,below,229.99,231.34,229.11,229.55
2015-06-12T00:00:00+00:00,0.5,402.14,below,229.99,231.34,229.11,229.55
2015-06-12T00:00:00+00:00,0.618,426.17896,below,229.99,231.34,229.11,229.55
2015-06-12T00:00:00+00:00,0.786,460.40392,below,229.99,231.34,229.11,229.55
2015-06-12T00:00:00+00:00,1.0,504.0,below,229.99,231.34,229.11,229.55
2015-06-13T00:00:00+00:00,0.236,348.35792,below,229.51,234.3,228.4,232.87
2015-06-13T00:00:00+00:00,0.382,378.10104,below,229.51,234.3,228.4,232.87
2015-06-13T00:00:00+00:00,0.5,402.14,below,229.51,234.3,228.4,232.87
2015-06-13T00:00:00+00:00,0.618,426.17896,below,229.51,234.3,228.4,232.87
2015-06-13T00:00:00+00:00,0.786,460.40392,below,229.51,234.3,228.4,232.87
2015-06-13T00:00:00+00:00,1.0,504.0,below,229.51,234.3,228.4,232.87
2015-06-14T00:00:00+00:00,0.236,348.35792,below,232.86,235.44,232.51,233.54
2015-06-14T00:00:00+00:00,0.382,378.10104,below,232.86,235.44,232.51,233.54
2015-06-14T00:00:00+00:00,0.5,402.14,below,232.86,235.44,232.51,233.54
2015-06-14T00:00:00+00:00,0.618,426.17896,below,232.86,235.44,232.51,233.54
2015-06-14T00:00:00+00:00,0.786,460.40392,below,232.86,235.44,232.51,233.54
2015-06-14T00:00:00+00:00,1.0,504.0,below,232.86,235.44,232.51,233.54
2015-06-15T00:00:00+00:00,0.236,348.35792,below,233.5,238.16,233.35,236.98
2015-06-15T00:00:00+00:00,0.382,378.10104,below,233.5,238.16,233.35,236.98
2015-06-15T00:00:00+00:00,0.5,402.14,below,233.5,238.16,233.35,236.98
2015-06-15T00:00:00+00:00,0.618,426.17896,below,233.5,238.16,233.35,236.98
2015-06-15T00:00:00+00:00,0.786,460.40392,below,233.5,238.16,233.35,236.98
2015-06-15T00:00:00+00:00,1.0,504.0,below,233.5,238.16,233.35,236.98
2015-06-16T00:00:00+00:00,0.236,348.35792,below,236.97,254.0,236.0,252.17
2015-06-16T00:00:00+00:00,0.382,378.10104,below,236.97,254.0,236.0,252.17
2015-06-16T00:00:00+00:00,0.5,402.14,below,236.97,254.0,236.0,252.17
2015-06-16T00:00:00+00:00,0.618,426.17896,below,236.97,254.0,236.0,252.17
2015-06-16T00:00:00+00:00,0.786,460.40392,below,236.97,254.0,236.0,252.17
2015-06-16T00:00:00+00:00,1.0,504.0,below,236.97,254.0,236.0,252.17
2015-06-17T00:00:00+00:00,0.236,348.35792,below,252.19,259.1,246.0,248.95
2015-06-17T00:00:00+00:00,0.382,378.10104,below,252.19,259.1,246.0,248.95
2015-06-17T00:00:00+00:00,0.5,402.14,below,252.19,259.1,246.0,248.95
2015-06-17T00:00:00+00:00,0.618,426.17896,below,252.19,259.1,246.0,248.95
2015-06-17T00:00:00+00:00,0.786,460.40392,below,252.19,259.1,246.0,248.95
2015-06-17T00:00:00+00:00,1.0,504.0,below,252.19,259.1,246.0,248.95
2015-06-18T00:00:00+00:00,0.236,348.35792,below,248.96,253.7,243.0,249.51
2015-06-18T00:00:00+00:00,0.382,378.10104,below,248.96,253.7,243.0,249.51
2015-06-18T00:00:00+00:00,0.5,402.14,below,248.96,253.7,243.0,249.51
2015-06-18T00:00:00+00:00,0.618,426.17896,below,248.96,253.7,243.0,249.51
2015-06-18T00:00:00+00:00,0.786,460.40392,below,248.96,253.7,243.0,249.51
2015-06-18T00:00:00+00:00,1.0,504.0,below,248.96,253.7,243.0,249.51
2015-06-19T00:00:00+00:00,0.236,348.35792,below,249.38,252.13,243.5,244.56
2015-06-19T00:00:00+00:00,0.382,378.10104,below,249.38,252.13,243.5,244.56
2015-06-19T00:00:00+00:00,0.5,402.14,below,249.38,252.13,243.5,244.56
2015-06-19T00:00:00+00:00,0.618,426.17896,below,249.38,252.13,243.5,244.56
2015-06-19T00:00:00+00:00,0.786,460.40392,below,249.38,252.13,243.5,244.56
2015-06-19T00:00:00+00:00,1.0,504.0,below,249.38,252.13,243.5,244.56
2015-06-20T00:00:00+00:00,0.236,348.35792,below,244.56,245.9,240.0,245.38
2015-06-20T00:00:00+00:00,0.382,378.10104,below,244.56,245.9,240.0,245.38
2015-06-20T00:00:00+00:00,0.5,402.14,below,244.56,245.9,240.0,245.38
2015-06-20T00:00:00+00:00,0.618,426.17896,below,244.56,245.9,240.0,245.38
2015-06-20T00:00:00+00:00,0.786,460.40392,below,244.56,245.9,240.0,245.38
2015-06-20T00:00:00+00:00,1.0,504.0,below,244.56,245.9,240.0,245.38
2015-06-21T00:00:00+00:00,0.236,348.35792,below,245.38,245.69,241.09,244.25
2015-06-21T00:00:00+00:00,0.382,378.10104,below,245.38,245.69,241.09,244.25
2015-06-21T00:00:00+00:00,0.5,402.14,below,245.38,245.69,241.09,244.25
2015-06-21T00:00:00+00:00,0.618,426.17896,below,245.38,245.69,241.09,244.25
2015-06-21T00:00:00+00:00,0.786,460.40392,below,245.38,245.69,241.09,244.25
2015-06-21T00:00:00+00:00,1.0,504.0,below,245.38,245.69,241.09,244.25
2015-06-22T00:00:00+00:00,0.236,348.35792,below,244.25,247.99,243.5,246.67
2015-06-22T00:00:00+00:00,0.382,378.10104,below,244.25,247.99,243.5,246.67
2015-06-22T00:00:00+00:00,0.5,402.14,below,244.25,247.99,243.5,246.67
2015-06-22T00:00:00+00:00,0.618,426.17896,below,244.25,247.99,243.5,246.67
2015-06-22T00:00:00+00:00,0.786,460.40392,below,244.25,247.99,243.5,246.67
2015-06-22T00:00:00+00:00,1.0,504.0,below,244.25,247.99,243.5,246.67
2015-06-23T00:00:00+00:00,0.236,348.35792,below,246.69,247.35,242.0,244.25
2015-06-23T00:00:00+00:00,0.382,378.10104,below,246.69,247.35,242.0,244.25
2015-06-23T00:00:00+00:00,0.5,402.14,below,246.69,247.35,242.0,244.25
2015-06-23T00:00:00+00:00,0.618,426.17896,below,246.69,247.35,242.0,244.25
2015-06-23T00:00:00+00:00,0.786,460.40392,below,246.69,247.35,242.0,244.25
2015-06-23T00:00:00+00:00,1.0,504.0,below,246.69,247.35,242.0,244.25
2015-06-24T00:00:00+00:00,0.236,348.35792,below,244.19,244.19,239.0,239.8
2015-06-24T00:00:00+00:00,0.382,378.10104,below,244.19,244.19,239.0,239.8
2015-06-24T00:00:00+00:00,0.5,402.14,below,244.19,244.19,239.0,239.8
2015-06-24T00:00:00+00:00,0.618,426.17896,below,244.19,244.19,239.0,239.8
2015-06-24T00:00:00+00:00,0.786,460.40392,below,244.19,244.19,239.0,239.8
2015-06-24T00:00:00+00:00,1.0,504.0,below,244.19,244.19,239.0,239.8
2015-06-25T00:00:00+00:00,0.236,348.35792,below,239.75,243.0,239.5,242.05
2015-06-25T00:00:00+00:00,0.382,378.10104,below,239.75,243.0,239.5,242.05
2015-06-25T00:00:00+00:00,0.5,402.14,below,239.75,243.0,239.5,242.05
2015-06-25T00:00:00+00:00,0.618,426.17896,below,239.75,243.0,239.5,242.05
2015-06-25T00:00:00+00:00,0.786,460.40392,below,239.75,243.0,239.5,242.05
2015-06-25T00:00:00+00:00,1.0,504.0,below,239.75,243.0,239.5,242.05
2015-06-26T00:00:00+00:00,0.236,348.35792,below,242.15,243.9,240.61,243.29
2015-06-26T00:00:00+00:00,0.382,378.10104,below,242.15,243.9,240.61,243.29
2015-06-26T00:00:00+00:00,0.5,402.14,below,242.15,243.9,240.61,243.29
2015-06-26T00:00:00+00:00,0.618,426.17896,below,242.15,243.9,240.61,243.29
2015-06-26T00:00:00+00:00,0.786,460.40392,below,242.15,243.9,240.61,243.29
2015-06-26T00:00:00+00:00,1.0,504.0,below,242.15,243.9,240.61,243.29
2015-06-27T00:00:00+00:00,0.236,348.35792,below,243.29,251.77,242.6,251.61
2015-06-27T00:00:00+00:00,0.382,378.10104,below,243.29,251.77,242.6,251.61
2015-06-27T00:00:00+00:00,0.5,402.14,below,243.29,251.77,242.6,251.61
2015-06-27T00:00:00+00:00,0.618,426.17896,below,243.29,251.77,242.6,251.61
2015-06-27T00:00:00+00:00,0.786,460.40392,below,243.29,251.77,242.6,251.61
2015-06-27T00:00:00+00:00,1.0,504.0,below,243.29,251.77,242.6,251.61
2015-06-28T00:00:00+00:00,0.236,348.35792,below,251.6,252.06,247.25,248.71
2015-06-28T00:00:00+00:00,0.382,378.10104,below,251.6,252.06,247.25,248.71
2015-06-28T00:00:00+00:00,0.5,402.14,below,251.6,252.06,247.25,248.71
2015-06-28T00:00:00+00:00,0.618,426.17896,below,251.6,252.06,247.25,248.71
2015-06-28T00:00:00+00:00,0.786,460.40392,below,251.6,252.06,247.25,248.71
2015-06-28T00:00:00+00:00,1.0,504.0,below,251.6,252.06,247.25,248.71
2015-06-29T00:00:00+00:00,0.236,348.35792,below,248.71,257.74,248.57,256.69
2015-06-29T00:00:00+00:00,0.382,378.10104,below,248.71,257.74,248.57,256.69
2015-06-29T00:00:00+00:00,0.5,402.14,below,248.71,257.74,248.57,256.69
2015-06-29T00:00:00+00:00,0.618,426.17896,below,248.71,257.74,248.57,256.69
2015-06-29T00:00:00+00:00,0.786,460.40392,below,248.71,257.74,248.57,256.69
2015-06-29T00:00:00+00:00,1.0,504.0,below,248.71,257.74,248.57,256.69
2015-06-30T00:00:00+00:00,0.236,348.35792,below,256.7,269.0,253.05,263.07
2015-06-30T00:00:00+00:00,0.382,378.10104,below,256.7,269.0,253.05,263.07
2015-06-30T00:00:00+00:00,0.5,402.14,below,256.7,269.0,253.05,263.07
2015-06-30T00:00:00+00:00,0.618,426.17896,below,256.7,269.0,253.05,263.07
2015-06-30T00:00:00+00:00,0.786,460.40392,below,256.7,269.0,253.05,263.07
2015-06-30T00:00:00+00:00,1.0,504.0,below,256.7,269.0,253.05,263.07
2015-07-01T00:00:00+00:00,0.236,348.35792,below,262.9,264.81,252.77,258.1
2015-07-01T00:00:00+00:00,0.382,378.10104,below,262.9,264.81,252.77,258.1
2015-07-01T00:00:00+00:00,0.5,402.14,below,262.9,264.81,252.77,258.1
2015-07-01T00:00:00+00:00,0.618,426.17896,below,262.9,264.81,252.77,258.1
2015-07-01T00:00:00+00:00,0.786,460.40392,below,262.9,264.81,252.77,258.1
2015-07-01T00:00:00+00:00,1.0,504.0,below,262.9,264.81,252.77,258.1
2015-07-02T00:00:00+00:00,0.236,348.35792,below,258.08,262.61,253.0,254.52
2015-07-02T00:00:00+00:00,0.382,378.10104,below,258.08,262.61,253.0,254.52
2015-07-02T00:00:00+00:00,0.5,402.14,below,258.08,262.61,253.0,254.52
2015-07-02T00:00:00+00:00,0.618,426.17896,below,258.08,262.61,253.0,254.52
2015-07-02T00:00:00+00:00,0.786,460.40392,below,258.08,262.61,253.0,254.52
2015-07-02T00:00:00+00:00,1.0,504.0,below,258.08,262.61,253.0,254.52
2015-07-03T00:00:00+00:00,0.236,348.35792,below,254.52,256.9,252.11,256.09
2015-07-03T00:00:00+00:00,0.382,378.10104,below,254.52,256.9,252.11,256.09
2015-07-03T00:00:00+00:00,0.5,402.14,below,254.52,256.9,252.11,256.09
2015-07-03T00:00:00+00:00,0.618,426.17896,below,254.52,256.9,252.11,256.09
2015-07-03T00:00:00+00:00,0.786,460.40392,below,254.52,256.9,252.11,256.09
2015-07-03T00:00:00+00:00,1.0,504.0,below,254.52,256.9,252.11,256.09
2015-07-04T00:00:00+00:00,0.236,348.35792,below,256.12,262.64,253.57,260.58
2015-07-04T00:00:00+00:00,0.382,378.10104,below,256.12,262.64,253.57,260.58
2015-07-04T00:00:00+00:00,0.5,402.14,below,256.12,262.64,253.57,260.58
2015-07-04T00:00:00+00:00,0.618,426.17896,below,256.12,262.64,253.57,260.58
2015-07-04T00:00:00+00:00,0.786,460.40392,below,256.12,262.64,253.57,260.58
2015-07-04T00:00:00+00:00,1.0,504.0,below,256.12,262.64,253.57,260.58
2015-07-05T00:00:00+00:00,0.236,348.35792,below,260.57,275.88,258.0,271.96
2015-07-05T00:00:00+00:00,0.382,378.10104,below,260.57,275.88,258.0,271.96
2015-07-05T00:00:00+00:00,0.5,402.14,below,260.57,275.88,258.0,271.96
2015-07-05T00:00:00+00:00,0.618,426.17896,below,260.57,275.88,258.0,271.96
2015-07-05T00:00:00+00:00,0.786,460.40392,below,260.57,275.88,258.0,271.96
2015-07-05T00:00:00+00:00,1.0,504.0,below,260.57,275.88,258.0,271.96
2015-07-06T00:00:00+00:00,0.236,348.35792,below,271.82,278.69,267.33,269.23
2015-07-06T00:00:00+00:00,0.382,378.10104,below,271.82,278.69,267.33,269.23
2015-07-06T00:00:00+00:00,0.5,402.14,below,271.82,278.69,267.33,269.23
2015-07-06T00:00:00+00:00,0.618,426.17896,below,271.82,278.69,267.33,269.23
2015-07-06T00:00:00+00:00,0.786,460.40392,below,271.82,278.69,267.33,269.23
2015-07-06T00:00:00+00:00,1.0,504.0,below,271.82,278.69,267.33,269.23
2015-07-07T00:00:00+00:00,0.236,348.35792,below,269.24,271.5,262.61,265.72
2015-07-07T00:00:00+00:00,0.382,378.10104,below,269.24,271.5,262.61,265.72
2015-07-07T00:00:00+00:00,0.5,402.14,below,269.24,271.5,262.61,265.72
2015-07-07T00:00:00+00:00,0.618,426.17896,below,269.24,271.5,262.61,265.72
2015-07-07T00:00:00+00:00,0.786,460.40392,below,269.24,271.5,262.61,265.72
2015-07-07T00:00:00+00:00,1.0,504.0,below,269.24,271.5,262.61,265.72
2015-07-08T00:00:00+00:00,0.236,348.35792,below,265.78,274.11,263.0,270.52
2015-07-08T00:00:00+00:00,0.382,378.10104,below,265.78,274.11,263.0,270.52
2015-07-08T00:00:00+00:00,0.5,402.14,below,265.78,274.11,263.0,270.52
2015-07-08T00:00:00+00:00,0.618,426.17896,below,265.78,274.11,263.0,270.52
2015-07-08T00:00:00+00:00,0.786,460.40392,below,265.78,274.11,263.0,270.52
2015-07-08T00:00:00+00:00,1.0,504.0,below,265.78,274.11,263.0,270.52
2015-07-09T00:00:00+00:00,0.236,348.35792,below,270.49,274.0,266.22,269.23
2015-07-09T00:00:00+00:00,0.382,378.10104,below,270.49,274.0,266.22,269.23
2015-07-09T00:00:00+00:00,0.5,402.14,below,270.49,274.0,266.22,269.23
2015-07-09T00:00:00+00:00,0.618,426.17896,below,270.49,274.0,266.22,269.23
2015-07-09T00:00:00+00:00,0.786,460.40392,below,270.49,274.0,266.22,269.23
2015-07-09T00:00:00+00:00,1.0,504.0,below,270.49,274.0,266.22,269.23
2015-07-10T00:00:00+00:00,0.236,348.35792,below,269.22,296.1,268.58,285.36
2015-07-10T00:00:00+00:00,0.382,378.10104,below,269.22,296.1,268.58,285.36
2015-07-10T00:00:00+00:00,0.5,402.14,below,269.22,296.1,268.58,285.36
2015-07-10T00:00:00+00:00,0.618,426.17896,below,269.22,296.1,268.58,285.36
2015-07-10T00:00:00+00:00,0.786,460.40392,below,269.22,296.1,268.58,285.36
2015-07-10T00:00:00+00:00,1.0,504.0,below,269.22,296.1,268.58,285.36
2015-07-11T00:00:00+00:00,0.236,348.35792,below,285.35,301.49,283.46,293.18
2015-07-11T00:00:00+00:00,0.382,378.10104,below,285.35,301.49,283.46,293.18
2015-07-11T00:00:00+00:00,0.5,402.14,below,285.35,301.49,283.46,293.18
2015-07-11T00:00:00+00:00,0.618,426.17896,below,285.35,301.49,283.46,293.18
2015-07-11T00:00:00+00:00,0.786,460.40392,below,285.35,301.49,283.46,293.18
2015-07-11T00:00:00+00:00,1.0,504.0,below,285.35,301.49,283.46,293.18
2015-07-12T00:00:00+00:00,0.236,348.35792,below,293.19,316.23,291.81,311.15
2015-07-12T00:00:00+00:00,0.382,378.10104,below,293.19,316.23,291.81,311.15
2015-07-12T00:00:00+00:00,0.5,402.14,below,293.19,316.23,291.81,311.15
2015-07-12T00:00:00+00:00,0.618,426.17896,below,293.19,316.23,291.81,311.15
2015-07-12T00:00:00+00:00,0.786,460.40392,below,293.19,316.23,291.81,311.15
2015-07-12T00:00:00+00:00,1.0,504.0,below,293.19,316.23,291.81,311.15
2015-07-13T00:00:00+00:00,0.236,348.35792,below,311.18,312.0,281.5,292.65
2015-07-13T00:00:00+00:00,0.382,378.10104,below,311.18,312.0,281.5,292.65
2015-07-13T00:00:00+00:00,0.5,402.14,below,311.18,312.0,281.5,292.65
2015-07-13T00:00:00+00:00,0.618,426.17896,below,311.18,312.0,281.5,292.65
2015-07-13T00:00:00+00:00,0.786,460.40392,below,311.18,312.0,281.5,292.65
2015-07-13T00:00:00+00:00,1.0,504.0,below,311.18,312.0,281.5,292.65
2015-07-14T00:00:00+00:00,0.236,348.35792,below,292.6,297.25,286.0,286.83
2015-07-14T00:00:00+00:00,0.382,378.10104,below,292.6,297.25,286.0,286.83
2015-07-14T00:00:00+00:00,0.5,402.14,below,292.6,297.25,286.0,286.83
2015-07-14T00:00:00+00:00,0.618,426.17896,below,292.6,297.25,286.0,286.83
2015-07-14T00:00:00+00:00,0.786,460.40392,below,292.6,297.25,286.0,286.83
2015-07-14T00:00:00+00:00,1.0,504.0,below,292.6,297.25,286.0,286.83
2015-07-15T00:00:00+00:00,0.236,348.35792,below,286.87,294.44,283.51,285.42
2015-07-15T00:00:00+00:00,0.382,378.10104,below,286.87,294.44,283.51,285.42
2015-07-15T00:00:00+00:00,0.5,402.14,below,286.87,294.44,283.51,285.42
2015-07-15T00:00:00+00:00,0.618,426.17896,below,286.87,294.44,283.51,285.42
2015-07-15T00:00:00+00:00,0.786,460.40392,below,286.87,294.44,283.51,285.42
2015-07-15T00:00:00+00:00,1.0,504.0,below,286.87,294.44,283.51,285.42
2015-07-16T00:00:00+00:00,0.236,348.35792,below,285.42,295.0,275.21,278.94
2015-07-16T00:00:00+00:00,0.382,378.10104,below,285.42,295.0,275.21,278.94
2015-07-16T00:00:00+00:00,0.5,402.14,below,285.42,295.0,275.21,278.94
2015-07-16T00:00:00+00:00,0.618,426.17896,below,285.42,295.0,275.21,278.94
2015-07-16T00:00:00+00:00,0.786,460.40392,below,285.42,295.0,275.21,278.94
2015-07-16T00:00:00+00:00,1.0,504.0,below,285.42,295.0,275.21,278.94
2015-07-17T00:00:00+00:00,0.236,348.35792,below,278.93,281.55,272.0,279.82
2015-07-17T00:00:00+00:00,0.382,378.10104,below,278.93,281.55,272.0,279.82
2015-07-17T00:00:00+00:00,0.5,402.14,below,278.93,281.55,272.0,279.82
2015-07-17T00:00:00+00:00,0.618,426.17896,below,278.93,281.55,272.0,279.82
2015-07-17T00:00:00+00:00,0.786,460.40392,below,278.93,281.55,272.0,279.82
2015-07-17T00:00:00+00:00,1.0,504.0,below,278.93,281.55,272.0,279.82
2015-07-18T00:00:00+00:00,0.236,348.35792,below,279.52,283.33,276.12,277.25
2015-07-18T00:00:00+00:00,0.382,378.10104,below,279.52,283.33,276.12,277.25
2015-07-18T00:00:00+00:00,0.5,402.14,below,279.52,283.33,276.12,277.25
2015-07-18T00:00:00+00:00,0.618,426.17896,below,279.52,283.33,276.12,277.25
2015-07-18T00:00:00+00:00,0.786,460.40392,below,279.52,283.33,276.12,277.25
2015-07-18T00:00:00+00:00,1.0,504.0,below,279.52,283.33,276.12,277.25
2015-07-19T00:00:00+00:00,0.236,348.35792,below,277.25,279.18,274.69,275.04
2015-07-19T00:00:00+00:00,0.382,378.10104,below,277.25,279.18,274.69,275.04
2015-07-19T00:00:00+00:00,0.5,402.14,below,277.25,279.18,274.69,275.04
2015-07-19T00:00:00+00:00,0.618,426.17896,below,277.25,279.18,274.69,275.04
2015-07-19T00:00:00+00:00,0.786,460.40392,below,277.25,279.18,274.69,275.04
2015-07-19T00:00:00+00:00,1.0,504.0,below,277.25,279.18,274.69,275.04
2015-07-20T00:00:00+00:00,0.236,348.35792,below,275.04,280.5,273.5,280.2
2015-07-20T00:00:00+00:00,0.382,378.10104,below,275.04,280.5,273.5,280.2
2015-07-20T00:00:00+00:00,0.5,402.14,below,275.04,280.5,273.5,280.2
2015-07-20T00:00:00+00:00,0.618,426.17896,below,275.04,280.5,273.5,280.2
2015-07-20T00:00:00+00:00,0.786,460.40392,below,275.04,280.5,273.5,280.2
2015-07-20T00:00:00+00:00,1.0,504.0,below,275.04,280.5,273.5,280.2
2015-07-21T00:00:00+00:00,0.236,348.35792,below,280.2,282.1,275.09,275.55
2015-07-21T00:00:00+00:00,0.382,378.10104,below,280.2,282.1,275.09,275.55
2015-07-21T00:00:00+00:00,0.5,402.14,below,280.2,282.1,275.09,275.55
2015-07-21T00:00:00+00:00,0.618,426.17896,below,280.2,282.1,275.09,275.55
2015-07-21T00:00:00+00:00,0.786,460.40392,below,280.2,282.1,275.09,275.55
2015-07-21T00:00:00+00:00,1.0,504.0,below,280.2,282.1,275.09,275.55
2015-07-22T00:00:00+00:00,0.236,348.35792,below,275.55,278.39,274.5,277.99
2015-07-22T00:00:00+00:00,0.382,378.10104,below,275.55,278.39,274.5,277.99
2015-07-22T00:00:00+00:00,0.5,402.14,below,275.55,278.39,274.5,277.99
2015-07-22T00:00:00+00:00,0.618,426.17896,below,275.55,278.39,274.5,277.99
2015-07-22T00:00:00+00:00,0.786,460.40392,below,275.55,278.39,274.5,277.99
2015-07-22T00:00:00+00:00,1.0,504.0,below,275.55,278.39,274.5,277.99
2015-07-23T00:00:00+00:00,0.236,348.35792,below,277.88,278.44,275.56,276.51
2015-07-23T00:00:00+00:00,0.382,378.10104,below,277.88,278.44,275.56,276.51
2015-07-23T00:00:00+00:00,0.5,402.14,below,277.88,278.44,275.56,276.51
2015-07-23T00:00:00+00:00,0.618,426.17896,below,277.88,278.44,275.56,276.51
2015-07-23T00:00:00+00:00,0.786,460.40392,below,277.88,278.44,275.56,276.51
2015-07-23T00:00:00+00:00,1.0,504.0,below,277.88,278.44,275.56,276.51
2015-07-24T00:00:00+00:00,0.236,348.35792,below,276.48,289.93,276.02,288.6
2015-07-24T00:00:00+00:00,0.382,378.10104,below,276.48,289.93,276.02,288.6
2015-07-24T00:00:00+00:00,0.5,402.14,below,276.48,289.93,276.02,288.6
2015-07-24T00:00:00+00:00,0.618,426.17896,below,276.48,289.93,276.02,288.6
2015-07-24T00:00:00+00:00,0.786,460.40392,below,276.48,289.93,276.02,288.6
2015-07-24T00:00:00+00:00,1.0,504.0,below,276.48,289.93,276.02,288.6
2015-07-25T00:00:00+00:00,0.236,348.35792,below,288.58,292.35,286.39,289.37
2015-07-25T00:00:00+00:00,0.382,378.10104,below,288.58,292.35,286.39,289.37
2015-07-25T00:00:00+00:00,0.5,402.14,below,288.58,292.35,286.39,289.37
2015-07-25T00:00:00+00:00,0.618,426.17896,below,288.58,292.35,286.39,289.37
2015-07-25T00:00:00+00:00,0.786,460.40392,below,288.58,292.35,286.39,289.37
2015-07-25T00:00:00+00:00,1.0,504.0,below,288.58,292.35,286.39,289.37
2015-07-26T00:00:00+00:00,0.236,348.35792,below,289.36,294.57,288.12,293.01
2015-07-26T00:00:00+00:00,0.382,378.10104,below,289.36,294.57,288.12,293.01
2015-07-26T00:00:00+00:00,0.5,402.14,below,289.36,294.57,288.12,293.01
2015-07-26T00:00:00+00:00,0.618,426.17896,below,289.36,294.57,288.12,293.01
2015-07-26T00:00:00+00:00,0.786,460.40392,below,289.36,294.57,288.12,293.01
2015-07-26T00:00:00+00:00,1.0,504.0,below,289.36,294.57,288.12,293.01
2015-07-27T00:00:00+00:00,0.236,348.35792,below,293.0,298.74,286.0,294.84
2015-07-27T00:00:00+00:00,0.382,378.10104,below,293.0,298.74,286.0,294.84
2015-07-27T00:00:00+00:00,0.5,402.14,below,293.0,298.74,286.0,294.84
2015-07-27T00:00:00+00:00,0.618,426.17896,below,293.0,298.74,286.0,294.84
2015-07-27T00:00:00+00:00,0.786,460.40392,below,293.0,298.74,286.0,294.84
2015-07-27T00:00:00+00:00,1.0,504.0,below,293.0,298.74,286.0,294.84
2015-07-28T00:00:00+00:00,0.236,348.35792,below,294.73,298.93,293.61,295.23
2015-07-28T00:00:00+00:00,0.382,378.10104,below,294.73,298.93,293.61,295.23
2015-07-28T00:00:00+00:00,0.5,402.14,below,294.73,298.93,293.61,295.23
2015-07-28T00:00:00+00:00,0.618,426.17896,below,294.73,298.93,293.61,295.23
2015-07-28T00:00:00+00:00,0.786,460.40392,below,294.73,298.93,293.61,295.23
2015-07-28T00:00:00+00:00,1.0,504.0,below,294.73,298.93,293.61,295.23
2015-07-29T00:00:00+00:00,0.236,348.35792,below,295.24,295.68,286.02,289.92
2015-07-29T00:00:00+00:00,0.382,378.10104,below,295.24,295.68,286.02,289.92
2015-07-29T00:00:00+00:00,0.5,402.14,below,295.24,295.68,286.02,289.92
2015-07-29T00:00:00+00:00,0.618,426.17896,below,295.24,295.68,286.02,289.92
2015-07-29T00:00:00+00:00,0.786,460.40392,below,295.24,295.68,286.02,289.92
2015-07-29T00:00:00+00:00,1.0,504.0,below,295.24,295.68,286.02,289.92
2015-07-30T00:00:00+00:00,0.236,348.35792,below,289.92,291.0,284.01,288.21
2015-07-30T00:00:00+00:00,0.382,378.10104,below,289.92,291.0,284.01,288.21
2015-07-30T00:00:00+00:00,0.5,402.14,below,289.92,291.0,284.01,288.21
2015-07-30T00:00:00+00:00,0.618,426.17896,below,289.92,291.0,284.01,288.21
2015-07-30T00:00:00+00:00,0.786,460.40392,below,289.92,291.0,284.01,288.21
2015-07-30T00:00:00+00:00,1.0,504.0,below,289.92,291.0,284.01,288.21
2015-07-31T00:00:00+00:00,0.236,348.35792,below,288.02,289.85,281.0,284.45
2015-07-31T00:00:00+00:00,0.382,378.10104,below,288.02,289.85,281.0,284.45
2015-07-31T00:00:00+00:00,0.5,402.14,below,288.02,289.85,281.0,284.45
2015-07-31T00:00:00+00:00,0.618,426.17896,below,288.02,289.85,281.0,284.45
2015-07-31T00:00:00+00:00,0.786,460.40392,below,288.02,289.85,281.0,284.45
2015-07-31T00:00:00+00:00,1.0,504.0,below,288.02,289.85,281.0,284.45
2015-08-01T00:00:00+00:00,0.236,348.35792,below,284.45,284.99,276.53,280.31
2015-08-01T00:00:00+00:00,0.382,378.10104,below,284.45,284.99,276.53,280.31
2015-08-01T00:00:00+00:00,0.5,402.14,below,284.45,284.99,276.53,280.31
2015-08-01T00:00:00+00:00,0.618,426.17896,below,284.45,284.99,276.53,280.31
2015-08-01T00:00:00+00:00,0.786,460.40392,below,284.45,284.99,276.53,280.31
2015-08-01T00:00:00+00:00,1.0,504.0,below,284.45,284.99,276.53,280.31
2015-08-02T00:00:00+00:00,0.236,348.35792,below,280.31,283.44,276.26,282.44
2015-08-02T00:00:00+00:00,0.382,378.10104,below,280.31,283.44,276.26,282.44
2015-08-02T00:00:00+00:00,0.5,402.14,below,280.31,283.44,276.26,282.44
2015-08-02T00:00:00+00:00,0.618,426.17896,below,280.31,283.44,276.26,282.44
2015-08-02T00:00:00+00:00,0.786,460.40392,below,280.31,283.44,276.26,282.44
2015-08-02T00:00:00+00:00,1.0,504.0,below,280.31,283.44,276.26,282.44
2015-08-03T00:00:00+00:00,0.236,348.35792,below,282.44,287.05,279.7,281.28
2015-08-03T00:00:00+00:00,0.382,378.10104,below,282.44,287.05,279.7,281.28
2015-08-03T00:00:00+00:00,0.5,402.14,below,282.44,287.05,279.7,281.28
2015-08-03T00:00:00+00:00,0.618,426.17896,below,282.44,287.05,279.7,281.28
2015-08-03T00:00:00+00:00,0.786,460.40392,below,282.44,287.05,279.7,281.28
2015-08-03T00:00:00+00:00,1.0,504.0,below,282.44,287.05,279.7,281.28
2015-08-04T00:00:00+00:00,0.236,348.35792,below,281.28,285.94,281.28,285.47
2015-08-04T00:00:00+00:00,0.382,378.10104,below,281.28,285.94,281.28,285.47
2015-08-04T00:00:00+00:00,0.5,402.14,below,281.28,285.94,281.28,285.47
2015-08-04T00:00:00+00:00,0.618,426.17896,below,281.28,285.94,281.28,285.47
2015-08-04T00:00:00+00:00,0.786,460.40392,below,281.28,285.94,281.28,285.47
2015-08-04T00:00:00+00:00,1.0,504.0,below,281.28,285.94,281.28,285.47
2015-08-05T00:00:00+00:00,0.236,348.35792,below,285.47,285.94,279.7,282.41
2015-08-05T00:00:00+00:00,0.382,378.10104,below,285.47,285.94,279.7,282.41
2015-08-05T00:00:00+00:00,0.5,402.14,below,285.47,285.94,279.7,282.41
2015-08-05T00:00:00+00:00,0.618,426.17896,below,285.47,285.94,279.7,282.41
2015-08-05T00:00:00+00:00,0.786,460.40392,below,285.47,285.94,279.7,282.41
2015-08-05T00:00:00+00:00,1.0,504.0,below,285.47,285.94,279.7,282.41
2015-08-06T00:00:00+00:00,0.236,348.35792,below,282.58,282.58,278.0,279.08
2015-08-06T00:00:00+00:00,0.382,378.10104,below,282.58,282.58,278.0,279.08
2015-08-06T00:00:00+00:00,0.5,402.14,below,282.58,282.58,278.0,279.08
2015-08-06T00:00:00+00:00,0.618,426.17896,below,282.58,282.58,278.0,279.08
2015-08-06T00:00:00+00:00,0.786,460.40392,below,282.58,282.58,278.0,279.08
2015-08-06T00:00:00+00:00,1.0,504.0,below,282.58,282.58,278.0,279.08
2015-08-07T00:00:00+00:00,0.236,348.35792,below,279.08,281.0,276.07,280.19
2015-08-07T00:00:00+00:00,0.382,378.10104,below,279.08,281.0,276.07,280.19
2015-08-07T00:00:00+00:00,0.5,402.14,below,279.08,281.0,276.07,280.19
2015-08-07T00:00:00+00:00,0.618,426.17896,below,279.08,281.0,276.07,280.19
2015-08-07T00:00:00+00:00,0.786,460.40392,below,279.08,281.0,276.07,280.19
2015-08-07T00:00:00+00:00,1.0,504.0,below,279.08,281.0,276.07,280.19
2015-08-08T00:00:00+00:00,0.236,348.35792,below,280.04,280.32,260.62,261.34
2015-08-08T00:00:00+00:00,0.382,378.10104,below,280.04,280.32,260.62,261.34
2015-08-08T00:00:00+00:00,0.5,402.14,below,280.04,280.32,260.62,261.34
2015-08-08T00:00:00+00:00,0.618,426.17896,below,280.04,280.32,260.62,261.34
2015-08-08T00:00:00+00:00,0.786,460.40392,below,280.04,280.32,260.62,261.34
2015-08-08T00:00:00+00:00,1.0,504.0,below,280.04,280.32,260.62,261.34
2015-08-09T00:00:00+00:00,0.236,348.35792,below,261.43,267.6,260.73,265.58
2015-08-09T00:00:00+00:00,0.382,378.10104,below,261.43,267.6,260.73,265.58
2015-08-09T00:00:00+00:00,0.5,402.14,below,261.43,267.6,260.73,265.58
2015-08-09T00:00:00+00:00,0.618,426.17896,below,261.43,267.6,260.73,265.58
2015-08-09T00:00:00+00:00,0.786,460.40392,below,261.43,267.6,260.73,265.58
2015-08-09T00:00:00+00:00,1.0,504.0,below,261.43,267.6,260.73,265.58
2015-08-10T00:00:00+00:00,0.236,348.35792,below,265.69,267.72,262.17,265.1
2015-08-10T00:00:00+00:00,0.382,378.10104,below,265.69,267.72,262.17,265.1
2015-08-10T00:00:00+00:00,0.5,402.14,below,265.69,267.72,262.17,265.1
2015-08-10T00:00:00+00:00,0.618,426.17896,below,265.69,267.72,262.17,265.1
2015-08-10T00:00:00+00:00,0.786,460.40392,below,265.69,267.72,262.17,265.1
2015-08-10T00:00:00+00:00,1.0,504.0,below,265.69,267.72,262.17,265.1
2015-08-11T00:00:00+00:00,0.236,348.35792,below,265.09,272.99,264.81,271.96
2015-08-11T00:00:00+00:00,0.382,378.10104,below,265.09,272.99,264.81,271.96
2015-08-11T00:00:00+00:00,0.5,402.14,below,265.09,272.99,264.81,271.96
2015-08-11T00:00:00+00:00,0.618,426.17896,below,265.09,272.99,264.81,271.96
2015-08-11T00:00:00+00:00,0.786,460.40392,below,265.09,272.99,264.81,271.96
2015-08-11T00:00:00+00:00,1.0,504.0,below,265.09,272.99,264.81,271.96
2015-08-12T00:00:00+00:00,0.236,348.35792,below,271.97,273.75,265.8,267.09
2015-08-12T00:00:00+00:00,0.382,378.10104,below,271.97,273.75,265.8,267.09
2015-08-12T00:00:00+00:00,0.5,402.14,below,271.97,273.75,265.8,267.09
2015-08-12T00:00:00+00:00,0.618,426.17896,below,271.97,273.75,265.8,267.09
2015-08-12T00:00:00+00:00,0.786,460.40392,below,271.97,273.75,265.8,267.09
2015-08-12T00:00:00+00:00,1.0,504.0,below,271.97,273.75,265.8,267.09
2015-08-13T00:00:00+00:00,0.236,348.35792,below,267.09,268.0,263.33,264.47
2015-08-13T00:00:00+00:00,0.382,378.10104,below,267.09,268.0,263.33,264.47
2015-08-13T00:00:00+00:00,0.5,402.14,below,267.09,268.0,263.33,264.47
2015-08-13T00:00:00+00:00,0.618,426.17896,below,267.09,268.0,263.33,264.47
2015-08-13T00:00:00+00:00,0.786,460.40392,below,267.09,268.0,263.33,264.47
2015-08-13T00:00:00+00:00,1.0,504.0,below,267.09,268.0,263.33,264.47
2015-08-14T00:00:00+00:00,0.236,348.35792,below,264.47,268.97,262.13,266.09
2015-08-14T00:00:00+00:00,0.382,378.10104,below,264.47,268.97,262.13,266.09
2015-08-14T00:00:00+00:00,0.5,402.14,below,264.47,268.97,262.13,266.09
2015-08-14T00:00:00+00:00,0.618,426.17896,below,264.47,268.97,262.13,266.09
2015-08-14T00:00:00+00:00,0.786,460.40392,below,264.47,268.97,262.13,266.09
2015-08-14T00:00:00+00:00,1.0,504.0,below,264.47,268.97,262.13,266.09
2015-08-15T00:00:00+00:00,0.236,348.35792,below,266.32,267.76,260.96,262.2
2015-08-15T00:00:00+00:00,0.382,378.10104,below,266.32,267.76,260.96,262.2
2015-08-15T00:00:00+00:00,0.5,402.14,below,266.32,267.76,260.96,262.2
2015-08-15T00:00:00+00:00,0.618,426.17896,below,266.32,267.76,260.96,262.2
2015-08-15T00:00:00+00:00,0.786,460.40392,below,266.32,267.76,260.96,262.2
2015-08-15T00:00:00+00:00,1.0,504.0,below,266.32,267.76,260.96,262.2
2015-08-16T00:00:00+00:00,0.236,348.35792,below,262.04,262.9,256.5,259.9
2015-08-16T00:00:00+00:00,0.382,378.10104,below,262.04,262.9,256.5,259.9
2015-08-16T00:00:00+00:00,0.5,402.14,below,262.04,262.9,256.5,259.9
2015-08-16T00:00:00+00:00,0.618,426.17896,below,262.04,262.9,256.5,259.9
2015-08-16T00:00:00+00:00,0.786,460.40392,below,262.04,262.9,256.5,259.9
2015-08-16T00:00:00+00:00,1.0,504.0,below,262.04,262.9,256.5,259.9
2015-08-17T00:00:00+00:00,0.236,348.35792,below,259.9,262.37,257.4,258.49
2015-08-17T00:00:00+00:00,0.382,378.10104,below,259.9,262.37,257.4,258.49
2015-08-17T00:00:00+00:00,0.5,402.14,below,259.9,262.37,257.4,258.49
2015-08-17T00:00:00+00:00,0.618,426.17896,below,259.9,262.37,257.4,258.49
2015-08-17T00:00:00+00:00,0.786,460.40392,below,259.9,262.37,257.4,258.49
2015-08-17T00:00:00+00:00,1.0,504.0,below,259.9,262.37,257.4,258.49
2015-08-18T00:00:00+00:00,0.236,348.35792,below,258.5,258.5,162.0,214.0
2015-08-18T00:00:00+00:00,0.382,378.10104,below,258.5,258.5,162.0,214.0
2015-08-18T00:00:00+00:00,0.5,402.14,below,258.5,258.5,162.0,214.0
2015-08-18T00:00:00+00:00,0.618,426.17896,below,258.5,258.5,162.0,214.0
2015-08-18T00:00:00+00:00,0.786,460.40392,below,258.5,258.5,162.0,214.0
2015-08-18T00:00:00+00:00,1.0,504.0,below,258.5,258.5,162.0,214.0
2015-08-19T00:00:00+00:00,0.236,348.35792,below,214.09,255.08,198.0,226.32
2015-08-19T00:00:00+00:00,0.382,378.10104,below,214.09,255.08,198.0,226.32
2015-08-19T00:00:00+00:00,0.5,402.14,below,214.09,255.08,198.0,226.32
2015-08-19T00:00:00+00:00,0.618,426.17896,below,214.09,255.08,198.0,226.32
2015-08-19T00:00:00+00:00,0.786,460.40392,below,214.09,255.08,198.0,226.32
2015-08-19T00:00:00+00:00,1.0,504.0,below,214.09,255.08,198.0,226.32
2015-08-20T00:00:00+00:00,0.236,348.35792,below,226.27,237.94,226.27,235.54
2015-08-20T00:00:00+00:00,0.382,378.10104,below,226.27,237.94,226.27,235.54
2015-08-20T00:00:00+00:00,0.5,402.14,below,226.27,237.94,226.27,235.54
2015-08-20T00:00:00+00:00,0.618,426.17896,below,226.27,237.94,226.27,235.54
2015-08-20T00:00:00+00:00,0.786,460.40392,below,226.27,237.94,226.27,235.54
2015-08-20T00:00:00+00:00,1.0,504.0,below,226.27,237.94,226.27,235.54
2015-08-21T00:00:00+00:00,0.236,348.35792,below,235.55,236.43,228.76,232.17
2015-08-21T00:00:00+00:00,0.382,378.10104,below,235.55,236.43,228.76,232.17
2015-08-21T00:00:00+00:00,0.5,402.14,below,235.55,236.43,228.76,232.17
2015-08-21T00:00:00+00:00,0.618,426.17896,below,235.55,236.43,228.76,232.17
2015-08-21T00:00:00+00:00,0.786,460.40392,below,235.55,236.43,228.76,232.17
2015-08-21T00:00:00+00:00,1.0,504.0,below,235.55,236.43,228.76,232.17
2015-08-22T00:00:00+00:00,0.236,348.35792,below,232.46,234.71,221.77,230.27
2015-08-22T00:00:00+00:00,0.382,378.10104,below,232.46,234.71,221.77,230.27
2015-08-22T00:00:00+00:00,0.5,402.14,below,232.46,234.71,221.77,230.27
2015-08-22T00:00:00+00:00,0.618,426.17896,below,232.46,234.71,221.77,230.27
2015-08-22T00:00:00+00:00,0.786,460.40392,below,232.46,234.71,221.77,230.27
2015-08-22T00:00:00+00:00,1.0,504.0,below,232.46,234.71,221.77,230.27
2015-08-23T00:00:00+00:00,0.236,348.35792,below,230.33,232.88,223.05,228.53
2015-08-23T00:00:00+00:00,0.382,378.10104,below,230.33,232.88,223.05,228.53
2015-08-23T00:00:00+00:00,0.5,402.14,below,230.33,232.88,223.05,228.53
2015-08-23T00:00:00+00:00,0.618,426.17896,below,230.33,232.88,223.05,228.53
2015-08-23T00:00:00+00:00,0.786,460.40392,below,230.33,232.88,223.05,228.53
2015-08-23T00:00:00+00:00,1.0,504.0,below,230.33,232.88,223.05,228.53
2015-08-24T00:00:00+00:00,0.236,348.35792,below,228.1,228.69,207.62,210.5
2015-08-24T00:00:00+00:00,0.382,378.10104,below,228.1,228.69,207.62,210.5
2015-08-24T00:00:00+00:00,0.5,402.14,below,228.1,228.69,207.62,210.5
2015-08-24T00:00:00+00:00,0.618,426.17896,below,228.1,228.69,207.62,210.5
2015-08-24T00:00:00+00:00,0.786,460.40392,below,228.1,228.69,207.62,210.5
2015-08-24T00:00:00+00:00,1.0,504.0,below,228.1,228.69,207.62,210.5
2015-08-25T00:00:00+00:00,0.236,348.35792,below,210.49,228.77,196.6,222.68
2015-08-25T00:00:00+00:00,0.382,378.10104,below,210.49,228.77,196.6,222.68
2015-08-25T00:00:00+00:00,0.5,402.14,below,210.49,228.77,196.6,222.68
2015-08-25T00:00:00+00:00,0.618,426.17896,below,210.49,228.77,196.6,222.68
2015-08-25T00:00:00+00:00,0.786,460.40392,below,210.49,228.77,196.6,222.68
2015-08-25T00:00:00+00:00,1.0,504.0,below,210.49,228.77,196.6,222.68
2015-08-26T00:00:00+00:00,0.236,348.35792,below,222.68,232.38,220.1,226.12
2015-08-26T00:00:00+00:00,0.382,378.10104,below,222.68,232.38,220.1,226.12
2015-08-26T00:00:00+00:00,0.5,402.14,below,222.68,232.38,220.1,226.12
2015-08-26T00:00:00+00:00,0.618,426.17896,below,222.68,232.38,220.1,226.12
2015-08-26T00:00:00+00:00,0.786,460.40392,below,222.68,232.38,220.1,226.12
2015-08-26T00:00:00+00:00,1.0,504.0,below,222.68,232.38,220.1,226.12
2015-08-27T00:00:00+00:00,0.236,348.35792,below,226.13,229.5,224.0,225.76
2015-08-27T00:00:00+00:00,0.382,378.10104,below,226.13,229.5,224.0,225.76
2015-08-27T00:00:00+00:00,0.5,402.14,below,226.13,229.5,224.0,225.76
2015-08-27T00:00:00+00:00,0.618,426.17896,below,226.13,229.5,224.0,225.76
2015-08-27T00:00:00+00:00,0.786,460.40392,below,226.13,229.5,224.0,225.76
2015-08-27T00:00:00+00:00,1.0,504.0,below,226.13,229.5,224.0,225.76
2015-08-28T00:00:00+00:00,0.236,348.35792,below,225.66,238.9,220.11,231.83
2015-08-28T00:00:00+00:00,0.382,378.10104,below,225.66,238.9,220.11,231.83
2015-08-28T00:00:00+00:00,0.5,402.14,below,225.66,238.9,220.11,231.83
2015-08-28T00:00:00+00:00,0.618,426.17896,below,225.66,238.9,220.11,231.83
2015-08-28T00:00:00+00:00,0.786,460.40392,below,225.66,238.9,220.11,231.83
2015-08-28T00:00:00+00:00,1.0,504.0,below,225.66,238.9,220.11,231.83
2015-08-29T00:00:00+00:00,0.236,348.35792,below,232.08,234.03,227.16,230.75
2015-08-29T00:00:00+00:00,0.382,378.10104,below,232.08,234.03,227.16,230.75
2015-08-29T00:00:00+00:00,0.5,402.14,below,232.08,234.03,227.16,230.75
2015-08-29T00:00:00+00:00,0.618,426.17896,below,232.08,234.03,227.16,230.75
2015-08-29T00:00:00+00:00,0.786,460.40392,below,232.08,234.03,227.16,230.75
2015-08-29T00:00:00+00:00,1.0,504.0,below,232.08,234.03,227.16,230.75
2015-08-30T00:00:00+00:00,0.236,348.35792,below,230.9,233.96,225.2,229.99
2015-08-30T00:00:00+00:00,0.382,378.10104,below,230.9,233.96,225.2,229.99
2015-08-30T00:00:00+00:00,0.5,402.14,below,230.9,233.96,225.2,229.99
2015-08-30T00:00:00+00:00,0.618,426.17896,below,230.9,233.96,225.2,229.99
2015-08-30T00:00:00+00:00,0.786,460.40392,below,230.9,233.96,225.2,229.99
2015-08-30T00:00:00+00:00,1.0,504.0,below,230.9,233.96,225.2,229.99
2015-08-31T00:00:00+00:00,0.236,348.35792,below,229.99,233.69,225.31,231.35
2015-08-31T00:00:00+00:00,0.382,378.10104,below,229.99,233.69,225.31,231.35
2015-08-31T00:00:00+00:00,0.5,402.14,below,229.99,233.69,225.31,231.35
2015-08-31T00:00:00+00:00,0.618,426.17896,below,229.99,233.69,225.31,231.35
2015-08-31T00:00:00+00:00,0.786,460.40392,below,229.99,233.69,225.31,231.35
2015-08-31T00:00:00+00:00,1.0,504.0,below,229.99,233.69,225.31,231.35
2015-09-01T00:00:00+00:00,0.236,348.35792,below,231.06,232.39,226.55,228.24
2015-09-01T00:00:00+00:00,0.382,378.10104,below,231.06,232.39,226.55,228.24
2015-09-01T00:00:00+00:00,0.5,402.14,below,231.06,232.39,226.55,228.24
2015-09-01T00:00:00+00:00,0.618,426.17896,below,231.06,232.39,226.55,228.24
2015-09-01T00:00:00+00:00,0.786,460.40392,below,231.06,232.39,226.55,228.24
2015-09-01T00:00:00+00:00,1.0,504.0,below,231.06,232.39,226.55,228.24
2015-09-02T00:00:00+00:00,0.236,348.35792,below,228.24,231.89,226.51,229.71
2015-09-02T00:00:00+00:00,0.382,378.10104,below,228.24,231.89,226.51,229.71
2015-09-02T00:00:00+00:00,0.5,402.14,below,228.24,231.89,226.51,229.71
2015-09-02T00:00:00+00:00,0.618,426.17896,below,228.24,231.89,226.51,229.71
2015-09-02T00:00:00+00:00,0.786,460.40392,below,228.24,231.89,226.51,229.71
2015-09-02T00:00:00+00:00,1.0,504.0,below,228.24,231.89,226.51,229.71
2015-09-03T00:00:00+00:00,0.236,348.35792,below,229.71,229.96,226.1,227.25
2015-09-03T00:00:00+00:00,0.382,378.10104,below,229.71,229.96,226.1,227.25
2015-09-03T00:00:00+00:00,0.5,402.14,below,229.71,229.96,226.1,227.25
2015-09-03T00:00:00+00:00,0.618,426.17896,below,229.71,229.96,226.1,227.25
2015-09-03T00:00:00+00:00,0.786,460.40392,below,229.71,229.96,226.1,227.25
2015-09-03T00:00:00+00:00,1.0,504.0,below,229.71,229.96,226.1,227.25
2015-09-04T00:00:00+00:00,0.236,348.35792,below,227.29,231.66,227.01,230.89
2015-09-04T00:00:00+00:00,0.382,378.10104,below,227.29,231.66,227.01,230.89
2015-09-04T00:00:00+00:00,0.5,402.14,below,227.29,231.66,227.01,230.89
2015-09-04T00:00:00+00:00,0.618,426.17896,below,227.29,231.66,227.01,230.89
2015-09-04T00:00:00+00:00,0.786,460.40392,below,227.29,231.66,227.01,230.89
2015-09-04T00:00:00+00:00,1.0,504.0,below,227.29,231.66,227.01,230.89
2015-09-05T00:00:00+00:00,0.236,348.35792,below,230.88,239.76,230.01,235.84
2015-09-05T00:00:00+00:00,0.382,378.10104,below,230.88,239.76,230.01,235.84
2015-09-05T00:00:00+00:00,0.5,402.14,below,230.88,239.76,230.01,235.84
2015-09-05T00:00:00+00:00,0.618,426.17896,below,230.88,239.76,230.01,235.84
2015-09-05T00:00:00+00:00,0.786,460.40392,below,230.88,239.76,230.01,235.84
2015-09-05T00:00:00+00:00,1.0,504.0,below,230.88,239.76,230.01,235.84
2015-09-06T00:00:00+00:00,0.236,348.35792,below,235.84,248.48,235.5,240.97
2015-09-06T00:00:00+00:00,0.382,378.10104,below,235.84,248.48,235.5,240.97
2015-09-06T00:00:00+00:00,0.5,402.14,below,235.84,248.48,235.5,240.97
2015-09-06T00:00:00+00:00,0.618,426.17896,below,235.84,248.48,235.5,240.97
2015-09-06T00:00:00+00:00,0.786,460.40392,below,235.84,248.48,235.5,240.97
2015-09-06T00:00:00+00:00,1.0,504.0,below,235.84,248.48,235.5,240.97
2015-09-07T00:00:00+00:00,0.236,348.35792,below,241.0,243.0,239.03,240.85
2015-09-07T00:00:00+00:00,0.382,378.10104,below,241.0,243.0,239.03,240.85
2015-09-07T00:00:00+00:00,0.5,402.14,below,241.0,243.0,239.03,240.85
2015-09-07T00:00:00+00:00,0.618,426.17896,below,241.0,243.0,239.03,240.85
2015-09-07T00:00:00+00:00,0.786,460.40392,below,241.0,243.0,239.03,240.85
2015-09-07T00:00:00+00:00,1.0,504.0,below,241.0,243.0,239.03,240.85
2015-09-08T00:00:00+00:00,0.236,348.35792,below,240.91,247.68,240.27,244.2
2015-09-08T00:00:00+00:00,0.382,378.10104,below,240.91,247.68,240.27,244.2
2015-09-08T00:00:00+00:00,0.5,402.14,below,240.91,247.68,240.27,244.2
2015-09-08T00:00:00+00:00,0.618,426.17896,below,240.91,247.68,240.27,244.2
2015-09-08T00:00:00+00:00,0.786,460.40392,below,240.91,247.68,240.27,244.2
2015-09-08T00:00:00+00:00,1.0,504.0,below,240.91,247.68,240.27,244.2
2015-09-09T00:00:00+00:00,0.236,348.35792,below,244.2,245.57,238.38,239.07
2015-09-09T00:00:00+00:00,0.382,378.10104,below,244.2,245.57,238.38,239.07
2015-09-09T00:00:00+00:00,0.5,402.14,below,244.2,245.57,238.38,239.07
2015-09-09T00:00:00+00:00,0.618,426.17896,below,244.2,245.57,238.38,239.07
2015-09-09T00:00:00+00:00,0.786,460.40392,below,244.2,245.57,238.38,239.07
2015-09-09T00:00:00+00:00,1.0,504.0,below,244.2,245.57,238.38,239.07
2015-09-10T00:00:00+00:00,0.236,348.35792,below,238.97,241.9,237.01,239.49
2015-09-10T00:00:00+00:00,0.382,378.10104,below,238.97,241.9,237.01,239.49
2015-09-10T00:00:00+00:00,0.5,402.14,below,238.97,241.9,237.01,239.49
2015-09-10T00:00:00+00:00,0.618,426.17896,below,238.97,241.9,237.01,239.49
2015-09-10T00:00:00+00:00,0.786,460.40392,below,238.97,241.9,237.01,239.49
2015-09-10T00:00:00+00:00,1.0,504.0,below,238.97,241.9,237.01,239.49
2015-09-11T00:00:00+00:00,0.236,348.35792,below,239.4,242.89,228.42,240.6
2015-09-11T00:00:00+00:00,0.382,378.10104,below,239.4,242.89,228.42,240.6
2015-09-11T00:00:00+00:00,0.5,402.14,below,239.4,242.89,228.42,240.6
2015-09-11T00:00:00+00:00,0.618,426.17896,below,239.4,242.89,228.42,240.6
2015-09-11T00:00:00+00:00,0.786,460.40392,below,239.4,242.89,228.42,240.6
2015-09-11T00:00:00+00:00,1.0,504.0,below,239.4,242.89,228.42,240.6
2015-09-12T00:00:00+00:00,0.236,348.35792,below,240.9,241.0,235.33,235.77
2015-09-12T00:00:00+00:00,0.382,378.10104,below,240.9,241.0,235.33,235.77
2015-09-12T00:00:00+00:00,0.5,402.14,below,240.9,241.0,235.33,235.77
2015-09-12T00:00:00+00:00,0.618,426.17896,below,240.9,241.0,235.33,235.77
2015-09-12T00:00:00+00:00,0.786,460.40392,below,240.9,241.0,235.33,235.77
2015-09-12T00:00:00+00:00,1.0,504.0,below,240.9,241.0,235.33,235.77
2015-09-13T00:00:00+00:00,0.236,348.35792,below,235.86,236.85,228.95,230.96
2015-09-13T00:00:00+00:00,0.382,378.10104,below,235.86,236.85,228.95,230.96
2015-09-13T00:00:00+00:00,0.5,402.14,below,235.86,236.85,228.95,230.96
2015-09-13T00:00:00+00:00,0.618,426.17896,below,235.86,236.85,228.95,230.96
2015-09-13T00:00:00+00:00,0.786,460.40392,below,235.86,236.85,228.95,230.96
2015-09-13T00:00:00+00:00,1.0,504.0,below,235.86,236.85,228.95,230.96
2015-09-14T00:00:00+00:00,0.236,348.35792,below,231.11,233.9,228.4,230.89
2015-09-14T00:00:00+00:00,0.382,378.10104,below,231.11,233.9,228.4,230.89
2015-09-14T00:00:00+00:00,0.5,402.14,below,231.11,233.9,228.4,230.89
2015-09-14T00:00:00+00:00,0.618,426.17896,below,231.11,233.9,228.4,230.89
2015-09-14T00:00:00+00:00,0.786,460.40392,below,231.11,233.9,228.4,230.89
2015-09-14T00:00:00+00:00,1.0,504.0,below,231.11,233.9,228.4,230.89
2015-09-15T00:00:00+00:00,0.236,348.35792,below,231.07,232.93,227.33,230.93
2015-09-15T00:00:00+00:00,0.382,378.10104,below,231.07,232.93,227.33,230.93
2015-09-15T00:00:00+00:00,0.5,402.14,below,231.07,232.93,227.33,230.93
2015-09-15T00:00:00+00:00,0.618,426.17896,below,231.07,232.93,227.33,230.93
2015-09-15T00:00:00+00:00,0.786,460.40392,below,231.07,232.93,227.33,230.93
2015-09-15T00:00:00+00:00,1.0,504.0,below,231.07,232.93,227.33,230.93
2015-09-16T00:00:00+00:00,0.236,348.35792,below,230.91,232.12,227.38,228.99
2015-09-16T00:00:00+00:00,0.382,378.10104,below,230.91,232.12,227.38,228.99
2015-09-16T00:00:00+00:00,0.5,402.14,below,230.91,232.12,227.38,228.99
2015-09-16T00:00:00+00:00,0.618,426.17896,below,230.91,232.12,227.38,228.99
2015-09-16T00:00:00+00:00,0.786,460.40392,below,230.91,232.12,227.38,228.99
2015-09-16T00:00:00+00:00,1.0,504.0,below,230.91,232.12,227.38,228.99
2015-09-17T00:00:00+00:00,0.236,348.35792,below,228.99,235.94,228.99,233.61
2015-09-17T00:00:00+00:00,0.382,378.10104,below,228.99,235.94,228.99,233.61
2015-09-17T00:00:00+00:00,0.5,402.14,below,228.99,235.94,228.99,233.61
2015-09-17T00:00:00+00:00,0.618,426.17896,below,228.99,235.94,228.99,233.61
2015-09-17T00:00:00+00:00,0.786,460.40392,below,228.99,235.94,228.99,233.61
2015-09-17T00:00:00+00:00,1.0,504.0,below,228.99,235.94,228.99,233.61
2015-09-18T00:00:00+00:00,0.236,348.35792,below,233.65,236.26,227.0,228.34
2015-09-18T00:00:00+00:00,0.382,378.10104,below,233.65,236.26,227.0,228.34
2015-09-18T00:00:00+00:00,0.5,402.14,below,233.65,236.26,227.0,228.34
2015-09-18T00:00:00+00:00,0.618,426.17896,below,233.65,236.26,227.0,228.34
2015-09-18T00:00:00+00:00,0.786,460.40392,below,233.65,236.26,227.0,228.34
2015-09-18T00:00:00+00:00,1.0,504.0,below,233.65,236.26,227.0,228.34
2015-09-19T00:00:00+00:00,0.236,348.35792,below,233.79,234.19,231.5,232.09
2015-09-19T00:00:00+00:00,0.382,378.10104,below,233.79,234.19,231.5,232.09
2015-09-19T00:00:00+00:00,0.5,402.14,below,233.79,234.19,231.5,232.09
2015-09-19T00:00:00+00:00,0.618,426.17896,below,233.79,234.19,231.5,232.09
2015-09-19T00:00:00+00:00,0.786,460.40392,below,233.79,234.19,231.5,232.09
2015-09-19T00:00:00+00:00,1.0,504.0,below,233.79,234.19,231.5,232.09
2015-09-20T00:00:00+00:00,0.236,348.35792,below,232.01,233.38,231.4,232.12
2015-09-20T00:00:00+00:00,0.382,378.10104,below,232.01,233.38,231.4,232.12
2015-09-20T00:00:00+00:00,0.5,402.14,below,232.01,233.38,231.4,232.12
2015-09-20T00:00:00+00:00,0.618,426.17896,below,232.01,233.38,231.4,232.12
2015-09-20T00:00:00+00:00,0.786,460.40392,below,232.01,233.38,231.4,232.12
2015-09-20T00:00:00+00:00,1.0,504.0,below,232.01,233.38,231.4,232.12
2015-09-21T00:00:00+00:00,0.236,348.35792,below,232.11,232.97,226.38,227.22
2015-09-21T00:00:00+00:00,0.382,378.10104,below,232.11,232.97,226.38,227.22
2015-09-21T00:00:00+00:00,0.5,402.14,below,232.11,232.97,226.38,227.22
2015-09-21T00:00:00+00:00,0.618,426.17896,below,232.11,232.97,226.38,227.22
2015-09-21T00:00:00+00:00,0.786,460.40392,below,232.11,232.97,226.38,227.22
2015-09-21T00:00:00+00:00,1.0,504.0,below,232.11,232.97,226.38,227.22
2015-09-22T00:00:00+00:00,0.236,348.35792,below,227.25,233.95,224.25,231.11
2015-09-22T00:00:00+00:00,0.382,378.10104,below,227.25,233.95,224.25,231.11
2015-09-22T00:00:00+00:00,0.5,402.14,below,227.25,233.95,224.25,231.11
2015-09-22T00:00:00+00:00,0.618,426.17896,below,227.25,233.95,224.25,231.11
2015-09-22T00:00:00+00:00,0.786,460.40392,below,227.25,233.95,224.25,231.11
2015-09-22T00:00:00+00:00,1.0,504.0,below,227.25,233.95,224.25,231.11
2015-09-23T00:00:00+00:00,0.236,348.35792,below,231.43,233.0,230.03,230.54
2015-09-23T00:00:00+00:00,0.382,378.10104,below,231.43,233.0,230.03,230.54
2015-09-23T00:00:00+00:00,0.5,402.14,below,231.43,233.0,230.03,230.54
2015-09-23T00:00:00+00:00,0.618,426.17896,below,231.43,233.0,230.03,230.54
2015-09-23T00:00:00+00:00,0.786,460.40392,below,231.43,233.0,230.03,230.54
2015-09-23T00:00:00+00:00,1.0,504.0,below,231.43,233.0,230.03,230.54
2015-09-24T00:00:00+00:00,0.236,348.35792,below,230.57,236.25,230.54,234.65
2015-09-24T00:00:00+00:00,0.382,378.10104,below,230.57,236.25,230.54,234.65
2015-09-24T00:00:00+00:00,0.5,402.14,below,230.57,236.25,230.54,234.65
2015-09-24T00:00:00+00:00,0.618,426.17896,below,230.57,236.25,230.54,234.65
2015-09-24T00:00:00+00:00,0.786,460.40392,below,230.57,236.25,230.54,234.65
2015-09-24T00:00:00+00:00,1.0,504.0,below,230.57,236.25,230.54,234.65
2015-09-25T00:00:00+00:00,0.236,348.35792,below,234.65,237.7,233.05,235.26
2015-09-25T00:00:00+00:00,0.382,378.10104,below,234.65,237.7,233.05,235.26
2015-09-25T00:00:00+00:00,0.5,402.14,below,234.65,237.7,233.05,235.26
2015-09-25T00:00:00+00:00,0.618,426.17896,below,234.65,237.7,233.05,235.26
2015-09-25T00:00:00+00:00,0.786,460.40392,below,234.65,237.7,233.05,235.26
2015-09-25T00:00:00+00:00,1.0,504.0,below,234.65,237.7,233.05,235.26
2015-09-26T00:00:00+00:00,0.236,348.35792,below,235.39,235.95,233.75,234.63
2015-09-26T00:00:00+00:00,0.382,378.10104,below,235.39,235.95,233.75,234.63
2015-09-26T00:00:00+00:00,0.5,402.14,below,235.39,235.95,233.75,234.63
2015-09-26T00:00:00+00:00,0.618,426.17896,below,235.39,235.95,233.75,234.63
2015-09-26T00:00:00+00:00,0.786,460.40392,below,235.39,235.95,233.75,234.63
2015-09-26T00:00:00+00:00,1.0,504.0,below,235.39,235.95,233.75,234.63
2015-09-27T00:00:00+00:00,0.236,348.35792,below,234.63,234.78,233.0,233.37
2015-09-27T00:00:00+00:00,0.382,378.10104,below,234.63,234.78,233.0,233.37
2015-09-27T00:00:00+00:00,0.5,402.14,below,234.63,234.78,233.0,233.37
2015-09-27T00:00:00+00:00,0.618,426.17896,below,234.63,234.78,233.0,233.37
2015-09-27T00:00:00+00:00,0.786,460.40392,below,234.63,234.78,233.0,233.37
2015-09-27T00:00:00+00:00,1.0,504.0,below,234.63,234.78,233.0,233.37
2015-09-28T00:00:00+00:00,0.236,348.35792,below,233.37,241.44,233.37,240.43
2015-09-28T00:00:00+00:00,0.382,378.10104,below,233.37,241.44,233.37,240.43
2015-09-28T00:00:00+00:00,0.5,402.14,below,233.37,241.44,233.37,240.43
2015-09-28T00:00:00+00:00,0.618,426.17896,below,233.37,241.44,233.37,240.43
2015-09-28T00:00:00+00:00,0.786,460.40392,below,233.37,241.44,233.37,240.43
2015-09-28T00:00:00+00:00,1.0,504.0,below,233.37,241.44,233.37,240.43
2015-09-29T00:00:00+00:00,0.236,348.35792,below,240.43,241.5,236.61,236.8
2015-09-29T00:00:00+00:00,0.382,378.10104,below,240.43,241.5,236.61,236.8
2015-09-29T00:00:00+00:00,0.5,402.14,below,240.43,241.5,236.61,236.8
2015-09-29T00:00:00+00:00,0.618,426.17896,below,240.43,241.5,236.61,236.8
2015-09-29T00:00:00+00:00,0.786,460.40392,below,240.43,241.5,236.61,236.8
2015-09-29T00:00:00+00:00,1.0,504.0,below,240.43,241.5,236.61,236.8
2015-09-30T00:00:00+00:00,0.236,348.35792,below,236.9,238.78,235.11,236.49
2015-09-30T00:00:00+00:00,0.382,378.10104,below,236.9,238.78,235.11,236.49
2015-09-30T00:00:00+00:00,0.5,402.14,below,236.9,238.78,235.11,236.49
2015-09-30T00:00:00+00:00,0.618,426.17896,below,236.9,238.78,235.11,236.49
2015-09-30T00:00:00+00:00,0.786,460.40392,below,236.9,238.78,235.11,236.49
2015-09-30T00:00:00+00:00,1.0,504.0,below,236.9,238.78,235.11,236.49
2015-10-01T00:00:00+00:00,0.236,348.35792,below,236.72,240.09,236.19,238.48
2015-10-01T00:00:00+00:00,0.382,378.10104,below,236.72,240.09,236.19,238.48
2015-10-01T00:00:00+00:00,0.5,402.14,below,236.72,240.09,236.19,238.48
2015-10-01T00:00:00+00:00,0.618,426.17896,below,236.72,240.09,236.19,238.48
2015-10-01T00:00:00+00:00,0.786,460.40392,below,236.72,240.09,236.19,238.48
2015-10-01T00:00:00+00:00,1.0,504.0,below,236.72,240.09,236.19,238.48
2015-10-02T00:00:00+00:00,0.236,348.35792,below,238.25,240.0,237.33,237.86
2015-10-02T00:00:00+00:00,0.382,378.10104,below,238.25,240.0,237.33,237.86
2015-10-02T00:00:00+00:00,0.5,402.14,below,238.25,240.0,237.33,237.86
2015-10-02T00:00:00+00:00,0.618,426.17896,below,238.25,240.0,237.33,237.86
2015-10-02T00:00:00+00:00,0.786,460.40392,below,238.25,240.0,237.33,237.86
2015-10-02T00:00:00+00:00,1.0,504.0,below,238.25,240.0,237.33,237.86
2015-10-03T00:00:00+00:00,0.236,348.35792,below,237.84,241.11,237.68,239.79
2015-10-03T00:00:00+00:00,0.382,378.10104,below,237.84,241.11,237.68,239.79
2015-10-03T00:00:00+00:00,0.5,402.14,below,237.84,241.11,237.68,239.79
2015-10-03T00:00:00+00:00,0.618,426.17896,below,237.84,241.11,237.68,239.79
2015-10-03T00:00:00+00:00,0.786,460.40392,below,237.84,241.11,237.68,239.79
2015-10-03T00:00:00+00:00,1.0,504.0,below,237.84,241.11,237.68,239.79
2015-10-04T00:00:00+00:00,0.236,348.35792,below,239.73,240.93,239.29,239.5
2015-10-04T00:00:00+00:00,0.382,378.10104,below,239.73,240.93,239.29,239.5
2015-10-04T00:00:00+00:00,0.5,402.14,below,239.73,240.93,239.29,239.5
2015-10-04T00:00:00+00:00,0.618,426.17896,below,239.73,240.93,239.29,239.5
2015-10-04T00:00:00+00:00,0.786,460.40392,below,239.73,240.93,239.29,239.5
2015-10-04T00:00:00+00:00,1.0,504.0,below,239.73,240.93,239.29,239.5
2015-10-05T00:00:00+00:00,0.236,348.35792,below,239.47,242.89,236.24,242.0
2015-10-05T00:00:00+00:00,0.382,378.10104,below,239.47,242.89,236.24,242.0
2015-10-05T00:00:00+00:00,0.5,402.14,below,239.47,242.89,236.24,242.0
2015-10-05T00:00:00+00:00,0.618,426.17896,below,239.47,242.89,236.24,242.0
2015-10-05T00:00:00+00:00,0.786,460.40392,below,239.47,242.89,236.24,242.0
2015-10-05T00:00:00+00:00,1.0,504.0,below,239.47,242.89,236.24,242.0
2015-10-06T00:00:00+00:00,0.236,348.35792,below,242.01,249.01,241.51,247.36
2015-10-06T00:00:00+00:00,0.382,378.10104,below,242.01,249.01,241.51,247.36
2015-10-06T00:00:00+00:00,0.5,402.14,below,242.01,249.01,241.51,247.36
2015-10-06T00:00:00+00:00,0.618,426.17896,below,242.01,249.01,241.51,247.36
2015-10-06T00:00:00+00:00,0.786,460.40392,below,242.01,249.01,241.51,247.36
2015-10-06T00:00:00+00:00,1.0,504.0,below,242.01,249.01,241.51,247.36
2015-10-07T00:00:00+00:00,0.236,348.35792,below,247.35,247.93,243.5,244.0
2015-10-07T00:00:00+00:00,0.382,378.10104,below,247.35,247.93,243.5,244.0
2015-10-07T00:00:00+00:00,0.5,402.14,below,247.35,247.93,243.5,244.0
2015-10-07T00:00:00+00:00,0.618,426.17896,below,247.35,247.93,243.5,244.0
2015-10-07T00:00:00+00:00,0.786,460.40392,below,247.35,247.93,243.5,244.0
2015-10-07T00:00:00+00:00,1.0,504.0,below,247.35,247.93,243.5,244.0
2015-10-08T00:00:00+00:00,0.236,348.35792,below,244.0,245.65,242.62,243.0
2015-10-08T00:00:00+00:00,0.382,378.10104,below,244.0,245.65,242.62,243.0
2015-10-08T00:00:00+00:00,0.5,402.14,below,244.0,245.65,242.62,243.0
2015-10-08T00:00:00+00:00,0.618,426.17896,below,244.0,245.65,242.62,243.0
2015-10-08T00:00:00+00:00,0.786,460.40392,below,244.0,245.65,242.62,243.0
2015-10-08T00:00:00+00:00,1.0,504.0,below,244.0,245.65,242.62,243.0
2015-10-09T00:00:00+00:00,0.236,348.35792,below,242.99,245.45,242.63,244.82
2015-10-09T00:00:00+00:00,0.382,378.10104,below,242.99,245.45,242.63,244.82
2015-10-09T00:00:00+00:00,0.5,402.14,below,242.99,245.45,242.63,244.82
2015-10-09T00:00:00+00:00,0.618,426.17896,below,242.99,245.45,242.63,244.82
2015-10-09T00:00:00+00:00,0.786,460.40392,below,242.99,245.45,242.63,244.82
2015-10-09T00:00:00+00:00,1.0,504.0,below,242.99,245.45,242.63,244.82
2015-10-10T00:00:00+00:00,0.236,348.35792,below,244.93,246.41,243.5,246.01
2015-10-10T00:00:00+00:00,0.382,378.10104,below,244.93,246.41,243.5,246.01
2015-10-10T00:00:00+00:00,0.5,402.14,below,244.93,246.41,243.5,246.01
2015-10-10T00:00:00+00:00,0.618,426.17896,below,244.93,246.41,243.5,246.01
2015-10-10T00:00:00+00:00,0.786,460.40392,below,244.93,246.41,243.5,246.01
2015-10-10T00:00:00+00:00,1.0,504.0,below,244.93,246.41,243.5,246.01
2015-10-11T00:00:00+00:00,0.236,348.35792,below,245.93,248.73,243.75,247.99
2015-10-11T00:00:00+00:00,0.382,378.10104,below,245.93,248.73,243.75,247.99
2015-10-11T00:00:00+00:00,0.5,402.14,below,245.93,248.73,243.75,247.99
2015-10-11T00:00:00+00:00,0.618,426.17896,below,245.93,248.73,243.75,247.99
2015-10-11T00:00:00+00:00,0.786,460.40392,below,245.93,248.73,243.75,247.99
2015-10-11T00:00:00+00:00,1.0,504.0,below,245.93,248.73,243.75,247.99
2015-10-12T00:00:00+00:00,0.236,348.35792,below,247.92,248.45,245.21,246.17
2015-10-12T00:00:00+00:00,0.382,378.10104,below,247.92,248.45,245.21,246.17
2015-10-12T00:00:00+00:00,0.5,402.14,below,247.92,248.45,245.21,246.17
2015-10-12T00:00:00+00:00,0.618,426.17896,below,247.92,248.45,245.21,246.17
2015-10-12T00:00:00+00:00,0.786,460.40392,below,247.92,248.45,245.21,246.17
2015-10-12T00:00:00+00:00,1.0,504.0,below,247.92,248.45,245.21,246.17
2015-10-13T00:00:00+00:00,0.236,348.35792,below,246.15,253.43,244.0,251.25
2015-10-13T00:00:00+00:00,0.382,378.10104,below,246.15,253.43,244.0,251.25
2015-10-13T00:00:00+00:00,0.5,402.14,below,246.15,253.43,244.0,251.25
2015-10-13T00:00:00+00:00,0.618,426.17896,below,246.15,253.43,244.0,251.25
2015-10-13T00:00:00+00:00,0.786,460.40392,below,246.15,253.43,244.0,251.25
2015-10-13T00:00:00+00:00,1.0,504.0,below,246.15,253.43,244.0,251.25
2015-10-14T00:00:00+00:00,0.236,348.35792,below,251.08,255.95,250.1,253.5
2015-10-14T00:00:00+00:00,0.382,378.10104,below,251.08,255.95,250.1,253.5
2015-10-14T00:00:00+00:00,0.5,402.14,below,251.08,255.95,250.1,253.5
2015-10-14T00:00:00+00:00,0.618,426.17896,below,251.08,255.95,250.1,253.5
2015-10-14T00:00:00+00:00,0.786,460.40392,below,251.08,255.95,250.1,253.5
2015-10-14T00:00:00+00:00,1.0,504.0,below,251.08,255.95,250.1,253.5
2015-10-15T00:00:00+00:00,0.236,348.35792,below,253.5,257.5,253.44,255.19
2015-10-15T00:00:00+00:00,0.382,378.10104,below,253.5,257.5,253.44,255.19
2015-10-15T00:00:00+00:00,0.5,402.14,below,253.5,257.5,253.44,255.19
2015-10-15T00:00:00+00:00,0.618,426.17896,below,253.5,257.5,253.44,255.19
2015-10-15T00:00:00+00:00,0.786,460.40392,below,253.5,257.5,253.44,255.19
2015-10-15T00:00:00+00:00,1.0,504.0,below,253.5,257.5,253.44,255.19
2015-10-16T00:00:00+00:00,0.236,348.35792,below,255.19,267.83,254.91,263.45
2015-10-16T00:00:00+00:00,0.382,378.10104,below,255.19,267.83,254.91,263.45
2015-10-16T00:00:00+00:00,0.5,402.14,below,255.19,267.83,254.91,263.45
2015-10-16T00:00:00+00:00,0.618,426.17896,below,255.19,267.83,254.91,263.45
2015-10-16T00:00:00+00:00,0.786,460.40392,below,255.19,267.83,254.91,263.45
2015-10-16T00:00:00+00:00,1.0,504.0,below,255.19,267.83,254.91,263.45
2015-10-17T00:00:00+00:00,0.236,348.35792,below,263.47,275.19,258.32,272.9
2015-10-17T00:00:00+00:00,0.382,378.10104,below,263.47,275.19,258.32,272.9
2015-10-17T00:00:00+00:00,0.5,402.14,below,263.47,275.19,258.32,272.9
2015-10-17T00:00:00+00:00,0.618,426.17896,below,263.47,275.19,258.32,272.9
2015-10-17T00:00:00+00:00,0.786,460.40392,below,263.47,275.19,258.32,272.9
2015-10-17T00:00:00+00:00,1.0,504.0,below,263.47,275.19,258.32,272.9
2015-10-18T00:00:00+00:00,0.236,348.35792,below,272.9,274.66,263.3,265.01
2015-10-18T00:00:00+00:00,0.382,378.10104,below,272.9,274.66,263.3,265.01
2015-10-18T00:00:00+00:00,0.5,402.14,below,272.9,274.66,263.3,265.01
2015-10-18T00:00:00+00:00,0.618,426.17896,below,272.9,274.66,263.3,265.01
2015-10-18T00:00:00+00:00,0.786,460.40392,below,272.9,274.66,263.3,265.01
2015-10-18T00:00:00+00:00,1.0,504.0,below,272.9,274.66,263.3,265.01
2015-10-19T00:00:00+00:00,0.236,348.35792,below,265.29,268.28,262.35,265.1
2015-10-19T00:00:00+00:00,0.382,378.10104,below,265.29,268.28,262.35,265.1
2015-10-19T00:00:00+00:00,0.5,402.14,below,265.29,268.28,262.35,265.1
2015-10-19T00:00:00+00:00,0.618,426.17896,below,265.29,268.28,262.35,265.1
2015-10-19T00:00:00+00:00,0.786,460.40392,below,265.29,268.28,262.35,265.1
2015-10-19T00:00:00+00:00,1.0,504.0,below,265.29,268.28,262.35,265.1
2015-10-20T00:00:00+00:00,0.236,348.35792,below,265.02,273.97,264.39,270.97
2015-10-20T00:00:00+00:00,0.382,378.10104,below,265.02,273.97,264.39,270.97
2015-10-20T00:00:00+00:00,0.5,402.14,below,265.02,273.97,264.39,270.97
2015-10-20T00:00:00+00:00,0.618,426.17896,below,265.02,273.97,264.39,270.97
2015-10-20T00:00:00+00:00,0.786,460.40392,below,265.02,273.97,264.39,270.97
2015-10-20T00:00:00+00:00,1.0,504.0,below,265.02,273.97,264.39,270.97
2015-10-21T00:00:00+00:00,0.236,348.35792,below,270.99,272.28,264.1,267.8
2015-10-21T00:00:00+00:00,0.382,378.10104,below,270.99,272.28,264.1,267.8
2015-10-21T00:00:00+00:00,0.5,402.14,below,270.99,272.28,264.1,267.8
2015-10-21T00:00:00+00:00,0.618,426.17896,below,270.99,272.28,264.1,267.8
2015-10-21T00:00:00+00:00,0.786,460.40392,below,270.99,272.28,264.1,267.8
2015-10-21T00:00:00+00:00,1.0,504.0,below,270.99,272.28,264.1,267.8
2015-10-22T00:00:00+00:00,0.236,348.35792,below,267.99,279.97,267.3,275.83
2015-10-22T00:00:00+00:00,0.382,378.10104,below,267.99,279.97,267.3,275.83
2015-10-22T00:00:00+00:00,0.5,402.14,below,267.99,279.97,267.3,275.83
2015-10-22T00:00:00+00:00,0.618,426.17896,below,267.99,279.97,267.3,275.83
2015-10-22T00:00:00+00:00,0.786,460.40392,below,267.99,279.97,267.3,275.83
2015-10-22T00:00:00+00:00,1.0,504.0,below,267.99,279.97,267.3,275.83
2015-10-23T00:00:00+00:00,0.236,348.35792,below,275.83,280.9,275.15,279.21
2015-10-23T00:00:00+00:00,0.382,378.10104,below,275.83,280.9,275.15,279.21
2015-10-23T00:00:00+00:00,0.5,402.14,below,275.83,280.9,275.15,279.21
2015-10-23T00:00:00+00:00,0.618,426.17896,below,275.83,280.9,275.15,279.21
2015-10-23T00:00:00+00:00,0.786,460.40392,below,275.83,280.9,275.15,279.21
2015-10-23T00:00:00+00:00,1.0,504.0,below,275.83,280.9,275.15,279.21
2015-10-24T00:00:00+00:00,0.236,348.35792,below,279.04,284.47,279.0,284.19
2015-10-24T00:00:00+00:00,0.382,378.10104,below,279.04,284.47,279.0,284.19
2015-10-24T00:00:00+00:00,0.5,402.14,below,279.04,284.47,279.0,284.19
2015-10-24T00:00:00+00:00,0.618,426.17896,below,279.04,284.47,279.0,284.19
2015-10-24T00:00:00+00:00,0.786,460.40392,below,279.04,284.47,279.0,284.19
2015-10-24T00:00:00+00:00,1.0,504.0,below,279.04,284.47,279.0,284.19
2015-10-25T00:00:00+00:00,0.236,348.35792,below,284.19,295.99,281.2,284.79
2015-10-25T00:00:00+00:00,0.382,378.10104,below,284.19,295.99,281.2,284.79
2015-10-25T00:00:00+00:00,0.5,402.14,below,284.19,295.99,281.2,284.79
2015-10-25T00:00:00+00:00,0.618,426.17896,below,284.19,295.99,281.2,284.79
2015-10-25T00:00:00+00:00,0.786,460.40392,below,284.19,295.99,281.2,284.79
2015-10-25T00:00:00+00:00,1.0,504.0,below,284.19,295.99,281.2,284.79
2015-10-26T00:00:00+00:00,0.236,348.35792,below,284.7,287.92,282.25,287.22
2015-10-26T00:00:00+00:00,0.382,378.10104,below,284.7,287.92,282.25,287.22
2015-10-26T00:00:00+00:00,0.5,402.14,below,284.7,287.92,282.25,287.22
2015-10-26T00:00:00+00:00,0.618,426.17896,below,284.7,287.92,282.25,287.22
2015-10-26T00:00:00+00:00,0.786,460.40392,below,284.7,287.92,282.25,287.22
2015-10-26T00:00:00+00:00,1.0,504.0,below,284.7,287.92,282.25,287.22
2015-10-27T00:00:00+00:00,0.236,348.35792,below,287.22,298.86,286.71,295.29
2015-10-27T00:00:00+00:00,0.382,378.10104,below,287.22,298.86,286.71,295.29
2015-10-27T00:00:00+00:00,0.5,402.14,below,287.22,298.86,286.71,295.29
2015-10-27T00:00:00+00:00,0.618,426.17896,below,287.22,298.86,286.71,295.29
2015-10-27T00:00:00+00:00,0.786,460.40392,below,287.22,298.86,286.71,295.29
2015-10-27T00:00:00+00:00,1.0,504.0,below,287.22,298.86,286.71,295.29
2015-10-28T00:00:00+00:00,0.236,348.35792,below,295.29,307.99,295.29,304.5
2015-10-28T00:00:00+00:00,0.382,378.10104,below,295.29,307.99,295.29,304.5
2015-10-28T00:00:00+00:00,0.5,402.14,below,295.29,307.99,295.29,304.5
2015-10-28T00:00:00+00:00,0.618,426.17896,below,295.29,307.99,295.29,304.5
2015-10-28T00:00:00+00:00,0.786,460.40392,below,295.29,307.99,295.29,304.5
2015-10-28T00:00:00+00:00,1.0,504.0,below,295.29,307.99,295.29,304.5
2015-10-29T00:00:00+00:00,0.236,348.35792,below,304.5,321.53,301.5,314.88
2015-10-29T00:00:00+00:00,0.382,378.10104,below,304.5,321.53,301.5,314.88
2015-10-29T00:00:00+00:00,0.5,402.14,below,304.5,321.53,301.5,314.88
2015-10-29T00:00:00+00:00,0.618,426.17896,below,304.5,321.53,301.5,314.88
2015-10-29T00:00:00+00:00,0.786,460.40392,below,304.5,321.53,301.5,314.88
2015-10-29T00:00:00+00:00,1.0,504.0,below,304.5,321.53,301.5,314.88
2015-10-30T00:00:00+00:00,0.236,348.35792,below,314.23,336.0,313.82,328.19
2015-10-30T00:00:00+00:00,0.382,378.10104,below,314.23,336.0,313.82,328.19
2015-10-30T00:00:00+00:00,0.5,402.14,below,314.23,336.0,313.82,328.19
2015-10-30T00:00:00+00:00,0.618,426.17896,below,314.23,336.0,313.82,328.19
2015-10-30T00:00:00+00:00,0.786,460.40392,below,314.23,336.0,313.82,328.19
2015-10-30T00:00:00+00:00,1.0,504.0,below,314.23,336.0,313.82,328.19
2015-10-31T00:00:00+00:00,0.236,348.35792,below,328.2,335.87,307.2,316.0
2015-10-31T00:00:00+00:00,0.382,378.10104,below,328.2,335.87,307.2,316.0
2015-10-31T00:00:00+00:00,0.5,402.14,below,328.2,335.87,307.2,316.0
2015-10-31T00:00:00+00:00,0.618,426.17896,below,328.2,335.87,307.2,316.0
2015-10-31T00:00:00+00:00,0.786,460.40392,below,328.2,335.87,307.2,316.0
2015-10-31T00:00:00+00:00,1.0,504.0,below,328.2,335.87,307.2,316.0
2015-11-01T00:00:00+00:00,0.236,348.35792,below,316.0,333.49,313.6,330.23
2015-11-01T00:00:00+00:00,0.382,378.10104,below,316.0,333.49,313.6,330.23
2015-11-01T00:00:00+00:00,0.5,402.14,below,316.0,333.49,313.6,330.23
2015-11-01T00:00:00+00:00,0.618,426.17896,below,316.0,333.49,313.6,330.23
2015-11-01T00:00:00+00:00,0.786,460.40392,below,316.0,333.49,313.6,330.23
2015-11-01T00:00:00+00:00,1.0,504.0,below,316.0,333.49,313.6,330.23
2015-11-02T00:00:00+00:00,0.236,348.35792,cross,330.23,373.12,326.8,365.33
2015-11-02T00:00:00+00:00,0.382,378.10104,below,330.23,373.12,326.8,365.33
2015-11-02T00:00:00+00:00,0.5,402.14,below,330.23,373.12,326.8,365.33
2015-11-02T00:00:00+00:00,0.618,426.17896,below,330.23,373.12,326.8,365.33
2015-11-02T00:00:00+00:00,0.786,460.40392,below,330.23,373.12,326.8,365.33
2015-11-02T00:00:00+00:00,1.0,504.0,below,330.23,373.12,326.8,365.33
2015-11-03T00:00:00+00:00,0.236,348.35792,above,365.08,423.88,361.11,405.0
2015-11-03T00:00:00+00:00,0.382,378.10104,cross,365.08,423.88,361.11,405.0
2015-11-03T00:00:00+00:00,0.5,402.14,cross,365.08,423.88,361.11,405.0
2015-11-03T00:00:00+00:00,0.618,426.17896,below,365.08,423.88,361.11,405.0
2015-11-03T00:00:00+00:00,0.786,460.40392,below,365.08,423.88,361.11,405.0
2015-11-03T00:00:00+00:00,1.0,504.0,below,365.08,423.88,361.11,405.0
2015-11-04T00:00:00+00:00,0.236,348.35792,above,404.98,504.0,366.66,409.24
2015-11-04T00:00:00+00:00,0.382,378.10104,touch,404.98,504.0,366.66,409.24
2015-11-04T00:00:00+00:00,0.5,402.14,touch,404.98,504.0,366.66,409.24
2015-11-04T00:00:00+00:00,0.618,426.17896,touch,404.98,504.0,366.66,409.24
2015-11-04T00:00:00+00:00,0.786,460.40392,touch,404.98,504.0,366.66,409.24
2015-11-04T00:00:00+00:00,1.0,504.0,touch,404.98,504.0,366.66,409.24
2015-11-05T00:00:00+00:00,0.236,348.35792,above,409.23,449.95,370.0,387.14
2015-11-05T00:00:00+00:00,0.382,378.10104,touch,409.23,449.95,370.0,387.14
2015-11-05T00:00:00+00:00,0.5,402.14,cross,409.23,449.95,370.0,387.14
2015-11-05T00:00:00+00:00,0.618,426.17896,touch,409.23,449.95,370.0,387.14
2015-11-05T00:00:00+00:00,0.786,460.40392,below,409.23,449.95,370.0,387.14
2015-11-05T00:00:00+00:00,1.0,504.0,below,409.23,449.95,370.0,387.14
2015-11-06T00:00:00+00:00,0.236,348.35792,above,387.93,396.78,351.2,375.56
2015-11-06T00:00:00+00:00,0.382,378.10104,cross,387.93,396.78,351.2,375.56
2015-11-06T00:00:00+00:00,0.5,402.14,below,387.93,396.78,351.2,375.56
2015-11-06T00:00:00+00:00,0.618,426.17896,below,387.93,396.78,351.2,375.56
2015-11-06T00:00:00+00:00,0.786,460.40392,below,387.93,396.78,351.2,375.56
2015-11-06T00:00:00+00:00,1.0,504.0,below,387.93,396.78,351.2,375.56
2015-11-07T00:00:00+00:00,0.236,348.35792,above,375.56,392.23,371.32,384.99
2015-11-07T00:00:00+00:00,0.382,378.10104,cross,375.56,392.23,371.32,384.99
2015-11-07T00:00:00+00:00,0.5,402.14,below,375.56,392.23,371.32,384.99
2015-11-07T00:00:00+00:00,0.618,426.17896,below,375.56,392.23,371.32,384.99
2015-11-07T00:00:00+00:00,0.786,460.40392,below,375.56,392.23,371.32,384.99
2015-11-07T00:00:00+00:00,1.0,504.0,below,375.56,392.23,371.32,384.99
2015-11-08T00:00:00+00:00,0.236,348.35792,above,384.28,390.33,365.56,374.1
2015-11-08T00:00:00+00:00,0.382,378.10104,cross,384.28,390.33,365.56,374.1
2015-11-08T00:00:00+00:00,0.5,402.14,below,384.28,390.33,365.56,374.1
2015-11-08T00:00:00+00:00,0.618,426.17896,below,384.28,390.33,365.56,374.1
2015-11-08T00:00:00+00:00,0.786,460.40392,below,384.28,390.33,365.56,374.1
2015-11-08T00:00:00+00:00,1.0,504.0,below,384.28,390.33,365.56,374.1
2015-11-09T00:00:00+00:00,0.236,348.35792,above,374.52,388.99,360.0,381.1
2015-11-09T00:00:00+00:00,0.382,378.10104,cross,374.52,388.99,360.0,381.1
2015-11-09T00:00:00+00:00,0.5,402.14,below,374.52,388.99,360.0,381.1
2015-11-09T00:00:00+00:00,0.618,426.17896,below,374.52,388.99,360.0,381.1
2015-11-09T00:00:00+00:00,0.786,460.40392,below,374.52,388.99,360.0,381.1
2015-11-09T00:00:00+00:00,1.0,504.0,below,374.52,388.99,360.0,381.1
2015-11-10T00:00:00+00:00,0.236,348.35792,cross,381.1,383.4,327.02,340.18
2015-11-10T00:00:00+00:00,0.382,378.10104,cross,381.1,383.4,327.02,340.18
2015-11-10T00:00:00+00:00,0.5,402.14,below,381.1,383.4,327.02,340.18
2015-11-10T00:00:00+00:00,0.618,426.17896,below,381.1,383.4,327.02,340.18
2015-11-10T00:00:00+00:00,0.786,460.40392,below,381.1,383.4,327.02,340.18
2015-11-10T00:00:00+00:00,1.0,504.0,below,381.1,383.4,327.02,340.18
2015-11-11T00:00:00+00:00,0.236,348.35792,below,340.18,343.79,300.28,314.45
2015-11-11T00:00:00+00:00,0.382,378.10104,below,340.18,343.79,300.28,314.45
2015-11-11T00:00:00+00:00,0.5,402.14,below,340.18,343.79,300.28,314.45
2015-11-11T00:00:00+00:00,0.618,426.17896,below,340.18,343.79,300.28,314.45
2015-11-11T00:00:00+00:00,0.786,460.40392,below,340.18,343.79,300.28,314.45
2015-11-11T00:00:00+00:00,1.0,504.0,below,340.18,343.79,300.28,314.45
2015-11-12T00:00:00+00:00,0.236,348.35792,below,314.45,346.44,314.14,336.84
2015-11-12T00:00:00+00:00,0.382,378.10104,below,314.45,346.44,314.14,336.84
2015-11-12T00:00:00+00:00,0.5,402.14,below,314.45,346.44,314.14,336.84
2015-11-12T00:00:00+00:00,0.618,426.17896,below,314.45,346.44,314.14,336.84
2015-11-12T00:00:00+00:00,0.786,460.40392,below,314.45,346.44,314.14,336.84
2015-11-12T00:00:00+00:00,1.0,504.0,below,314.45,346.44,314.14,336.84
2015-11-13T00:00:00+00:00,0.236,348.35792,below,336.86,343.75,326.22,338.53
2015-11-13T00:00:00+00:00,0.382,378.10104,below,336.86,343.75,326.22,338.53
2015-11-13T00:00:00+00:00,0.5,402.14,below,336.86,343.75,326.22,338.53
2015-11-13T00:00:00+00:00,0.618,426.17896,below,336.86,343.75,326.22,338.53
2015-11-13T00:00:00+00:00,0.786,460.40392,below,336.86,343.75,326.22,338.53
2015-11-13T00:00:00+00:00,1.0,504.0,below,336.86,343.75,326.22,338.53
2015-11-14T00:00:00+00:00,0.236,348.35792,below,338.54,340.72,328.5,333.37
2015-11-14T00:00:00+00:00,0.382,378.10104,below,338.54,340.72,328.5,333.37
2015-11-14T00:00:00+00:00,0.5,402.14,below,338.54,340.72,328.5,333.37
2015-11-14T00:00:00+00:00,0.618,426.17896,below,338.54,340.72,328.5,333.37
2015-11-14T00:00:00+00:00,0.786,460.40392,below,338.54,340.72,328.5,333.37
2015-11-14T00:00:00+00:00,1.0,504.0,below,338.54,340.72,328.5,333.37
2015-11-15T00:00:00+00:00,0.236,348.35792,below,333.39,336.6,315.0,320.52
2015-11-15T00:00:00+00:00,0.382,378.10104,below,333.39,336.6,315.0,320.52
2015-11-15T00:00:00+00:00,0.5,402.14,below,333.39,336.6,315.0,320.52
2015-11-15T00:00:00+00:00,0.618,426.17896,below,333.39,336.6,315.0,320.52
2015-11-15T00:00:00+00:00,0.786,460.40392,below,333.39,336.6,315.0,320.52
2015-11-15T00:00:00+00:00,1.0,504.0,below,333.39,336.6,315.0,320.52
2015-11-16T00:00:00+00:00,0.236,348.35792,below,320.8,335.0,315.2,332.1
2015-11-16T00:00:00+00:00,0.382,378.10104,below,320.8,335.0,315.2,332.1
2015-11-16T00:00:00+00:00,0.5,402.14,below,320.8,335.0,315.2,332.1
2015-11-16T00:00:00+00:00,0.618,426.17896,below,320.8,335.0,315.2,332.1
2015-11-16T00:00:00+00:00,0.786,460.40392,below,320.8,335.0,315.2,332.1
2015-11-16T00:00:00+00:00,1.0,504.0,below,320.8,335.0,315.2,332.1
2015-11-17T00:00:00+00:00,0.236,348.35792,below,332.16,342.5,331.05,336.29
2015-11-17T00:00:00+00:00,0.382,378.10104,below,332.16,342.5,331.05,336.29
2015-11-17T00:00:00+00:00,0.5,402.14,below,332.16,342.5,331.05,336.29
2015-11-17T00:00:00+00:00,0.618,426.17896,below,332.16,342.5,331.05,336.29
2015-11-17T00:00:00+00:00,0.786,460.40392,below,332.16,342.5,331.05,336.29
2015-11-17T00:00:00+00:00,1.0,504.0,below,332.16,342.5,331.05,336.29
2015-11-18T00:00:00+00:00,0.236,348.35792,below,336.29,338.99,327.91,335.94
2015-11-18T00:00:00+00:00,0.382,378.10104,below,336.29,338.99,327.91,335.94
2015-11-18T00:00:00+00:00,0.5,402.14,below,336.29,338.99,327.91,335.94
2015-11-18T00:00:00+00:00,0.618,426.17896,below,336.29,338.99,327.91,335.94
2015-11-18T00:00:00+00:00,0.786,460.40392,below,336.29,338.99,327.91,335.94
2015-11-18T00:00:00+00:00,1.0,504.0,below,336.29,338.99,327.91,335.94
2015-11-19T00:00:00+00:00,0.236,348.35792,below,335.83,336.57,324.02,326.5
2015-11-19T00:00:00+00:00,0.382,378.10104,below,335.83,336.57,324.02,326.5
2015-11-19T00:00:00+00:00,0.5,402.14,below,335.83,336.57,324.02,326.5
2015-11-19T00:00:00+00:00,0.618,426.17896,below,335.83,336.57,324.02,326.5
2015-11-19T00:00:00+00:00,0.786,460.40392,below,335.83,336.57,324.02,326.5
2015-11-19T00:00:00+00:00,1.0,504.0,below,335.83,336.57,324.02,326.5
2015-11-20T00:00:00+00:00,0.236,348.35792,below,326.49,326.77,309.46,322.2
2015-11-20T00:00:00+00:00,0.382,378.10104,below,326.49,326.77,309.46,322.2
2015-11-20T00:00:00+00:00,0.5,402.14,below,326.49,326.77,309.46,322.2
2015-11-20T00:00:00+00:00,0.618,426.17896,below,326.49,326.77,309.46,322.2
2015-11-20T00:00:00+00:00,0.786,460.40392,below,326.49,326.77,309.46,322.2
2015-11-20T00:00:00+00:00,1.0,504.0,below,326.49,326.77,309.46,322.2
2015-11-21T00:00:00+00:00,0.236,348.35792,below,322.29,329.35,318.95,327.84
2015-11-21T00:00:00+00:00,0.382,378.10104,below,322.29,329.35,318.95,327.84
2015-11-21T00:00:00+00:00,0.5,402.14,below,322.29,329.35,318.95,327.84
2015-11-21T00:00:00+00:00,0.618,426.17896,below,322.29,329.35,318.95,327.84
2015-11-21T00:00:00+00:00,0.786,460.40392,below,322.29,329.35,318.95,327.84
2015-11-21T00:00:00+00:00,1.0,504.0,below,322.29,329.35,318.95,327.84
2015-11-22T00:00:00+00:00,0.236,348.35792,below,327.84,327.85,320.36,324.66
2015-11-22T00:00:00+00:00,0.382,378.10104,below,327.84,327.85,320.36,324.66
2015-11-22T00:00:00+00:00,0.5,402.14,below,327.84,327.85,320.36,324.66
2015-11-22T00:00:00+00:00,0.618,426.17896,below,327.84,327.85,320.36,324.66
2015-11-22T00:00:00+00:00,0.786,460.40392,below,327.84,327.85,320.36,324.66
2015-11-22T00:00:00+00:00,1.0,504.0,below,327.84,327.85,320.36,324.66
2015-11-23T00:00:00+00:00,0.236,348.35792,below,324.66,327.5,320.9,323.63
2015-11-23T00:00:00+00:00,0.382,378.10104,below,324.66,327.5,320.9,323.63
2015-11-23T00:00:00+00:00,0.5,402.14,below,324.66,327.5,320.9,323.63
2015-11-23T00:00:00+00:00,0.618,426.17896,below,324.66,327.5,320.9,323.63
2015-11-23T00:00:00+00:00,0.786,460.40392,below,324.66,327.5,320.9,323.63
2015-11-23T00:00:00+00:00,1.0,504.0,below,324.66,327.5,320.9,323.63
2015-11-24T00:00:00+00:00,0.236,348.35792,below,323.65,323.77,315.55,320.1
2015-11-24T00:00:00+00:00,0.382,378.10104,below,323.65,323.77,315.55,320.1
2015-11-24T00:00:00+00:00,0.5,402.14,below,323.65,323.77,315.55,320.1
2015-11-24T00:00:00+00:00,0.618,426.17896,below,323.65,323.77,315.55,320.1
2015-11-24T00:00:00+00:00,0.786,460.40392,below,323.65,323.77,315.55,320.1
2015-11-24T00:00:00+00:00,1.0,504.0,below,323.65,323.77,315.55,320.1
2015-11-25T00:00:00+00:00,0.236,348.35792,below,320.49,332.43,316.02,329.85
2015-11-25T00:00:00+00:00,0.382,378.10104,below,320.49,332.43,316.02,329.85
2015-11-25T00:00:00+00:00,0.5,402.14,below,320.49,332.43,316.02,329.85
2015-11-25T00:00:00+00:00,0.618,426.17896,below,320.49,332.43,316.02,329.85
2015-11-25T00:00:00+00:00,0.786,460.40392,below,320.49,332.43,316.02,329.85
2015-11-25T00:00:00+00:00,1.0,504.0,below,320.49,332.43,316.02,329.85
2015-11-26T00:00:00+00:00,0.236,348.35792,cross,329.85,369.9,329.35,354.0
2015-11-26T00:00:00+00:00,0.382,378.10104,below,329.85,369.9,329.35,354.0
2015-11-26T00:00:00+00:00,0.5,402.14,below,329.85,369.9,329.35,354.0
2015-11-26T00:00:00+00:00,0.618,426.17896,below,329.85,369.9,329.35,354.0
2015-11-26T00:00:00+00:00,0.786,460.40392,below,329.85,369.9,329.35,354.0
2015-11-26T00:00:00+00:00,1.0,504.0,below,329.85,369.9,329.35,354.0
2015-11-27T00:00:00+00:00,0.236,348.35792,touch,354.0,367.0,348.18,358.9
2015-11-27T00:00:00+00:00,0.382,378.10104,below,354.0,367.0,348.18,358.9
2015-11-27T00:00:00+00:00,0.5,402.14,below,354.0,367.0,348.18,358.9
2015-11-27T00:00:00+00:00,0.618,426.17896,below,354.0,367.0,348.18,358.9
2015-11-27T00:00:00+00:00,0.786,460.40392,below,354.0,367.0,348.18,358.9
2015-11-27T00:00:00+00:00,1.0,504.0,below,354.0,367.0,348.18,358.9
2015-11-28T00:00:00+00:00,0.236,348.35792,above,359.0,362.44,351.0,358.6
2015-11-28T00:00:00+00:00,0.382,378.10104,below,359.0,362.44,351.0,358.6
2015-11-28T00:00:00+00:00,0.5,402.14,below,359.0,362.44,351.0,358.6
2015-11-28T00:00:00+00:00,0.618,426.17896,below,359.0,362.44,351.0,358.6
2015-11-28T00:00:00+00:00,0.786,460.40392,below,359.0,362.44,351.0,358.6
2015-11-28T00:00:00+00:00,1.0,504.0,below,359.0,362.44,351.0,358.6
2015-11-29T00:00:00+00:00,0.236,348.35792,above,358.54,376.0,355.17,373.89
2015-11-29T00:00:00+00:00,0.382,378.10104,below,358.54,376.0,355.17,373.89
2015-11-29T00:00:00+00:00,0.5,402.14,below,358.54,376.0,355.17,373.89
2015-11-29T00:00:00+00:00,0.618,426.17896,below,358.54,376.0,355.17,373.89
2015-11-29T00:00:00+00:00,0.786,460.40392,below,358.54,376.0,355.17,373.89
2015-11-29T00:00:00+00:00,1.0,504.0,below,358.54,376.0,355.17,373.89
2015-11-30T00:00:00+00:00,0.236,348.35792,above,373.84,384.99,368.11,376.88
2015-11-30T00:00:00+00:00,0.382,378.10104,touch,373.84,384.99,368.11,376.88
2015-11-30T00:00:00+00:00,0.5,402.14,below,373.84,384.99,368.11,376.88
2015-11-30T00:00:00+00:00,0.618,426.17896,below,373.84,384.99,368.11,376.88
2015-11-30T00:00:00+00:00,0.786,460.40392,below,373.84,384.99,368.11,376.88
2015-11-30T00:00:00+00:00,1.0,504.0,below,373.84,384.99,368.11,376.88
2015-12-01T00:00:00+00:00,0.236,348.35792,above,376.89,379.99,353.1,362.59
2015-12-01T00:00:00+00:00,0.382,378.10104,touch,376.89,379.99,353.1,362.59
2015-12-01T00:00:00+00:00,0.5,402.14,below,376.89,379.99,353.1,362.59
2015-12-01T00:00:00+00:00,0.618,426.17896,below,376.89,379.99,353.1,362.59
2015-12-01T00:00:00+00:00,0.786,460.40392,below,376.89,379.99,353.1,362.59
2015-12-01T00:00:00+00:00,1.0,504.0,below,376.89,379.99,353.1,362.59
2015-12-02T00:00:00+00:00,0.236,348.35792,touch,362.59,363.22,346.13,359.12
2015-12-02T00:00:00+00:00,0.382,378.10104,below,362.59,363.22,346.13,359.12
2015-12-02T00:00:00+00:00,0.5,402.14,below,362.59,363.22,346.13,359.12
2015-12-02T00:00:00+00:00,0.618,426.17896,below,362.59,363.22,346.13,359.12
2015-12-02T00:00:00+00:00,0.786,460.40392,below,362.59,363.22,346.13,359.12
2015-12-02T00:00:00+00:00,1.0,504.0,below,362.59,363.22,346.13,359.12
2015-12-03T00:00:00+00:00,0.236,348.35792,above,359.12,371.5,352.25,360.53
2015-12-03T00:00:00+00:00,0.382,378.10104,below,359.12,371.5,352.25,360.53
2015-12-03T00:00:00+00:00,0.5,402.14,below,359.12,371.5,352.25,360.53
2015-12-03T00:00:00+00:00,0.618,426.17896,below,359.12,371.5,352.25,360.53
2015-12-03T00:00:00+00:00,0.786,460.40392,below,359.12,371.5,352.25,360.53
2015-12-03T00:00:00+00:00,1.0,504.0,below,359.12,371.5,352.25,360.53
2015-12-04T00:00:00+00:00,0.236,348.35792,above,360.62,364.4,354.31,363.17
2015-12-04T00:00:00+00:00,0.382,378.10104,below,360.62,364.4,354.31,363.17
2015-12-04T00:00:00+00:00,0.5,402.14,below,360.62,364.4,354.31,363.17
2015-12-04T00:00:00+00:00,0.618,426.17896,below,360.62,364.4,354.31,363.17
2015-12-04T00:00:00+00:00,0.786,460.40392,below,360.62,364.4,354.31,363.17
2015-12-04T00:00:00+00:00,1.0,504.0,below,360.62,364.4,354.31,363.17
2015-12-05T00:00:00+00:00,0.236,348.35792,above,363.04,395.0,362.08,389.79
2015-12-05T00:00:00+00:00,0.382,378.10104,cross,363.04,395.0,362.08,389.79
2015-12-05T00:00:00+00:00,0.5,402.14,below,363.04,395.0,362.08,389.79
2015-12-05T00:00:00+00:00,0.618,426.17896,below,363.04,395.0,362.08,389.79
2015-12-05T00:00:00+00:00,0.786,460.40392,below,363.04,395.0,362.08,389.79
2015-12-05T00:00:00+00:00,1.0,504.0,below,363.04,395.0,362.08,389.79
2015-12-06T00:00:00+00:00,0.236,348.35792,above,390.01,407.57,386.01,390.6
2015-12-06T00:00:00+00:00,0.382,378.10104,above,390.01,407.57,386.01,390.6
2015-12-06T00:00:00+00:00,0.5,402.14,touch,390.01,407.57,386.01,390.6
2015-12-06T00:00:00+00:00,0.618,426.17896,below,390.01,407.57,386.01,390.6
2015-12-06T00:00:00+00:00,0.786,460.40392,below,390.01,407.57,386.01,390.6
2015-12-06T00:00:00+00:00,1.0,504.0,below,390.01,407.57,386.01,390.6
2015-12-07T00:00:00+00:00,0.236,348.35792,above,390.88,404.24,384.53,396.7
2015-12-07T00:00:00+00:00,0.382,378.10104,above,390.88,404.24,384.53,396.7
2015-12-07T00:00:00+00:00,0.5,402.14,touch,390.88,404.24,384.53,396.7
2015-12-07T00:00:00+00:00,0.618,426.17896,below,390.88,404.24,384.53,396.7
2015-12-07T00:00:00+00:00,0.786,460.40392,below,390.88,404.24,384.53,396.7
2015-12-07T00:00:00+00:00,1.0,504.0,below,390.88,404.24,384.53,396.7
2015-12-08T00:00:00+00:00,0.236,348.35792,above,397.0,422.39,388.37,422.0
2015-12-08T00:00:00+00:00,0.382,378.10104,above,397.0,422.39,388.37,422.0
2015-12-08T00:00:00+00:00,0.5,402.14,cross,397.0,422.39,388.37,422.0
2015-12-08T00:00:00+00:00,0.618,426.17896,below,397.0,422.39,388.37,422.0
2015-12-08T00:00:00+00:00,0.786,460.40392,below,397.0,422.39,388.37,422.0
2015-12-08T00:00:00+00:00,1.0,504.0,below,397.0,422.39,388.37,422.0
2015-12-09T00:00:00+00:00,0.236,348.35792,above,422.0,426.59,405.0,418.73
2015-12-09T00:00:00+00:00,0.382,378.10104,above,422.0,426.59,405.0,418.73
2015-12-09T00:00:00+00:00,0.5,402.14,above,422.0,426.59,405.0,418.73
2015-12-09T00:00:00+00:00,0.618,426.17896,touch,422.0,426.59,405.0,418.73
2015-12-09T00:00:00+00:00,0.786,460.40392,below,422.0,426.59,405.0,418.73
2015-12-09T00:00:00+00:00,1.0,504.0,below,422.0,426.59,405.0,418.73
2015-12-10T00:00:00+00:00,0.236,348.35792,above,418.86,421.82,411.09,414.94
2015-12-10T00:00:00+00:00,0.382,378.10104,above,418.86,421.82,411.09,414.94
2015-12-10T00:00:00+00:00,0.5,402.14,above,418.86,421.82,411.09,414.94
2015-12-10T00:00:00+00:00,0.618,426.17896,below,418.86,421.82,411.09,414.94
2015-12-10T00:00:00+00:00,0.786,460.40392,below,418.86,421.82,411.09,414.94
2015-12-10T00:00:00+00:00,1.0,504.0,below,418.86,421.82,411.09,414.94
2015-12-11T00:00:00+00:00,0.236,348.35792,above,414.88,458.99,414.8,457.0
2015-12-11T00:00:00+00:00,0.382,378.10104,above,414.88,458.99,414.8,457.0
2015-12-11T00:00:00+00:00,0.5,402.14,above,414.88,458.99,414.8,457.0
2015-12-11T00:00:00+00:00,0.618,426.17896,cross,414.88,458.99,414.8,457.0
2015-12-11T00:00:00+00:00,0.786,460.40392,below,414.88,458.99,414.8,457.0
2015-12-11T00:00:00+00:00,1.0,504.0,below,414.88,458.99,414.8,457.0
2015-12-12T00:00:00+00:00,0.236,348.35792,above,456.32,475.04,402.5,435.61
2015-12-12T00:00:00+00:00,0.382,378.10104,above,456.32,475.04,402.5,435.61
2015-12-12T00:00:00+00:00,0.5,402.14,above,456.32,475.04,402.5,435.61
2015-12-12T00:00:00+00:00,0.618,426.17896,touch,456.32,475.04,402.5,435.61
2015-12-12T00:00:00+00:00,0.786,460.40392,touch,456.32,475.04,402.5,435.61
2015-12-12T00:00:00+00:00,1.0,504.0,below,456.32,475.04,402.5,435.61
2015-12-13T00:00:00+00:00,0.236,348.35792,above,435.61,443.92,415.24,433.36
2015-12-13T00:00:00+00:00,0.382,378.10104,above,435.61,443.92,415.24,433.36
2015-12-13T00:00:00+00:00,0.5,402.14,above,435.61,443.92,415.24,433.36
2015-12-13T00:00:00+00:00,0.618,426.17896,touch,435.61,443.92,415.24,433.36
2015-12-13T00:00:00+00:00,0.786,460.40392,below,435.61,443.92,415.24,433.36
2015-12-13T00:00:00+00:00,1.0,504.0,below,435.61,443.92,415.24,433.36
2015-12-14T00:00:00+00:00,0.236,348.35792,above,432.91,450.0,427.3,442.59
2015-12-14T00:00:00+00:00,0.382,378.10104,above,432.91,450.0,427.3,442.59
2015-12-14T00:00:00+00:00,0.5,402.14,above,432.91,450.0,427.3,442.59
2015-12-14T00:00:00+00:00,0.618,426.17896,above,432.91,450.0,427.3,442.59
2015-12-14T00:00:00+00:00,0.786,460.40392,below,432.91,450.0,427.3,442.59
2015-12-14T00:00:00+00:00,1.0,504.0,below,432.91,450.0,427.3,442.59
2015-12-15T00:00:00+00:00,0.236,348.35792,above,442.55,467.29,442.51,466.01
2015-12-15T00:00:00+00:00,0.382,378.10104,above,442.55,467.29,442.51,466.01
2015-12-15T00:00:00+00:00,0.5,402.14,above,442.55,467.29,442.51,466.01
2015-12-15T00:00:00+00:00,0.618,426.17896,above,442.55,467.29,442.51,466.01
2015-12-15T00:00:00+00:00,0.786,460.40392,cross,442.55,467.29,442.51,466.01
2015-12-15T00:00:00+00:00,1.0,504.0,below,442.55,467.29,442.51,466.01
2015-12-16T00:00:00+00:00,0.236,348.35792,above,466.43,469.99,440.0,454.94
2015-12-16T00:00:00+00:00,0.382,378.10104,above,466.43,469.99,440.0,454.94
2015-12-16T00:00:00+00:00,0.5,402.14,above,466.43,469.99,440.0,454.94
2015-12-16T00:00:00+00:00,0.618,426.17896,above,466.43,469.99,440.0,454.94
2015-12-16T00:00:00+00:00,0.786,460.40392,cross,466.43,469.99,440.0,454.94
2015-12-16T00:00:00+00:00,1.0,504.0,below,466.43,469.99,440.0,454.94
2015-12-17T00:00:00+00:00,0.236,348.35792,above,454.94,458.56,446.21,455.57
2015-12-17T00:00:00+00:00,0.382,378.10104,above,454.94,458.56,446.21,455.57
2015-12-17T00:00:00+00:00,0.5,402.14,above,454.94,458.56,446.21,455.57
2015-12-17T00:00:00+00:00,0.618,426.17896,above,454.94,458.56,446.21,455.57
2015-12-17T00:00:00+00:00,0.786,460.40392,below,454.94,458.56,446.21,455.57
2015-12-17T00:00:00+00:00,1.0,504.0,below,454.94,458.56,446.21,455.57
2015-12-18T00:00:00+00:00,0.236,348.35792,above,455.71,466.6,450.1,463.52
2015-12-18T00:00:00+00:00,0.382,378.10104,above,455.71,466.6,450.1,463.52
2015-12-18T00:00:00+00:00,0.5,402.14,above,455.71,466.6,450.1,463.52
2015-12-18T00:00:00+00:00,0.618,426.17896,above,455.71,466.6,450.1,463.52
2015-12-18T00:00:00+00:00,0.786,460.40392,cross,455.71,466.6,450.1,463.52
2015-12-18T00:00:00+00:00,1.0,504.0,below,455.71,466.6,450.1,463.52
2015-12-19T00:00:00+00:00,0.236,348.35792,above,463.51,467.0,452.0,462.44
2015-12-19T00:00:00+00:00,0.382,378.10104,above,463.51,467.0,452.0,462.44
2015-12-19T00:00:00+00:00,0.5,402.14,above,463.51,467.0,452.0,462.44
2015-12-19T00:00:00+00:00,0.618,426.17896,above,463.51,467.0,452.0,462.44
2015-12-19T00:00:00+00:00,0.786,460.40392,touch,463.51,467.0,452.0,462.44
2015-12-19T00:00:00+00:00,1.0,504.0,below,463.51,467.0,452.0,462.44
2015-12-20T00:00:00+00:00,0.236,348.35792,above,462.45,462.78,431.5,442.62
2015-12-20T00:00:00+00:00,0.382,378.10104,above,462.45,462.78,431.5,442.62
2015-12-20T00:00:00+00:00,0.5,402.14,above,462.45,462.78,431.5,442.62
2015-12-20T00:00:00+00:00,0.618,426.17896,above,462.45,462.78,431.5,442.62
2015-12-20T00:00:00+00:00,0.786,460.40392,cross,462.45,462.78,431.5,442.62
2015-12-20T00:00:00+00:00,1.0,504.0,below,462.45,462.78,431.5,442.62
2015-12-21T00:00:00+00:00,0.236,348.35792,above,442.62,447.45,424.37,437.52
2015-12-21T00:00:00+00:00,0.382,378.10104,above,442.62,447.45,424.37,437.52
2015-12-21T00:00:00+00:00,0.5,402.14,above,442.62,447.45,424.37,437.52
2015-12-21T00:00:00+00:00,0.618,426.17896,touch,442.62,447.45,424.37,437.52
2015-12-21T00:00:00+00:00,0.786,460.40392,below,442.62,447.45,424.37,437.52
2015-12-21T00:00:00+00:00,1.0,504.0,below,442.62,447.45,424.37,437.52
2015-12-22T00:00:00+00:00,0.236,348.35792,above,437.81,443.64,433.0,435.65
2015-12-22T00:00:00+00:00,0.382,378.10104,above,437.81,443.64,433.0,435.65
2015-12-22T00:00:00+00:00,0.5,402.14,above,437.81,443.64,433.0,435.65
2015-12-22T00:00:00+00:00,0.618,426.17896,above,437.81,443.64,433.0,435.65
2015-12-22T00:00:00+00:00,0.786,460.40392,below,437.81,443.64,433.0,435.65
2015-12-22T00:00:00+00:00,1.0,504.0,below,437.81,443.64,433.0,435.65
2015-12-23T00:00:00+00:00,0.236,348.35792,above,435.05,445.76,433.62,442.62
2015-12-23T00:00:00+00:00,0.382,378.10104,above,435.05,445.76,433.62,442.62
2015-12-23T00:00:00+00:00,0.5,402.14,above,435.05,445.76,433.62,442.62
2015-12-23T00:00:00+00:00,0.618,426.17896,above,435.05,445.76,433.62,442.62
2015-12-23T00:00:00+00:00,0.786,460.40392,below,435.05,445.76,433.62,442.62
2015-12-23T00:00:00+00:00,1.0,504.0,below,435.05,445.76,433.62,442.62
2015-12-24T00:00:00+00:00,0.236,348.35792,above,442.62,459.1,442.45,456.13
2015-12-24T00:00:00+00:00,0.382,378.10104,above,442.62,459.1,442.45,456.13
2015-12-24T00:00:00+00:00,0.5,402.14,above,442.62,459.1,442.45,456.13
2015-12-24T00:00:00+00:00,0.618,426.17896,above,442.62,459.1,442.45,456.13
2015-12-24T00:00:00+00:00,0.786,460.40392,below,442.62,459.1,442.45,456.13
2015-12-24T00:00:00+00:00,1.0,504.0,below,442.62,459.1,442.45,456.13
2015-12-25T00:00:00+00:00,0.236,348.35792,above,456.02,460.0,445.0,455.47
2015-12-25T00:00:00+00:00,0.382,378.10104,above,456.02,460.0,445.0,455.47
2015-12-25T00:00:00+00:00,0.5,402.14,above,456.02,460.0,445.0,455.47
2015-12-25T00:00:00+00:00,0.618,426.17896,above,456.02,460.0,445.0,455.47
2015-12-25T00:00:00+00:00,0.786,460.40392,below,456.02,460.0,445.0,455.47
2015-12-25T00:00:00+00:00,1.0,504.0,below,456.02,460.0,445.0,455.47
