timestamp,open,high,low,close,volume
2022-10-31 00:00:00+00:00,33.025,33.4,32.45,32.822,5971.39142396
2022-10-31 04:00:00+00:00,32.853,33.508,32.853,33.417,9747.35578241
2022-10-31 08:00:00+00:00,33.46,34.419,33.155,34.068,11001.52441904
2022-10-31 12:00:00+00:00,34.05,34.151,32.672,33.039,10577.27041511
2022-10-31 16:00:00+00:00,33.027,33.237,32.551,32.579,3940.549984
2022-10-31 20:00:00+00:00,32.552,32.767,32.218,32.582,2822.9234304
2022-11-01 00:00:00+00:00,32.582,33.02,32.53,32.633,1735.42505138
2022-11-01 04:00:00+00:00,32.624,33.251,32.58,33.031,3638.90770763
2022-11-01 08:00:00+00:00,33.034,33.409,32.829,32.928,3661.05499578
2022-11-01 12:00:00+00:00,32.924,33.135,32.34,32.505,4357.54452241
2022-11-01 16:00:00+00:00,32.496,32.565,32.15,32.22,2757.80101779
2022-11-01 20:00:00+00:00,32.223,32.438,32.191,32.25,1603.33234472
2022-11-02 00:00:00+00:00,32.249,32.396,31.921,32.284,2779.12789569
2022-11-02 04:00:00+00:00,32.245,32.445,31.538,31.736,8741.83763649
2022-11-02 08:00:00+00:00,31.693,31.957,31.123,31.311,4719.10990331
2022-11-02 12:00:00+00:00,31.325,31.58,31.14,31.353,5342.016601
2022-11-02 16:00:00+00:00,31.37,32.953,30.857,30.952,44077.62683735
2022-11-02 20:00:00+00:00,30.9,31.037,30.258,30.809,15913.02718017
2022-11-03 00:00:00+00:00,30.83,31.82,30.66,31.686,18013.46787067
2022-11-03 04:00:00+00:00,31.662,32.248,31.661,31.672,9385.19050837
2022-11-03 08:00:00+00:00,31.675,32.064,31.182,31.261,5494.58780384
2022-11-03 12:00:00+00:00,31.253,31.587,30.974,31.198,5945.679162
2022-11-03 16:00:00+00:00,31.197,31.476,31.181,31.283,3257.2935639400002
2022-11-03 20:00:00+00:00,31.342,31.479,30.632,30.894,2570.99249679
2022-11-04 00:00:00+00:00,30.889,31.968,30.708,31.891,7146.64930815
2022-11-04 04:00:00+00:00,31.961,32.602,31.723,32.374,4300.36387461
2022-11-04 08:00:00+00:00,32.411,32.776,32.188,32.325,8241.41665492
2022-11-04 12:00:00+00:00,32.344,34.0,31.926,33.178,13138.17424221
2022-11-04 16:00:00+00:00,33.171,33.573,32.74,33.552,9618.66319038
2022-11-04 20:00:00+00:00,33.559,34.241,33.423,33.797,7786.07114901
2022-11-05 00:00:00+00:00,33.781,35.052,33.693,34.722,27260.76191711
2022-11-05 04:00:00+00:00,34.702,35.597,34.56,35.255,11012.53898233
2022-11-05 08:00:00+00:00,35.247,35.581,34.865,35.449,6497.54295719
2022-11-05 12:00:00+00:00,35.388,38.164,34.434,37.282,66748.60016914
2022-11-05 16:00:00+00:00,37.247,38.822,35.773,37.133,39727.7224664
2022-11-05 20:00:00+00:00,37.106,37.367,36.5,36.803,16878.73736027
2022-11-06 00:00:00+00:00,36.911,37.109,35.674,36.062,47520.38428222
2022-11-06 04:00:00+00:00,36.055,36.305,35.574,36.209,13795.96503311
2022-11-06 08:00:00+00:00,36.218,36.436,35.574,35.776,7786.38200006
2022-11-06 12:00:00+00:00,35.78,36.033,35.071,35.095,14520.72223893
2022-11-06 16:00:00+00:00,35.106,35.43,33.754,34.216,26821.88002189
2022-11-06 20:00:00+00:00,34.216,34.216,32.322,32.676,30836.87858842
2022-11-07 00:00:00+00:00,32.654,33.162,32.162,32.463,11730.52974484
2022-11-07 04:00:00+00:00,32.492,32.574,30.705,30.821,23991.06749094
2022-11-07 08:00:00+00:00,30.801,31.947,30.711,31.632,17692.92631241
2022-11-07 12:00:00+00:00,31.626,32.931,30.891,32.829,36497.88080403
2022-11-07 16:00:00+00:00,32.832,32.921,31.912,32.43,24581.587716000002
2022-11-07 20:00:00+00:00,32.435,32.481,28.1,29.647,53433.49617343
2022-11-08 00:00:00+00:00,29.656,29.724,25.7,26.501,36700.88638795
2022-11-08 04:00:00+00:00,26.431,28.617,24.779,27.978,141175.72665544
2022-11-08 08:00:00+00:00,27.944,29.072,27.81,28.013,20240.9464705
2022-11-08 12:00:00+00:00,28.036,28.536,26.656,27.721,24528.49545577
2022-11-08 16:00:00+00:00,27.72,31.752,19.405,23.555,250696.09714266
2022-11-08 20:00:00+00:00,23.562,24.733,22.73,24.159,32234.39281871
2022-11-09 00:00:00+00:00,24.248,24.249,21.306,22.003,45030.59596512
2022-11-09 04:00:00+00:00,22.146,22.156,19.224,19.246,58627.97939266
2022-11-09 08:00:00+00:00,19.246,19.98,15.964,19.963,177622.25042779002
2022-11-09 12:00:00+00:00,19.963,20.398,15.844,16.0,105898.34093112
2022-11-09 16:00:00+00:00,16.06,18.012,12.709,14.123,101443.04960726
2022-11-09 20:00:00+00:00,13.896,14.74,11.57,13.983,69161.96815365
2022-11-10 00:00:00+00:00,13.979,16.5,13.297,15.311,38738.70186766
2022-11-10 04:00:00+00:00,15.198,16.0,14.66,15.335,25310.36288713
2022-11-10 08:00:00+00:00,15.326,15.326,13.028,14.094,67749.56274559
2022-11-10 12:00:00+00:00,14.144,18.516,14.033,17.728,97956.38212069
2022-11-10 16:00:00+00:00,17.483,18.788,12.406,17.284,44828.44641463
2022-11-10 20:00:00+00:00,17.251,18.38,16.734,17.63,93749.40451618
2022-11-11 00:00:00+00:00,17.567,18.227,15.807,16.401,9173.13315476
2022-11-11 04:00:00+00:00,16.387,17.609,16.156,17.188,14925.27493987
2022-11-11 08:00:00+00:00,17.257,18.292,17.056,18.18,34126.11597404
2022-11-11 12:00:00+00:00,18.123,18.275,15.037,16.399,56118.29859205
2022-11-11 16:00:00+00:00,16.376,16.663,15.866,16.19,8650.20028161
2022-11-11 20:00:00+00:00,16.155,16.504,15.404,16.499,20914.93201845
2022-11-12 00:00:00+00:00,16.504,16.579,15.717,15.848,12365.21737847
2022-11-12 04:00:00+00:00,15.801,15.962,14.729,15.495,19251.5116326
2022-11-12 08:00:00+00:00,15.421,15.793,14.994,15.34,31122.63356168
2022-11-12 12:00:00+00:00,15.38,15.516,14.795,14.861,16680.52549972
2022-11-12 16:00:00+00:00,14.861,15.269,14.79,15.173,12520.32162128
2022-11-12 20:00:00+00:00,15.177,15.177,14.471,14.571,9481.42091415
2022-11-13 00:00:00+00:00,14.565,14.758,14.1,14.572,27576.95112757
2022-11-13 04:00:00+00:00,14.564,14.699,13.579,13.954,27235.66043349
2022-11-13 08:00:00+00:00,13.908,14.014,13.363,13.826,20914.18921534
2022-11-13 12:00:00+00:00,13.816,14.459,13.629,14.108,17595.19546982
2022-11-13 16:00:00+00:00,14.061,14.229,13.712,14.062,30472.04579619
2022-11-13 20:00:00+00:00,14.015,14.111,13.146,13.185,27792.90382511
2022-11-14 00:00:00+00:00,13.219,13.398,12.117,13.041,56950.9576246
2022-11-14 04:00:00+00:00,13.041,15.085,12.495,14.66,53485.12503306
2022-11-14 08:00:00+00:00,14.651,15.085,14.269,14.312,49134.26145533
2022-11-14 12:00:00+00:00,14.272,15.085,13.595,13.802,34245.6824708
2022-11-14 16:00:00+00:00,13.779,14.322,13.36,13.812,19686.96732562
2022-11-14 20:00:00+00:00,13.801,14.29,13.609,14.03,27508.39252774
2022-11-15 00:00:00+00:00,13.999,14.444,13.872,14.225,19206.30512611
2022-11-15 04:00:00+00:00,14.225,14.879,13.924,14.511,17862.67424479
2022-11-15 08:00:00+00:00,14.495,15.009,14.495,14.56,31285.6998848
2022-11-15 12:00:00+00:00,14.596,15.1,14.108,14.351,65446.5054398
2022-11-15 16:00:00+00:00,14.351,14.621,14.023,14.346,28501.51423885
2022-11-15 20:00:00+00:00,14.346,14.431,14.151,14.303,19063.49527502
2022-11-16 00:00:00+00:00,14.293,14.588,14.075,14.521,23586.40601271
2022-11-16 04:00:00+00:00,14.497,14.534,14.251,14.334,6447.64574969
2022-11-16 08:00:00+00:00,14.334,14.605,14.071,14.157,27813.39813191
2022-11-16 12:00:00+00:00,14.163,14.163,13.64,13.762,40226.49871001
2022-11-16 16:00:00+00:00,13.755,14.21,13.626,14.143,29255.42480505
2022-11-16 20:00:00+00:00,14.12,14.419,14.107,14.258,14508.4078495
2022-11-17 00:00:00+00:00,14.259,14.492,14.194,14.25,16853.98803346
2022-11-17 04:00:00+00:00,14.239,14.42,14.045,14.272,8954.16086378
2022-11-17 08:00:00+00:00,14.255,14.326,14.067,14.208,12193.96439858
2022-11-17 12:00:00+00:00,14.208,14.208,12.87,13.489,189022.80709859
2022-11-17 16:00:00+00:00,13.49,13.754,13.314,13.446,15957.65450609
2022-11-17 20:00:00+00:00,13.407,13.785,13.399,13.626,18195.15350563
2022-11-18 00:00:00+00:00,13.649,13.871,13.532,13.691,11483.01303585
2022-11-18 04:00:00+00:00,13.676,13.715,13.547,13.62,9290.85138835
2022-11-18 08:00:00+00:00,13.61,13.708,13.466,13.535,5030.87496968
2022-11-18 12:00:00+00:00,13.55,13.617,13.228,13.344,11346.82278073
2022-11-18 16:00:00+00:00,13.338,13.38,12.991,13.15,14760.01588039
2022-11-18 20:00:00+00:00,13.15,13.287,13.112,13.262,6860.65315088
2022-11-19 00:00:00+00:00,13.266,13.266,12.612,12.87,19591.47103802
2022-11-19 04:00:00+00:00,12.872,13.015,12.703,12.842,10609.48180566
2022-11-19 08:00:00+00:00,12.838,12.991,12.794,12.822,6434.43359966
2022-11-19 12:00:00+00:00,12.857,12.891,12.586,12.73,21527.59221815
2022-11-19 16:00:00+00:00,12.739,12.885,12.655,12.799,4546.50533628
2022-11-19 20:00:00+00:00,12.788,13.005,12.753,12.824,6213.74614047
2022-11-20 00:00:00+00:00,12.834,12.929,12.694,12.929,4752.21066953
2022-11-20 04:00:00+00:00,12.93,13.632,12.93,13.076,46644.53990192
2022-11-20 08:00:00+00:00,13.087,13.088,12.539,12.544,29144.86591417
2022-11-20 12:00:00+00:00,12.545,13.216,12.458,13.006,42621.67812038
2022-11-20 16:00:00+00:00,13.006,13.021,12.678,12.752,6819.02910857
2022-11-20 20:00:00+00:00,12.774,12.797,12.117,12.262,22594.20574996
2022-11-21 00:00:00+00:00,12.263,12.294,11.547,11.743,26996.90361508
2022-11-21 04:00:00+00:00,11.738,11.998,11.644,11.723,14728.39547372
2022-11-21 08:00:00+00:00,11.708,11.901,11.54,11.817,26543.13322055
2022-11-21 12:00:00+00:00,11.816,12.157,11.749,11.906,15214.57611991
2022-11-21 16:00:00+00:00,11.908,12.075,11.274,11.439,18284.74731747
2022-11-21 20:00:00+00:00,11.429,11.991,11.419,11.852,32271.288158
2022-11-22 00:00:00+00:00,11.833,12.045,11.57,11.577,13861.94281932
2022-11-22 04:00:00+00:00,11.583,11.666,11.292,11.524,22238.78803655
2022-11-22 08:00:00+00:00,11.505,11.516,11.001,11.017,25020.28750761
2022-11-22 12:00:00+00:00,11.029,12.083,10.942,12.076,121040.16916015
2022-11-22 16:00:00+00:00,12.09,12.162,11.69,11.844,42443.89001484
2022-11-22 20:00:00+00:00,11.856,12.52,11.839,12.439,49482.37209768
2022-11-23 00:00:00+00:00,12.462,13.436,12.403,13.071,57960.19570354
2022-11-23 04:00:00+00:00,13.081,13.259,12.82,13.096,82765.78139896
2022-11-23 08:00:00+00:00,13.157,13.463,12.94,13.341,63360.90956597
2022-11-23 12:00:00+00:00,13.342,13.354,12.71,13.075,71992.99437628
2022-11-23 16:00:00+00:00,13.095,14.66,12.993,14.04,114016.6498615
2022-11-23 20:00:00+00:00,14.035,14.502,13.837,14.358,193975.75026893
2022-11-24 00:00:00+00:00,14.367,14.949,13.987,14.625,69827.24790982
2022-11-24 04:00:00+00:00,14.562,14.597,14.178,14.401,24191.35386575
2022-11-24 08:00:00+00:00,14.439,14.457,13.842,14.074,21106.23899061
2022-11-24 12:00:00+00:00,14.078,14.527,13.992,14.436,19825.094213
2022-11-24 16:00:00+00:00,14.462,14.807,14.318,14.467,45603.82718525
2022-11-24 20:00:00+00:00,14.434,14.685,14.296,14.607,20997.03078896
2022-11-25 00:00:00+00:00,14.61,14.613,13.972,14.241,19748.74804138
2022-11-25 04:00:00+00:00,14.21,14.265,13.898,14.24,3144.90341769
2022-11-25 08:00:00+00:00,14.244,14.489,13.984,14.319,9711.49098119
2022-11-25 12:00:00+00:00,14.337,14.439,14.05,14.164,7484.1133606
2022-11-25 16:00:00+00:00,14.132,14.239,13.95,14.239,5426.5478533
2022-11-25 20:00:00+00:00,14.236,14.308,14.019,14.019,4980.19591477
2022-11-26 00:00:00+00:00,14.019,14.587,13.981,14.39,16206.21391217
2022-11-26 04:00:00+00:00,14.37,14.51,14.244,14.455,3017.77352341
2022-11-26 08:00:00+00:00,14.506,14.975,14.351,14.765,20084.02530242
2022-11-26 12:00:00+00:00,14.761,14.766,14.364,14.421,8586.31327163
2022-11-26 16:00:00+00:00,14.336,14.409,14.066,14.231,6408.07381955
2022-11-26 20:00:00+00:00,14.226,14.24,13.972,14.165,8314.63474019
2022-11-27 00:00:00+00:00,14.179,14.309,14.056,14.261,3180.19471134
2022-11-27 04:00:00+00:00,14.281,14.454,14.219,14.323,10689.81591297
2022-11-27 08:00:00+00:00,14.32,14.379,14.218,14.345,3219.30285928
2022-11-27 12:00:00+00:00,14.363,14.437,14.159,14.395,9070.00064584
2022-11-27 16:00:00+00:00,14.411,14.437,14.213,14.309,6792.44822011
2022-11-27 20:00:00+00:00,14.269,14.442,14.051,14.138,8034.02845901
2022-11-28 00:00:00+00:00,14.115,14.158,12.775,13.095,65755.69937367
2022-11-28 04:00:00+00:00,13.084,13.522,13.059,13.432,41081.99114542
2022-11-28 08:00:00+00:00,13.426,13.551,13.264,13.441,19606.37101179
2022-11-28 12:00:00+00:00,13.438,13.524,13.092,13.233,39443.80391116
2022-11-28 16:00:00+00:00,13.233,13.765,13.002,13.368,37927.47574303
2022-11-28 20:00:00+00:00,13.349,13.435,13.28,13.348,2284.63407855
2022-11-29 00:00:00+00:00,13.33,13.577,13.144,13.468,10248.14752636
2022-11-29 04:00:00+00:00,13.49,13.897,13.477,13.765,15712.84257888
2022-11-29 08:00:00+00:00,13.75,13.974,13.625,13.664,16929.34657553
2022-11-29 12:00:00+00:00,13.637,13.659,13.348,13.449,9652.92289526
2022-11-29 16:00:00+00:00,13.452,13.471,13.291,13.417,5415.01342421
2022-11-29 20:00:00+00:00,13.406,13.487,13.3,13.333,8794.20357834
2022-11-30 00:00:00+00:00,13.352,13.942,13.352,13.512,22068.19239423
2022-11-30 04:00:00+00:00,13.51,13.746,13.509,13.724,12499.41801077
2022-11-30 08:00:00+00:00,13.705,13.809,13.649,13.715,21030.34696542
2022-11-30 12:00:00+00:00,13.73,13.737,13.5,13.547,14415.02718174
2022-11-30 16:00:00+00:00,13.542,13.87,13.229,13.647,19077.67286732
2022-11-30 20:00:00+00:00,13.661,14.335,13.638,14.183,20920.75115351
2022-12-01 00:00:00+00:00,14.177,14.205,13.82,13.939,14132.37708127
2022-12-01 04:00:00+00:00,13.949,13.988,13.813,13.822,1864.96261076
2022-12-01 08:00:00+00:00,13.823,13.927,13.752,13.827,5132.23658141
2022-12-01 12:00:00+00:00,13.837,13.952,13.467,13.621,8855.52984864
2022-12-01 16:00:00+00:00,13.611,13.659,13.494,13.52,25467.527451769998
2022-12-01 20:00:00+00:00,13.517,13.573,13.398,13.504,10704.8857619
2022-12-02 00:00:00+00:00,13.484,13.68,13.311,13.417,5251.87301679
2022-12-02 04:00:00+00:00,13.432,13.555,13.336,13.537,3957.37166136
2022-12-02 08:00:00+00:00,13.529,13.688,13.511,13.605,3634.0558509
2022-12-02 12:00:00+00:00,13.602,13.817,13.383,13.541,24020.2884121
2022-12-02 16:00:00+00:00,13.542,13.7,13.478,13.689,3308.72876618
2022-12-02 20:00:00+00:00,13.709,13.798,13.664,13.709,9733.08150877
2022-12-03 00:00:00+00:00,13.726,13.76,13.572,13.628,4608.81682112
2022-12-03 04:00:00+00:00,13.644,13.683,13.508,13.569,3440.51972634
2022-12-03 08:00:00+00:00,13.559,13.589,13.446,13.499,9282.55540412
2022-12-03 12:00:00+00:00,13.491,13.59,13.484,13.577,1366.49773996
2022-12-03 16:00:00+00:00,13.57,13.627,13.501,13.54,8458.33665755
2022-12-03 20:00:00+00:00,13.527,13.534,13.208,13.309,3675.31303836
2022-12-04 00:00:00+00:00,13.29,13.534,13.282,13.432,1700.99992088
2022-12-04 04:00:00+00:00,13.433,13.526,13.424,13.464,2169.31950708
2022-12-04 08:00:00+00:00,13.46,13.479,13.356,13.374,4426.79560953
2022-12-04 12:00:00+00:00,13.374,13.512,13.367,13.509,1730.79844368
2022-12-04 16:00:00+00:00,13.516,13.58,13.449,13.551,4236.67145834
2022-12-04 20:00:00+00:00,13.562,13.768,13.553,13.713,5102.8738757
2022-12-05 00:00:00+00:00,13.701,14.172,13.673,13.912,22276.14989484
2022-12-05 04:00:00+00:00,13.912,14.046,13.86,13.944,4935.4208052
2022-12-05 08:00:00+00:00,13.962,14.1,13.944,14.013,20773.5525063
2022-12-05 12:00:00+00:00,14.006,14.011,13.665,13.77,7768.55616013
2022-12-05 16:00:00+00:00,13.727,14.019,13.606,13.689,9020.29519382
2022-12-05 20:00:00+00:00,13.654,14.022,13.654,13.824,11896.80843122
2022-12-06 00:00:00+00:00,13.837,14.299,13.833,14.16,9492.25828658
2022-12-06 04:00:00+00:00,14.175,14.377,14.024,14.171,5925.96063788
2022-12-06 08:00:00+00:00,14.163,14.192,13.897,14.022,6967.72271842
2022-12-06 12:00:00+00:00,14.023,14.12,13.902,13.99,24413.81965848
2022-12-06 16:00:00+00:00,14.008,14.106,13.941,14.04,10460.39697755
2022-12-06 20:00:00+00:00,14.014,14.315,14.013,14.299,4765.78984932
2022-12-07 00:00:00+00:00,14.326,14.345,14.058,14.058,2398.47763617
2022-12-07 04:00:00+00:00,14.034,14.081,13.574,13.624,6538.9365745
2022-12-07 08:00:00+00:00,13.625,13.723,13.43,13.611,14599.61202604
2022-12-07 12:00:00+00:00,13.659,13.74,13.599,13.699,4177.85359232
2022-12-07 16:00:00+00:00,13.711,13.738,13.531,13.585,6275.93964364
2022-12-07 20:00:00+00:00,13.564,13.619,13.463,13.5,1365.9755391200001
2022-12-08 00:00:00+00:00,13.488,13.57,13.353,13.46,26513.97050541
2022-12-08 04:00:00+00:00,13.453,13.55,13.273,13.517,16731.76800008
2022-12-08 08:00:00+00:00,13.525,13.577,13.388,13.529,8395.15642099
2022-12-08 12:00:00+00:00,13.504,13.615,13.456,13.58,5197.95160815
2022-12-08 16:00:00+00:00,13.598,13.777,13.55,13.749,4522.85454518
2022-12-08 20:00:00+00:00,13.774,13.784,13.633,13.694,2292.26065081
2022-12-09 00:00:00+00:00,13.715,13.79,13.633,13.765,2868.91865744
2022-12-09 04:00:00+00:00,13.754,13.755,13.653,13.708,1439.63201397
2022-12-09 08:00:00+00:00,13.691,14.042,13.659,13.893,7378.37456087
2022-12-09 12:00:00+00:00,13.874,13.933,13.695,13.871,6347.87286339
2022-12-09 16:00:00+00:00,13.891,13.896,13.559,13.619,17625.12612168
2022-12-09 20:00:00+00:00,13.616,13.629,13.521,13.598,1423.57095569
2022-12-10 00:00:00+00:00,13.576,13.66,13.556,13.629,780.47090922
2022-12-10 04:00:00+00:00,13.647,13.737,13.626,13.631,2703.45330773
2022-12-10 08:00:00+00:00,13.625,13.634,13.564,13.6,239.82089799
2022-12-10 12:00:00+00:00,13.607,13.667,13.57,13.646,535.09931893
2022-12-10 16:00:00+00:00,13.646,13.71,13.622,13.65,1334.80405904
2022-12-10 20:00:00+00:00,13.67,13.687,13.547,13.575,512.17414249
2022-12-11 00:00:00+00:00,13.562,13.657,13.531,13.652,456.05455487
2022-12-11 04:00:00+00:00,13.644,13.676,13.62,13.661,379.87499661
2022-12-11 08:00:00+00:00,13.665,13.666,13.625,13.636,118.06455673
2022-12-11 12:00:00+00:00,13.624,13.763,13.624,13.678,6884.27141027
2022-12-11 16:00:00+00:00,13.689,13.81,13.658,13.74,6707.36859117
2022-12-11 20:00:00+00:00,13.73,13.73,13.391,13.428,7712.24344576
2022-12-12 00:00:00+00:00,13.412,13.51,12.826,12.947,19370.40767358
2022-12-12 04:00:00+00:00,12.957,13.034,12.943,12.992,2901.72003547
2022-12-12 08:00:00+00:00,13.0,13.227,12.972,13.164,5379.66440559
2022-12-12 12:00:00+00:00,13.175,13.214,13.024,13.121,9835.38485153
2022-12-12 16:00:00+00:00,13.118,13.268,13.111,13.234,8061.1900711
2022-12-12 20:00:00+00:00,13.274,13.386,13.217,13.324,7035.03133164
2022-12-13 00:00:00+00:00,13.339,13.415,13.073,13.081,2005.6168806
2022-12-13 04:00:00+00:00,13.092,13.186,12.774,12.993,3924.5501714
2022-12-13 08:00:00+00:00,12.97,13.377,12.952,13.353,4163.68273363
2022-12-13 12:00:00+00:00,13.386,14.246,13.208,13.731,51052.15030862
2022-12-13 16:00:00+00:00,13.768,13.839,13.585,13.792,5767.44123219
2022-12-13 20:00:00+00:00,13.79,13.916,13.735,13.909,4034.25594208
2022-12-14 00:00:00+00:00,13.897,13.996,13.83,13.959,12298.82276878
2022-12-14 04:00:00+00:00,13.988,14.048,13.822,13.916,3054.0411372
2022-12-14 08:00:00+00:00,13.904,14.015,13.902,13.966,1858.51796717
2022-12-14 12:00:00+00:00,13.979,14.54,13.976,14.519,17281.78904935
2022-12-14 16:00:00+00:00,14.488,14.952,14.18,14.281,64529.88625105
2022-12-14 20:00:00+00:00,14.302,14.489,14.071,14.129,14883.60748748
2022-12-15 00:00:00+00:00,14.123,14.535,13.886,14.376,13393.34376671
2022-12-15 04:00:00+00:00,14.359,14.387,14.147,14.147,2072.16748823
2022-12-15 08:00:00+00:00,14.148,14.199,14.04,14.11,3410.9648065
2022-12-15 12:00:00+00:00,14.107,14.149,13.9,13.994,5150.0153240399995
2022-12-15 16:00:00+00:00,13.998,14.152,13.889,14.138,78234.7960923
2022-12-15 20:00:00+00:00,14.12,14.222,13.94,14.068,2048.73540753
2022-12-16 00:00:00+00:00,14.062,14.169,13.899,14.043,3015.20355466
2022-12-16 04:00:00+00:00,14.026,14.107,13.936,14.099,1834.16172341
2022-12-16 08:00:00+00:00,14.111,14.111,13.355,13.498,19921.36887377
2022-12-16 12:00:00+00:00,13.502,13.502,12.992,13.026,15199.56729558
2022-12-16 16:00:00+00:00,13.01,13.158,12.667,13.027,42993.68369784
2022-12-16 20:00:00+00:00,13.016,13.111,12.016,12.248,48963.19334898
2022-12-17 00:00:00+00:00,12.245,12.375,11.928,12.258,16396.43875432
2022-12-17 04:00:00+00:00,12.299,12.553,12.191,12.476,9027.52485639
2022-12-17 08:00:00+00:00,12.456,12.521,12.282,12.327,3080.25783032
2022-12-17 12:00:00+00:00,12.316,12.379,12.228,12.316,2074.9475743
2022-12-17 16:00:00+00:00,12.305,12.343,12.144,12.29,4394.91333149
2022-12-17 20:00:00+00:00,12.28,12.546,12.26,12.52,5249.34112897
2022-12-18 00:00:00+00:00,12.531,12.536,12.38,12.493,1563.49765819
2022-12-18 04:00:00+00:00,12.51,12.614,12.43,12.451,2717.57371122
2022-12-18 08:00:00+00:00,12.449,12.481,12.271,12.399,6128.88336902
2022-12-18 12:00:00+00:00,12.398,12.454,12.298,12.323,1943.28618375
2022-12-18 16:00:00+00:00,12.316,12.563,12.304,12.45,9926.36940843
2022-12-18 20:00:00+00:00,12.472,12.598,12.351,12.368,4488.44477669
2022-12-19 00:00:00+00:00,12.398,12.587,12.173,12.235,8436.07659199
2022-12-19 04:00:00+00:00,12.234,12.328,12.192,12.232,8923.95307401
2022-12-19 08:00:00+00:00,12.254,12.362,12.235,12.278,2257.61278603
2022-12-19 12:00:00+00:00,12.267,12.339,12.153,12.179,3374.5775298500002
2022-12-19 16:00:00+00:00,12.165,12.234,11.922,12.008,11191.88839516
2022-12-19 20:00:00+00:00,11.998,12.158,11.681,11.945,11498.35958683
2022-12-20 00:00:00+00:00,11.939,12.324,11.847,12.197,7322.50691986
2022-12-20 04:00:00+00:00,12.208,12.448,12.198,12.354,13241.63694396
2022-12-20 08:00:00+00:00,12.364,12.448,12.32,12.379,2709.649406
2022-12-20 12:00:00+00:00,12.384,12.488,12.199,12.371,4860.05562121
2022-12-20 16:00:00+00:00,12.344,12.36,12.145,12.245,1991.82038902
2022-12-20 20:00:00+00:00,12.252,12.331,12.22,12.27,692.98022
2022-12-21 00:00:00+00:00,12.261,12.29,12.064,12.083,2176.33950693
2022-12-21 04:00:00+00:00,12.079,12.111,11.934,12.03,2677.06296185
2022-12-21 08:00:00+00:00,12.016,12.151,11.98,12.119,7835.56733233
2022-12-21 12:00:00+00:00,12.136,12.136,11.934,12.067,4186.29381568
2022-12-21 16:00:00+00:00,12.065,12.068,11.952,11.971,5105.77499386
2022-12-21 20:00:00+00:00,11.965,12.239,11.911,12.157,5333.19654408
2022-12-22 00:00:00+00:00,12.138,12.192,12.095,12.132,2458.53540712
2022-12-22 04:00:00+00:00,12.146,12.156,12.001,12.08,1337.45369605
2022-12-22 08:00:00+00:00,12.05,12.177,12.05,12.123,5532.3927747
2022-12-22 12:00:00+00:00,12.13,12.157,11.74,11.783,22339.98923349
2022-12-22 16:00:00+00:00,11.743,11.885,11.704,11.87,3940.81919589
2022-12-22 20:00:00+00:00,11.865,12.099,11.684,11.833,11109.71107181
2022-12-23 00:00:00+00:00,11.833,12.124,11.75,12.024,7821.90025022
2022-12-23 04:00:00+00:00,12.048,12.048,11.874,11.901,3802.61554878
2022-12-23 08:00:00+00:00,11.896,11.986,11.828,11.899,4335.95666476
2022-12-23 12:00:00+00:00,11.905,11.981,11.788,11.865,8918.47538505
2022-12-23 16:00:00+00:00,11.862,11.884,11.812,11.87,1397.33562383
2022-12-23 20:00:00+00:00,11.864,11.884,11.762,11.796,4428.75147784
2022-12-24 00:00:00+00:00,11.796,11.806,11.734,11.795,2006.84905639
2022-12-24 04:00:00+00:00,11.808,11.808,11.124,11.377,47253.890057309996
2022-12-24 08:00:00+00:00,11.356,11.356,11.211,11.339,13014.86266528
2022-12-24 12:00:00+00:00,11.33,11.408,11.29,11.393,3766.69247953
2022-12-24 16:00:00+00:00,11.384,11.576,11.347,11.575,14159.90799559
2022-12-24 20:00:00+00:00,11.576,11.617,11.364,11.456,6906.45236142
2022-12-25 00:00:00+00:00,11.456,11.516,11.431,11.473,4718.90864641
2022-12-25 04:00:00+00:00,11.488,11.559,11.423,11.502,7159.08464941
2022-12-25 08:00:00+00:00,11.494,11.523,11.378,11.412,4735.30863976
2022-12-25 12:00:00+00:00,11.401,11.44,11.248,11.359,3141.48395415
2022-12-25 16:00:00+00:00,11.361,11.395,11.285,11.395,3125.53978276
2022-12-25 20:00:00+00:00,11.41,11.457,11.341,11.389,1374.58338991
2022-12-26 00:00:00+00:00,11.399,11.508,11.271,11.431,3132.86904272
2022-12-26 04:00:00+00:00,11.444,11.451,11.289,11.319,2789.97508636
2022-12-26 08:00:00+00:00,11.325,11.378,11.28,11.351,12243.04625163
2022-12-26 12:00:00+00:00,11.359,11.401,11.123,11.197,10366.31911101
2022-12-26 16:00:00+00:00,11.188,11.251,11.071,11.209,11045.32902501
2022-12-26 20:00:00+00:00,11.205,11.351,11.171,11.333,7508.07746473
2022-12-27 00:00:00+00:00,11.369,11.442,11.272,11.288,13726.44272238
2022-12-27 04:00:00+00:00,11.289,11.297,11.2,11.23,1961.56962878
2022-12-27 08:00:00+00:00,11.219,11.25,11.118,11.153,4219.25271147
2022-12-27 12:00:00+00:00,11.16,11.17,10.724,10.785,25032.47124473
2022-12-27 16:00:00+00:00,10.76,11.041,10.716,11.041,30242.55233225
2022-12-27 20:00:00+00:00,11.02,11.166,10.986,11.095,19301.47900973
2022-12-28 00:00:00+00:00,11.111,11.111,10.672,10.786,129784.15753334
2022-12-28 04:00:00+00:00,10.775,10.792,9.693,10.158,81796.19302725
2022-12-28 08:00:00+00:00,10.15,10.198,9.8567,10.027,30209.17355519
2022-12-28 12:00:00+00:00,10.018,10.37,9.8885,9.9497,69232.05753663
2022-12-28 16:00:00+00:00,9.9506,10.106,9.7919,9.7919,26334.92629106
2022-12-28 20:00:00+00:00,9.811,9.92,9.41,9.7586,49200.68593532
2022-12-29 00:00:00+00:00,9.77,9.8792,9.5279,9.7536,40485.86982451
2022-12-29 04:00:00+00:00,9.7593,9.7962,9.5675,9.6345,10338.11777739
2022-12-29 08:00:00+00:00,9.6213,9.6519,9.2771,9.4626,37494.94711195
2022-12-29 12:00:00+00:00,9.4751,9.5191,9.3245,9.3901,13122.89468881
2022-12-29 16:00:00+00:00,9.3895,9.4574,8.6999,8.7908,97252.74944592
2022-12-29 20:00:00+00:00,8.7775,10.981,7.9201,9.6512,251405.45940125
2022-12-30 00:00:00+00:00,9.6443,10.256,9.4002,9.505,111552.21943701
2022-12-30 04:00:00+00:00,9.5404,9.74,9.1045,9.1359,54749.01420052
2022-12-30 08:00:00+00:00,9.1287,9.2476,9.0146,9.1377,29064.46989679
2022-12-30 12:00:00+00:00,9.1357,10.022,9.1324,9.595,126640.30502309
2022-12-30 16:00:00+00:00,9.5756,10.065,9.5171,9.8652,79386.84388873
2022-12-30 20:00:00+00:00,9.88,10.066,9.7201,9.9162,42317.36093874
2022-12-31 00:00:00+00:00,9.916,10.056,9.75,9.75,19144.73150819
2022-12-31 04:00:00+00:00,9.7462,9.8803,9.6719,9.8554,8389.46325235
2022-12-31 08:00:00+00:00,9.8426,9.9286,9.7543,9.875,11039.09844326
2022-12-31 12:00:00+00:00,9.8724,10.238,9.8724,10.152,59989.8422701
2022-12-31 16:00:00+00:00,10.189,10.189,9.9442,10.084,8891.78999556
2022-12-31 20:00:00+00:00,10.078,10.132,9.8757,9.9764,19786.5666712
2023-01-01 00:00:00+00:00,9.9938,10.087,9.9266,9.9799,9533.81293013
2023-01-01 04:00:00+00:00,9.9717,9.989,9.7049,9.8101,8514.52084933
2023-01-01 08:00:00+00:00,9.8021,9.983,9.7266,9.9378,6806.24436188
2023-01-01 12:00:00+00:00,9.9313,9.96,9.807,9.8612,5633.29833437
2023-01-01 16:00:00+00:00,9.8925,10.062,9.8661,9.9606,22779.235130779998
2023-01-01 20:00:00+00:00,9.9835,10.066,9.9608,10.016,6887.05278121
2023-01-02 00:00:00+00:00,9.995,10.039,9.8291,10.015,19232.35136144
2023-01-02 04:00:00+00:00,10.023,12.066,9.9552,11.107,111914.28625981
2023-01-02 08:00:00+00:00,11.081,11.382,10.938,11.03,73490.71420813
2023-01-02 12:00:00+00:00,11.048,11.246,11.028,11.137,17732.35917319
2023-01-02 16:00:00+00:00,11.146,11.472,11.114,11.287,45550.91816442
2023-01-02 20:00:00+00:00,11.263,11.442,11.211,11.306,31784.49511621
2023-01-03 00:00:00+00:00,11.304,11.355,11.034,11.232,13729.85376185
2023-01-03 04:00:00+00:00,11.228,12.038,11.217,11.939,70895.66886313
2023-01-03 08:00:00+00:00,11.948,12.016,11.72,11.869,11050.44546656
2023-01-03 12:00:00+00:00,11.87,13.216,11.807,13.051,171130.16436481
2023-01-03 16:00:00+00:00,13.046,14.164,12.435,12.956,190193.73884151
2023-01-03 20:00:00+00:00,12.979,13.48,12.973,13.382,28617.42243742
2023-01-04 00:00:00+00:00,13.372,14.157,13.254,13.606,246266.85522546
2023-01-04 04:00:00+00:00,13.626,14.201,13.328,14.15,82705.81148206
2023-01-04 08:00:00+00:00,14.142,14.142,13.596,13.67,38117.1435418
2023-01-04 12:00:00+00:00,13.671,14.48,13.203,13.398,70546.31374517
2023-01-04 16:00:00+00:00,13.326,13.645,13.104,13.219,41583.08122337
2023-01-04 20:00:00+00:00,13.22,13.643,12.853,13.445,103977.03349519
2023-01-05 00:00:00+00:00,13.445,13.445,13.078,13.218,18748.70258165
2023-01-05 04:00:00+00:00,13.23,13.493,13.156,13.261,24094.82525084
2023-01-05 08:00:00+00:00,13.251,13.32,12.971,13.32,23387.68213882
2023-01-05 12:00:00+00:00,13.28,13.393,13.057,13.303,12217.33288683
2023-01-05 16:00:00+00:00,13.283,13.476,13.08,13.435,7427.35060609
2023-01-05 20:00:00+00:00,13.475,13.878,13.371,13.444,41410.04867532
2023-01-06 00:00:00+00:00,13.435,13.582,13.155,13.206,14965.07876323
2023-01-06 04:00:00+00:00,13.205,13.248,13.042,13.139,10725.71270253
2023-01-06 08:00:00+00:00,13.13,13.255,12.893,13.004,16913.8406553
2023-01-06 12:00:00+00:00,13.013,13.21,12.713,13.201,23774.80813216
2023-01-06 16:00:00+00:00,13.21,13.436,13.088,13.39,27906.21954792
2023-01-06 20:00:00+00:00,13.396,13.595,13.187,13.54,12342.93179655
2023-01-07 00:00:00+00:00,13.496,13.496,13.294,13.34,6119.1389067
2023-01-07 04:00:00+00:00,13.324,13.34,13.213,13.304,4157.48590974
2023-01-07 08:00:00+00:00,13.318,13.335,13.15,13.161,3226.60738995
2023-01-07 12:00:00+00:00,13.154,13.287,13.154,13.287,1603.66034544
2023-01-07 16:00:00+00:00,13.27,13.274,13.189,13.238,1552.80785914
2023-01-07 20:00:00+00:00,13.249,13.262,13.028,13.098,6189.01105996
2023-01-08 00:00:00+00:00,13.1,13.42,12.869,13.37,21834.67276759
2023-01-08 04:00:00+00:00,13.4,13.448,13.273,13.335,4182.59149126
2023-01-08 08:00:00+00:00,13.353,13.784,13.298,13.519,18744.70115053
2023-01-08 12:00:00+00:00,13.523,13.942,13.454,13.884,27973.06707643
2023-01-08 16:00:00+00:00,13.896,13.896,13.496,13.56,19398.7628044
2023-01-08 20:00:00+00:00,13.554,14.95,13.55,14.47,62361.66896418
2023-01-09 00:00:00+00:00,14.462,16.8,14.304,16.059,288923.45529907
2023-01-09 04:00:00+00:00,16.088,16.537,15.961,16.364,65618.59651762
2023-01-09 08:00:00+00:00,16.391,16.787,16.117,16.377,44089.24319168
2023-01-09 12:00:00+00:00,16.406,17.457,16.075,17.111,169237.77632301
2023-01-09 16:00:00+00:00,17.14,17.34,16.264,16.281,57575.71482491
2023-01-09 20:00:00+00:00,16.322,16.653,16.05,16.266,36006.62325458
2023-01-10 00:00:00+00:00,16.319,16.581,15.595,15.977,39161.98941629
2023-01-10 04:00:00+00:00,16.003,16.304,15.87,15.912,19466.74045443
2023-01-10 08:00:00+00:00,15.902,16.337,15.839,16.049,21421.24233296
2023-01-10 12:00:00+00:00,16.03,16.491,15.825,16.215,40433.42159135
2023-01-10 16:00:00+00:00,16.24,16.455,16.047,16.394,39818.58044062
2023-01-10 20:00:00+00:00,16.402,16.732,16.164,16.2,19422.22845219
2023-01-11 00:00:00+00:00,16.174,16.324,15.87,16.007,16260.31186951
2023-01-11 04:00:00+00:00,16.003,16.147,15.862,16.104,12556.58872425
2023-01-11 08:00:00+00:00,16.077,16.133,15.96,16.035,4900.94846233
2023-01-11 12:00:00+00:00,16.034,16.034,15.328,15.418,31509.43872729
2023-01-11 16:00:00+00:00,15.403,16.126,15.31,15.994,61666.94723231
2023-01-11 20:00:00+00:00,16.009,16.604,15.74,16.379,69552.33364784
2023-01-12 00:00:00+00:00,16.377,16.99,16.146,16.429,38812.17533908
2023-01-12 04:00:00+00:00,16.439,16.5,16.164,16.254,13831.40962746
2023-01-12 08:00:00+00:00,16.228,16.228,15.913,16.059,10488.80644642
2023-01-12 12:00:00+00:00,16.07,16.482,15.567,15.988,47656.09842605
2023-01-12 16:00:00+00:00,15.948,16.794,15.906,16.537,40069.06185784
2023-01-12 20:00:00+00:00,16.552,16.704,16.315,16.603,17682.9635238
2023-01-13 00:00:00+00:00,16.58,16.852,16.324,16.746,9981.37070053
2023-01-13 04:00:00+00:00,16.723,17.32,16.721,16.892,40402.91318519
2023-01-13 08:00:00+00:00,16.906,17.091,16.567,16.705,11775.25713389
2023-01-13 12:00:00+00:00,16.652,16.854,16.471,16.823,13821.34980323
2023-01-13 16:00:00+00:00,16.84,17.195,16.52,17.195,13333.76415263
2023-01-13 20:00:00+00:00,17.183,18.635,17.043,18.299,104796.37741101
2023-01-14 00:00:00+00:00,18.275,22.901,18.223,21.959,257796.06066538
2023-01-14 04:00:00+00:00,21.998,24.722,21.814,23.573,119468.99415765
2023-01-14 08:00:00+00:00,23.591,23.922,21.291,22.395,136898.83663513
2023-01-14 12:00:00+00:00,22.39,23.571,21.784,22.317,59732.12418343
2023-01-14 16:00:00+00:00,22.34,23.412,22.154,23.069,43885.42967293
2023-01-14 20:00:00+00:00,23.052,24.765,22.53,24.275,40333.70152123
2023-01-15 00:00:00+00:00,24.15,25.042,22.567,23.04,112555.61670924
2023-01-15 04:00:00+00:00,23.034,23.17,22.158,22.638,25970.07416441
2023-01-15 08:00:00+00:00,22.637,23.102,21.99,22.892,30836.72000787
2023-01-15 12:00:00+00:00,22.892,23.899,22.707,23.74,59929.73394095
2023-01-15 16:00:00+00:00,23.738,23.789,22.955,23.368,19098.53549648
2023-01-15 20:00:00+00:00,23.371,23.414,22.677,22.924,13939.40918815
2023-01-16 00:00:00+00:00,22.9,24.211,22.451,23.282,40728.51246792
2023-01-16 04:00:00+00:00,23.252,25.024,23.045,24.271,46272.42815839
2023-01-16 08:00:00+00:00,24.249,24.257,22.91,23.374,51178.95351781
2023-01-16 12:00:00+00:00,23.45,23.545,22.214,23.111,54933.49726837
2023-01-16 16:00:00+00:00,23.036,23.792,22.878,23.559,29407.38675774
2023-01-16 20:00:00+00:00,23.584,24.237,23.34,23.591,36439.37422928
2023-01-17 00:00:00+00:00,23.525,23.816,22.827,23.21,22595.49133356
2023-01-17 04:00:00+00:00,23.171,23.777,23.159,23.406,21250.36047037
2023-01-17 08:00:00+00:00,23.424,23.928,23.398,23.775,9058.22789967
2023-01-17 12:00:00+00:00,23.771,23.945,23.145,23.27,29180.10411042
2023-01-17 16:00:00+00:00,23.27,23.564,23.06,23.437,7390.05360363
2023-01-17 20:00:00+00:00,23.44,23.695,22.771,22.894,88296.56029253
2023-01-18 00:00:00+00:00,22.879,23.32,22.65,23.138,34732.74473836
2023-01-18 04:00:00+00:00,23.072,23.3,22.87,22.98,18940.88367355
2023-01-18 08:00:00+00:00,22.935,22.96,22.14,22.545,19040.29278409
2023-01-18 12:00:00+00:00,22.547,23.65,20.763,21.767,56220.33915729
2023-01-18 16:00:00+00:00,21.769,22.277,20.341,21.788,118718.12018574
2023-01-18 20:00:00+00:00,21.726,21.835,20.7,20.844,19008.09661928
2023-01-19 00:00:00+00:00,20.82,21.509,20.82,21.375,10866.44519931
2023-01-19 04:00:00+00:00,21.327,21.774,21.278,21.278,6991.46285581
2023-01-19 08:00:00+00:00,21.283,21.476,20.817,20.941,12718.299343
2023-01-19 12:00:00+00:00,20.956,21.173,20.463,21.066,20333.96169641
2023-01-19 16:00:00+00:00,21.022,21.729,20.853,21.659,8807.80925847
2023-01-19 20:00:00+00:00,21.691,21.86,21.312,21.404,5856.03597619
2023-01-20 00:00:00+00:00,21.359,21.631,21.013,21.316,10687.90482908
2023-01-20 04:00:00+00:00,21.313,21.415,20.95,21.052,4597.8970622
2023-01-20 08:00:00+00:00,21.07,21.237,20.98,21.15,1806.15598729
2023-01-20 12:00:00+00:00,21.135,21.545,21.086,21.436,19261.00734915
2023-01-20 16:00:00+00:00,21.444,23.375,21.432,23.317,41192.53971741
2023-01-20 20:00:00+00:00,23.337,25.809,23.308,25.574,103152.20581214
2023-01-21 00:00:00+00:00,25.486,25.852,24.434,24.83,30837.92201383
2023-01-21 04:00:00+00:00,24.813,25.703,24.716,25.505,15098.53240167
2023-01-21 08:00:00+00:00,25.517,26.534,24.4,25.181,56903.90822804
2023-01-21 12:00:00+00:00,25.219,25.613,25.05,25.172,13628.17686023
2023-01-21 16:00:00+00:00,25.292,26.089,25.18,25.637,19739.84674821
2023-01-21 20:00:00+00:00,25.648,25.658,24.495,24.542,22881.87458993
2023-01-22 00:00:00+00:00,24.565,25.318,24.381,24.994,10691.83672329
2023-01-22 04:00:00+00:00,24.913,25.428,24.913,25.14,4779.78835638
2023-01-22 08:00:00+00:00,25.156,25.305,24.781,24.894,3788.89233061
2023-01-22 12:00:00+00:00,24.827,25.424,24.651,24.982,19277.79112582
2023-01-22 16:00:00+00:00,25.001,25.26,24.696,24.935,8160.75267797
2023-01-22 20:00:00+00:00,24.858,24.858,23.511,24.209,49772.2833343
2023-01-23 00:00:00+00:00,24.224,24.943,24.063,24.546,5398.47042484
2023-01-23 04:00:00+00:00,24.531,24.782,24.353,24.473,2685.51156627
2023-01-23 08:00:00+00:00,24.426,24.81,24.166,24.622,6597.30649086
2023-01-23 12:00:00+00:00,24.638,24.7,23.741,24.201,18543.55081587
2023-01-23 16:00:00+00:00,24.18,24.765,23.974,24.134,43357.81534649
2023-01-23 20:00:00+00:00,24.169,24.504,24.038,24.324,3395.19999417
2023-01-24 00:00:00+00:00,24.329,25.239,24.068,24.97,28628.57878517
2023-01-24 04:00:00+00:00,24.966,24.982,24.62,24.763,7279.57310233
2023-01-24 08:00:00+00:00,24.767,24.933,24.261,24.436,12231.62206613
2023-01-24 12:00:00+00:00,24.407,24.556,23.95,24.492,19829.13268709
2023-01-24 16:00:00+00:00,24.498,24.524,24.086,24.435,5576.41892324
2023-01-24 20:00:00+00:00,24.46,24.5,22.342,22.753,16377.76636352
2023-01-25 00:00:00+00:00,22.788,22.969,22.233,22.91,4501.25824256
2023-01-25 04:00:00+00:00,22.929,23.416,22.866,23.283,5773.98740979
2023-01-25 08:00:00+00:00,23.314,23.374,22.981,23.128,3772.35868613
2023-01-25 12:00:00+00:00,23.145,24.554,22.701,23.335,37185.3075622
2023-01-25 16:00:00+00:00,23.31,23.776,23.244,23.736,4866.83608896
2023-01-25 20:00:00+00:00,23.766,25.405,23.745,24.501,31712.86125239
2023-01-26 00:00:00+00:00,24.607,25.229,24.422,24.78,9936.66309064
2023-01-26 04:00:00+00:00,24.846,24.947,24.241,24.364,8332.30284973
2023-01-26 08:00:00+00:00,24.384,24.579,24.06,24.29,9102.67688118
2023-01-26 12:00:00+00:00,24.26,25.153,24.098,24.196,17765.30959793
2023-01-26 16:00:00+00:00,24.224,24.704,23.753,24.424,6192.51093074
2023-01-26 20:00:00+00:00,24.452,24.596,24.19,24.351,1230.47228512
2023-01-27 00:00:00+00:00,24.318,24.487,23.301,23.686,4570.58231478
2023-01-27 04:00:00+00:00,23.719,24.029,23.658,24.027,3277.38366786
2023-01-27 08:00:00+00:00,24.033,24.033,23.569,23.704,1647.1367595899999
2023-01-27 12:00:00+00:00,23.689,24.19,23.333,23.828,7657.78311665
2023-01-27 16:00:00+00:00,23.806,24.576,23.806,24.47,4801.22705033
2023-01-27 20:00:00+00:00,24.5,24.949,24.003,24.427,5843.08923101
2023-01-28 00:00:00+00:00,24.402,24.87,24.285,24.504,3178.43622104
2023-01-28 04:00:00+00:00,24.542,25.202,24.163,24.342,5213.47452676
2023-01-28 08:00:00+00:00,24.34,24.46,24.2,24.288,1676.39782493
2023-01-28 12:00:00+00:00,24.3,24.3,23.69,24.179,6203.80873472
2023-01-28 16:00:00+00:00,24.156,24.218,23.921,24.102,2575.16200814
2023-01-28 20:00:00+00:00,24.12,24.12,23.752,23.991,2374.55057907
2023-01-29 00:00:00+00:00,23.947,24.71,23.728,24.126,8798.88930612
2023-01-29 04:00:00+00:00,24.116,24.182,24.03,24.139,1268.18813234
2023-01-29 08:00:00+00:00,24.165,24.527,24.072,24.344,2996.35153365
2023-01-29 12:00:00+00:00,24.373,24.8,24.23,24.695,8500.143139669999
2023-01-29 16:00:00+00:00,24.715,26.589,24.481,26.325,26630.9698663
2023-01-29 20:00:00+00:00,26.35,26.805,25.943,26.014,9490.61694144
2023-01-30 00:00:00+00:00,26.052,26.315,25.159,25.419,6374.84498404
2023-01-30 04:00:00+00:00,25.466,25.58,25.235,25.374,3090.17112702
2023-01-30 08:00:00+00:00,25.349,25.52,23.757,24.039,22682.09416949
2023-01-30 12:00:00+00:00,23.999,24.727,23.869,24.364,5427.21772799
2023-01-30 16:00:00+00:00,24.342,24.614,23.047,23.619,14309.9487732
2023-01-30 20:00:00+00:00,23.61,23.999,23.362,23.968,13098.23368448
2023-01-31 00:00:00+00:00,23.959,24.296,23.661,24.012,4288.03287545
2023-01-31 04:00:00+00:00,24.032,24.135,23.686,24.116,4571.42436912
2023-01-31 08:00:00+00:00,24.117,24.128,23.516,23.759,4492.58137938
2023-01-31 12:00:00+00:00,23.736,24.383,23.665,24.099,20580.80054468
2023-01-31 16:00:00+00:00,24.094,24.465,24.027,24.22,5799.13778348
2023-01-31 20:00:00+00:00,24.182,24.232,23.624,23.961,10072.98134631
2023-02-01 00:00:00+00:00,23.935,24.03,23.7,23.87,12309.9086143
2023-02-01 04:00:00+00:00,23.894,24.002,23.427,23.578,3109.66053629
2023-02-01 08:00:00+00:00,23.543,23.619,23.172,23.519,9170.57518644
2023-02-01 12:00:00+00:00,23.541,23.669,22.699,22.819,7969.59512582
2023-02-01 16:00:00+00:00,22.802,24.455,22.489,24.228,23654.97741949
2023-02-01 20:00:00+00:00,24.25,25.206,24.098,24.979,15826.94843612
2023-02-02 00:00:00+00:00,25.042,25.75,24.954,25.254,9451.78622507
2023-02-02 04:00:00+00:00,25.298,25.407,24.7,24.869,7017.31815158
2023-02-02 08:00:00+00:00,24.833,25.073,24.803,24.979,3322.32352154
2023-02-02 12:00:00+00:00,25.025,25.247,24.573,25.009,7898.491661
2023-02-02 16:00:00+00:00,24.996,26.119,24.876,25.104,23436.35731701
2023-02-02 20:00:00+00:00,25.06,25.28,24.002,24.298,9145.5999896
2023-02-03 00:00:00+00:00,24.329,24.471,24.011,24.31,5321.04485477
2023-02-03 04:00:00+00:00,24.295,24.515,24.275,24.293,4025.44808964
2023-02-03 08:00:00+00:00,24.312,24.506,24.095,24.495,5870.99652174
2023-02-03 12:00:00+00:00,24.515,25.075,24.065,24.885,17592.14148721
2023-02-03 16:00:00+00:00,24.863,25.024,24.35,24.387,3265.84954485
2023-02-03 20:00:00+00:00,24.348,24.823,24.262,24.685,3422.08206188
2023-02-04 00:00:00+00:00,24.654,24.782,24.433,24.448,716.55326466
2023-02-04 04:00:00+00:00,24.438,24.514,24.277,24.51,887.63381558
2023-02-04 08:00:00+00:00,24.487,24.602,24.412,24.582,1102.82782015
2023-02-04 12:00:00+00:00,24.562,24.929,24.55,24.712,5840.67194691
2023-02-04 16:00:00+00:00,24.684,24.807,24.503,24.674,8777.28047903
2023-02-04 20:00:00+00:00,24.639,24.757,24.194,24.329,2344.66069727
2023-02-05 00:00:00+00:00,24.292,24.415,24.046,24.308,2748.36464649
2023-02-05 04:00:00+00:00,24.266,24.467,24.265,24.365,1367.21477499
2023-02-05 08:00:00+00:00,24.363,24.452,24.137,24.203,2948.53195427
2023-02-05 12:00:00+00:00,24.206,24.232,23.321,23.66,18354.6764132
2023-02-05 16:00:00+00:00,23.636,23.699,23.203,23.413,17869.92567258
2023-02-05 20:00:00+00:00,23.363,23.674,23.02,23.473,8675.21926511
2023-02-06 00:00:00+00:00,23.501,23.722,23.254,23.403,2609.12134448
2023-02-06 04:00:00+00:00,23.408,23.463,22.904,23.345,10095.45086772
2023-02-06 08:00:00+00:00,23.363,23.41,23.073,23.385,2959.93770954
2023-02-06 12:00:00+00:00,23.4,23.5,22.815,23.463,5550.68579289
2023-02-06 16:00:00+00:00,23.487,23.616,23.163,23.341,3329.6878133
2023-02-06 20:00:00+00:00,23.373,23.373,22.509,22.649,8907.04494149
2023-02-07 00:00:00+00:00,22.635,23.158,22.545,23.072,5296.15467333
2023-02-07 04:00:00+00:00,23.058,23.335,23.036,23.208,663.37357293
2023-02-07 08:00:00+00:00,23.21,23.442,23.104,23.359,3078.85049806
2023-02-07 12:00:00+00:00,23.385,23.416,22.935,22.985,4307.37996707
2023-02-07 16:00:00+00:00,23.007,23.886,22.614,23.253,10894.91593507
2023-02-07 20:00:00+00:00,23.326,23.953,23.127,23.84,7427.52058759
2023-02-08 00:00:00+00:00,23.885,24.231,23.812,23.9,4496.30169932
2023-02-08 04:00:00+00:00,23.911,23.962,23.585,23.776,1464.44946016
2023-02-08 08:00:00+00:00,23.755,23.755,23.53,23.71,2351.33394985
2023-02-08 12:00:00+00:00,23.759,23.948,23.261,23.278,5883.94995942
2023-02-08 16:00:00+00:00,23.26,23.469,22.823,23.095,5288.8013862
2023-02-08 20:00:00+00:00,23.051,23.265,22.873,23.173,1594.2982855
2023-02-09 00:00:00+00:00,23.24,23.32,21.902,22.343,19854.29390313
2023-02-09 04:00:00+00:00,22.31,22.94,22.186,22.773,7126.06946829
2023-02-09 08:00:00+00:00,22.795,22.968,22.711,22.805,5797.6744933
2023-02-09 12:00:00+00:00,22.806,22.941,22.566,22.632,2314.4462624
2023-02-09 16:00:00+00:00,22.625,22.7,21.498,21.778,12327.03034222
2023-02-09 20:00:00+00:00,21.772,21.772,20.0,20.468,19709.75058377
2023-02-10 00:00:00+00:00,20.45,20.898,20.301,20.801,6782.60976703
2023-02-10 04:00:00+00:00,20.807,21.091,20.505,21.08,2845.78378829
2023-02-10 08:00:00+00:00,21.098,21.173,20.66,20.668,2207.98076373
2023-02-10 12:00:00+00:00,20.707,20.997,20.435,20.676,4058.20765181
2023-02-10 16:00:00+00:00,20.704,20.974,20.518,20.88,3215.91810626
2023-02-10 20:00:00+00:00,20.909,20.909,19.699,20.11,8533.12637367
2023-02-11 00:00:00+00:00,20.111,20.479,20.111,20.407,2168.56207575
2023-02-11 04:00:00+00:00,20.4,20.408,20.208,20.346,463.74696107
2023-02-11 08:00:00+00:00,20.322,20.381,20.229,20.343,1297.84243156
2023-02-11 12:00:00+00:00,20.313,20.623,20.286,20.51,1063.93477585
2023-02-11 16:00:00+00:00,20.525,20.525,20.272,20.397,1353.82974707
2023-02-11 20:00:00+00:00,20.386,20.911,20.341,20.829,2786.40253138
2023-02-12 00:00:00+00:00,20.831,20.831,20.627,20.673,1417.32524804
2023-02-12 04:00:00+00:00,20.676,21.018,20.632,20.877,1685.83450059
2023-02-12 08:00:00+00:00,20.851,21.086,20.851,21.07,2322.79990891
2023-02-12 12:00:00+00:00,21.069,21.609,20.772,21.436,6653.50320567
2023-02-12 16:00:00+00:00,21.425,22.537,21.424,22.072,14802.31046905
2023-02-12 20:00:00+00:00,22.053,22.218,21.116,21.51,11694.46457009
2023-02-13 00:00:00+00:00,21.456,21.591,20.462,20.923,8981.0746166
2023-02-13 04:00:00+00:00,20.918,21.302,20.888,21.186,3105.5509039
2023-02-13 08:00:00+00:00,21.18,21.18,20.078,20.479,9117.46169508
2023-02-13 12:00:00+00:00,20.461,20.7,20.372,20.426,4092.85580736
2023-02-13 16:00:00+00:00,20.4,20.526,19.761,20.436,10111.37558132
2023-02-13 20:00:00+00:00,20.374,20.851,20.232,20.736,4873.80454639
2023-02-14 00:00:00+00:00,20.768,21.096,20.672,20.844,4253.76623922
2023-02-14 04:00:00+00:00,20.813,21.094,20.801,21.046,1302.18692424
2023-02-14 08:00:00+00:00,21.064,21.576,20.763,21.363,3554.23212662
2023-02-14 12:00:00+00:00,21.361,22.396,20.89,21.887,29446.43392202
2023-02-14 16:00:00+00:00,21.931,22.059,21.645,22.0,3406.42401645
2023-02-14 20:00:00+00:00,22.012,22.075,21.548,21.838,2622.9854882600002
2023-02-15 00:00:00+00:00,21.878,21.939,21.464,21.619,2577.95292506
2023-02-15 04:00:00+00:00,21.637,21.669,21.49,21.534,1154.6459889
2023-02-15 08:00:00+00:00,21.508,22.238,21.468,22.138,3506.80423086
2023-02-15 12:00:00+00:00,22.128,22.725,22.128,22.446,15898.61031885
2023-02-15 16:00:00+00:00,22.441,23.077,22.28,22.978,20699.34803608
2023-02-15 20:00:00+00:00,23.018,23.969,22.95,23.87,16948.75727743
2023-02-16 00:00:00+00:00,23.891,24.136,23.533,23.826,6261.75946603
2023-02-16 04:00:00+00:00,23.814,23.996,23.557,23.714,3650.5531172
2023-02-16 08:00:00+00:00,23.737,23.9,23.5,23.575,2233.00955495
2023-02-16 12:00:00+00:00,23.588,23.87,23.073,23.87,17972.33995455
2023-02-16 16:00:00+00:00,23.859,24.149,23.372,23.6,6091.08004782
2023-02-16 20:00:00+00:00,23.583,23.596,22.211,22.307,10091.63756712
2023-02-17 00:00:00+00:00,22.259,22.797,22.056,22.7,5262.0847373
2023-02-17 04:00:00+00:00,22.726,22.799,22.52,22.545,1939.25326859
2023-02-17 08:00:00+00:00,22.521,22.712,22.481,22.592,1222.24777081
2023-02-17 12:00:00+00:00,22.611,22.989,22.447,22.81,6086.45810778
2023-02-17 16:00:00+00:00,22.85,23.483,22.607,23.448,4495.23214922
2023-02-17 20:00:00+00:00,23.478,23.546,22.726,23.164,8042.96537065
2023-02-18 00:00:00+00:00,23.173,23.649,23.173,23.344,3120.50403169
2023-02-18 04:00:00+00:00,23.355,23.496,23.152,23.215,599.01292916
2023-02-18 08:00:00+00:00,23.218,23.254,22.924,23.046,2045.27654516
2023-02-18 12:00:00+00:00,23.052,23.569,23.017,23.457,1441.88077182
2023-02-18 16:00:00+00:00,23.442,23.935,23.41,23.49,3745.67198326
2023-02-18 20:00:00+00:00,23.462,23.675,23.27,23.469,2464.36742274
2023-02-19 00:00:00+00:00,23.458,23.602,23.201,23.287,2713.75756966
2023-02-19 04:00:00+00:00,23.316,23.99,23.273,23.526,3233.41263782
2023-02-19 08:00:00+00:00,23.53,23.715,23.472,23.696,1664.01478066
2023-02-19 12:00:00+00:00,23.704,25.285,23.704,25.281,19324.85410955
2023-02-19 16:00:00+00:00,25.294,25.366,24.013,24.631,14503.60224562
2023-02-19 20:00:00+00:00,24.544,25.614,24.049,24.877,28184.13325093
2023-02-20 00:00:00+00:00,24.834,26.34,24.121,26.206,17780.45673634
2023-02-20 04:00:00+00:00,26.165,27.123,25.88,26.486,43177.4235265
2023-02-20 08:00:00+00:00,26.483,26.671,26.057,26.358,5731.5637714
2023-02-20 12:00:00+00:00,26.392,26.71,26.16,26.501,3902.16772755
2023-02-20 16:00:00+00:00,26.566,26.566,25.584,26.34,4071.74749234
2023-02-20 20:00:00+00:00,26.348,26.395,25.892,26.219,1303.76257125
2023-02-21 00:00:00+00:00,26.266,26.624,25.808,26.129,8967.07010835
2023-02-21 04:00:00+00:00,26.139,26.322,25.709,26.03,5093.19444649
2023-02-21 08:00:00+00:00,26.02,26.304,24.903,25.081,20847.46600003
2023-02-21 12:00:00+00:00,25.126,25.376,24.782,25.048,27304.56099299
2023-02-21 16:00:00+00:00,25.059,25.51,24.685,25.254,13623.40003831
2023-02-21 20:00:00+00:00,25.281,25.492,24.55,24.997,3040.33590362
2023-02-22 00:00:00+00:00,24.96,25.243,23.912,24.457,20896.87745627
2023-02-22 04:00:00+00:00,24.479,24.479,23.447,23.825,42107.13615647
2023-02-22 08:00:00+00:00,23.792,23.808,23.245,23.592,25832.64287453
2023-02-22 12:00:00+00:00,23.569,23.79,23.25,23.694,10981.71060416
2023-02-22 16:00:00+00:00,23.655,24.152,23.429,23.806,3424.0734378399998
2023-02-22 20:00:00+00:00,23.786,24.34,23.471,24.15,1488.96115441
2023-02-23 00:00:00+00:00,24.176,24.665,23.962,24.433,3939.61789928
2023-02-23 04:00:00+00:00,24.451,24.585,24.232,24.522,1881.77430014
2023-02-23 08:00:00+00:00,24.499,24.634,23.643,23.76,2464.89339861
2023-02-23 12:00:00+00:00,23.75,24.395,23.629,23.884,3436.05401999
2023-02-23 16:00:00+00:00,23.881,24.087,23.636,24.065,1756.85896227
2023-02-23 20:00:00+00:00,24.095,24.232,23.7,23.926,817.60596945
2023-02-24 00:00:00+00:00,23.881,24.144,23.711,23.79,1681.91694503
2023-02-24 04:00:00+00:00,23.812,24.104,23.755,23.989,820.8032166200001
2023-02-24 08:00:00+00:00,23.964,24.084,23.52,23.782,25586.04157508
2023-02-24 12:00:00+00:00,23.785,24.0,22.946,23.066,7929.20167371
2023-02-24 16:00:00+00:00,23.039,23.062,22.533,23.045,8148.81858068
2023-02-24 20:00:00+00:00,23.069,23.349,22.466,23.085,2078.48844393
2023-02-25 00:00:00+00:00,23.089,23.331,22.93,22.946,1453.86851252
2023-02-25 04:00:00+00:00,23.006,23.184,22.826,22.95,1194.03902072
2023-02-25 08:00:00+00:00,22.96,23.046,22.622,22.796,2445.22419404
2023-02-25 12:00:00+00:00,22.788,22.816,22.056,22.351,14641.45198581
2023-02-25 16:00:00+00:00,22.355,22.508,21.71,21.936,10330.13148492
2023-02-25 20:00:00+00:00,21.92,22.5,21.444,22.416,10021.76977027
2023-02-26 00:00:00+00:00,22.364,22.752,22.24,22.679,1649.52121101
2023-02-26 04:00:00+00:00,22.696,22.86,22.509,22.807,1672.62707408
2023-02-26 08:00:00+00:00,22.814,22.995,22.66,22.87,2609.99416647
2023-02-26 12:00:00+00:00,22.85,22.975,22.565,22.951,2344.10118018
2023-02-26 16:00:00+00:00,22.933,23.398,22.683,23.355,4042.48090178
2023-02-26 20:00:00+00:00,23.391,23.527,22.944,23.257,8546.16720179
2023-02-27 00:00:00+00:00,23.254,23.268,22.976,23.035,2265.58251044
2023-02-27 04:00:00+00:00,23.025,23.043,22.771,22.905,2657.71032341
2023-02-27 08:00:00+00:00,22.899,22.971,22.634,22.763,2061.6299508
2023-02-27 12:00:00+00:00,22.73,23.419,22.661,23.078,14513.72640982
2023-02-27 16:00:00+00:00,23.065,23.121,22.323,22.568,6979.80567221
2023-02-27 20:00:00+00:00,22.489,22.8,22.382,22.681,1292.27926491
2023-02-28 00:00:00+00:00,22.684,22.757,22.424,22.608,3227.43661315
2023-02-28 04:00:00+00:00,22.605,22.605,22.074,22.081,2569.2480780299998
2023-02-28 08:00:00+00:00,22.082,22.308,22.05,22.213,1515.83881409
2023-02-28 12:00:00+00:00,22.202,22.608,22.202,22.518,5640.3018515
2023-02-28 16:00:00+00:00,22.572,22.709,22.17,22.199,4047.42216811
2023-02-28 20:00:00+00:00,22.167,22.246,21.784,21.885,1881.40812442
2023-03-01 00:00:00+00:00,21.913,22.416,21.652,22.343,715.18121826
2023-03-01 04:00:00+00:00,22.32,22.709,22.32,22.607,3647.11476637
2023-03-01 08:00:00+00:00,22.623,22.909,22.56,22.687,3225.68340222
2023-03-01 12:00:00+00:00,22.698,22.841,22.526,22.669,6375.17538842
2023-03-01 16:00:00+00:00,22.65,22.65,22.12,22.159,2547.3450672
2023-03-01 20:00:00+00:00,22.139,22.557,22.096,22.542,4315.87087121
2023-03-02 00:00:00+00:00,22.507,22.657,21.892,22.057,1078.81230914
2023-03-02 04:00:00+00:00,22.026,22.176,21.854,21.977,1975.82741686
2023-03-02 08:00:00+00:00,21.951,22.098,21.902,22.071,1592.68553625
2023-03-02 12:00:00+00:00,22.083,22.099,21.66,21.846,2603.14872898
2023-03-02 16:00:00+00:00,21.846,22.154,21.712,22.086,2696.02847663
2023-03-02 20:00:00+00:00,22.11,22.154,21.928,21.987,785.25141689
2023-03-03 00:00:00+00:00,22.01,22.022,20.319,20.853,12086.33252162
2023-03-03 04:00:00+00:00,20.837,21.24,20.829,21.049,2089.56095974
2023-03-03 08:00:00+00:00,21.049,21.22,21.049,21.164,3288.45000416
2023-03-03 12:00:00+00:00,21.14,21.436,21.006,21.248,2839.95713442
2023-03-03 16:00:00+00:00,21.28,21.467,21.17,21.436,1148.13366295
2023-03-03 20:00:00+00:00,21.467,21.52,21.157,21.414,1418.30739912
2023-03-04 00:00:00+00:00,21.397,21.628,21.31,21.321,1394.86997089
2023-03-04 04:00:00+00:00,21.324,21.369,21.023,21.171,451.07746765
2023-03-04 08:00:00+00:00,21.144,21.259,21.094,21.162,307.53947056
2023-03-04 12:00:00+00:00,21.165,21.197,20.93,20.978,588.5880445
2023-03-04 16:00:00+00:00,20.946,21.046,20.6,20.673,2067.3844197500002
2023-03-04 20:00:00+00:00,20.68,20.999,20.195,20.976,39518.34883098
2023-03-05 00:00:00+00:00,20.969,21.67,20.964,21.336,3371.05357524
2023-03-05 04:00:00+00:00,21.351,21.435,21.217,21.301,460.88823176
2023-03-05 08:00:00+00:00,21.329,21.382,21.153,21.197,532.3532593900001
2023-03-05 12:00:00+00:00,21.234,21.357,21.176,21.285,353.27471863
2023-03-05 16:00:00+00:00,21.307,21.328,21.01,21.124,693.45246737
2023-03-05 20:00:00+00:00,21.095,21.329,20.842,20.972,1082.43925733
2023-03-06 00:00:00+00:00,20.943,21.074,20.671,20.925,1116.67785634
2023-03-06 04:00:00+00:00,20.9,20.962,20.593,20.768,3182.21696037
2023-03-06 08:00:00+00:00,20.758,20.786,20.621,20.76,396.78839837
2023-03-06 12:00:00+00:00,20.754,21.071,20.671,21.035,4119.67356012
2023-03-06 16:00:00+00:00,21.117,21.179,20.752,20.759,1143.88528835
2023-03-06 20:00:00+00:00,20.767,20.769,20.46,20.631,1330.3221491699999
2023-03-07 00:00:00+00:00,20.63,20.972,20.431,20.794,683.49890907
2023-03-07 04:00:00+00:00,20.801,20.854,20.689,20.71,516.86637653
2023-03-07 08:00:00+00:00,20.684,20.73,20.28,20.298,4137.10685792
2023-03-07 12:00:00+00:00,20.325,20.656,19.93,20.461,8825.74738189
2023-03-07 16:00:00+00:00,20.421,20.499,19.968,19.999,2724.2904912
2023-03-07 20:00:00+00:00,20.024,20.281,19.708,20.251,5042.93576037
2023-03-08 00:00:00+00:00,20.272,20.388,19.842,19.988,3554.49198476
2023-03-08 04:00:00+00:00,20.012,20.071,19.132,19.167,8481.20013311
2023-03-08 08:00:00+00:00,19.218,19.539,19.175,19.338,4228.72621124
2023-03-08 12:00:00+00:00,19.349,19.36,18.652,19.251,12291.95537837
2023-03-08 16:00:00+00:00,19.228,19.42,18.475,18.698,12445.14171765
2023-03-08 20:00:00+00:00,18.71,18.979,18.121,18.427,7864.30268479
2023-03-09 00:00:00+00:00,18.45,18.674,18.378,18.584,2406.37212568
2023-03-09 04:00:00+00:00,18.607,18.778,18.49,18.512,4479.18154375
2023-03-09 08:00:00+00:00,18.51,18.608,18.245,18.541,4720.58392638
2023-03-09 12:00:00+00:00,18.558,18.685,18.154,18.387,10395.01723657
2023-03-09 16:00:00+00:00,18.373,18.389,17.522,17.738,27308.65091139
2023-03-09 20:00:00+00:00,17.738,17.738,16.722,17.332,31571.78906795
2023-03-10 00:00:00+00:00,17.339,17.374,16.789,17.163,14038.00943857
2023-03-10 04:00:00+00:00,17.179,17.183,16.631,16.997,12372.90072161
2023-03-10 08:00:00+00:00,16.999,17.019,16.012,16.717,18477.15384138
2023-03-10 12:00:00+00:00,16.719,17.924,16.635,17.685,26400.11320743
2023-03-10 16:00:00+00:00,17.685,17.973,17.431,17.77,12189.914179
2023-03-10 20:00:00+00:00,17.764,18.39,17.485,18.23,27700.68050218
2023-03-11 00:00:00+00:00,18.172,18.988,18.103,18.275,31777.55843461
2023-03-11 04:00:00+00:00,18.267,18.343,17.056,17.145,20424.62704299
2023-03-11 08:00:00+00:00,17.103,17.791,17.011,17.478,20879.28080677
2023-03-11 12:00:00+00:00,17.468,17.614,17.146,17.232,8526.16759145
2023-03-11 16:00:00+00:00,17.22,18.024,17.07,18.019,11407.16099458
2023-03-11 20:00:00+00:00,18.053,18.27,17.91,18.127,18102.57328204
2023-03-12 00:00:00+00:00,18.139,18.196,17.839,17.989,6016.51628406
2023-03-12 04:00:00+00:00,17.98,18.159,17.766,17.91,2735.6366078
2023-03-12 08:00:00+00:00,17.878,18.337,17.864,18.193,3378.01427824
2023-03-12 12:00:00+00:00,18.172,18.172,17.798,17.924,8047.11395759
2023-03-12 16:00:00+00:00,17.898,18.924,17.882,18.441,28647.44440412
2023-03-12 20:00:00+00:00,18.479,20.59,18.479,20.214,26649.05563722
2023-03-13 00:00:00+00:00,20.328,20.608,19.504,19.569,12309.31460109
2023-03-13 04:00:00+00:00,19.612,19.871,19.577,19.829,3793.57415449
2023-03-13 08:00:00+00:00,19.818,19.833,19.0,19.262,12568.54924511
2023-03-13 12:00:00+00:00,19.259,21.479,18.888,20.79,43496.96080068
2023-03-13 16:00:00+00:00,20.854,21.059,20.385,20.57,15979.67599724
2023-03-13 20:00:00+00:00,20.589,20.706,20.211,20.462,8735.23281075
2023-03-14 00:00:00+00:00,20.473,20.56,20.237,20.499,10357.14176176
2023-03-14 04:00:00+00:00,20.486,20.735,20.005,20.084,7586.47086069
2023-03-14 08:00:00+00:00,20.108,20.262,19.812,20.209,9425.21980826
2023-03-14 12:00:00+00:00,20.184,22.187,20.122,21.965,39903.34598548
2023-03-14 16:00:00+00:00,21.988,22.07,20.413,20.978,28303.19627994
2023-03-14 20:00:00+00:00,20.981,21.08,20.296,20.916,11416.1005107
2023-03-15 00:00:00+00:00,20.909,21.259,20.625,21.1,13498.44067891
2023-03-15 04:00:00+00:00,21.102,21.492,21.029,21.285,4951.64587959
2023-03-15 08:00:00+00:00,21.276,21.276,20.232,20.639,8984.28705267
2023-03-15 12:00:00+00:00,20.644,21.08,19.13,19.293,35095.88669961
2023-03-15 16:00:00+00:00,19.293,19.45,18.788,19.119,33285.20511872
2023-03-15 20:00:00+00:00,19.113,19.535,19.056,19.275,7101.84471522
2023-03-16 00:00:00+00:00,19.277,19.518,18.918,19.379,8013.23221568
2023-03-16 04:00:00+00:00,19.356,19.639,19.114,19.528,5380.63574039
2023-03-16 08:00:00+00:00,19.58,19.846,19.32,19.699,8092.02217468
2023-03-16 12:00:00+00:00,19.691,19.748,19.08,19.633,17852.14581373
2023-03-16 16:00:00+00:00,19.636,19.935,19.311,19.83,7842.35216824
2023-03-16 20:00:00+00:00,19.814,19.829,19.326,19.721,4621.57119024
2023-03-17 00:00:00+00:00,19.703,20.317,19.47,20.044,9995.74107604
2023-03-17 04:00:00+00:00,20.028,20.296,19.94,20.047,4607.91552478
2023-03-17 08:00:00+00:00,20.019,20.715,19.978,20.661,12264.84351714
2023-03-17 12:00:00+00:00,20.663,20.663,19.811,20.004,8384.06666291
2023-03-17 16:00:00+00:00,20.045,20.629,19.919,20.552,7033.90092346
2023-03-17 20:00:00+00:00,20.557,21.655,20.355,21.612,22226.89988592
2023-03-18 00:00:00+00:00,21.597,22.946,21.278,22.658,27932.31351868
2023-03-18 04:00:00+00:00,22.652,22.831,22.121,22.209,13877.21589605
2023-03-18 08:00:00+00:00,22.15,22.491,21.806,22.473,9135.76803588
2023-03-18 12:00:00+00:00,22.491,22.499,21.447,21.826,12570.85452121
2023-03-18 16:00:00+00:00,21.811,22.34,21.18,21.952,17573.35665681
2023-03-18 20:00:00+00:00,21.931,22.186,21.06,21.218,8570.61727164
2023-03-19 00:00:00+00:00,21.219,21.852,21.219,21.829,3868.9263457
2023-03-19 04:00:00+00:00,21.806,21.93,21.292,21.505,4757.06083604
2023-03-19 08:00:00+00:00,21.552,21.779,21.233,21.772,4551.00013448
2023-03-19 12:00:00+00:00,21.717,22.111,21.493,22.007,7287.49587518
2023-03-19 16:00:00+00:00,22.01,22.4,21.984,22.197,17722.74071283
2023-03-19 20:00:00+00:00,22.203,22.28,21.683,21.86,9578.32087858
2023-03-20 00:00:00+00:00,21.873,22.957,21.603,21.661,22515.73533467
2023-03-20 04:00:00+00:00,21.669,23.16,21.33,23.06,15182.88416443
2023-03-20 08:00:00+00:00,23.139,23.589,22.9,23.349,21995.14041808
2023-03-20 12:00:00+00:00,23.243,23.9,22.934,23.207,9114.74499536
2023-03-20 16:00:00+00:00,23.213,23.408,21.826,22.142,12130.39663369
2023-03-20 20:00:00+00:00,22.149,22.775,22.045,22.137,9612.74921671
2023-03-21 00:00:00+00:00,22.139,22.752,22.011,22.448,8734.95078798
2023-03-21 04:00:00+00:00,22.448,22.628,21.697,21.977,4495.63660333
2023-03-21 08:00:00+00:00,21.942,22.495,21.522,22.463,8047.42251121
2023-03-21 12:00:00+00:00,22.488,23.306,22.37,22.91,12885.60479315
2023-03-21 16:00:00+00:00,22.884,23.216,22.113,22.554,9227.78866098
2023-03-21 20:00:00+00:00,22.539,22.656,22.234,22.585,4249.16648669
2023-03-22 00:00:00+00:00,22.536,22.536,22.013,22.32,4300.42209977
2023-03-22 04:00:00+00:00,22.342,22.552,22.203,22.343,2423.1420819
2023-03-22 08:00:00+00:00,22.282,22.712,22.114,22.509,3759.98064219
2023-03-22 12:00:00+00:00,22.522,23.096,22.334,22.586,12661.70447533
2023-03-22 16:00:00+00:00,22.596,22.943,20.943,21.102,22425.11974107
2023-03-22 20:00:00+00:00,21.109,21.84,20.981,21.418,4512.62782225
2023-03-23 00:00:00+00:00,21.397,21.601,21.079,21.28,3991.03985167
2023-03-23 04:00:00+00:00,21.254,21.711,21.199,21.692,1473.84701717
2023-03-23 08:00:00+00:00,21.778,21.823,21.608,21.767,4267.1474673
2023-03-23 12:00:00+00:00,21.748,22.663,21.405,22.403,23435.38421323
2023-03-23 16:00:00+00:00,22.43,22.742,21.702,22.108,6432.51370673
2023-03-23 20:00:00+00:00,22.102,22.262,21.903,22.21,1736.59637428
2023-03-24 00:00:00+00:00,22.185,22.271,22.021,22.094,1065.03855866
2023-03-24 04:00:00+00:00,22.068,22.14,21.883,22.012,1194.73097275
2023-03-24 08:00:00+00:00,21.979,22.003,21.089,21.443,22808.79143904
2023-03-24 12:00:00+00:00,21.418,21.73,20.984,21.198,26500.21275978
2023-03-24 16:00:00+00:00,21.23,21.31,20.289,20.759,7560.9036858399995
2023-03-24 20:00:00+00:00,20.759,20.814,20.335,20.657,11325.39417743
2023-03-25 00:00:00+00:00,20.642,20.938,20.633,20.734,2449.36379551
2023-03-25 04:00:00+00:00,20.734,20.82,20.511,20.633,1212.92900371
2023-03-25 08:00:00+00:00,20.617,20.708,20.421,20.683,837.9441298
2023-03-25 12:00:00+00:00,20.703,20.977,20.576,20.929,4344.32768675
2023-03-25 16:00:00+00:00,20.877,20.911,20.089,20.166,8717.29168548
2023-03-25 20:00:00+00:00,20.156,20.46,20.12,20.427,1366.91085037
2023-03-26 00:00:00+00:00,20.394,20.76,20.296,20.69,723.39401648
2023-03-26 04:00:00+00:00,20.663,20.888,20.641,20.774,327.07365067
2023-03-26 08:00:00+00:00,20.76,20.968,20.71,20.855,1378.14532231
2023-03-26 12:00:00+00:00,20.855,21.152,20.755,20.837,5773.70516036
2023-03-26 16:00:00+00:00,20.804,21.012,20.643,20.93,966.56108706
2023-03-26 20:00:00+00:00,20.913,21.09,20.752,20.943,1387.0025926
2023-03-27 00:00:00+00:00,20.954,20.986,20.561,20.717,1493.07603475
2023-03-27 04:00:00+00:00,20.689,20.744,20.361,20.442,986.95607574
2023-03-27 08:00:00+00:00,20.406,20.644,20.35,20.63,3537.35105208
2023-03-27 12:00:00+00:00,20.607,20.702,19.311,19.778,21292.42912975
2023-03-27 16:00:00+00:00,19.785,19.975,19.599,19.68,4772.98516673
2023-03-27 20:00:00+00:00,19.683,19.94,19.581,19.911,1071.72238907
2023-03-28 00:00:00+00:00,19.887,19.984,19.6,19.729,1921.88795869
2023-03-28 04:00:00+00:00,19.758,20.07,19.724,19.867,1193.43755327
2023-03-28 08:00:00+00:00,19.889,20.201,19.63,20.094,3731.77333067
2023-03-28 12:00:00+00:00,20.127,20.389,19.823,20.232,3610.79010827
2023-03-28 16:00:00+00:00,20.202,20.88,20.03,20.684,4776.86284519
2023-03-28 20:00:00+00:00,20.684,20.722,20.241,20.449,6352.22217093
2023-03-29 00:00:00+00:00,20.464,20.839,20.453,20.648,3099.70935282
2023-03-29 04:00:00+00:00,20.665,21.277,20.628,21.209,5778.77163568
2023-03-29 08:00:00+00:00,21.23,21.556,21.115,21.204,3755.53712201
2023-03-29 12:00:00+00:00,21.197,21.35,20.945,21.268,2922.07472638
2023-03-29 16:00:00+00:00,21.252,21.252,20.958,21.194,1588.62711736
2023-03-29 20:00:00+00:00,21.177,21.324,20.918,21.1,1607.5236542
2023-03-30 00:00:00+00:00,21.129,21.665,20.597,21.081,9003.77773119
2023-03-30 04:00:00+00:00,21.039,21.219,20.85,21.013,3648.40533429
2023-03-30 08:00:00+00:00,21.041,21.045,20.518,20.692,12342.30355861
2023-03-30 12:00:00+00:00,20.692,20.692,20.429,20.523,32921.08252293
2023-03-30 16:00:00+00:00,20.522,20.522,20.159,20.479,5996.53507041
2023-03-30 20:00:00+00:00,20.46,20.719,20.377,20.538,1407.08764932
2023-03-31 00:00:00+00:00,20.559,20.72,20.428,20.556,2364.36363911
2023-03-31 04:00:00+00:00,20.526,20.6,20.02,20.297,4487.26986241
2023-03-31 08:00:00+00:00,20.311,20.402,20.217,20.325,1266.32134941
2023-03-31 12:00:00+00:00,20.333,20.987,20.22,20.85,10253.83035386
2023-03-31 16:00:00+00:00,20.873,21.0,20.691,20.976,5932.09288475
2023-03-31 20:00:00+00:00,20.983,21.48,20.837,21.169,5154.48214922
2023-04-01 00:00:00+00:00,21.188,21.327,20.917,21.033,2629.90644747
2023-04-01 04:00:00+00:00,21.055,21.261,20.839,21.013,3381.22368053
2023-04-01 08:00:00+00:00,21.0,21.098,20.922,20.966,2103.37193406
2023-04-01 12:00:00+00:00,21.01,21.079,20.858,20.938,1963.62377584
2023-04-01 16:00:00+00:00,20.946,21.018,20.739,20.944,1918.74146682
2023-04-01 20:00:00+00:00,20.967,21.227,20.967,21.066,1346.00822313
2023-04-02 00:00:00+00:00,21.087,21.149,20.89,21.03,748.29079978
2023-04-02 04:00:00+00:00,21.009,21.317,20.935,21.187,5297.55799787
2023-04-02 08:00:00+00:00,21.18,21.208,20.971,20.991,1199.80381232
2023-04-02 12:00:00+00:00,20.961,20.996,20.408,20.596,9657.13598174
2023-04-02 16:00:00+00:00,20.535,20.665,20.202,20.328,3964.05105621
2023-04-02 20:00:00+00:00,20.323,20.566,20.274,20.519,981.73105276
2023-04-03 00:00:00+00:00,20.49,20.545,19.96,20.04,3486.01584816
2023-04-03 04:00:00+00:00,20.037,20.246,19.999,20.246,1023.30307334
2023-04-03 08:00:00+00:00,20.266,20.59,20.266,20.405,2351.90480216
2023-04-03 12:00:00+00:00,20.403,20.603,20.062,20.33,3558.03334893
2023-04-03 16:00:00+00:00,20.305,20.951,20.155,20.895,8542.57471149
2023-04-03 20:00:00+00:00,20.912,20.99,20.045,20.441,6906.80174603
2023-04-04 00:00:00+00:00,20.463,20.57,20.297,20.443,3768.56808752
2023-04-04 04:00:00+00:00,20.428,20.639,20.331,20.53,1246.35326969
2023-04-04 08:00:00+00:00,20.507,20.993,20.479,20.978,3309.07743455
2023-04-04 12:00:00+00:00,20.994,21.247,20.684,20.877,6105.70452647
2023-04-04 16:00:00+00:00,20.853,21.017,20.771,20.933,803.44037012
2023-04-04 20:00:00+00:00,20.969,21.07,20.82,20.911,1785.03097737
2023-04-05 00:00:00+00:00,20.936,21.339,20.846,21.111,3624.96157044
2023-04-05 04:00:00+00:00,21.142,21.303,21.112,21.195,3146.21421478
2023-04-05 08:00:00+00:00,21.181,21.262,21.077,21.191,1500.7712392399999
2023-04-05 12:00:00+00:00,21.196,21.233,20.579,20.816,6588.85603471
2023-04-05 16:00:00+00:00,20.774,20.953,20.621,20.883,2316.13937329
2023-04-05 20:00:00+00:00,20.92,21.023,20.807,20.957,657.07054913
2023-04-06 00:00:00+00:00,20.96,20.986,20.52,20.814,1364.89338729
2023-04-06 04:00:00+00:00,20.782,20.808,20.618,20.624,1323.1812441
2023-04-06 08:00:00+00:00,20.613,20.734,20.452,20.647,4002.56120049
2023-04-06 12:00:00+00:00,20.659,20.805,20.458,20.773,1861.6225858
2023-04-06 16:00:00+00:00,20.746,20.857,20.612,20.707,726.461593
2023-04-06 20:00:00+00:00,20.715,20.778,20.517,20.579,1054.34984944
2023-04-07 00:00:00+00:00,20.6,20.754,20.378,20.555,1757.52391932
2023-04-07 04:00:00+00:00,20.529,20.529,20.21,20.258,4255.06367651
2023-04-07 08:00:00+00:00,20.253,20.423,20.219,20.266,1020.64535942
2023-04-07 12:00:00+00:00,20.264,20.632,20.264,20.522,1387.87128783
2023-04-07 16:00:00+00:00,20.513,20.564,20.423,20.477,1175.39625213
2023-04-07 20:00:00+00:00,20.462,20.514,20.329,20.473,336.85557181
2023-04-08 00:00:00+00:00,20.43,20.482,20.252,20.482,746.73816982
2023-04-08 04:00:00+00:00,20.497,20.735,20.444,20.6,1848.24592573
2023-04-08 08:00:00+00:00,20.613,20.636,20.512,20.573,545.55308734
2023-04-08 12:00:00+00:00,20.567,20.567,20.303,20.467,694.64246738
2023-04-08 16:00:00+00:00,20.422,20.434,20.038,20.178,2913.70074604
2023-04-08 20:00:00+00:00,20.17,20.215,19.818,20.019,2908.09256849
2023-04-09 00:00:00+00:00,20.005,20.214,20.005,20.093,399.57285439000003
2023-04-09 04:00:00+00:00,20.092,20.22,19.845,20.006,1365.5809268799999
2023-04-09 08:00:00+00:00,20.008,20.18,19.959,20.18,275.18451207
2023-04-09 12:00:00+00:00,20.18,20.312,19.986,20.123,2628.74858221
2023-04-09 16:00:00+00:00,20.119,20.409,20.058,20.287,1842.27296711
2023-04-09 20:00:00+00:00,20.262,20.43,20.191,20.289,1697.09684048
2023-04-10 00:00:00+00:00,20.255,20.346,20.121,20.253,509.87982304
2023-04-10 04:00:00+00:00,20.273,20.337,20.195,20.203,316.93882636
2023-04-10 08:00:00+00:00,20.24,20.358,20.216,20.277,3171.27591202
2023-04-10 12:00:00+00:00,20.244,20.289,20.073,20.221,1297.30580666
2023-04-10 16:00:00+00:00,20.221,20.696,20.158,20.681,4716.3995235
2023-04-10 20:00:00+00:00,20.683,20.933,20.528,20.868,2129.61700842
2023-04-11 00:00:00+00:00,20.873,21.283,20.828,21.263,10147.22465711
2023-04-11 04:00:00+00:00,21.273,22.682,21.221,22.456,19259.05655182
2023-04-11 08:00:00+00:00,22.477,22.569,22.213,22.213,8381.48908562
2023-04-11 12:00:00+00:00,22.233,23.468,22.142,23.292,27382.17142141
2023-04-11 16:00:00+00:00,23.258,23.673,23.077,23.415,11522.95306723
2023-04-11 20:00:00+00:00,23.393,23.458,22.807,22.975,5571.61410272
2023-04-12 00:00:00+00:00,23.002,23.53,22.327,22.604,8449.61729404
2023-04-12 04:00:00+00:00,22.572,24.053,22.529,23.673,7596.28131192
2023-04-12 08:00:00+00:00,23.712,23.867,23.287,23.518,12175.77459866
2023-04-12 12:00:00+00:00,23.492,24.48,23.271,23.601,25925.74298341
2023-04-12 16:00:00+00:00,23.609,24.364,23.536,23.9,25302.03430096
2023-04-12 20:00:00+00:00,23.894,24.156,23.631,23.768,5902.42331886
2023-04-13 00:00:00+00:00,23.83,24.099,23.65,24.01,3627.33683773
2023-04-13 04:00:00+00:00,23.953,24.29,23.901,24.124,4727.43049901
2023-04-13 08:00:00+00:00,24.14,24.507,23.925,24.325,8229.37630074
2023-04-13 12:00:00+00:00,24.332,25.278,24.27,24.631,13504.28926354
2023-04-13 16:00:00+00:00,24.623,24.892,24.385,24.725,5577.65761843
2023-04-13 20:00:00+00:00,24.75,24.767,24.315,24.431,3688.1004026699998
2023-04-14 00:00:00+00:00,24.434,25.33,24.212,25.07,16948.68140724
2023-04-14 04:00:00+00:00,25.114,25.488,24.856,24.9,23485.53521004
2023-04-14 08:00:00+00:00,24.931,25.13,24.831,25.023,6226.35801147
2023-04-14 12:00:00+00:00,24.955,25.073,23.813,23.835,18386.14651314
2023-04-14 16:00:00+00:00,23.828,24.728,23.75,24.51,8874.74392378
2023-04-14 20:00:00+00:00,24.529,24.983,24.436,24.715,6344.98410958
2023-04-15 00:00:00+00:00,24.706,24.792,24.145,24.266,5002.0530932
2023-04-15 04:00:00+00:00,24.24,24.492,24.01,24.472,2663.15379032
2023-04-15 08:00:00+00:00,24.421,24.5,24.233,24.341,2706.46573566
2023-04-15 12:00:00+00:00,24.345,24.509,24.167,24.327,3458.90207767
2023-04-15 16:00:00+00:00,24.299,24.388,23.834,24.036,8795.15356741
2023-04-15 20:00:00+00:00,24.03,24.128,23.805,24.054,1886.59055241
2023-04-16 00:00:00+00:00,24.021,24.469,23.822,24.3,5605.76362873
2023-04-16 04:00:00+00:00,24.291,24.425,24.189,24.23,1622.88811036
2023-04-16 08:00:00+00:00,24.24,24.292,23.986,24.05,1547.91714843
2023-04-16 12:00:00+00:00,24.037,24.37,23.976,24.331,2082.65886404
2023-04-16 16:00:00+00:00,24.264,24.838,24.2,24.541,7664.52583176
2023-04-16 20:00:00+00:00,24.533,25.471,24.302,25.337,24016.99366566
2023-04-17 00:00:00+00:00,25.347,25.986,24.797,25.768,20903.34009474
2023-04-17 04:00:00+00:00,25.795,25.943,25.086,25.116,9334.36137266
2023-04-17 08:00:00+00:00,25.128,25.367,24.66,24.933,10507.95832741
2023-04-17 12:00:00+00:00,24.914,25.449,24.334,24.551,18286.37375681
2023-04-17 16:00:00+00:00,24.534,24.908,24.344,24.726,8723.6703578
2023-04-17 20:00:00+00:00,24.748,24.792,24.479,24.576,2919.49611916
2023-04-18 00:00:00+00:00,24.559,24.667,24.002,24.445,5794.18577253
2023-04-18 04:00:00+00:00,24.417,25.163,24.371,25.084,5519.62981263
2023-04-18 08:00:00+00:00,25.106,25.458,24.906,25.373,28757.1710211
2023-04-18 12:00:00+00:00,25.362,25.416,24.859,24.948,8419.77069895
2023-04-18 16:00:00+00:00,24.93,25.008,24.46,24.7,7820.39046365
2023-04-18 20:00:00+00:00,24.69,24.926,24.598,24.814,3896.77467869
2023-04-19 00:00:00+00:00,24.778,24.982,24.558,24.587,11647.72354458
2023-04-19 04:00:00+00:00,24.611,24.773,24.255,24.357,5412.37452374
2023-04-19 08:00:00+00:00,24.353,24.353,21.452,23.223,54822.4294363
2023-04-19 12:00:00+00:00,23.221,23.546,22.935,23.312,12339.56780493
2023-04-19 16:00:00+00:00,23.34,23.5,22.883,22.992,10843.52893455
2023-04-19 20:00:00+00:00,22.999,23.166,22.13,22.713,23188.50011049
2023-04-20 00:00:00+00:00,22.675,23.099,22.415,22.864,7752.55538781
2023-04-20 04:00:00+00:00,22.858,23.089,22.597,22.637,6861.43302681
2023-04-20 08:00:00+00:00,22.633,22.843,22.267,22.329,6688.99575019
2023-04-20 12:00:00+00:00,22.326,23.188,22.089,22.15,12461.65395247
2023-04-20 16:00:00+00:00,22.132,22.435,21.613,21.793,20113.27679909
2023-04-20 20:00:00+00:00,21.76,22.305,21.69,22.191,9396.0159882
2023-04-21 00:00:00+00:00,22.201,22.403,22.005,22.325,5551.66522476
2023-04-21 04:00:00+00:00,22.315,22.354,21.83,22.289,5394.42493144
2023-04-21 08:00:00+00:00,22.277,22.393,21.956,22.032,4402.96026203
2023-04-21 12:00:00+00:00,22.019,22.304,21.801,21.83,12257.20470394
2023-04-21 16:00:00+00:00,21.894,21.932,20.928,21.238,16502.51598119
2023-04-21 20:00:00+00:00,21.219,21.444,21.012,21.286,15591.94970458
2023-04-22 00:00:00+00:00,21.26,21.407,21.084,21.397,4397.61130148
2023-04-22 04:00:00+00:00,21.401,21.508,21.251,21.276,6586.46613295
2023-04-22 08:00:00+00:00,21.304,21.403,21.221,21.391,1039.19112848
2023-04-22 12:00:00+00:00,21.414,21.751,21.376,21.736,4972.91159099
2023-04-22 16:00:00+00:00,21.757,21.952,21.639,21.787,5907.0122855
2023-04-22 20:00:00+00:00,21.778,22.005,21.703,21.813,2648.21929619
2023-04-23 00:00:00+00:00,21.791,21.806,21.451,21.714,4518.90083539
2023-04-23 04:00:00+00:00,21.716,22.145,21.705,22.09,3518.84384565
2023-04-23 08:00:00+00:00,22.095,22.217,21.943,22.142,5039.58776072
2023-04-23 12:00:00+00:00,22.194,22.266,21.5,21.669,6987.37875677
2023-04-23 16:00:00+00:00,21.655,21.7,20.922,21.247,10441.70662897
2023-04-23 20:00:00+00:00,21.198,21.561,21.103,21.483,3973.11618259
2023-04-24 00:00:00+00:00,21.489,22.022,21.296,21.698,6589.04267605
2023-04-24 04:00:00+00:00,21.69,21.782,21.201,21.268,5632.15360877
2023-04-24 08:00:00+00:00,21.311,21.752,21.142,21.752,5767.38233005
2023-04-24 12:00:00+00:00,21.76,21.996,21.31,21.35,9281.96819948
2023-04-24 16:00:00+00:00,21.36,21.549,21.009,21.324,5920.06215149
2023-04-24 20:00:00+00:00,21.326,21.473,21.291,21.408,1655.56537557
2023-04-25 00:00:00+00:00,21.396,21.475,20.824,20.88,9853.14093621
2023-04-25 04:00:00+00:00,20.883,21.15,20.845,20.905,2917.18112919
2023-04-25 08:00:00+00:00,20.918,21.062,20.736,21.025,6864.33077882
2023-04-25 12:00:00+00:00,21.037,21.157,20.77,20.892,6102.31486714
2023-04-25 16:00:00+00:00,20.892,21.297,20.788,21.172,6680.40364498
2023-04-25 20:00:00+00:00,21.185,21.987,21.181,21.921,6467.87153259
2023-04-26 00:00:00+00:00,21.953,22.098,21.77,21.827,2327.06354185
2023-04-26 04:00:00+00:00,21.832,22.2,21.832,21.91,4258.36947976
2023-04-26 08:00:00+00:00,21.968,22.64,21.946,22.45,7060.62518698
2023-04-26 12:00:00+00:00,22.478,22.967,22.477,22.688,18799.31267291
2023-04-26 16:00:00+00:00,22.698,22.845,20.83,21.113,18749.20790863
2023-04-26 20:00:00+00:00,21.096,21.532,20.37,21.279,16950.15973501
2023-04-27 00:00:00+00:00,21.282,22.07,21.202,21.614,15236.46393217
2023-04-27 04:00:00+00:00,21.622,22.007,21.53,21.693,3207.25782782
2023-04-27 08:00:00+00:00,21.662,21.759,21.541,21.629,5180.95619397
2023-04-27 12:00:00+00:00,21.665,22.454,21.354,22.265,7962.63231937
2023-04-27 16:00:00+00:00,22.299,22.497,22.03,22.335,18101.3560903
2023-04-27 20:00:00+00:00,22.336,22.497,22.126,22.327,4698.26399847
2023-04-28 00:00:00+00:00,22.361,22.666,22.201,22.306,3535.26699616
2023-04-28 04:00:00+00:00,22.319,22.652,22.311,22.617,2462.21671551
2023-04-28 08:00:00+00:00,22.615,22.864,22.346,22.523,8108.31344209
2023-04-28 12:00:00+00:00,22.497,22.739,22.181,22.403,10817.86006783
2023-04-28 16:00:00+00:00,22.41,23.491,22.41,23.34,19583.6690721
2023-04-28 20:00:00+00:00,23.336,23.529,23.152,23.364,17753.58524938
2023-04-29 00:00:00+00:00,23.373,23.495,23.241,23.351,7078.95627645
2023-04-29 04:00:00+00:00,23.366,23.4,23.15,23.306,1870.95994428
2023-04-29 08:00:00+00:00,23.3,23.367,23.2,23.328,1969.20431647
2023-04-29 12:00:00+00:00,23.329,23.901,23.283,23.379,12748.79946059
2023-04-29 16:00:00+00:00,23.357,23.408,22.913,23.32,4958.40156217
2023-04-29 20:00:00+00:00,23.315,23.315,22.949,23.21,5304.4161247
2023-04-30 00:00:00+00:00,23.208,23.214,23.011,23.129,1945.03295441
2023-04-30 04:00:00+00:00,23.162,23.499,23.103,23.45,2458.49933952
2023-04-30 08:00:00+00:00,23.473,23.745,23.466,23.51,4792.74470126
2023-04-30 12:00:00+00:00,23.509,24.002,23.357,23.701,5286.33697729
2023-04-30 16:00:00+00:00,23.712,23.898,23.067,23.199,7216.61393988
2023-04-30 20:00:00+00:00,23.194,23.224,22.693,22.693,6125.9123542
2023-05-01 00:00:00+00:00,22.765,22.897,21.96,22.198,13603.31605666
2023-05-01 04:00:00+00:00,22.197,22.396,22.016,22.342,2916.55724601
2023-05-01 08:00:00+00:00,22.337,22.374,22.196,22.261,1188.59063901
2023-05-01 12:00:00+00:00,22.213,22.331,21.784,21.914,9237.59851675
2023-05-01 16:00:00+00:00,21.879,21.999,21.57,21.765,9527.82232823
2023-05-01 20:00:00+00:00,21.754,22.079,21.612,21.996,6103.63837552
2023-05-02 00:00:00+00:00,21.929,22.042,21.76,21.894,2167.24579515
2023-05-02 04:00:00+00:00,21.88,21.995,21.768,21.9,1408.57332398
2023-05-02 08:00:00+00:00,21.911,22.01,21.821,21.955,2282.61888708
2023-05-02 12:00:00+00:00,21.994,22.316,21.784,22.209,7662.62833958
2023-05-02 16:00:00+00:00,22.204,22.392,22.13,22.323,3497.53542204
2023-05-02 20:00:00+00:00,22.328,22.342,22.181,22.259,6320.20709951
2023-05-03 00:00:00+00:00,22.258,22.26,21.753,21.898,4079.58577488
2023-05-03 04:00:00+00:00,21.889,22.012,21.621,21.758,7671.89276967
2023-05-03 08:00:00+00:00,21.732,21.835,21.368,21.406,3862.82127365
2023-05-03 12:00:00+00:00,21.396,21.491,21.267,21.348,7387.61162921
2023-05-03 16:00:00+00:00,21.333,21.711,21.287,21.475,5769.50832996
2023-05-03 20:00:00+00:00,21.418,22.311,21.418,22.22,8369.62134119
2023-05-04 00:00:00+00:00,22.263,22.498,22.156,22.259,6917.57990357
2023-05-04 04:00:00+00:00,22.269,22.339,22.129,22.136,1047.38383821
2023-05-04 08:00:00+00:00,22.151,22.428,22.112,22.248,2265.87017819
2023-05-04 12:00:00+00:00,22.272,22.344,21.783,21.854,4746.19591589
2023-05-04 16:00:00+00:00,21.829,21.93,21.629,21.757,4205.864132
2023-05-04 20:00:00+00:00,21.747,21.788,21.638,21.738,1115.20336341
2023-05-05 00:00:00+00:00,21.742,22.124,21.7,21.905,4354.98033343
2023-05-05 04:00:00+00:00,21.942,22.025,21.689,21.788,2487.97533179
2023-05-05 08:00:00+00:00,21.808,22.039,21.803,22.018,2728.24434849
2023-05-05 12:00:00+00:00,22.037,22.515,21.579,22.336,14103.24941641
2023-05-05 16:00:00+00:00,22.35,22.966,22.35,22.931,11478.14183421
2023-05-05 20:00:00+00:00,22.898,23.071,22.794,22.825,4223.30909244
2023-05-06 00:00:00+00:00,22.876,23.26,22.663,22.758,6791.69072833
2023-05-06 04:00:00+00:00,22.746,22.814,22.556,22.648,2950.06913906
2023-05-06 08:00:00+00:00,22.658,22.697,22.485,22.692,2914.65861706
2023-05-06 12:00:00+00:00,22.676,22.703,21.573,21.831,12346.74567195
2023-05-06 16:00:00+00:00,21.809,22.217,21.784,22.031,3715.21218781
2023-05-06 20:00:00+00:00,22.024,22.054,21.882,21.98,2605.29468441
2023-05-07 00:00:00+00:00,21.958,22.069,21.757,21.901,3230.86373752
2023-05-07 04:00:00+00:00,21.927,22.094,21.927,22.083,568.35745418
2023-05-07 08:00:00+00:00,22.11,22.295,21.987,22.193,1585.20736139
2023-05-07 12:00:00+00:00,22.172,22.593,22.168,22.491,3022.69182569
2023-05-07 16:00:00+00:00,22.523,22.819,22.413,22.488,7453.26523138
2023-05-07 20:00:00+00:00,22.486,22.586,21.683,21.713,5982.26744612
2023-05-08 00:00:00+00:00,21.681,21.851,20.788,21.36,16823.70926876
2023-05-08 04:00:00+00:00,21.326,21.466,20.972,21.247,5947.4459804
2023-05-08 08:00:00+00:00,21.258,21.345,21.099,21.269,12730.1935122
2023-05-08 12:00:00+00:00,21.297,21.411,21.112,21.181,6747.41458176
2023-05-08 16:00:00+00:00,21.157,21.216,20.011,20.415,27481.11033039
2023-05-08 20:00:00+00:00,20.413,20.766,20.363,20.69,11364.06667192
2023-05-09 00:00:00+00:00,20.657,20.82,20.552,20.681,4543.99776037
2023-05-09 04:00:00+00:00,20.663,20.727,20.442,20.718,5721.724207
2023-05-09 08:00:00+00:00,20.706,20.835,20.553,20.81,2950.54306332
2023-05-09 12:00:00+00:00,20.848,21.018,20.525,20.599,7208.54974044
2023-05-09 16:00:00+00:00,20.57,20.856,20.44,20.64,4994.42105102
2023-05-09 20:00:00+00:00,20.649,20.738,20.459,20.694,2586.73529775
2023-05-10 00:00:00+00:00,20.653,20.899,20.638,20.729,3027.84636668
2023-05-10 04:00:00+00:00,20.719,20.828,20.559,20.563,3315.96240334
2023-05-10 08:00:00+00:00,20.573,20.772,20.51,20.761,3471.56737472
2023-05-10 12:00:00+00:00,20.739,21.337,20.69,21.1,10043.55604396
2023-05-10 16:00:00+00:00,21.114,21.207,19.877,20.994,12241.32908167
2023-05-10 20:00:00+00:00,20.986,21.309,20.867,20.934,6367.92085489
2023-05-11 00:00:00+00:00,20.957,20.957,20.537,20.569,3860.680137
2023-05-11 04:00:00+00:00,20.554,20.701,20.554,20.6,1329.58824606
2023-05-11 08:00:00+00:00,20.593,20.649,20.332,20.505,2567.71175103
2023-05-11 12:00:00+00:00,20.499,20.801,19.911,20.183,10417.91595577
2023-05-11 16:00:00+00:00,20.183,20.21,19.738,20.021,30765.96606771
2023-05-11 20:00:00+00:00,20.041,20.33,19.988,20.206,3896.01688297
2023-05-12 00:00:00+00:00,20.185,20.291,19.872,19.988,4433.59104081
2023-05-12 04:00:00+00:00,19.978,20.225,19.816,20.121,5187.1414220999995
2023-05-12 08:00:00+00:00,20.122,20.377,20.094,20.323,2500.73599086
2023-05-12 12:00:00+00:00,20.31,20.76,20.288,20.314,5632.74214552
2023-05-12 16:00:00+00:00,20.288,20.54,19.927,20.523,5268.65803259
2023-05-12 20:00:00+00:00,20.506,20.97,20.436,20.928,3714.95546576
2023-05-13 00:00:00+00:00,20.97,21.218,20.838,21.218,2007.26800332
2023-05-13 04:00:00+00:00,21.196,21.27,21.004,21.265,2208.45416319
2023-05-13 08:00:00+00:00,21.25,21.301,21.068,21.068,1348.00049521
2023-05-13 12:00:00+00:00,21.056,21.122,20.796,20.887,3005.75939402
2023-05-13 16:00:00+00:00,20.865,21.16,20.818,20.964,2830.73039611
2023-05-13 20:00:00+00:00,20.97,21.04,20.85,20.861,1093.57618013
2023-05-14 00:00:00+00:00,20.849,21.01,20.635,20.999,5165.72840771
2023-05-14 04:00:00+00:00,20.964,21.206,20.938,21.106,1655.32176322
2023-05-14 08:00:00+00:00,21.079,21.137,20.962,20.962,343.8293801
2023-05-14 12:00:00+00:00,20.931,21.284,20.868,21.23,2976.86295753
2023-05-14 16:00:00+00:00,21.201,21.201,20.876,20.939,2118.93769028
2023-05-14 20:00:00+00:00,20.929,20.988,20.861,20.969,335.40932977
2023-05-15 00:00:00+00:00,20.952,21.311,20.603,21.25,3625.69447164
2023-05-15 04:00:00+00:00,21.27,21.519,21.15,21.405,8254.27376351
2023-05-15 08:00:00+00:00,21.408,21.524,21.301,21.301,4110.14064244
2023-05-15 12:00:00+00:00,21.322,21.469,21.21,21.378,1376.93602515
2023-05-15 16:00:00+00:00,21.412,21.482,21.124,21.18,2015.41373711
2023-05-15 20:00:00+00:00,21.167,21.179,20.941,21.009,1012.33741915
2023-05-16 00:00:00+00:00,20.998,21.139,20.691,20.872,1740.93036365
2023-05-16 04:00:00+00:00,20.885,21.087,20.822,21.063,2143.98876052
2023-05-16 08:00:00+00:00,21.029,21.102,20.834,20.895,926.26117342
2023-05-16 12:00:00+00:00,20.906,20.92,20.66,20.802,4636.37614215
2023-05-16 16:00:00+00:00,20.804,20.83,20.482,20.522,3768.82765489
2023-05-16 20:00:00+00:00,20.522,20.735,20.464,20.701,3129.42058729
2023-05-17 00:00:00+00:00,20.689,21.09,20.61,20.98,3329.49983859
2023-05-17 04:00:00+00:00,20.978,21.009,20.579,20.61,1859.17747381
2023-05-17 08:00:00+00:00,20.56,20.711,20.5,20.543,1320.66162683
2023-05-17 12:00:00+00:00,20.537,20.747,20.442,20.606,2389.63308825
2023-05-17 16:00:00+00:00,20.614,21.163,20.614,21.109,3328.51235515
2023-05-17 20:00:00+00:00,21.074,21.223,20.98,21.069,826.33913644
2023-05-18 00:00:00+00:00,21.1,21.1,20.901,21.028,1912.85208261
2023-05-18 04:00:00+00:00,21.057,21.057,20.772,20.946,2078.27233348
2023-05-18 08:00:00+00:00,20.968,20.968,20.781,20.858,3259.66575527
2023-05-18 12:00:00+00:00,20.802,20.83,20.49,20.548,3863.05154272
2023-05-18 16:00:00+00:00,20.538,20.624,20.13,20.385,6076.42527995
2023-05-18 20:00:00+00:00,20.385,20.57,20.312,20.341,5888.39962751
2023-05-19 00:00:00+00:00,20.356,20.442,20.317,20.367,646.77420023
2023-05-19 04:00:00+00:00,20.363,20.493,20.335,20.469,268.13461302
2023-05-19 08:00:00+00:00,20.485,20.54,20.399,20.483,444.71530409999997
2023-05-19 12:00:00+00:00,20.502,20.625,20.237,20.444,1733.16969628
2023-05-19 16:00:00+00:00,20.431,20.526,20.332,20.399,347.0712792
2023-05-19 20:00:00+00:00,20.385,20.408,20.344,20.37,119.97477108
2023-05-20 00:00:00+00:00,20.34,20.344,20.181,20.303,889.12088031
2023-05-20 04:00:00+00:00,20.302,20.309,20.107,20.2,2142.78153945
2023-05-20 08:00:00+00:00,20.2,20.27,20.2,20.216,171.96294014
2023-05-20 12:00:00+00:00,20.242,20.322,20.207,20.289,560.85147653
2023-05-20 16:00:00+00:00,20.308,20.362,20.222,20.297,2729.28491671
2023-05-20 20:00:00+00:00,20.306,20.323,20.237,20.291,496.45329072
2023-05-21 00:00:00+00:00,20.292,20.39,20.247,20.252,1147.81897217
2023-05-21 04:00:00+00:00,20.252,20.303,20.24,20.294,113.02075277
2023-05-21 08:00:00+00:00,20.293,20.344,20.104,20.16,4027.64365267
2023-05-21 12:00:00+00:00,20.142,20.2,19.846,19.948,6459.55348249
2023-05-21 16:00:00+00:00,19.986,20.027,19.839,19.987,1308.20494056
2023-05-21 20:00:00+00:00,19.997,20.07,19.367,19.602,4359.39315976
2023-05-22 00:00:00+00:00,19.65,19.69,19.307,19.548,2692.20114822
2023-05-22 04:00:00+00:00,19.555,19.795,19.55,19.72,1728.98264379
2023-05-22 08:00:00+00:00,19.726,19.925,19.726,19.881,2653.8570565
2023-05-22 12:00:00+00:00,19.889,20.039,19.598,19.675,6184.67279574
2023-05-22 16:00:00+00:00,19.683,19.766,19.588,19.715,2799.17882846
2023-05-22 20:00:00+00:00,19.689,19.756,19.549,19.55,2689.08343492
2023-05-23 00:00:00+00:00,19.53,20.206,19.446,20.072,3382.2681249
2023-05-23 04:00:00+00:00,20.098,20.098,19.777,19.867,1278.25569861
2023-05-23 08:00:00+00:00,19.815,19.938,19.778,19.92,1288.09417307
2023-05-23 12:00:00+00:00,19.968,20.078,19.82,19.994,2545.15052988
2023-05-23 16:00:00+00:00,20.011,20.164,19.893,20.01,1356.15187493
2023-05-23 20:00:00+00:00,20.035,20.126,19.999,20.063,1475.75905768
2023-05-24 00:00:00+00:00,20.034,20.079,19.444,19.539,1960.4325575999999
2023-05-24 04:00:00+00:00,19.536,19.601,19.389,19.45,2520.96920857
2023-05-24 08:00:00+00:00,19.437,19.558,19.367,19.43,1407.10962135
2023-05-24 12:00:00+00:00,19.414,19.498,18.702,19.133,12164.84902144
2023-05-24 16:00:00+00:00,19.175,19.298,19.062,19.205,3753.12466016
2023-05-24 20:00:00+00:00,19.201,19.368,19.176,19.217,1776.58603754
2023-05-25 00:00:00+00:00,19.275,19.387,18.809,19.387,4806.20663635
2023-05-25 04:00:00+00:00,19.38,19.47,19.299,19.313,2232.99582992
2023-05-25 08:00:00+00:00,19.306,19.394,19.267,19.38,14457.20077353
2023-05-25 12:00:00+00:00,19.495,19.613,19.19,19.243,3198.73631187
2023-05-25 16:00:00+00:00,19.217,19.417,19.208,19.345,1766.40605324
2023-05-25 20:00:00+00:00,19.301,19.317,19.226,19.279,226.64085149
2023-05-26 00:00:00+00:00,19.267,19.364,19.188,19.281,925.73428883
2023-05-26 04:00:00+00:00,19.3,19.332,19.11,19.293,2032.00812174
2023-05-26 08:00:00+00:00,19.339,19.369,19.274,19.294,947.11766018
2023-05-26 12:00:00+00:00,19.338,19.563,19.233,19.454,2240.93593598
2023-05-26 16:00:00+00:00,19.456,19.513,19.325,19.503,1405.24366816
2023-05-26 20:00:00+00:00,19.506,19.515,19.371,19.38,418.91549072
2023-05-27 00:00:00+00:00,19.367,19.518,19.349,19.505,214.37329293
2023-05-27 04:00:00+00:00,19.5,19.66,19.499,19.562,610.35348197
2023-05-27 08:00:00+00:00,19.561,19.561,19.496,19.523,870.8790265
2023-05-27 12:00:00+00:00,19.504,19.627,19.45,19.617,1477.19446541
2023-05-27 16:00:00+00:00,19.647,19.699,19.542,19.678,797.78074181
2023-05-27 20:00:00+00:00,19.72,20.546,19.705,20.443,6451.18048031
2023-05-28 00:00:00+00:00,20.401,20.818,20.32,20.569,5263.59198007
2023-05-28 04:00:00+00:00,20.557,20.557,20.445,20.52,743.89751223
2023-05-28 08:00:00+00:00,20.49,20.69,20.437,20.589,1704.82904691
2023-05-28 12:00:00+00:00,20.581,20.68,20.441,20.525,1561.40987151
2023-05-28 16:00:00+00:00,20.529,20.996,20.492,20.79,3847.23059834
2023-05-28 20:00:00+00:00,20.788,21.217,20.746,20.813,8866.51593081
2023-05-29 00:00:00+00:00,20.852,20.995,20.67,20.735,2402.59610561
2023-05-29 04:00:00+00:00,20.727,20.809,20.576,20.75,897.5167863
2023-05-29 08:00:00+00:00,20.769,20.791,20.626,20.756,620.36884722
2023-05-29 12:00:00+00:00,20.724,20.81,20.451,20.51,3720.27194118
2023-05-29 16:00:00+00:00,20.506,20.608,20.28,20.527,2799.01041458
2023-05-29 20:00:00+00:00,20.518,20.726,20.458,20.612,404.0709292
2023-05-30 00:00:00+00:00,20.609,21.19,20.5,20.899,4408.6136913
2023-05-30 04:00:00+00:00,20.9,20.927,20.685,20.784,1289.80189888
2023-05-30 08:00:00+00:00,20.782,21.394,20.782,21.289,15023.26260599
2023-05-30 12:00:00+00:00,21.327,21.439,20.91,20.993,6003.55570368
2023-05-30 16:00:00+00:00,20.943,21.411,20.849,21.38,2537.45871473
2023-05-30 20:00:00+00:00,21.37,21.415,21.171,21.285,1222.86932019
2023-05-31 00:00:00+00:00,21.292,21.345,20.999,21.1,376.85077634
2023-05-31 04:00:00+00:00,21.081,21.151,20.522,20.738,6847.42209317
2023-05-31 08:00:00+00:00,20.7,20.784,20.53,20.625,1332.17585912
2023-05-31 12:00:00+00:00,20.627,20.721,20.39,20.49,2995.16857107
2023-05-31 16:00:00+00:00,20.466,20.721,20.465,20.677,1204.61860071
2023-05-31 20:00:00+00:00,20.649,20.831,20.647,20.827,1069.80897154
2023-06-01 00:00:00+00:00,20.817,21.008,20.445,20.72,2023.02749075
2023-06-01 04:00:00+00:00,20.73,20.744,20.56,20.614,1842.11236011
2023-06-01 08:00:00+00:00,20.636,20.739,20.61,20.72,2521.1356459
2023-06-01 12:00:00+00:00,20.743,20.902,20.65,20.682,2587.53686141
2023-06-01 16:00:00+00:00,20.679,20.889,20.531,20.708,1543.56189853
2023-06-01 20:00:00+00:00,20.689,20.716,20.427,20.51,1055.22214494
2023-06-02 00:00:00+00:00,20.493,20.8,20.31,20.76,1912.80313239
2023-06-02 04:00:00+00:00,20.789,21.145,20.753,21.001,1808.95307861
2023-06-02 08:00:00+00:00,21.016,21.298,21.016,21.244,2337.8957268
2023-06-02 12:00:00+00:00,21.268,21.307,20.954,21.184,1323.13086028
2023-06-02 16:00:00+00:00,21.2,21.364,21.083,21.303,1507.84709347
2023-06-02 20:00:00+00:00,21.289,21.38,21.192,21.259,2307.7384561
2023-06-03 00:00:00+00:00,21.276,21.326,21.086,21.156,1160.42217399
2023-06-03 04:00:00+00:00,21.129,21.177,21.034,21.177,542.17023581
2023-06-03 08:00:00+00:00,21.191,21.228,21.113,21.179,925.36799595
2023-06-03 12:00:00+00:00,21.191,21.26,21.1,21.257,717.59632855
2023-06-03 16:00:00+00:00,21.281,21.369,21.05,21.072,752.47674218
2023-06-03 20:00:00+00:00,21.075,21.202,20.957,21.202,632.59152928
2023-06-04 00:00:00+00:00,21.192,21.318,21.041,21.275,445.77372395
2023-06-04 04:00:00+00:00,21.265,21.83,21.233,21.586,9818.4433403
2023-06-04 08:00:00+00:00,21.613,21.735,21.481,21.717,1845.6895266899999
2023-06-04 12:00:00+00:00,21.72,22.146,21.693,22.05,4770.73628879
2023-06-04 16:00:00+00:00,22.037,22.303,21.918,22.233,1974.12717875
2023-06-04 20:00:00+00:00,22.238,22.3,21.788,21.83,15314.88459849
2023-06-05 00:00:00+00:00,21.843,22.055,21.522,21.542,5004.6557553
2023-06-05 04:00:00+00:00,21.519,21.708,21.438,21.634,1836.96577624
2023-06-05 08:00:00+00:00,21.698,21.698,21.518,21.611,752.26534026
2023-06-05 12:00:00+00:00,21.58,21.582,19.93,19.965,11071.57014039
2023-06-05 16:00:00+00:00,19.947,20.51,19.22,20.036,28650.60327966
2023-06-05 20:00:00+00:00,20.031,20.148,19.663,20.0,5799.65576121
2023-06-06 00:00:00+00:00,19.989,20.04,19.725,20.01,4050.33941739
2023-06-06 04:00:00+00:00,19.985,20.12,19.932,20.12,3590.40261378
2023-06-06 08:00:00+00:00,20.109,20.12,19.832,19.872,6681.17469284
2023-06-06 12:00:00+00:00,19.868,20.093,19.24,19.949,20477.61016362
2023-06-06 16:00:00+00:00,19.973,20.65,19.924,20.614,8855.03685972
2023-06-06 20:00:00+00:00,20.636,20.713,20.239,20.382,4362.69600127
2023-06-07 00:00:00+00:00,20.344,20.518,20.021,20.153,2083.1510744
2023-06-07 04:00:00+00:00,20.165,20.249,19.982,20.039,721.02875067
2023-06-07 08:00:00+00:00,20.013,20.109,19.592,19.933,5666.6930239
2023-06-07 12:00:00+00:00,19.91,19.91,19.254,19.298,14397.92257207
2023-06-07 16:00:00+00:00,19.294,19.301,18.607,18.979,13635.57978344
2023-06-07 20:00:00+00:00,18.99,18.997,18.54,18.652,3302.53123598
2023-06-08 00:00:00+00:00,18.611,18.885,18.253,18.485,3415.98379011
2023-06-08 04:00:00+00:00,18.495,18.77,18.4,18.647,1370.35869342
2023-06-08 08:00:00+00:00,18.616,18.83,18.571,18.791,2637.92161281
2023-06-08 12:00:00+00:00,18.814,19.02,18.738,18.916,3122.63871954
2023-06-08 16:00:00+00:00,18.927,18.927,18.578,18.885,2336.61691321
2023-06-08 20:00:00+00:00,18.863,19.116,18.863,18.952,2110.18932325
2023-06-09 00:00:00+00:00,18.896,18.93,18.598,18.793,1380.83810928
2023-06-09 04:00:00+00:00,18.797,18.817,18.471,18.596,1371.61578753
2023-06-09 08:00:00+00:00,18.597,19.376,18.597,19.28,6007.60360104
2023-06-09 12:00:00+00:00,19.283,19.314,18.511,18.691,6969.61720572
2023-06-09 16:00:00+00:00,18.583,18.694,17.276,17.392,11629.31977898
2023-06-09 20:00:00+00:00,17.403,17.764,17.121,17.382,12925.34301145
2023-06-10 00:00:00+00:00,17.373,17.414,15.991,16.31,36442.11059404
2023-06-10 04:00:00+00:00,16.299,16.487,13.027,14.448,185220.74440054
2023-06-10 08:00:00+00:00,14.445,15.087,14.271,14.936,32887.66920833
2023-06-10 12:00:00+00:00,14.896,14.911,14.425,14.773,16603.60153117
2023-06-10 16:00:00+00:00,14.789,15.88,14.558,15.322,64976.01897048
2023-06-10 20:00:00+00:00,15.337,15.908,15.22,15.643,16737.62989935
2023-06-11 00:00:00+00:00,15.615,15.806,15.426,15.541,9019.03844232
2023-06-11 04:00:00+00:00,15.585,15.744,15.313,15.404,8623.66890453
2023-06-11 08:00:00+00:00,15.417,15.725,15.327,15.54,6911.06081632
2023-06-11 12:00:00+00:00,15.576,15.695,15.13,15.254,6581.78866951
2023-06-11 16:00:00+00:00,15.238,16.204,15.162,16.009,15433.47741438
2023-06-11 20:00:00+00:00,16.007,16.157,15.419,15.569,11662.33742661
2023-06-12 00:00:00+00:00,15.557,15.62,14.928,15.085,8743.91611215
2023-06-12 04:00:00+00:00,15.123,15.321,15.006,15.079,7762.06437855
2023-06-12 08:00:00+00:00,15.064,15.676,15.024,15.416,7211.51195311
2023-06-12 12:00:00+00:00,15.427,15.503,15.166,15.214,6751.35689646
2023-06-12 16:00:00+00:00,15.2,15.34,14.73,14.975,7814.10022802
2023-06-12 20:00:00+00:00,15.01,15.39,14.939,15.207,7823.18417531
2023-06-13 00:00:00+00:00,15.191,15.526,15.023,15.353,3029.62952851
2023-06-13 04:00:00+00:00,15.353,15.491,15.142,15.453,1799.89394391
2023-06-13 08:00:00+00:00,15.434,15.716,15.392,15.641,9840.49641629
2023-06-13 12:00:00+00:00,15.639,16.049,14.773,14.843,17621.51812601
2023-06-13 16:00:00+00:00,14.848,15.155,14.848,14.962,4046.21319769
2023-06-13 20:00:00+00:00,14.964,15.068,14.882,15.021,3539.92313302
2023-06-14 00:00:00+00:00,15.046,15.304,14.925,15.258,5358.98697714
2023-06-14 04:00:00+00:00,15.274,15.274,15.018,15.078,3503.92158703
2023-06-14 08:00:00+00:00,15.06,15.262,15.06,15.22,1259.49090201
2023-06-14 12:00:00+00:00,15.215,15.287,15.032,15.113,11462.66076924
2023-06-14 16:00:00+00:00,15.112,15.378,14.92,15.101,13761.47308354
2023-06-14 20:00:00+00:00,15.05,15.05,14.062,14.488,7952.14255437
2023-06-15 00:00:00+00:00,14.451,15.017,14.423,14.975,10064.56787057
2023-06-15 04:00:00+00:00,14.897,14.922,14.651,14.81,3568.03417434
2023-06-15 08:00:00+00:00,14.831,14.93,14.491,14.673,2857.66362599
2023-06-15 12:00:00+00:00,14.674,14.799,14.36,14.504,3541.19685539
2023-06-15 16:00:00+00:00,14.469,14.82,14.18,14.738,4443.45864686
2023-06-15 20:00:00+00:00,14.786,15.088,14.612,14.762,9013.60503545
2023-06-16 00:00:00+00:00,14.695,14.88,14.647,14.826,1027.56129705
2023-06-16 04:00:00+00:00,14.839,14.999,14.786,14.885,1218.71850743
2023-06-16 08:00:00+00:00,14.926,14.934,14.532,14.601,1765.01271241
2023-06-16 12:00:00+00:00,14.577,15.089,14.381,14.983,4657.50860323
2023-06-16 16:00:00+00:00,15.007,15.474,14.894,15.27,5294.88261712
2023-06-16 20:00:00+00:00,15.311,15.444,15.227,15.334,4383.46825854
2023-06-17 00:00:00+00:00,15.328,15.433,15.175,15.433,2173.74443338
2023-06-17 04:00:00+00:00,15.451,16.133,15.378,15.836,6653.66071348
2023-06-17 08:00:00+00:00,15.867,15.947,15.72,15.812,2112.49207176
2023-06-17 12:00:00+00:00,15.768,15.899,15.572,15.669,2107.75613468
2023-06-17 16:00:00+00:00,15.662,15.797,15.637,15.671,1452.76014134
2023-06-17 20:00:00+00:00,15.681,15.775,15.609,15.652,2636.88200703
2023-06-18 00:00:00+00:00,15.632,15.633,15.42,15.615,953.98163947
2023-06-18 04:00:00+00:00,15.602,15.714,15.502,15.584,2696.46634759
2023-06-18 08:00:00+00:00,15.607,15.744,15.5,15.741,1214.79843012
2023-06-18 12:00:00+00:00,15.777,15.793,15.645,15.722,860.86582448
2023-06-18 16:00:00+00:00,15.734,15.852,15.714,15.832,6793.4158049
2023-06-18 20:00:00+00:00,15.854,15.854,15.288,15.434,3553.58147512
2023-06-19 00:00:00+00:00,15.504,15.585,15.354,15.47,1181.83928665
2023-06-19 04:00:00+00:00,15.526,15.542,15.431,15.492,1113.13261034
2023-06-19 08:00:00+00:00,15.462,15.574,15.424,15.574,259.06769091
2023-06-19 12:00:00+00:00,15.57,15.715,15.476,15.569,1496.45869753
2023-06-19 16:00:00+00:00,15.573,15.976,15.44,15.871,11363.64548623
2023-06-19 20:00:00+00:00,15.885,16.17,15.814,16.112,3315.46428528
2023-06-20 00:00:00+00:00,16.082,16.3,16.028,16.05,3207.20894737
2023-06-20 04:00:00+00:00,16.041,16.124,15.926,15.99,816.91154904
2023-06-20 08:00:00+00:00,15.971,15.977,15.81,15.938,939.53292313
2023-06-20 12:00:00+00:00,15.913,16.112,15.72,15.944,1488.41304307
2023-06-20 16:00:00+00:00,15.909,16.5,15.909,16.363,11220.80177529
2023-06-20 20:00:00+00:00,16.371,16.693,16.303,16.657,6130.54164553
2023-06-21 00:00:00+00:00,16.657,17.214,16.578,16.802,41728.17481999
2023-06-21 04:00:00+00:00,16.768,16.927,16.717,16.813,1652.84489658
2023-06-21 08:00:00+00:00,16.815,16.852,16.653,16.781,2075.31684072
2023-06-21 12:00:00+00:00,16.829,17.1,16.58,16.89,5452.33900583
2023-06-21 16:00:00+00:00,16.904,17.268,16.824,17.115,5810.70653136
2023-06-21 20:00:00+00:00,17.132,17.389,16.975,17.243,1535.32507737
2023-06-22 00:00:00+00:00,17.242,17.75,17.185,17.526,7073.72592958
2023-06-22 04:00:00+00:00,17.552,17.574,17.18,17.399,3334.88050377
2023-06-22 08:00:00+00:00,17.379,17.412,16.664,16.886,6373.6656556
2023-06-22 12:00:00+00:00,16.852,17.16,16.725,16.902,4427.09650312
2023-06-22 16:00:00+00:00,16.9,17.121,16.812,16.929,1560.18815887
2023-06-22 20:00:00+00:00,16.913,16.92,16.58,16.665,534.9018315
2023-06-23 00:00:00+00:00,16.646,16.809,16.525,16.809,912.01519187
2023-06-23 04:00:00+00:00,16.815,16.875,16.716,16.773,996.04688707
2023-06-23 08:00:00+00:00,16.801,16.826,16.554,16.619,1515.29189902
2023-06-23 12:00:00+00:00,16.609,17.062,16.184,16.978,6972.20099971
2023-06-23 16:00:00+00:00,16.991,17.294,16.906,17.123,12122.09106174
2023-06-23 20:00:00+00:00,17.132,17.539,16.931,17.169,20893.8046658
2023-06-24 00:00:00+00:00,17.12,17.572,17.067,17.367,3963.35193472
2023-06-24 04:00:00+00:00,17.386,17.428,17.042,17.062,6861.96865801
2023-06-24 08:00:00+00:00,17.13,17.336,17.118,17.213,1545.58229385
2023-06-24 12:00:00+00:00,17.229,17.404,16.516,16.635,5971.75582031
2023-06-24 16:00:00+00:00,16.552,16.805,16.412,16.68,2518.58039401
2023-06-24 20:00:00+00:00,16.68,16.7,16.39,16.683,1854.16747939
2023-06-25 00:00:00+00:00,16.651,17.002,16.586,16.989,605.56523621
2023-06-25 04:00:00+00:00,17.01,17.378,16.949,17.307,3638.29522433
2023-06-25 08:00:00+00:00,17.258,17.371,17.043,17.234,2431.56441043
2023-06-25 12:00:00+00:00,17.253,17.3,16.78,17.126,1978.12475639
2023-06-25 16:00:00+00:00,17.104,17.263,16.894,16.997,942.23535054
2023-06-25 20:00:00+00:00,16.99,17.101,16.82,16.973,979.44003578
2023-06-26 00:00:00+00:00,16.897,16.938,16.554,16.785,901.33445384
2023-06-26 04:00:00+00:00,16.759,17.059,16.64,16.942,1789.59096897
2023-06-26 08:00:00+00:00,16.949,16.976,16.734,16.947,2517.12947813
2023-06-26 12:00:00+00:00,16.961,17.112,16.775,16.831,7105.00135748
2023-06-26 16:00:00+00:00,16.813,16.813,16.139,16.363,5793.31721016
2023-06-26 20:00:00+00:00,16.336,16.341,15.911,16.307,1683.70442069
2023-06-27 00:00:00+00:00,16.283,16.508,16.148,16.506,800.85006037
2023-06-27 04:00:00+00:00,16.441,16.682,16.371,16.682,4670.13428156
2023-06-27 08:00:00+00:00,16.747,16.784,16.552,16.727,1708.82615335
2023-06-27 12:00:00+00:00,16.667,16.849,16.343,16.403,6244.54704845
2023-06-27 16:00:00+00:00,16.413,16.811,16.357,16.737,2053.97980512
2023-06-27 20:00:00+00:00,16.733,16.926,16.5,16.638,1423.66262338
2023-06-28 00:00:00+00:00,16.594,16.647,16.126,16.42,39516.0184786
2023-06-28 04:00:00+00:00,16.37,16.37,15.819,15.941,8727.08463974
2023-06-28 08:00:00+00:00,15.95,16.226,15.95,16.218,1164.05270333
2023-06-28 12:00:00+00:00,16.224,16.511,16.12,16.367,2347.02251276
2023-06-28 16:00:00+00:00,16.385,16.397,15.614,15.942,9748.32938733
2023-06-28 20:00:00+00:00,15.915,16.089,15.787,15.975,1857.65014458
2023-06-29 00:00:00+00:00,15.963,16.197,15.875,16.002,3805.50827815
2023-06-29 04:00:00+00:00,16.04,16.355,16.015,16.282,709.47060162
2023-06-29 08:00:00+00:00,16.28,18.28,16.262,18.095,30039.4384926
2023-06-29 12:00:00+00:00,18.081,18.219,17.29,17.625,15767.8003799
2023-06-29 16:00:00+00:00,17.694,17.804,17.533,17.776,3512.91050514
2023-06-29 20:00:00+00:00,17.748,18.064,17.45,17.961,5195.14141708
2023-06-30 00:00:00+00:00,17.999,19.081,17.909,18.963,13325.10305883
2023-06-30 04:00:00+00:00,18.99,19.061,18.429,18.814,5736.63103515
2023-06-30 08:00:00+00:00,18.852,19.013,18.607,18.9,8891.69678054
2023-06-30 12:00:00+00:00,18.929,19.599,17.113,18.295,46126.9644297
2023-06-30 16:00:00+00:00,18.262,20.026,18.206,19.159,14953.73969761
2023-06-30 20:00:00+00:00,19.082,19.37,18.837,18.866,3763.13452643
2023-07-01 00:00:00+00:00,18.876,19.025,18.172,18.33,3726.8161440100002
2023-07-01 04:00:00+00:00,18.321,18.474,17.926,18.468,4625.93122036
2023-07-01 08:00:00+00:00,18.449,18.503,18.206,18.311,7941.07610325
2023-07-01 12:00:00+00:00,18.346,18.578,18.28,18.436,1434.8009645
2023-07-01 16:00:00+00:00,18.456,18.505,18.287,18.368,960.85113171
2023-07-01 20:00:00+00:00,18.345,18.77,18.341,18.748,1149.21258297
2023-07-02 00:00:00+00:00,18.728,18.926,18.541,18.768,3494.57405824
2023-07-02 04:00:00+00:00,18.795,19.496,18.572,19.258,5116.30330295
2023-07-02 08:00:00+00:00,19.26,19.414,19.048,19.048,3632.48178873
2023-07-02 12:00:00+00:00,19.032,19.404,18.861,19.3,6162.85559987
2023-07-02 16:00:00+00:00,19.334,19.503,19.091,19.406,5002.04095153
2023-07-02 20:00:00+00:00,19.444,19.775,19.31,19.496,5739.13860716
2023-07-03 00:00:00+00:00,19.493,19.67,19.242,19.615,1392.81416379
2023-07-03 04:00:00+00:00,19.577,19.587,19.252,19.447,1261.70276518
2023-07-03 08:00:00+00:00,19.448,19.515,19.34,19.511,1246.65009061
2023-07-03 12:00:00+00:00,19.397,19.418,18.973,19.329,2976.3773423
2023-07-03 16:00:00+00:00,19.268,19.369,19.032,19.32,2182.6143998
2023-07-03 20:00:00+00:00,19.321,19.321,18.883,19.281,2919.60056604
2023-07-04 00:00:00+00:00,19.302,19.521,19.273,19.311,785.89681172
2023-07-04 04:00:00+00:00,19.306,19.306,19.095,19.095,2523.87479234
2023-07-04 08:00:00+00:00,19.177,19.27,19.117,19.26,1545.16463363
2023-07-04 12:00:00+00:00,19.246,19.947,19.241,19.864,7272.72839856
2023-07-04 16:00:00+00:00,19.865,19.866,19.324,19.493,4642.00322317
2023-07-04 20:00:00+00:00,19.508,19.588,19.122,19.148,2065.2921233399998
2023-07-05 00:00:00+00:00,19.183,19.31,19.135,19.286,749.58797592
2023-07-05 04:00:00+00:00,19.229,19.383,19.223,19.341,1016.50441281
2023-07-05 08:00:00+00:00,19.339,19.339,18.368,18.709,8197.94341796
2023-07-05 12:00:00+00:00,18.698,18.885,18.461,18.608,7219.24835684
2023-07-05 16:00:00+00:00,18.601,18.889,18.533,18.613,1849.41793852
2023-07-05 20:00:00+00:00,18.61,19.04,18.545,19.001,1654.56158043
2023-07-06 00:00:00+00:00,19.001,19.764,18.981,19.485,9397.84114032
2023-07-06 04:00:00+00:00,19.484,19.74,19.37,19.607,3190.48012206
2023-07-06 08:00:00+00:00,19.605,20.368,19.574,19.936,11653.7819838
2023-07-06 12:00:00+00:00,19.92,19.92,18.845,19.742,21453.13723182
2023-07-06 16:00:00+00:00,19.706,20.959,19.527,20.91,32492.40902998
2023-07-06 20:00:00+00:00,20.912,20.988,19.622,19.685,17178.4647683
2023-07-07 00:00:00+00:00,19.608,20.548,19.478,20.219,8484.6525777
2023-07-07 04:00:00+00:00,20.267,20.29,19.318,19.449,10301.21173842
2023-07-07 08:00:00+00:00,19.468,20.35,19.295,20.188,17589.46987156
2023-07-07 12:00:00+00:00,20.206,21.685,20.206,21.29,34372.72357237
2023-07-07 16:00:00+00:00,21.282,21.541,21.067,21.451,13109.78115104
2023-07-07 20:00:00+00:00,21.446,21.78,21.179,21.515,15813.97814038
2023-07-08 00:00:00+00:00,21.522,22.034,21.459,21.737,12909.85098452
2023-07-08 04:00:00+00:00,21.742,22.091,21.33,21.966,9822.6736527
2023-07-08 08:00:00+00:00,22.007,22.478,21.828,21.972,10287.28416929
2023-07-08 12:00:00+00:00,21.975,22.004,21.418,21.526,12039.79681823
2023-07-08 16:00:00+00:00,21.558,22.009,21.46,21.625,11005.4709015
2023-07-08 20:00:00+00:00,21.634,21.985,21.449,21.848,5727.59379024
2023-07-09 00:00:00+00:00,21.868,22.441,21.55,21.729,8513.29168768
2023-07-09 04:00:00+00:00,21.677,21.882,21.434,21.555,2262.88738892
2023-07-09 08:00:00+00:00,21.591,21.9,21.535,21.624,6575.90156042
2023-07-09 12:00:00+00:00,21.633,21.888,21.166,21.268,19558.10632075
2023-07-09 16:00:00+00:00,21.281,21.412,21.197,21.325,1718.48515157
2023-07-09 20:00:00+00:00,21.293,21.49,21.02,21.341,8708.34564322
2023-07-10 00:00:00+00:00,21.32,21.367,20.792,21.284,33331.76283287
2023-07-10 04:00:00+00:00,21.275,21.275,20.586,20.706,4532.49595954
2023-07-10 08:00:00+00:00,20.716,20.884,20.51,20.806,4774.55191216
2023-07-10 12:00:00+00:00,20.845,21.29,20.688,21.151,9199.30340719
2023-07-10 16:00:00+00:00,21.09,21.635,20.946,21.591,7969.06151227
2023-07-10 20:00:00+00:00,21.603,21.812,21.11,21.346,14435.21430787
2023-07-11 00:00:00+00:00,21.365,21.792,21.222,21.741,5323.51027718
2023-07-11 04:00:00+00:00,21.769,22.29,21.769,22.131,6748.15709755
2023-07-11 08:00:00+00:00,22.133,22.158,21.895,22.095,14455.986280680001
2023-07-11 12:00:00+00:00,22.1,22.382,21.91,22.165,6075.42960583
2023-07-11 16:00:00+00:00,22.133,22.21,21.941,22.024,3384.34714808
2023-07-11 20:00:00+00:00,22.002,22.138,21.789,22.091,3536.20700826
2023-07-12 00:00:00+00:00,22.091,22.304,21.941,21.958,2371.52310241
2023-07-12 04:00:00+00:00,21.914,22.178,21.902,22.047,1474.60134621
2023-07-12 08:00:00+00:00,22.01,22.194,21.977,22.094,2866.05644162
2023-07-12 12:00:00+00:00,22.129,22.921,22.024,22.432,31831.10358369
2023-07-12 16:00:00+00:00,22.406,22.406,21.765,21.878,10761.31283554
2023-07-12 20:00:00+00:00,21.841,22.158,21.815,21.962,5865.66093206
2023-07-13 00:00:00+00:00,21.964,22.013,21.587,21.68,3318.1730098
2023-07-13 04:00:00+00:00,21.62,21.97,21.483,21.795,5775.01474213
2023-07-13 08:00:00+00:00,21.796,22.507,21.776,22.423,6117.5310788
2023-07-13 12:00:00+00:00,22.52,25.597,22.164,24.0,53349.81190673
2023-07-13 16:00:00+00:00,24.164,26.8,24.155,26.281,73951.60738181
2023-07-13 20:00:00+00:00,26.24,26.24,25.399,26.018,7851.06575542
2023-07-14 00:00:00+00:00,26.044,32.5,25.685,28.629,42834.13273419
2023-07-14 04:00:00+00:00,28.64,28.902,28.288,28.777,9986.26924386
2023-07-14 08:00:00+00:00,28.741,29.734,27.699,28.112,13787.92068033
2023-07-14 12:00:00+00:00,28.065,28.367,27.421,28.273,47758.86935401
2023-07-14 16:00:00+00:00,28.259,28.292,25.607,26.109,52335.018209070004
2023-07-14 20:00:00+00:00,26.101,26.926,25.292,26.704,25029.49518215
2023-07-15 00:00:00+00:00,26.71,27.98,26.502,27.16,18908.7878451
2023-07-15 04:00:00+00:00,27.208,28.959,27.208,28.766,10087.39083124
2023-07-15 08:00:00+00:00,28.714,29.125,28.495,29.031,6840.81826665
2023-07-15 12:00:00+00:00,28.941,29.058,27.418,27.605,14698.4303844
2023-07-15 16:00:00+00:00,27.599,28.224,27.081,27.929,11121.78826926
2023-07-15 20:00:00+00:00,27.85,27.85,27.242,27.3,8546.73403275
2023-07-16 00:00:00+00:00,27.548,27.953,26.54,27.095,28047.33178299
2023-07-16 04:00:00+00:00,27.14,27.97,27.122,27.733,4047.36398233
2023-07-16 08:00:00+00:00,27.747,28.345,27.705,28.098,5229.45925604
2023-07-16 12:00:00+00:00,28.134,28.658,28.022,28.149,9776.20712887
2023-07-16 16:00:00+00:00,28.084,28.161,27.349,27.391,4981.45369832
2023-07-16 20:00:00+00:00,27.431,27.807,27.118,27.415,4749.15566918
2023-07-17 00:00:00+00:00,27.444,28.496,27.265,28.068,12881.02897373
2023-07-17 04:00:00+00:00,28.009,28.512,27.433,27.64,3588.98428656
2023-07-17 08:00:00+00:00,27.632,27.659,26.56,27.158,6972.16247628
2023-07-17 12:00:00+00:00,27.038,27.437,26.474,27.064,4968.1733866
2023-07-17 16:00:00+00:00,27.204,27.27,25.635,26.223,10808.51601496
2023-07-17 20:00:00+00:00,26.27,27.016,26.27,26.935,8396.77491382
2023-07-18 00:00:00+00:00,26.905,27.114,26.466,26.626,2314.92231304
2023-07-18 04:00:00+00:00,26.491,26.62,25.691,25.786,3618.98923634
2023-07-18 08:00:00+00:00,25.687,26.124,24.92,25.062,13224.74643544
2023-07-18 12:00:00+00:00,25.092,25.671,24.782,25.557,4423.58559958
2023-07-18 16:00:00+00:00,25.593,25.79,24.896,25.338,5600.89721801
2023-07-18 20:00:00+00:00,25.311,25.614,25.08,25.614,2141.43282712
2023-07-19 00:00:00+00:00,25.535,26.628,25.391,26.432,4364.99781827
2023-07-19 04:00:00+00:00,26.41,26.547,26.105,26.18,3369.92189253
2023-07-19 08:00:00+00:00,26.107,26.529,25.775,26.475,3531.97777354
2023-07-19 12:00:00+00:00,26.433,26.779,25.88,26.375,3263.15996989
2023-07-19 16:00:00+00:00,26.429,26.947,26.234,26.771,5685.05558912
2023-07-19 20:00:00+00:00,26.844,27.0,26.275,26.407,2841.32768618
2023-07-20 00:00:00+00:00,26.362,26.814,26.192,26.49,7591.96565899
2023-07-20 04:00:00+00:00,26.577,26.954,26.371,26.891,6027.86462197
2023-07-20 08:00:00+00:00,26.966,27.374,26.938,27.192,7431.18968207
2023-07-20 12:00:00+00:00,27.208,27.278,25.603,25.733,6383.55660317
2023-07-20 16:00:00+00:00,25.612,25.746,25.203,25.405,2077.64185467
2023-07-20 20:00:00+00:00,25.407,25.715,25.076,25.36,2007.69476233
2023-07-21 00:00:00+00:00,25.335,25.66,25.103,25.51,3304.84424537
2023-07-21 04:00:00+00:00,25.513,25.528,25.167,25.201,2185.79679523
2023-07-21 08:00:00+00:00,25.217,25.488,25.095,25.317,2038.72698795
2023-07-21 12:00:00+00:00,25.385,25.64,25.278,25.318,2651.39081559
2023-07-21 16:00:00+00:00,25.327,26.018,25.224,25.858,2821.57920282
2023-07-21 20:00:00+00:00,25.822,25.92,25.482,25.515,1239.84817781
2023-07-22 00:00:00+00:00,25.556,26.01,25.5,25.989,1214.8549200100001
2023-07-22 04:00:00+00:00,25.87,25.873,25.628,25.857,500.19658854
2023-07-22 08:00:00+00:00,25.79,25.924,25.436,25.623,1701.27034272
2023-07-22 12:00:00+00:00,25.596,25.764,25.55,25.713,510.85434134
2023-07-22 16:00:00+00:00,25.7,25.779,25.25,25.333,1535.67504102
2023-07-22 20:00:00+00:00,25.29,25.397,24.155,24.555,19670.54357209
2023-07-23 00:00:00+00:00,24.525,24.804,24.168,24.733,1919.39979302
2023-07-23 04:00:00+00:00,24.767,24.913,24.66,24.718,1874.41847174
2023-07-23 08:00:00+00:00,24.757,24.872,24.655,24.69,919.3963323500001
2023-07-23 12:00:00+00:00,24.74,24.74,24.542,24.717,2516.57500067
2023-07-23 16:00:00+00:00,24.754,25.27,24.754,24.918,1449.53925097
2023-07-23 20:00:00+00:00,24.952,25.012,24.541,24.806,1625.54438551
2023-07-24 00:00:00+00:00,24.727,24.85,24.26,24.371,4630.92252437
2023-07-24 04:00:00+00:00,24.297,24.69,24.11,24.595,4112.91697017
2023-07-24 08:00:00+00:00,24.551,24.602,23.0,23.657,13972.49732087
2023-07-24 12:00:00+00:00,23.612,23.719,22.932,23.131,6293.1474359
2023-07-24 16:00:00+00:00,23.234,23.494,23.089,23.312,3563.69297821
2023-07-24 20:00:00+00:00,23.337,23.638,23.262,23.372,1928.11412965
2023-07-25 00:00:00+00:00,23.36,23.565,23.183,23.386,9601.22454956
2023-07-25 04:00:00+00:00,23.424,23.424,23.03,23.121,4669.97125678
2023-07-25 08:00:00+00:00,23.151,23.419,23.078,23.18,4203.1819679
2023-07-25 12:00:00+00:00,23.246,23.645,22.81,23.233,5606.94068282
2023-07-25 16:00:00+00:00,23.229,23.485,23.076,23.185,2471.88335359
2023-07-25 20:00:00+00:00,23.145,23.388,23.145,23.324,2408.38055361
2023-07-26 00:00:00+00:00,23.33,23.726,23.215,23.556,2269.93797917
2023-07-26 04:00:00+00:00,23.51,23.639,23.395,23.507,2572.8996743
2023-07-26 08:00:00+00:00,23.54,24.0,23.482,23.847,1693.97796316
2023-07-26 12:00:00+00:00,23.9,25.022,23.9,25.001,6179.55054905
2023-07-26 16:00:00+00:00,24.977,25.7,24.358,25.436,46660.798947330004
2023-07-26 20:00:00+00:00,25.419,25.609,25.114,25.204,4061.64359533
2023-07-27 00:00:00+00:00,25.204,25.528,24.704,24.923,2590.41144762
2023-07-27 04:00:00+00:00,25.006,25.395,24.985,25.052,6235.06430015
2023-07-27 08:00:00+00:00,25.029,25.537,24.954,25.387,3588.94320327
2023-07-27 12:00:00+00:00,25.372,25.66,25.098,25.202,6337.01687277
2023-07-27 16:00:00+00:00,25.283,25.379,24.756,24.972,5251.31667655
2023-07-27 20:00:00+00:00,24.964,25.27,24.804,25.114,2188.1176258699998
2023-07-28 00:00:00+00:00,25.076,25.406,24.866,24.909,2661.1056630900002
2023-07-28 04:00:00+00:00,24.962,24.998,24.59,24.668,1588.65052748
2023-07-28 08:00:00+00:00,24.66,24.848,24.566,24.719,1554.25196397
2023-07-28 12:00:00+00:00,24.688,25.572,24.688,25.246,8989.68340328
2023-07-28 16:00:00+00:00,25.245,25.398,24.87,25.1,4949.8382254
2023-07-28 20:00:00+00:00,25.081,25.151,24.83,24.83,1345.26098468
2023-07-29 00:00:00+00:00,24.806,25.25,24.767,25.14,386.34516079
2023-07-29 04:00:00+00:00,25.154,25.275,25.082,25.09,2210.30971929
2023-07-29 08:00:00+00:00,25.121,25.19,24.97,24.98,360.97012073
2023-07-29 12:00:00+00:00,25.001,25.237,24.97,25.073,833.96467419
2023-07-29 16:00:00+00:00,25.057,25.383,25.057,25.27,3788.52079263
2023-07-29 20:00:00+00:00,25.27,25.433,25.219,25.219,2589.45960935
2023-07-30 00:00:00+00:00,25.219,25.239,25.042,25.076,736.00510439
2023-07-30 04:00:00+00:00,25.06,25.145,24.868,24.989,1200.63761973
2023-07-30 08:00:00+00:00,24.979,25.086,24.874,24.955,327.7100847
2023-07-30 12:00:00+00:00,24.997,25.109,24.76,24.932,1757.43093379
2023-07-30 16:00:00+00:00,24.959,25.018,23.817,24.271,16090.89025825
2023-07-30 20:00:00+00:00,24.23,24.376,23.556,24.279,8622.90306044
2023-07-31 00:00:00+00:00,24.236,24.81,24.17,24.642,1141.6335567
2023-07-31 04:00:00+00:00,24.709,24.721,24.418,24.532,610.9247976
2023-07-31 08:00:00+00:00,24.53,24.592,24.433,24.494,1281.65612475
2023-07-31 12:00:00+00:00,24.467,24.726,23.935,23.964,5455.57023334
2023-07-31 16:00:00+00:00,23.996,24.183,23.542,23.699,10459.46878315
2023-07-31 20:00:00+00:00,23.696,23.961,23.631,23.728,5376.57354488
2023-08-01 00:00:00+00:00,23.746,24.006,22.85,23.434,15361.90928225
2023-08-01 04:00:00+00:00,23.415,23.686,23.32,23.534,5164.63753421
2023-08-01 08:00:00+00:00,23.544,23.641,23.349,23.377,7465.32631654
2023-08-01 12:00:00+00:00,23.351,23.502,22.873,23.282,5972.78288717
2023-08-01 16:00:00+00:00,23.303,23.824,23.233,23.625,1741.54236495
2023-08-01 20:00:00+00:00,23.643,24.07,23.505,24.042,2723.83804307
2023-08-02 00:00:00+00:00,24.13,24.26,23.672,23.718,1880.49116924
2023-08-02 04:00:00+00:00,23.715,23.804,23.604,23.604,1254.67252405
2023-08-02 08:00:00+00:00,23.6,23.728,23.443,23.718,750.75717255
2023-08-02 12:00:00+00:00,23.689,23.689,23.12,23.297,6056.78955204
2023-08-02 16:00:00+00:00,23.286,23.348,22.85,23.214,8206.13495381
2023-08-02 20:00:00+00:00,23.189,23.341,23.025,23.163,3413.4135212
2023-08-03 00:00:00+00:00,23.122,23.406,23.083,23.234,1040.39546477
2023-08-03 04:00:00+00:00,23.268,23.268,22.521,22.74,6596.32776253
2023-08-03 08:00:00+00:00,22.74,22.86,22.492,22.825,5034.52389118
2023-08-03 12:00:00+00:00,22.827,23.12,22.636,22.829,5544.34135556
2023-08-03 16:00:00+00:00,22.822,23.088,22.714,22.917,1393.26476554
2023-08-03 20:00:00+00:00,22.901,23.113,22.505,22.653,1330.91728656
2023-08-04 00:00:00+00:00,22.646,22.796,22.48,22.756,1713.1503579
2023-08-04 04:00:00+00:00,22.746,23.013,22.653,22.983,887.17792942
2023-08-04 08:00:00+00:00,22.96,23.065,22.847,22.952,963.06808042
2023-08-04 12:00:00+00:00,22.91,23.569,22.91,23.339,2209.26118458
2023-08-04 16:00:00+00:00,23.362,23.474,22.819,22.959,2608.90589654
2023-08-04 20:00:00+00:00,22.922,23.029,22.5,22.818,2237.94422647
2023-08-05 00:00:00+00:00,22.745,22.79,22.51,22.736,1289.83191057
2023-08-05 04:00:00+00:00,22.717,22.879,22.578,22.766,716.5053834
2023-08-05 08:00:00+00:00,22.714,22.958,22.712,22.804,300.42704402
2023-08-05 12:00:00+00:00,22.783,22.815,22.5,22.605,2883.30360742
2023-08-05 16:00:00+00:00,22.598,22.671,22.234,22.589,4832.05406844
2023-08-05 20:00:00+00:00,22.606,22.7,22.504,22.639,821.47360572
2023-08-06 00:00:00+00:00,22.638,22.894,22.581,22.821,820.4779373
2023-08-06 04:00:00+00:00,22.842,23.126,22.842,23.031,3051.90513082
2023-08-06 08:00:00+00:00,23.022,23.513,23.003,23.205,13441.51101342
2023-08-06 12:00:00+00:00,23.261,23.261,22.866,22.998,2239.52907064
2023-08-06 16:00:00+00:00,23.036,23.289,22.926,23.211,2507.83671526
2023-08-06 20:00:00+00:00,23.258,23.396,23.059,23.218,2095.22086589
2023-08-07 00:00:00+00:00,23.211,23.642,23.026,23.312,1508.2943758
2023-08-07 04:00:00+00:00,23.289,23.418,22.999,23.151,728.84106819
2023-08-07 08:00:00+00:00,23.13,23.134,23.023,23.097,177.96227733
2023-08-07 12:00:00+00:00,23.088,23.163,22.654,22.756,4552.15038372
2023-08-07 16:00:00+00:00,22.735,23.067,22.365,22.962,5180.13679303
2023-08-07 20:00:00+00:00,22.988,23.14,22.948,23.14,1329.78707272
2023-08-08 00:00:00+00:00,23.146,23.247,23.035,23.164,10349.59414562
2023-08-08 04:00:00+00:00,23.187,23.392,23.124,23.211,2484.56074132
2023-08-08 08:00:00+00:00,23.241,23.37,23.179,23.366,211.0668517
2023-08-08 12:00:00+00:00,23.4,23.927,23.183,23.717,12297.26699846
2023-08-08 16:00:00+00:00,23.819,24.78,23.74,24.585,23451.21581414
2023-08-08 20:00:00+00:00,24.612,24.674,24.08,24.25,7593.41938211
2023-08-09 00:00:00+00:00,24.242,24.49,24.195,24.327,4348.89118815
2023-08-09 04:00:00+00:00,24.38,24.639,24.352,24.598,2139.58990736
2023-08-09 08:00:00+00:00,24.587,25.0,24.563,24.887,5620.97184416
2023-08-09 12:00:00+00:00,24.873,25.019,24.458,24.581,2759.6303599899998
2023-08-09 16:00:00+00:00,24.578,24.603,24.245,24.265,2879.67018546
2023-08-09 20:00:00+00:00,24.299,24.476,24.113,24.413,1006.57369299
2023-08-10 00:00:00+00:00,24.428,24.555,24.224,24.238,1013.8108068
2023-08-10 04:00:00+00:00,24.225,24.394,24.145,24.321,632.64211171
2023-08-10 08:00:00+00:00,24.321,24.517,24.27,24.454,476.68128874
2023-08-10 12:00:00+00:00,24.4,24.907,24.375,24.526,17748.72553229
2023-08-10 16:00:00+00:00,24.572,24.633,24.376,24.626,7208.64710121
2023-08-10 20:00:00+00:00,24.598,24.747,24.566,24.6,1578.15932273
2023-08-11 00:00:00+00:00,24.706,24.933,24.645,24.7,1586.78680812
2023-08-11 04:00:00+00:00,24.731,24.812,24.477,24.489,1931.36916841
2023-08-11 08:00:00+00:00,24.483,24.563,24.383,24.544,339.27543087
2023-08-11 12:00:00+00:00,24.549,24.867,24.414,24.54,3201.33152477
2023-08-11 16:00:00+00:00,24.6,24.62,24.339,24.443,1716.84511507
2023-08-11 20:00:00+00:00,24.443,24.644,24.387,24.613,1091.60622321
2023-08-12 00:00:00+00:00,24.631,24.755,24.405,24.471,2304.35268502
2023-08-12 04:00:00+00:00,24.47,24.574,24.445,24.557,1556.64574924
2023-08-12 08:00:00+00:00,24.52,24.561,24.457,24.553,201.47083313
2023-08-12 12:00:00+00:00,24.554,24.714,24.521,24.62,1472.19085884
2023-08-12 16:00:00+00:00,24.685,24.866,24.647,24.753,695.15493804
2023-08-12 20:00:00+00:00,24.733,25.256,24.733,24.938,8153.9549108500005
2023-08-13 00:00:00+00:00,24.863,24.958,24.71,24.938,1129.28314952
2023-08-13 04:00:00+00:00,24.909,24.909,24.668,24.745,717.71453921
2023-08-13 08:00:00+00:00,24.747,24.87,24.667,24.7,473.00051416
2023-08-13 12:00:00+00:00,24.717,24.762,24.5,24.613,2088.21569162
2023-08-13 16:00:00+00:00,24.571,24.705,24.418,24.663,3091.93391379
2023-08-13 20:00:00+00:00,24.666,24.666,24.231,24.235,3522.78105754
2023-08-14 00:00:00+00:00,24.233,24.438,24.064,24.384,2291.96882195
2023-08-14 04:00:00+00:00,24.408,24.527,24.381,24.412,1501.0955254
2023-08-14 08:00:00+00:00,24.436,24.589,24.436,24.518,1263.1500935
2023-08-14 12:00:00+00:00,24.477,24.88,24.326,24.846,16368.51894789
2023-08-14 16:00:00+00:00,24.866,25.289,24.54,24.868,16701.32107395
2023-08-14 20:00:00+00:00,24.777,25.223,24.777,25.162,3009.40783431
2023-08-15 00:00:00+00:00,25.244,25.387,24.899,24.972,3210.04413169
2023-08-15 04:00:00+00:00,24.988,25.05,24.71,24.9,1439.93198641
2023-08-15 08:00:00+00:00,24.835,25.039,24.799,24.825,2602.63464566
2023-08-15 12:00:00+00:00,24.867,24.978,24.66,24.73,3361.51177977
2023-08-15 16:00:00+00:00,24.676,24.797,23.801,24.041,19034.83812215
2023-08-15 20:00:00+00:00,23.998,24.159,23.739,23.922,3101.58814311
2023-08-16 00:00:00+00:00,23.931,24.005,23.626,23.681,5335.01042629
2023-08-16 04:00:00+00:00,23.686,23.769,23.363,23.505,7503.26049076
2023-08-16 08:00:00+00:00,23.46,23.57,23.235,23.484,8251.12272694
2023-08-16 12:00:00+00:00,23.437,23.437,22.95,23.153,13583.38197382
2023-08-16 16:00:00+00:00,23.065,23.64,22.89,23.334,3220.26810412
2023-08-16 20:00:00+00:00,23.333,23.416,22.373,22.824,13726.43912391
2023-08-17 00:00:00+00:00,22.74,23.437,22.452,23.294,3128.7663991
2023-08-17 04:00:00+00:00,23.307,23.367,23.201,23.257,6681.24463145
2023-08-17 08:00:00+00:00,23.258,23.299,22.989,23.088,8911.75996828
2023-08-17 12:00:00+00:00,23.137,23.4,22.609,22.877,15323.804170110001
2023-08-17 16:00:00+00:00,22.877,23.338,22.629,23.097,14451.52816536
2023-08-17 20:00:00+00:00,23.107,23.128,19.861,21.651,36340.01092891
2023-08-18 00:00:00+00:00,21.635,22.022,21.311,21.572,1635.19627855
2023-08-18 04:00:00+00:00,21.588,22.2,21.38,22.09,4441.74878229
2023-08-18 08:00:00+00:00,22.157,22.165,21.832,22.092,2395.8833565
2023-08-18 12:00:00+00:00,21.964,22.071,21.58,21.605,14242.09560503
2023-08-18 16:00:00+00:00,21.583,21.744,20.88,21.27,28625.98532511
2023-08-18 20:00:00+00:00,21.293,21.486,21.254,21.356,563.1043744
2023-08-19 00:00:00+00:00,21.315,21.679,21.315,21.403,257.85351672
2023-08-19 04:00:00+00:00,21.429,21.85,21.391,21.828,1274.95770092
2023-08-19 08:00:00+00:00,21.75,21.905,21.61,21.668,2846.98654278
2023-08-19 12:00:00+00:00,21.695,22.0,21.668,21.994,634.28567738
2023-08-19 16:00:00+00:00,21.995,22.178,21.809,21.896,2546.28984887
2023-08-19 20:00:00+00:00,21.897,21.925,21.73,21.885,641.55097262
2023-08-20 00:00:00+00:00,21.901,21.967,21.748,21.809,430.78301034
2023-08-20 04:00:00+00:00,21.772,21.812,21.58,21.749,598.09521497
2023-08-20 08:00:00+00:00,21.757,22.055,21.665,21.994,883.92472274
2023-08-20 12:00:00+00:00,21.94,21.99,21.69,21.792,256.26533587
2023-08-20 16:00:00+00:00,21.803,21.901,21.603,21.8,1237.34877158
2023-08-20 20:00:00+00:00,21.829,21.977,21.732,21.793,617.82957918
2023-08-21 00:00:00+00:00,21.748,21.794,21.354,21.423,745.80918403
2023-08-21 04:00:00+00:00,21.384,21.691,21.313,21.349,694.23932182
2023-08-21 08:00:00+00:00,21.348,21.378,20.98,21.257,2213.81083914
2023-08-21 12:00:00+00:00,21.296,21.403,20.32,20.786,7877.38999245
2023-08-21 16:00:00+00:00,20.744,21.407,20.7,21.29,4737.02304144
2023-08-21 20:00:00+00:00,21.367,21.436,21.206,21.212,757.34126845
2023-08-22 00:00:00+00:00,21.228,21.28,21.05,21.061,2641.39630464
2023-08-22 04:00:00+00:00,21.128,21.198,20.973,21.192,860.17131204
2023-08-22 08:00:00+00:00,21.197,21.197,20.952,20.958,309.45648294
2023-08-22 12:00:00+00:00,20.926,21.084,20.609,20.705,2177.025814
2023-08-22 16:00:00+00:00,20.665,20.741,19.98,20.082,17591.69257821
2023-08-22 20:00:00+00:00,20.122,20.707,19.366,20.588,15109.79599577
2023-08-23 00:00:00+00:00,20.56,20.765,20.48,20.584,2438.16260688
2023-08-23 04:00:00+00:00,20.615,20.913,20.522,20.776,1206.51300093
2023-08-23 08:00:00+00:00,20.785,20.945,20.634,20.634,4462.08435603
2023-08-23 12:00:00+00:00,20.67,21.016,20.399,20.934,2930.07774069
2023-08-23 16:00:00+00:00,20.996,21.686,20.934,21.518,6042.61824148
2023-08-23 20:00:00+00:00,21.45,21.844,21.295,21.763,4517.20247224
2023-08-24 00:00:00+00:00,21.763,21.835,21.619,21.827,520.45893202
2023-08-24 04:00:00+00:00,21.788,22.038,21.711,21.731,1172.55241985
2023-08-24 08:00:00+00:00,21.698,21.918,21.659,21.817,811.56800555
2023-08-24 12:00:00+00:00,21.783,21.783,21.065,21.085,3782.79519022
2023-08-24 16:00:00+00:00,21.101,21.225,20.78,20.981,3592.2073035
2023-08-24 20:00:00+00:00,20.904,21.099,20.695,21.076,2048.82074499
2023-08-25 00:00:00+00:00,21.047,21.062,20.493,20.738,1311.00695842
2023-08-25 04:00:00+00:00,20.748,20.764,20.436,20.559,1933.95279676
2023-08-25 08:00:00+00:00,20.576,20.778,20.576,20.678,400.4838068
2023-08-25 12:00:00+00:00,20.689,20.902,20.281,20.346,15892.694913199999
2023-08-25 16:00:00+00:00,20.361,20.46,20.105,20.257,3685.07155477
2023-08-25 20:00:00+00:00,20.233,20.42,20.222,20.4,638.71855981
2023-08-26 00:00:00+00:00,20.332,20.425,20.25,20.424,196.39213241
2023-08-26 04:00:00+00:00,20.427,20.468,20.232,20.362,718.38898556
2023-08-26 08:00:00+00:00,20.326,20.36,20.273,20.309,567.47393562
2023-08-26 12:00:00+00:00,20.286,20.413,20.21,20.382,434.09537670000003
2023-08-26 16:00:00+00:00,20.353,20.4,20.225,20.362,305.56591392
2023-08-26 20:00:00+00:00,20.345,20.379,20.263,20.28,262.12493046
2023-08-27 00:00:00+00:00,20.283,20.389,20.264,20.307,84.69674370999999
2023-08-27 04:00:00+00:00,20.312,20.447,20.312,20.407,200.2309189
2023-08-27 08:00:00+00:00,20.437,20.752,20.437,20.569,1387.99806543
2023-08-27 12:00:00+00:00,20.621,20.934,20.585,20.745,611.57133357
2023-08-27 16:00:00+00:00,20.777,20.809,20.571,20.753,795.094031
2023-08-27 20:00:00+00:00,20.771,20.846,20.642,20.815,78.18843569
2023-08-28 00:00:00+00:00,20.773,20.773,20.45,20.556,254.21127791
2023-08-28 04:00:00+00:00,20.472,20.522,20.229,20.361,1352.23172342
2023-08-28 08:00:00+00:00,20.386,20.386,20.07,20.375,2964.14467135
2023-08-28 12:00:00+00:00,20.375,20.81,20.375,20.5,5499.74783873
2023-08-28 16:00:00+00:00,20.602,20.693,20.371,20.505,4458.05980922
2023-08-28 20:00:00+00:00,20.515,20.63,20.391,20.577,257.84853571
2023-08-29 00:00:00+00:00,20.6,20.77,20.447,20.545,361.67846412
2023-08-29 04:00:00+00:00,20.52,20.546,20.249,20.261,521.88079481
2023-08-29 08:00:00+00:00,20.283,20.35,20.138,20.199,544.66754633
2023-08-29 12:00:00+00:00,20.141,22.059,20.139,21.335,26726.80456814
2023-08-29 16:00:00+00:00,21.377,21.96,21.23,21.617,7456.94374817
2023-08-29 20:00:00+00:00,21.658,21.986,21.657,21.814,2944.75873593
2023-08-30 00:00:00+00:00,21.859,22.004,21.491,21.683,1075.29385287
2023-08-30 04:00:00+00:00,21.714,21.767,21.575,21.628,15715.58877484
2023-08-30 08:00:00+00:00,21.639,21.732,21.415,21.468,1099.80006466
2023-08-30 12:00:00+00:00,21.473,21.52,20.691,20.821,4665.86938301
2023-08-30 16:00:00+00:00,20.818,20.869,20.612,20.697,2584.93706114
2023-08-30 20:00:00+00:00,20.694,20.916,20.681,20.835,1055.50856619
2023-08-31 00:00:00+00:00,20.835,20.835,20.639,20.655,1333.8632241
2023-08-31 04:00:00+00:00,20.668,20.848,20.668,20.786,471.73801674
2023-08-31 08:00:00+00:00,20.817,21.07,20.706,20.937,1803.13775709
2023-08-31 12:00:00+00:00,20.892,20.892,20.206,20.358,1638.20783124
2023-08-31 16:00:00+00:00,20.323,20.339,19.448,19.854,5720.6600483
2023-08-31 20:00:00+00:00,19.852,19.856,19.462,19.744,3140.58252539
2023-09-01 00:00:00+00:00,19.802,19.936,19.773,19.911,567.14478123
2023-09-01 04:00:00+00:00,19.897,19.925,19.79,19.832,3222.01106975
2023-09-01 08:00:00+00:00,19.809,19.929,19.755,19.852,791.87207205
2023-09-01 12:00:00+00:00,19.874,19.931,19.289,19.406,15180.83573544
2023-09-01 16:00:00+00:00,19.396,19.56,19.037,19.259,4967.93203109
2023-09-01 20:00:00+00:00,19.296,19.509,19.231,19.354,426.07138657999997
2023-09-02 00:00:00+00:00,19.336,19.608,19.336,19.608,1318.45215005
2023-09-02 04:00:00+00:00,19.659,19.66,19.45,19.591,1105.31911393
2023-09-02 08:00:00+00:00,19.6,19.67,19.522,19.554,253.07453465
2023-09-02 12:00:00+00:00,19.59,19.717,19.381,19.58,1190.43945096
2023-09-02 16:00:00+00:00,19.587,19.609,19.131,19.394,1848.93272457
2023-09-02 20:00:00+00:00,19.404,19.566,19.374,19.461,1811.74738132
2023-09-03 00:00:00+00:00,19.499,19.675,19.484,19.618,441.66712816
2023-09-03 04:00:00+00:00,19.631,19.631,19.474,19.534,197.33417969
2023-09-03 08:00:00+00:00,19.499,19.499,19.337,19.403,393.76872994
2023-09-03 12:00:00+00:00,19.435,19.573,19.316,19.349,486.75130774
2023-09-03 16:00:00+00:00,19.369,19.55,19.247,19.496,240.61813405
2023-09-03 20:00:00+00:00,19.496,19.64,19.451,19.59,208.41926005
2023-09-04 00:00:00+00:00,19.599,20.02,19.593,19.749,996.66539794
2023-09-04 04:00:00+00:00,19.79,19.857,19.63,19.777,710.31119912
2023-09-04 08:00:00+00:00,19.789,19.86,19.577,19.581,1775.5013973
2023-09-04 12:00:00+00:00,19.561,19.626,19.227,19.402,3416.07187263
2023-09-04 16:00:00+00:00,19.425,19.548,19.332,19.439,238.37123281
2023-09-04 20:00:00+00:00,19.447,19.519,19.18,19.519,346.93754058
2023-09-05 00:00:00+00:00,19.5,19.5,19.04,19.21,2175.50612871
2023-09-05 04:00:00+00:00,19.237,19.468,19.228,19.404,776.22831599
2023-09-05 08:00:00+00:00,19.425,19.622,19.25,19.542,2914.07856987
2023-09-05 12:00:00+00:00,19.516,20.605,19.508,20.388,13727.91483814
2023-09-05 16:00:00+00:00,20.426,20.58,20.214,20.241,1708.88808761
2023-09-05 20:00:00+00:00,20.272,20.334,20.084,20.262,2524.37212768
2023-09-06 00:00:00+00:00,20.27,20.38,20.11,20.148,1267.10937051
2023-09-06 04:00:00+00:00,20.122,20.147,19.686,19.708,17366.86176575
2023-09-06 08:00:00+00:00,19.749,19.852,19.717,19.744,2098.06024951
2023-09-06 12:00:00+00:00,19.79,19.839,19.186,19.443,21213.92810828
2023-09-06 16:00:00+00:00,19.366,19.91,19.168,19.478,2394.35036123
2023-09-06 20:00:00+00:00,19.504,19.67,19.497,19.644,270.52998983
2023-09-07 00:00:00+00:00,19.641,19.824,19.586,19.774,1340.13886725
2023-09-07 04:00:00+00:00,19.819,19.848,19.583,19.596,1148.84825438
2023-09-07 08:00:00+00:00,19.551,19.605,19.384,19.384,660.2891276
2023-09-07 12:00:00+00:00,19.393,19.647,19.351,19.53,1447.16540275
2023-09-07 16:00:00+00:00,19.587,19.776,19.57,19.683,2030.64226581
2023-09-07 20:00:00+00:00,19.699,20.012,19.636,19.934,3759.81057211
2023-09-08 00:00:00+00:00,19.893,20.288,19.893,20.053,1995.61709507
2023-09-08 04:00:00+00:00,20.023,20.093,19.85,19.915,769.2332854
2023-09-08 08:00:00+00:00,19.9,19.9,19.408,19.549,1406.79922457
2023-09-08 12:00:00+00:00,19.598,19.701,19.5,19.53,3576.23297279
2023-09-08 16:00:00+00:00,19.522,19.581,19.396,19.581,2884.85480822
2023-09-08 20:00:00+00:00,19.581,19.658,19.501,19.607,333.76222397
2023-09-09 00:00:00+00:00,19.596,19.617,19.48,19.565,132.96196944
2023-09-09 04:00:00+00:00,19.54,19.593,19.485,19.485,366.42140748
2023-09-09 08:00:00+00:00,19.509,19.59,19.477,19.59,268.19995971
2023-09-09 12:00:00+00:00,19.569,19.599,19.496,19.547,269.47899082
2023-09-09 16:00:00+00:00,19.523,19.571,19.391,19.421,1007.67915592
2023-09-09 20:00:00+00:00,19.451,19.545,19.439,19.44,1179.81453818
2023-09-10 00:00:00+00:00,19.404,19.425,19.2,19.222,1148.69514551
2023-09-10 04:00:00+00:00,19.193,19.193,18.0,18.594,13544.00758489
2023-09-10 08:00:00+00:00,18.507,18.507,18.25,18.349,2835.7951039600002
2023-09-10 12:00:00+00:00,18.423,18.468,17.802,18.235,5801.77757083
2023-09-10 16:00:00+00:00,18.205,18.283,17.832,18.235,3872.35585426
2023-09-10 20:00:00+00:00,18.191,18.579,18.176,18.231,3179.21325738
2023-09-11 00:00:00+00:00,18.29,18.474,18.004,18.357,1433.3435354
2023-09-11 04:00:00+00:00,18.331,18.436,18.176,18.23,1232.76301178
2023-09-11 08:00:00+00:00,18.215,18.215,17.366,17.676,6838.17173293
2023-09-11 12:00:00+00:00,17.744,17.988,17.372,17.868,5461.25569046
2023-09-11 16:00:00+00:00,17.821,17.99,17.431,17.5,11951.35108919
2023-09-11 20:00:00+00:00,17.529,17.754,17.441,17.75,3990.27117031
2023-09-12 00:00:00+00:00,17.741,18.518,17.577,18.228,5251.37772518
2023-09-12 04:00:00+00:00,18.205,18.264,17.882,17.974,1808.58216295
2023-09-12 08:00:00+00:00,17.96,18.806,17.957,18.31,19586.17221394
2023-09-12 12:00:00+00:00,18.321,18.42,17.93,18.025,9258.79851955
2023-09-12 16:00:00+00:00,18.058,18.31,17.727,17.971,1329.96875248
2023-09-12 20:00:00+00:00,17.945,18.063,17.883,17.922,749.16974635
2023-09-13 00:00:00+00:00,17.954,18.173,17.801,17.862,1428.92414817
2023-09-13 04:00:00+00:00,17.818,18.611,17.724,17.864,24871.65951781
2023-09-13 08:00:00+00:00,17.877,18.307,17.877,18.218,1500.07566201
2023-09-13 12:00:00+00:00,18.196,18.576,17.983,18.387,4824.03099184
2023-09-13 16:00:00+00:00,18.406,18.561,17.921,18.365,14722.60174342
2023-09-13 20:00:00+00:00,18.364,18.498,18.269,18.408,1496.45354842
2023-09-14 00:00:00+00:00,18.435,19.348,18.435,18.943,7623.99696706
2023-09-14 04:00:00+00:00,18.928,18.94,18.63,18.846,2105.68112691
2023-09-14 08:00:00+00:00,18.787,18.926,18.556,18.874,2026.23803647
2023-09-14 12:00:00+00:00,18.85,19.2,18.782,19.013,3379.04459709
2023-09-14 16:00:00+00:00,19.008,19.099,18.88,19.032,1316.21005433
2023-09-14 20:00:00+00:00,19.07,19.113,18.79,18.862,659.09985619
2023-09-15 00:00:00+00:00,18.867,19.203,18.744,19.148,2527.13137533
2023-09-15 04:00:00+00:00,19.176,19.298,19.051,19.09,206.54399864
2023-09-15 08:00:00+00:00,19.108,19.253,19.01,19.03,1215.74680597
2023-09-15 12:00:00+00:00,19.05,19.07,18.76,18.885,4355.73783356
2023-09-15 16:00:00+00:00,18.918,18.923,18.577,18.811,594.92098055
2023-09-15 20:00:00+00:00,18.732,19.523,18.694,19.154,4088.55391017
2023-09-16 00:00:00+00:00,19.18,19.473,19.098,19.235,1222.06836018
2023-09-16 04:00:00+00:00,19.224,19.36,19.075,19.122,938.14972502
2023-09-16 08:00:00+00:00,19.127,19.268,19.066,19.155,387.21083339
2023-09-16 12:00:00+00:00,19.166,19.207,18.896,18.992,1470.65388819
2023-09-16 16:00:00+00:00,18.97,19.16,18.953,18.978,295.17066408
2023-09-16 20:00:00+00:00,18.974,19.169,18.974,19.135,518.05111406
2023-09-17 00:00:00+00:00,19.065,19.065,18.744,19.049,978.0258535199999
2023-09-17 04:00:00+00:00,19.005,19.071,18.914,18.914,224.1443859
2023-09-17 08:00:00+00:00,18.949,19.123,18.949,19.048,135.1047177
2023-09-17 12:00:00+00:00,19.071,19.095,18.983,18.992,97.21216552
2023-09-17 16:00:00+00:00,18.969,18.969,18.778,18.927,956.90414972
2023-09-17 20:00:00+00:00,18.894,18.894,18.651,18.849,2869.27266238
2023-09-18 00:00:00+00:00,18.81,19.309,18.617,19.227,2588.52293308
2023-09-18 04:00:00+00:00,19.254,19.333,19.021,19.111,938.89653881
2023-09-18 08:00:00+00:00,19.123,19.771,19.12,19.596,2757.50417731
2023-09-18 12:00:00+00:00,19.651,20.15,19.589,19.98,2405.67606649
2023-09-18 16:00:00+00:00,20.011,20.081,19.54,19.811,5872.60153815
2023-09-18 20:00:00+00:00,19.808,19.904,19.621,19.684,433.5703148
2023-09-19 00:00:00+00:00,19.66,19.995,19.592,19.992,435.83994392
2023-09-19 04:00:00+00:00,19.96,20.002,19.777,19.85,3326.86762259
2023-09-19 08:00:00+00:00,19.826,20.422,19.826,20.214,24399.45939504
2023-09-19 12:00:00+00:00,20.198,20.211,19.835,20.172,2830.82522249
2023-09-19 16:00:00+00:00,20.105,20.13,19.859,19.961,1141.52795816
2023-09-19 20:00:00+00:00,19.95,20.104,19.883,20.05,708.86487325
2023-09-20 00:00:00+00:00,20.123,20.244,19.872,19.914,505.77844951
2023-09-20 04:00:00+00:00,19.889,19.987,19.819,19.987,362.38538101
2023-09-20 08:00:00+00:00,19.95,20.17,19.932,20.08,1171.30428467
2023-09-20 12:00:00+00:00,20.075,20.396,19.922,20.193,3087.45008996
2023-09-20 16:00:00+00:00,20.213,20.534,19.898,20.17,2654.4694006
2023-09-20 20:00:00+00:00,20.127,20.478,20.124,20.311,814.46471631
2023-09-21 00:00:00+00:00,20.261,20.263,19.93,20.211,1290.73481805
2023-09-21 04:00:00+00:00,20.206,20.206,19.776,19.917,1195.45306845
2023-09-21 08:00:00+00:00,19.908,19.973,19.52,19.615,1441.6370761
2023-09-21 12:00:00+00:00,19.629,19.669,19.316,19.64,1379.62472108
2023-09-21 16:00:00+00:00,19.613,19.711,19.568,19.64,418.13693163
2023-09-21 20:00:00+00:00,19.615,19.647,19.442,19.479,490.26037346
2023-09-22 00:00:00+00:00,19.469,19.708,19.265,19.687,430.86478612
2023-09-22 04:00:00+00:00,19.691,19.745,19.564,19.655,1365.42109778
2023-09-22 08:00:00+00:00,19.66,19.785,19.617,19.711,715.77770889
2023-09-22 12:00:00+00:00,19.704,19.708,19.477,19.477,632.31643206
2023-09-22 16:00:00+00:00,19.47,19.49,19.333,19.371,1319.66707928
2023-09-22 20:00:00+00:00,19.372,19.504,19.197,19.45,1531.36910962
2023-09-23 00:00:00+00:00,19.441,19.593,19.302,19.411,1321.41266507
2023-09-23 04:00:00+00:00,19.408,19.558,19.339,19.543,349.23184495
2023-09-23 08:00:00+00:00,19.543,19.556,19.455,19.534,6368.01009999
2023-09-23 12:00:00+00:00,19.541,19.541,19.33,19.347,460.28493192
2023-09-23 16:00:00+00:00,19.331,19.514,19.323,19.505,424.91181246
2023-09-23 20:00:00+00:00,19.495,19.508,19.421,19.506,1087.54061648
2023-09-24 00:00:00+00:00,19.516,19.7,19.475,19.582,1376.48736225
2023-09-24 04:00:00+00:00,19.588,19.65,19.522,19.638,307.6574547
2023-09-24 08:00:00+00:00,19.661,19.701,19.568,19.627,454.1371028
2023-09-24 12:00:00+00:00,19.66,19.66,19.484,19.543,1712.86053502
2023-09-24 16:00:00+00:00,19.553,19.685,19.47,19.5,2995.2669596
2023-09-24 20:00:00+00:00,19.471,19.56,19.215,19.376,918.53350937
2023-09-25 00:00:00+00:00,19.372,19.623,19.18,19.501,1445.69492909
2023-09-25 04:00:00+00:00,19.51,19.551,19.37,19.501,1043.98421835
2023-09-25 08:00:00+00:00,19.473,19.592,19.434,19.588,915.06932997
2023-09-25 12:00:00+00:00,19.604,19.676,19.493,19.593,1387.2720597
2023-09-25 16:00:00+00:00,19.646,19.794,19.489,19.536,4565.57220951
2023-09-25 20:00:00+00:00,19.58,19.58,19.376,19.424,96.8193775
2023-09-26 00:00:00+00:00,19.404,19.544,19.304,19.469,1065.67738194
2023-09-26 04:00:00+00:00,19.455,19.493,19.32,19.325,3030.62720763
2023-09-26 08:00:00+00:00,19.335,19.426,19.252,19.414,342.3052741
2023-09-26 12:00:00+00:00,19.404,19.404,19.146,19.199,1130.24019848
2023-09-26 16:00:00+00:00,19.222,19.29,19.141,19.258,3376.98628865
2023-09-26 20:00:00+00:00,19.262,19.27,18.852,19.046,1775.39211095
2023-09-27 00:00:00+00:00,19.081,19.156,18.971,19.031,1766.56054445
2023-09-27 04:00:00+00:00,19.049,19.049,18.924,18.982,1308.11584015
2023-09-27 08:00:00+00:00,18.945,19.499,18.902,19.38,1717.18732924
2023-09-27 12:00:00+00:00,19.432,19.479,18.77,18.956,4036.60524213
2023-09-27 16:00:00+00:00,18.929,19.049,18.745,18.998,623.7862751
2023-09-27 20:00:00+00:00,18.98,19.168,18.892,19.151,618.39826428
2023-09-28 00:00:00+00:00,19.141,19.442,19.141,19.22,1033.47627622
2023-09-28 04:00:00+00:00,19.226,19.28,19.209,19.228,1692.5864316700001
2023-09-28 08:00:00+00:00,19.231,19.32,19.121,19.17,727.82153114
2023-09-28 12:00:00+00:00,19.19,19.605,19.16,19.605,2257.75498333
2023-09-28 16:00:00+00:00,19.656,19.738,19.45,19.715,1890.80386206
2023-09-28 20:00:00+00:00,19.738,20.005,19.591,19.974,1928.2982429
2023-09-29 00:00:00+00:00,19.983,20.345,19.88,20.186,2180.21498609
2023-09-29 04:00:00+00:00,20.237,20.368,20.085,20.309,588.814905
2023-09-29 08:00:00+00:00,20.278,20.309,20.08,20.091,510.27587997
2023-09-29 12:00:00+00:00,20.13,20.463,20.04,20.344,4529.70043012
2023-09-29 16:00:00+00:00,20.365,20.37,20.1,20.246,1776.66234667
2023-09-29 20:00:00+00:00,20.287,20.375,20.221,20.295,456.96733943
2023-09-30 00:00:00+00:00,20.304,20.452,20.224,20.237,448.80788689
2023-09-30 04:00:00+00:00,20.21,20.365,20.09,20.325,668.11384714
2023-09-30 08:00:00+00:00,20.33,20.409,20.27,20.312,200.60533195
2023-09-30 12:00:00+00:00,20.342,21.666,20.342,21.436,30759.48735263
2023-09-30 16:00:00+00:00,21.524,21.827,21.271,21.418,2171.5457594599998
2023-09-30 20:00:00+00:00,21.417,21.465,21.256,21.38,6034.73106332
2023-10-01 00:00:00+00:00,21.339,21.445,21.177,21.272,1725.59414262
2023-10-01 04:00:00+00:00,21.197,21.419,21.18,21.419,732.6044049
2023-10-01 08:00:00+00:00,21.404,24.246,21.386,22.994,20516.34450004
2023-10-01 12:00:00+00:00,23.015,23.438,22.885,23.088,8670.462912949999
2023-10-01 16:00:00+00:00,23.093,23.093,22.46,22.731,4872.23034475
2023-10-01 20:00:00+00:00,22.7,24.506,22.607,23.901,14610.06271475
2023-10-02 00:00:00+00:00,23.972,24.349,23.606,24.12,2565.87540231
2023-10-02 04:00:00+00:00,24.12,24.798,24.011,24.313,8739.54676914
2023-10-02 08:00:00+00:00,24.304,24.531,23.829,23.837,2500.10738305
2023-10-02 12:00:00+00:00,23.877,24.479,23.628,24.095,15402.2184044
2023-10-02 16:00:00+00:00,24.084,24.319,23.092,23.841,9045.24109396
2023-10-02 20:00:00+00:00,23.758,23.758,22.953,23.406,2261.94197407
2023-10-03 00:00:00+00:00,23.46,23.804,23.335,23.695,907.9391857200001
2023-10-03 04:00:00+00:00,23.72,24.264,23.513,23.889,4102.16735391
2023-10-03 08:00:00+00:00,23.949,24.465,23.825,23.95,3983.45514881
2023-10-03 12:00:00+00:00,23.911,24.808,23.781,24.028,5673.03676008
2023-10-03 16:00:00+00:00,23.969,24.32,23.446,23.515,4233.21638441
2023-10-03 20:00:00+00:00,23.578,23.735,23.19,23.616,6110.14272494
2023-10-04 00:00:00+00:00,23.625,23.625,22.808,23.124,784.42985698
2023-10-04 04:00:00+00:00,23.114,23.247,22.797,23.157,590.60634359
2023-10-04 08:00:00+00:00,23.148,23.835,23.148,23.488,1170.63399905
2023-10-04 12:00:00+00:00,23.495,23.629,22.683,22.683,15684.78404757
2023-10-04 16:00:00+00:00,22.672,23.311,22.596,22.933,6622.45442453
2023-10-04 20:00:00+00:00,22.897,23.316,22.893,23.15,136.65296097
2023-10-05 00:00:00+00:00,23.132,23.76,23.062,23.257,1010.90801286
2023-10-05 04:00:00+00:00,23.21,23.479,22.84,22.999,1411.0970183
2023-10-05 08:00:00+00:00,23.012,23.325,22.94,23.231,1233.0688491
2023-10-05 12:00:00+00:00,23.319,23.574,22.617,22.835,1844.28590586
2023-10-05 16:00:00+00:00,22.885,23.049,22.524,22.784,1427.91662559
2023-10-05 20:00:00+00:00,22.754,22.861,22.638,22.697,2927.35507994
2023-10-06 00:00:00+00:00,22.745,23.35,22.745,23.194,2407.89380989
2023-10-06 04:00:00+00:00,23.2,23.442,22.952,23.374,958.68660945
2023-10-06 08:00:00+00:00,23.337,23.525,23.084,23.179,1190.74938131
2023-10-06 12:00:00+00:00,23.157,23.699,22.701,23.494,2096.97772547
2023-10-06 16:00:00+00:00,23.544,23.749,23.369,23.447,1139.12774282
2023-10-06 20:00:00+00:00,23.417,23.769,23.296,23.427,1815.0615915
2023-10-07 00:00:00+00:00,23.443,23.738,23.348,23.697,935.74944636
2023-10-07 04:00:00+00:00,23.681,24.226,23.498,23.512,5082.9355516
2023-10-07 08:00:00+00:00,23.542,23.815,23.38,23.509,2279.54656382
2023-10-07 12:00:00+00:00,23.492,23.585,23.3,23.35,1273.77041809
2023-10-07 16:00:00+00:00,23.332,23.442,23.1,23.109,1002.11819155
2023-10-07 20:00:00+00:00,23.125,23.358,23.125,23.31,201.77616819
2023-10-08 00:00:00+00:00,23.295,23.636,23.181,23.546,1245.35976412
2023-10-08 04:00:00+00:00,23.519,23.519,23.207,23.33,952.7790883
2023-10-08 08:00:00+00:00,23.291,23.535,23.182,23.249,604.92310115
2023-10-08 12:00:00+00:00,23.208,23.448,23.062,23.448,946.54386439
2023-10-08 16:00:00+00:00,23.464,23.553,23.3,23.323,696.9329323
2023-10-08 20:00:00+00:00,23.337,23.489,23.18,23.247,406.07473763
2023-10-09 00:00:00+00:00,23.223,23.331,23.11,23.263,597.52825509
2023-10-09 04:00:00+00:00,23.251,23.377,22.889,23.009,935.64882471
2023-10-09 08:00:00+00:00,22.979,22.994,22.086,22.194,12342.16700285
2023-10-09 12:00:00+00:00,22.163,22.39,22.111,22.224,3305.1129003
2023-10-09 16:00:00+00:00,22.227,22.468,21.637,22.224,7813.3799570500005
2023-10-09 20:00:00+00:00,22.24,22.283,22.05,22.15,967.29132754
2023-10-10 00:00:00+00:00,22.092,22.249,21.932,22.187,2986.43387464
2023-10-10 04:00:00+00:00,22.111,22.418,22.076,22.358,693.25225205
2023-10-10 08:00:00+00:00,22.361,22.465,22.147,22.147,2619.41864977
2023-10-10 12:00:00+00:00,22.131,22.492,21.953,21.989,6016.39850565
2023-10-10 16:00:00+00:00,21.967,22.093,21.711,22.039,3273.66133177
2023-10-10 20:00:00+00:00,22.066,22.217,21.827,22.127,604.2779505999999
2023-10-11 00:00:00+00:00,22.166,22.302,21.784,22.048,591.85384943
2023-10-11 04:00:00+00:00,21.961,22.376,21.961,22.012,2657.88122723
2023-10-11 08:00:00+00:00,22.082,22.417,22.06,22.17,1654.74794539
2023-10-11 12:00:00+00:00,22.18,22.328,21.911,22.028,1513.11444731
2023-10-11 16:00:00+00:00,21.971,22.029,21.639,21.926,1500.72615991
2023-10-11 20:00:00+00:00,21.901,22.028,21.764,22.028,791.00673648
2023-10-12 00:00:00+00:00,22.02,22.03,21.515,21.712,8218.75944737
2023-10-12 04:00:00+00:00,21.705,21.845,21.67,21.67,312.36024111
2023-10-12 08:00:00+00:00,21.658,21.658,21.172,21.505,3906.58900754
2023-10-12 12:00:00+00:00,21.41,21.523,21.281,21.289,1510.18949534
2023-10-12 16:00:00+00:00,21.295,21.393,20.965,21.26,2565.62526275
2023-10-12 20:00:00+00:00,21.251,21.367,21.158,21.33,311.85778441
2023-10-13 00:00:00+00:00,21.304,21.501,21.162,21.162,265.22522728
2023-10-13 04:00:00+00:00,21.167,21.48,21.15,21.384,897.98625307
2023-10-13 08:00:00+00:00,21.416,21.594,21.344,21.52,649.20868199
2023-10-13 12:00:00+00:00,21.518,21.629,21.361,21.43,12657.53883035
2023-10-13 16:00:00+00:00,21.462,21.623,21.454,21.55,1141.0814742
2023-10-13 20:00:00+00:00,21.591,22.236,21.588,21.864,3170.14027651
2023-10-14 00:00:00+00:00,21.864,22.08,21.811,22.036,5018.99075078
2023-10-14 04:00:00+00:00,22.074,22.157,21.95,22.078,2526.63505996
2023-10-14 08:00:00+00:00,22.08,22.328,21.934,21.936,7967.62631461
2023-10-14 12:00:00+00:00,21.992,22.116,21.872,22.116,1231.9872466
2023-10-14 16:00:00+00:00,22.099,22.106,22.006,22.049,3129.4445983
2023-10-14 20:00:00+00:00,22.052,22.063,21.958,22.025,2171.02078826
2023-10-15 00:00:00+00:00,22.009,22.219,21.848,21.97,6400.89876457
2023-10-15 04:00:00+00:00,21.966,21.975,21.882,21.946,92.91818561
2023-10-15 08:00:00+00:00,21.968,22.028,21.834,21.901,7436.37596006
2023-10-15 12:00:00+00:00,21.873,21.962,21.686,21.763,9259.56565525
2023-10-15 16:00:00+00:00,21.767,21.989,21.715,21.913,7310.15547638
2023-10-15 20:00:00+00:00,21.911,22.119,21.833,21.933,7345.07201651
2023-10-16 00:00:00+00:00,21.94,22.245,21.915,22.127,772.44361436
2023-10-16 04:00:00+00:00,22.131,22.88,22.131,22.828,18138.24869645
2023-10-16 08:00:00+00:00,22.857,23.17,22.655,23.161,4894.72711234
2023-10-16 12:00:00+00:00,23.13,24.898,22.922,23.145,22226.3691196
2023-10-16 16:00:00+00:00,23.245,24.146,23.167,23.836,2592.03298093
2023-10-16 20:00:00+00:00,23.893,24.201,23.666,23.991,1314.64727878
2023-10-17 00:00:00+00:00,24.001,24.367,23.821,24.026,1417.54816191
2023-10-17 04:00:00+00:00,24.019,24.246,23.776,24.093,2208.11910231
2023-10-17 08:00:00+00:00,24.16,24.563,24.08,24.16,2852.45213086
2023-10-17 12:00:00+00:00,24.156,24.177,23.467,23.912,17397.88452343
2023-10-17 16:00:00+00:00,23.929,24.38,23.743,24.166,2151.34399716
2023-10-17 20:00:00+00:00,24.182,24.24,23.918,23.945,724.31978725
2023-10-18 00:00:00+00:00,23.933,24.115,23.833,24.0,202.04212846
2023-10-18 04:00:00+00:00,23.953,24.424,23.919,23.919,1106.70828859
2023-10-18 08:00:00+00:00,23.9,24.151,23.809,23.809,1315.92130682
2023-10-18 12:00:00+00:00,23.78,23.884,23.66,23.7,865.62110509
2023-10-18 16:00:00+00:00,23.694,23.791,23.588,23.71,979.66393413
2023-10-18 20:00:00+00:00,23.679,23.731,23.374,23.428,914.56233403
2023-10-19 00:00:00+00:00,23.399,23.584,23.145,23.447,11941.9283824
2023-10-19 04:00:00+00:00,23.513,23.894,23.481,23.848,3510.57817131
2023-10-19 08:00:00+00:00,23.86,24.318,23.717,24.296,1743.58863343
2023-10-19 12:00:00+00:00,24.32,24.915,24.064,24.792,12641.18756821
2023-10-19 16:00:00+00:00,24.77,25.785,24.696,25.175,11690.06926089
2023-10-19 20:00:00+00:00,25.15,25.246,24.762,24.969,1832.24097353
2023-10-20 00:00:00+00:00,25.023,25.749,24.77,25.687,2534.49900807
2023-10-20 04:00:00+00:00,25.667,26.541,25.624,26.271,16308.55487635
2023-10-20 08:00:00+00:00,26.273,27.553,26.267,27.009,26515.90756773
2023-10-20 12:00:00+00:00,27.045,27.14,26.592,26.9,6076.68559581
2023-10-20 16:00:00+00:00,26.9,27.05,26.326,26.854,17095.43450304
2023-10-20 20:00:00+00:00,26.858,27.38,26.735,27.052,4549.84632803
2023-10-21 00:00:00+00:00,27.088,27.144,26.668,26.81,13578.98865056
2023-10-21 04:00:00+00:00,26.774,28.48,26.672,28.11,24342.5133918
2023-10-21 08:00:00+00:00,28.133,29.933,27.866,29.541,8291.37286066
2023-10-21 12:00:00+00:00,29.573,29.635,28.636,29.06,8931.84840166
2023-10-21 16:00:00+00:00,29.021,29.942,28.921,29.529,10513.15285028
2023-10-21 20:00:00+00:00,29.53,30.35,29.277,29.379,5784.15045212
2023-10-22 00:00:00+00:00,29.293,29.951,29.209,29.699,1954.9974621
2023-10-22 04:00:00+00:00,29.699,30.021,28.186,28.916,8427.91165528
2023-10-22 08:00:00+00:00,28.811,29.059,28.099,28.364,19034.83446846
2023-10-22 12:00:00+00:00,28.32,28.898,28.31,28.45,3885.92710016
2023-10-22 16:00:00+00:00,28.48,29.165,28.401,28.733,1106.40186127
2023-10-22 20:00:00+00:00,28.7,29.334,28.682,29.069,1188.93284078
2023-10-23 00:00:00+00:00,29.066,30.688,28.782,30.668,15918.63885103
2023-10-23 04:00:00+00:00,30.682,31.381,29.914,30.107,8956.18440601
2023-10-23 08:00:00+00:00,30.119,30.423,29.361,29.73,63698.53423013
2023-10-23 12:00:00+00:00,29.736,29.944,28.841,29.042,13305.83745426
2023-10-23 16:00:00+00:00,29.025,29.992,28.929,29.974,24757.51478269
2023-10-23 20:00:00+00:00,29.93,32.819,29.768,31.931,31160.81579598
2023-10-24 00:00:00+00:00,31.938,32.547,31.251,31.442,15328.19979813
2023-10-24 04:00:00+00:00,31.393,31.732,30.655,31.264,5788.73013196
2023-10-24 08:00:00+00:00,31.265,31.985,31.176,31.831,11790.87820106
2023-10-24 12:00:00+00:00,31.986,32.608,30.436,30.871,12038.27565513
2023-10-24 16:00:00+00:00,30.873,31.179,30.05,30.549,7115.22955758
2023-10-24 20:00:00+00:00,30.424,30.81,29.553,30.2,10115.338171
2023-10-25 00:00:00+00:00,30.2,32.219,30.058,31.051,16697.9721954
2023-10-25 04:00:00+00:00,31.141,31.851,30.7,31.018,7446.5290506
2023-10-25 08:00:00+00:00,31.084,32.326,30.821,32.174,9028.77977435
2023-10-25 12:00:00+00:00,32.345,33.92,32.345,33.488,27427.61176826
2023-10-25 16:00:00+00:00,33.316,33.56,32.278,32.8,12730.76911486
2023-10-25 20:00:00+00:00,32.776,33.056,31.91,32.472,6789.80977829
2023-10-26 00:00:00+00:00,32.48,32.739,31.763,32.739,3306.57539991
2023-10-26 04:00:00+00:00,32.804,33.275,32.022,32.824,4605.837529
2023-10-26 08:00:00+00:00,32.821,32.961,31.617,31.823,11745.01928001
2023-10-26 12:00:00+00:00,31.825,32.404,30.938,31.38,9085.10787051
2023-10-26 16:00:00+00:00,31.3,31.692,30.721,31.549,5396.37740692
2023-10-26 20:00:00+00:00,31.63,33.281,31.63,32.811,7373.82246546
2023-10-27 00:00:00+00:00,32.808,32.879,31.855,32.435,5753.89117565
2023-10-27 04:00:00+00:00,32.424,32.865,32.152,32.396,1872.44966687
2023-10-27 08:00:00+00:00,32.39,33.106,32.201,32.68,11414.7555852
2023-10-27 12:00:00+00:00,32.644,33.372,31.93,32.209,10487.92958326
2023-10-27 16:00:00+00:00,32.177,32.527,31.25,31.937,6487.07763086
2023-10-27 20:00:00+00:00,31.966,32.286,31.477,31.744,2255.38504248
2023-10-28 00:00:00+00:00,31.733,32.398,31.724,32.37,1704.72927027
2023-10-28 04:00:00+00:00,32.375,32.472,32.1,32.288,1300.75861395
2023-10-28 08:00:00+00:00,32.326,32.561,32.1,32.207,3704.12209786
2023-10-28 12:00:00+00:00,32.22,32.22,31.664,32.06,3483.70841775
2023-10-28 16:00:00+00:00,32.051,32.113,31.524,31.603,2970.39730898
2023-10-28 20:00:00+00:00,31.602,32.004,31.388,31.647,1220.81061091
2023-10-29 00:00:00+00:00,31.652,31.862,31.314,31.554,5197.38454458
2023-10-29 04:00:00+00:00,31.531,32.37,31.531,32.29,3938.15285727
2023-10-29 08:00:00+00:00,32.318,32.382,32.18,32.293,572.3787544
2023-10-29 12:00:00+00:00,32.298,32.738,32.232,32.646,13139.12915072
2023-10-29 16:00:00+00:00,32.686,33.208,32.571,33.011,9214.40690926
2023-10-29 20:00:00+00:00,33.029,33.058,32.509,32.834,1163.82059962
2023-10-30 00:00:00+00:00,32.915,33.079,32.568,32.796,1623.57926099
2023-10-30 04:00:00+00:00,32.788,32.99,32.36,32.576,10833.4949037
2023-10-30 08:00:00+00:00,32.53,35.2,32.526,34.923,21908.62213326
2023-10-30 12:00:00+00:00,34.991,35.352,34.531,35.071,4553.6738702
2023-10-30 16:00:00+00:00,35.023,35.039,34.25,34.913,24113.72449799
2023-10-30 20:00:00+00:00,34.77,35.021,34.499,34.954,7722.44434944
2023-10-31 00:00:00+00:00,34.978,36.474,34.854,35.825,8934.23293369
2023-10-31 04:00:00+00:00,35.793,36.626,35.597,35.691,12455.66143176
2023-10-31 08:00:00+00:00,35.733,37.0,35.64,36.631,20607.00926488
2023-10-31 12:00:00+00:00,36.626,36.705,35.641,36.106,13281.6876533
2023-10-31 16:00:00+00:00,36.091,36.431,35.831,36.241,3295.52047966
2023-10-31 20:00:00+00:00,36.43,38.65,36.43,38.435,10899.24371498
2023-11-01 00:00:00+00:00,38.433,38.8,37.936,38.26,3799.44745385
2023-11-01 04:00:00+00:00,38.237,39.37,37.863,38.447,5701.19343401
2023-11-01 08:00:00+00:00,38.361,39.796,37.996,39.239,21605.78314037
2023-11-01 12:00:00+00:00,39.223,41.852,38.895,40.702,30549.76939125
2023-11-01 16:00:00+00:00,40.668,46.776,40.431,42.034,44105.39994729
2023-11-01 20:00:00+00:00,42.029,43.839,40.666,41.152,23800.24096392
2023-11-02 00:00:00+00:00,41.173,42.83,41.173,42.671,5777.0412217
2023-11-02 04:00:00+00:00,42.6,43.438,41.207,43.151,10049.69684645
2023-11-02 08:00:00+00:00,43.109,44.569,42.594,44.497,14227.34294196
2023-11-02 12:00:00+00:00,44.488,44.53,40.046,40.079,32207.34156099
2023-11-02 16:00:00+00:00,40.046,42.017,38.708,41.439,52292.67995583
2023-11-02 20:00:00+00:00,41.428,42.114,39.555,40.237,8539.78621461
2023-11-03 00:00:00+00:00,40.158,40.158,38.033,38.982,27572.78851385
2023-11-03 04:00:00+00:00,38.951,39.123,38.065,39.047,4387.41726852
2023-11-03 08:00:00+00:00,39.058,39.767,38.146,39.166,29467.69257818
2023-11-03 12:00:00+00:00,39.147,40.227,38.84,39.859,22236.75360725
2023-11-03 16:00:00+00:00,39.87,40.055,38.581,39.275,9336.39990066
2023-11-03 20:00:00+00:00,39.177,39.933,39.081,39.529,5783.11824994
2023-11-04 00:00:00+00:00,39.487,41.34,39.05,41.176,10220.6346089
2023-11-04 04:00:00+00:00,41.271,42.119,40.453,41.677,24738.17515637
2023-11-04 08:00:00+00:00,41.79,42.718,41.38,41.551,13898.18930408
2023-11-04 12:00:00+00:00,41.59,42.244,41.0,41.315,8214.60697145
2023-11-04 16:00:00+00:00,41.282,41.933,41.081,41.44,3668.10196846
2023-11-04 20:00:00+00:00,41.388,42.734,41.364,42.476,3629.99166743
2023-11-05 00:00:00+00:00,42.476,42.89,41.755,42.568,8579.05187858
2023-11-05 04:00:00+00:00,42.51,42.541,41.548,41.631,5920.29544448
2023-11-05 08:00:00+00:00,41.61,41.87,41.207,41.688,3544.8577008
2023-11-05 12:00:00+00:00,41.747,41.914,40.549,40.823,7683.1370085
2023-11-05 16:00:00+00:00,40.727,41.633,40.691,40.888,3137.19484423
2023-11-05 20:00:00+00:00,40.805,41.616,40.162,41.208,9065.58094008
2023-11-06 00:00:00+00:00,41.206,41.883,41.0,41.194,3102.41490672
2023-11-06 04:00:00+00:00,41.22,41.283,39.738,39.953,7901.65008866
2023-11-06 08:00:00+00:00,40.022,40.737,39.752,40.362,3341.80266329
2023-11-06 12:00:00+00:00,40.329,40.726,39.963,40.224,13673.722538600001
2023-11-06 16:00:00+00:00,40.262,40.552,39.914,40.464,2758.91972052
2023-11-06 20:00:00+00:00,40.507,42.23,40.064,42.184,18280.32488977
2023-11-07 00:00:00+00:00,42.153,42.285,40.172,40.849,10027.53265402
2023-11-07 04:00:00+00:00,40.75,41.684,40.708,41.632,4283.73516461
2023-11-07 08:00:00+00:00,41.529,41.76,40.551,41.137,4789.38688841
2023-11-07 12:00:00+00:00,41.25,42.14,40.817,41.226,10494.52368577
2023-11-07 16:00:00+00:00,41.124,44.42,41.082,43.911,29908.51930372
2023-11-07 20:00:00+00:00,43.956,44.82,42.835,42.976,14447.0021195
2023-11-08 00:00:00+00:00,42.966,43.51,42.297,43.381,7805.96467231
2023-11-08 04:00:00+00:00,43.374,43.788,43.04,43.509,3626.26538134
2023-11-08 08:00:00+00:00,43.509,43.901,43.127,43.35,5896.3839279
2023-11-08 12:00:00+00:00,43.36,43.601,42.279,42.722,14362.26467312
2023-11-08 16:00:00+00:00,42.772,43.616,42.566,43.126,12536.16523869
2023-11-08 20:00:00+00:00,43.132,43.51,42.652,43.128,4435.25644194
2023-11-09 00:00:00+00:00,43.128,44.152,42.522,44.134,14348.87119028
2023-11-09 04:00:00+00:00,44.115,44.615,43.821,43.939,5105.11927547
2023-11-09 08:00:00+00:00,43.942,47.44,43.937,47.21,20130.09095955
2023-11-09 12:00:00+00:00,47.171,48.836,45.782,46.321,30307.51140839
2023-11-09 16:00:00+00:00,46.43,46.757,41.791,44.424,67318.71429106
2023-11-09 20:00:00+00:00,44.41,45.761,43.115,45.272,10121.93430717
2023-11-10 00:00:00+00:00,45.316,47.931,45.072,47.285,10048.39793789
2023-11-10 04:00:00+00:00,47.42,48.834,46.815,47.594,8965.22667334
2023-11-10 08:00:00+00:00,47.618,51.135,46.595,50.664,30905.97276268
2023-11-10 12:00:00+00:00,50.684,51.873,48.657,50.943,23799.75668445
2023-11-10 16:00:00+00:00,50.944,55.0,50.681,54.095,25089.34044737
2023-11-10 20:00:00+00:00,54.093,57.502,53.063,56.691,28306.61783506
2023-11-11 00:00:00+00:00,56.652,57.699,54.486,55.818,18485.403255
2023-11-11 04:00:00+00:00,55.813,55.96,53.591,54.168,9901.74456893
2023-11-11 08:00:00+00:00,54.301,55.828,53.847,55.402,7579.60453069
2023-11-11 12:00:00+00:00,55.331,63.953,55.066,60.854,37654.29622546
2023-11-11 16:00:00+00:00,60.965,62.489,58.13,60.48,17989.40768659
2023-11-11 20:00:00+00:00,60.399,60.399,55.395,56.384,19281.96662349
2023-11-12 00:00:00+00:00,56.317,57.916,54.519,57.351,15738.73008507
2023-11-12 04:00:00+00:00,57.31,61.94,56.506,61.16,20223.71851871
2023-11-12 08:00:00+00:00,61.264,61.438,58.428,59.997,11793.12670057
2023-11-12 12:00:00+00:00,59.975,60.265,57.726,58.74,13815.43772593
2023-11-12 16:00:00+00:00,58.74,58.74,55.458,56.047,11753.96651928
2023-11-12 20:00:00+00:00,55.98,57.5,55.56,56.3,9967.70191062
2023-11-13 00:00:00+00:00,56.186,59.4,55.112,57.135,11650.26373338
2023-11-13 04:00:00+00:00,57.001,59.5,56.736,58.21,7936.86509078
2023-11-13 08:00:00+00:00,58.329,59.64,56.509,57.09,7940.31912431
2023-11-13 12:00:00+00:00,56.971,59.808,54.449,55.621,20846.60124865
2023-11-13 16:00:00+00:00,55.79,56.89,52.334,54.685,33039.55889898
2023-11-13 20:00:00+00:00,54.604,54.636,51.599,51.665,13972.77551656
2023-11-14 00:00:00+00:00,51.627,54.844,51.294,54.037,14320.47466147
2023-11-14 04:00:00+00:00,54.132,55.444,53.848,55.248,3839.36581683
2023-11-14 08:00:00+00:00,55.235,55.8,52.019,52.7,7190.03713714
2023-11-14 12:00:00+00:00,52.699,57.932,52.126,55.973,33087.46378096
2023-11-14 16:00:00+00:00,56.23,56.992,52.341,55.058,14267.95905911
2023-11-14 20:00:00+00:00,54.99,57.372,54.99,56.862,10752.62599709
2023-11-15 00:00:00+00:00,56.83,57.906,56.174,56.3,11518.08437453
2023-11-15 04:00:00+00:00,56.481,59.699,56.372,59.16,5732.3212868
2023-11-15 08:00:00+00:00,59.324,63.717,58.797,63.088,26002.93614761
2023-11-15 12:00:00+00:00,63.088,63.8,61.42,62.52,28403.44823362
2023-11-15 16:00:00+00:00,62.477,65.746,60.806,65.319,18309.79971414
2023-11-15 20:00:00+00:00,65.431,67.092,64.207,65.518,11593.1973341
2023-11-16 00:00:00+00:00,65.641,66.586,64.442,65.905,9666.97789715
2023-11-16 04:00:00+00:00,65.965,68.13,64.843,65.66,21249.828837
2023-11-16 08:00:00+00:00,65.84,66.09,63.288,64.022,9264.85159014
2023-11-16 12:00:00+00:00,64.072,64.69,60.645,61.555,12750.26974338
2023-11-16 16:00:00+00:00,61.632,62.851,58.679,62.275,12851.48447881
2023-11-16 20:00:00+00:00,62.227,62.902,56.479,57.654,18959.70820239
2023-11-17 00:00:00+00:00,57.812,60.572,57.676,58.957,12156.47985347
2023-11-17 04:00:00+00:00,59.141,59.979,58.008,58.147,10215.0305938
2023-11-17 08:00:00+00:00,58.064,59.013,56.541,58.216,8962.68105408
2023-11-17 12:00:00+00:00,58.269,59.648,54.149,55.032,28311.43289148
2023-11-17 16:00:00+00:00,55.068,58.71,54.465,57.6,20948.86112122
2023-11-17 20:00:00+00:00,57.624,59.415,57.624,58.573,9811.4173517
2023-11-18 00:00:00+00:00,58.582,58.582,56.365,56.743,3907.24113984
2023-11-18 04:00:00+00:00,56.758,57.461,54.803,56.439,5750.10657795
2023-11-18 08:00:00+00:00,56.264,57.679,56.141,57.075,2432.16907164
2023-11-18 12:00:00+00:00,57.133,58.36,55.591,58.082,5034.26300203
2023-11-18 16:00:00+00:00,58.109,59.38,57.558,59.0,17266.40923865
2023-11-18 20:00:00+00:00,59.134,59.295,58.02,58.602,4270.73471201
2023-11-19 00:00:00+00:00,58.34,58.34,56.766,58.308,1901.94948847
2023-11-19 04:00:00+00:00,58.268,60.914,57.84,60.388,3879.48329644
2023-11-19 08:00:00+00:00,60.379,61.798,59.478,59.784,5016.33191177
2023-11-19 12:00:00+00:00,59.8,60.38,59.174,59.936,3972.65429048
2023-11-19 16:00:00+00:00,59.937,61.312,59.5,61.312,3606.97695833
2023-11-19 20:00:00+00:00,61.272,62.081,60.268,61.124,6958.47350896
2023-11-20 00:00:00+00:00,61.121,61.286,59.865,59.972,2915.15231955
2023-11-20 04:00:00+00:00,59.83,60.198,59.135,59.989,1472.33405695
2023-11-20 08:00:00+00:00,59.94,61.115,59.33,60.109,3755.80894081
2023-11-20 12:00:00+00:00,60.001,60.659,57.753,59.053,13002.04585186
2023-11-20 16:00:00+00:00,59.007,59.4,56.65,57.613,11424.58368964
2023-11-20 20:00:00+00:00,57.549,57.795,56.001,56.583,5890.92480035
2023-11-21 00:00:00+00:00,56.469,57.374,55.125,56.075,4835.16180838
2023-11-21 04:00:00+00:00,55.98,56.451,55.357,55.419,4477.37582772
2023-11-21 08:00:00+00:00,55.501,57.107,55.479,56.226,8491.24919538
2023-11-21 12:00:00+00:00,56.389,56.6,52.818,55.234,14391.43696988
2023-11-21 16:00:00+00:00,55.253,56.2,52.4,54.823,12658.54031891
2023-11-21 20:00:00+00:00,54.754,55.763,51.306,51.689,41584.19874655
2023-11-22 00:00:00+00:00,51.641,54.421,51.396,54.321,7674.1159526500005
2023-11-22 04:00:00+00:00,54.187,55.263,53.972,54.757,2055.10528212
2023-11-22 08:00:00+00:00,54.662,55.162,54.463,54.472,2009.07091433
2023-11-22 12:00:00+00:00,54.595,55.648,54.058,54.955,3631.9937481
2023-11-22 16:00:00+00:00,54.922,57.69,54.397,57.326,7161.22829608
2023-11-22 20:00:00+00:00,57.446,58.875,56.972,57.544,8396.53556803
2023-11-23 00:00:00+00:00,57.648,58.447,57.04,57.623,1694.77356883
2023-11-23 04:00:00+00:00,57.68,58.495,57.592,57.776,1060.77912858
2023-11-23 08:00:00+00:00,57.972,58.953,57.306,57.921,5580.88992249
2023-11-23 12:00:00+00:00,57.928,59.639,56.496,56.718,10189.66061825
2023-11-23 16:00:00+00:00,56.604,57.337,56.172,56.386,1731.20039254
2023-11-23 20:00:00+00:00,56.341,56.971,56.33,56.42,1093.28581169
2023-11-24 00:00:00+00:00,56.53,57.58,56.253,57.309,581.53815187
2023-11-24 04:00:00+00:00,57.35,57.37,56.666,57.363,608.49156934
2023-11-24 08:00:00+00:00,57.388,58.829,57.128,58.0,5760.36519182
2023-11-24 12:00:00+00:00,57.974,58.464,57.232,58.23,6517.9351134
2023-11-24 16:00:00+00:00,58.21,58.416,56.841,57.209,4670.70869555
2023-11-24 20:00:00+00:00,57.066,57.563,56.506,56.84,484.28136131
2023-11-25 00:00:00+00:00,56.662,59.804,55.703,58.827,15584.38375128
2023-11-25 04:00:00+00:00,58.806,58.944,58.471,58.65,915.93340173
2023-11-25 08:00:00+00:00,58.65,58.817,57.409,57.72,2403.02268472
2023-11-25 12:00:00+00:00,57.765,58.687,57.765,58.663,1269.28953375
2023-11-25 16:00:00+00:00,58.574,59.707,58.418,59.04,3252.90983286
2023-11-25 20:00:00+00:00,59.087,59.3,58.653,58.842,406.05018309
2023-11-26 00:00:00+00:00,58.86,59.01,58.051,58.298,348.78298733
2023-11-26 04:00:00+00:00,58.279,58.602,58.176,58.42,203.07652341
2023-11-26 08:00:00+00:00,58.4,58.608,57.812,57.831,665.37861758
2023-11-26 12:00:00+00:00,57.89,58.119,56.682,57.137,4157.08463894
2023-11-26 16:00:00+00:00,57.007,57.252,56.102,57.25,9830.396789119999
2023-11-26 20:00:00+00:00,57.183,58.583,57.026,57.696,8181.8501681
2023-11-27 00:00:00+00:00,57.552,57.979,56.251,56.579,2248.01368898
2023-11-27 04:00:00+00:00,56.547,57.3,55.548,55.96,1591.21839903
2023-11-27 08:00:00+00:00,55.96,56.292,54.781,55.061,7152.60464022
2023-11-27 12:00:00+00:00,55.0,55.213,53.969,53.974,19904.07977012
2023-11-27 16:00:00+00:00,53.979,55.117,53.514,54.112,8825.74321321
2023-11-27 20:00:00+00:00,54.229,55.17,53.713,55.149,3279.15801286
2023-11-28 00:00:00+00:00,55.088,55.384,54.674,54.931,635.53651668
2023-11-28 04:00:00+00:00,55.045,55.282,54.022,55.162,1568.42401498
2023-11-28 08:00:00+00:00,55.151,56.337,54.735,56.28,2111.88829198
2023-11-28 12:00:00+00:00,56.133,56.411,55.47,56.092,1352.17415334
2023-11-28 16:00:00+00:00,56.099,58.383,55.981,58.046,4627.0027786
2023-11-28 20:00:00+00:00,58.0,58.6,57.598,58.127,6364.8548035
2023-11-29 00:00:00+00:00,58.245,58.84,57.726,58.507,25922.52547844
2023-11-29 04:00:00+00:00,58.411,59.58,58.212,59.314,5591.72279087
2023-11-29 08:00:00+00:00,59.322,61.753,59.322,60.604,49977.60376099
2023-11-29 12:00:00+00:00,60.759,61.59,59.097,59.912,5544.6495737000005
2023-11-29 16:00:00+00:00,60.019,60.402,58.92,60.05,10429.93793956
2023-11-29 20:00:00+00:00,60.093,60.161,58.642,59.293,2922.9083348
2023-11-30 00:00:00+00:00,59.341,60.778,58.779,60.45,5810.78482651
2023-11-30 04:00:00+00:00,60.541,61.218,59.684,60.005,1885.47743469
2023-11-30 08:00:00+00:00,59.979,60.93,59.22,60.93,9540.50661923
2023-11-30 12:00:00+00:00,60.874,61.64,59.166,59.464,9685.06228274
2023-11-30 16:00:00+00:00,59.51,59.999,58.947,59.953,1096.82831581
2023-11-30 20:00:00+00:00,59.999,60.151,59.027,59.242,1717.47728603
2023-12-01 00:00:00+00:00,59.3,61.077,58.64,60.81,2789.03065232
2023-12-01 04:00:00+00:00,60.832,61.25,60.256,60.87,1524.61167629
2023-12-01 08:00:00+00:00,60.857,61.8,60.673,61.0,5256.70184884
2023-12-01 12:00:00+00:00,61.189,61.2,59.78,60.216,2085.3410862
2023-12-01 16:00:00+00:00,60.149,61.073,59.973,60.46,2486.75749954
2023-12-01 20:00:00+00:00,60.547,60.639,59.601,59.764,1969.33646866
2023-12-02 00:00:00+00:00,59.699,61.127,59.699,60.992,2155.23674322
2023-12-02 04:00:00+00:00,60.962,62.61,60.79,62.114,2623.46455434
2023-12-02 08:00:00+00:00,62.001,62.5,61.603,62.224,6587.22156118
2023-12-02 12:00:00+00:00,62.203,62.545,61.494,61.862,7183.58375452
2023-12-02 16:00:00+00:00,61.858,63.256,61.408,63.016,3987.85584059
2023-12-02 20:00:00+00:00,62.941,63.89,62.729,63.63,4036.87692318
2023-12-03 00:00:00+00:00,63.76,65.448,63.523,64.06,4640.40333823
2023-12-03 04:00:00+00:00,64.07,64.24,63.425,63.86,607.77478256
2023-12-03 08:00:00+00:00,63.94,64.049,62.866,63.402,1617.69085499
2023-12-03 12:00:00+00:00,63.44,63.585,62.36,62.948,3649.75668654
2023-12-03 16:00:00+00:00,62.963,62.974,62.185,62.915,1956.30002419
2023-12-03 20:00:00+00:00,62.91,64.024,62.51,62.911,2258.15030599
2023-12-04 00:00:00+00:00,62.99,64.839,62.91,64.19,1646.65774342
2023-12-04 04:00:00+00:00,64.189,65.185,63.51,63.64,5832.59317938
2023-12-04 08:00:00+00:00,63.629,64.24,59.415,62.117,10671.31184848
2023-12-04 12:00:00+00:00,62.128,62.128,59.948,60.506,7217.68526264
2023-12-04 16:00:00+00:00,60.473,61.249,60.295,60.912,2074.53846396
2023-12-04 20:00:00+00:00,61.017,61.989,60.639,61.557,1793.69191865
2023-12-05 00:00:00+00:00,61.521,62.1,59.683,60.456,3324.90409005
2023-12-05 04:00:00+00:00,60.353,60.56,59.054,59.606,2973.8838065200002
2023-12-05 08:00:00+00:00,59.761,60.32,59.43,60.036,1573.02877681
2023-12-05 12:00:00+00:00,60.086,61.56,59.963,61.013,4289.51036678
2023-12-05 16:00:00+00:00,60.93,62.541,60.396,61.375,4816.15773787
2023-12-05 20:00:00+00:00,61.391,61.582,60.268,60.981,4093.12453476
2023-12-06 00:00:00+00:00,61.148,64.5,61.101,64.36,9794.94828139
2023-12-06 04:00:00+00:00,64.462,64.675,62.637,63.41,6465.9137112299995
2023-12-06 08:00:00+00:00,63.396,66.56,62.053,63.08,16028.98621913
2023-12-06 12:00:00+00:00,62.96,63.74,62.46,62.673,8908.640374820001
2023-12-06 16:00:00+00:00,62.74,64.428,62.524,64.428,6296.56631855
2023-12-06 20:00:00+00:00,64.44,64.6,61.61,61.91,7276.34388572
2023-12-07 00:00:00+00:00,61.916,64.02,61.71,62.99,2319.4343601
2023-12-07 04:00:00+00:00,62.986,63.84,62.959,63.418,1900.62242257
2023-12-07 08:00:00+00:00,63.49,64.29,61.91,64.26,5455.90476261
2023-12-07 12:00:00+00:00,64.32,66.2,63.674,65.919,13164.56447134
2023-12-07 16:00:00+00:00,65.992,67.435,64.573,64.819,5941.96838265
2023-12-07 20:00:00+00:00,64.783,69.414,64.647,67.78,10333.50435618
2023-12-08 00:00:00+00:00,67.768,72.358,67.768,71.451,6221.34846679
2023-12-08 04:00:00+00:00,71.297,72.865,70.91,71.47,6691.64103414
2023-12-08 08:00:00+00:00,71.582,73.852,70.512,73.011,7081.0910916
2023-12-08 12:00:00+00:00,73.0,74.219,71.779,72.038,8259.19531507
2023-12-08 16:00:00+00:00,72.092,74.055,72.058,72.331,2596.73312781
2023-12-08 20:00:00+00:00,72.433,75.266,72.433,74.824,4091.5452638
2023-12-09 00:00:00+00:00,74.751,75.478,72.992,74.226,2212.535916
2023-12-09 04:00:00+00:00,73.983,77.735,73.724,76.86,10869.73541401
2023-12-09 08:00:00+00:00,76.99,77.54,74.69,77.11,9220.11871418
2023-12-09 12:00:00+00:00,77.103,77.49,75.21,75.66,5436.30264284
2023-12-09 16:00:00+00:00,75.652,75.877,72.757,74.19,5808.53746137
2023-12-09 20:00:00+00:00,74.06,74.314,71.71,72.34,3862.07008722
2023-12-10 00:00:00+00:00,72.39,73.993,72.34,73.156,1595.80785677
2023-12-10 04:00:00+00:00,73.06,73.66,71.76,72.54,2426.98168954
2023-12-10 08:00:00+00:00,72.59,72.74,70.771,71.493,2658.15248808
2023-12-10 12:00:00+00:00,71.74,74.68,71.74,73.66,2236.89454864
2023-12-10 16:00:00+00:00,73.79,74.09,72.21,73.49,1099.13229906
2023-12-10 20:00:00+00:00,73.54,74.899,73.4,74.89,2911.12505924
2023-12-11 00:00:00+00:00,74.94,75.025,64.4,71.002,32377.23766286
2023-12-11 04:00:00+00:00,70.888,71.142,68.0,68.459,9194.61918499
2023-12-11 08:00:00+00:00,68.375,69.99,67.802,69.756,7373.62545094
2023-12-11 12:00:00+00:00,69.719,69.801,67.05,69.289,4751.63311711
2023-12-11 16:00:00+00:00,69.258,70.914,68.02,69.284,7714.16416933
2023-12-11 20:00:00+00:00,69.215,70.634,67.843,70.335,4347.2291014
2023-12-12 00:00:00+00:00,70.305,72.434,70.305,71.209,2742.32259624
2023-12-12 04:00:00+00:00,71.367,71.84,69.76,71.736,3193.25987345
2023-12-12 08:00:00+00:00,71.65,72.188,70.613,70.643,3270.61287484
2023-12-12 12:00:00+00:00,70.933,71.84,68.274,68.356,13146.65525414
2023-12-12 16:00:00+00:00,68.46,68.712,65.858,67.634,12967.0004386
2023-12-12 20:00:00+00:00,67.727,69.138,66.97,68.464,4495.27976075
2023-12-13 00:00:00+00:00,68.502,68.783,65.15,65.649,4910.43077001
2023-12-13 04:00:00+00:00,65.457,66.292,63.737,65.026,13394.363944839999
2023-12-13 08:00:00+00:00,64.855,66.585,64.855,65.44,4377.40509268
2023-12-13 12:00:00+00:00,65.461,68.308,65.318,67.621,10088.10944102
2023-12-13 16:00:00+00:00,67.608,70.577,66.941,70.324,4450.17457303
2023-12-13 20:00:00+00:00,70.455,72.704,70.187,70.686,8088.81104872
2023-12-14 00:00:00+00:00,70.638,71.094,69.741,70.14,1357.28196572
2023-12-14 04:00:00+00:00,70.168,72.0,69.81,71.473,2144.80345548
2023-12-14 08:00:00+00:00,71.577,73.778,71.131,73.606,3494.11189222
2023-12-14 12:00:00+00:00,73.5,73.88,68.36,71.74,15570.44742265
2023-12-14 16:00:00+00:00,71.773,74.513,71.773,73.298,9791.32803055
2023-12-14 20:00:00+00:00,73.44,76.272,72.76,75.736,7574.74462354
2023-12-15 00:00:00+00:00,75.654,75.906,74.097,74.405,2248.11522657
2023-12-15 04:00:00+00:00,74.546,77.09,74.52,76.74,6052.2011014
2023-12-15 08:00:00+00:00,76.732,79.307,76.31,79.06,6524.11433189
2023-12-15 12:00:00+00:00,79.19,79.607,75.32,76.119,5066.58315351
2023-12-15 16:00:00+00:00,76.01,77.523,73.77,77.009,9703.12994044
2023-12-15 20:00:00+00:00,77.009,77.315,72.25,72.706,10357.84653465
2023-12-16 00:00:00+00:00,72.435,74.486,71.332,74.249,13195.67857692
2023-12-16 04:00:00+00:00,74.089,74.627,73.691,74.489,649.75373665
2023-12-16 08:00:00+00:00,74.478,75.259,73.869,75.259,1477.44456633
2023-12-16 12:00:00+00:00,75.247,77.275,75.002,77.169,3983.76823221
2023-12-16 16:00:00+00:00,77.167,77.23,73.839,74.171,2173.97689537
2023-12-16 20:00:00+00:00,74.511,74.59,72.91,73.732,1543.45996117
2023-12-17 00:00:00+00:00,73.895,74.255,72.703,73.739,2798.09328676
2023-12-17 04:00:00+00:00,73.635,74.28,72.158,72.372,1483.05528533
2023-12-17 08:00:00+00:00,72.434,73.314,72.0,73.076,1161.51345392
2023-12-17 12:00:00+00:00,73.171,73.272,71.629,72.756,939.84914056
2023-12-17 16:00:00+00:00,72.529,75.08,72.439,73.598,1387.99449766
2023-12-17 20:00:00+00:00,73.593,74.189,70.579,70.954,2316.81522247
2023-12-18 00:00:00+00:00,70.951,71.861,68.686,69.873,5253.20218115
2023-12-18 04:00:00+00:00,70.01,70.19,68.76,68.93,2383.77539488
2023-12-18 08:00:00+00:00,69.04,69.94,67.084,69.052,5482.53292181
2023-12-18 12:00:00+00:00,69.09,71.94,68.31,70.76,4129.51149507
2023-12-18 16:00:00+00:00,70.784,72.68,70.51,72.165,1984.81843688
2023-12-18 20:00:00+00:00,72.455,75.494,71.68,74.44,4848.94180909
2023-12-19 00:00:00+00:00,74.49,76.072,73.96,75.36,4838.09631911
2023-12-19 04:00:00+00:00,75.475,76.388,75.06,75.76,2710.44136342
2023-12-19 08:00:00+00:00,75.823,76.118,74.56,74.612,2942.02026582
2023-12-19 12:00:00+00:00,74.79,75.14,72.88,73.71,3336.22191706
2023-12-19 16:00:00+00:00,73.716,74.38,71.88,74.29,2789.08113169
2023-12-19 20:00:00+00:00,74.34,75.39,72.38,73.14,1758.15267737
2023-12-20 00:00:00+00:00,73.112,75.14,73.087,74.988,1845.05369691
2023-12-20 04:00:00+00:00,74.91,76.25,74.46,76.19,5233.31616753
2023-12-20 08:00:00+00:00,76.178,78.629,75.61,77.11,6855.02000506
2023-12-20 12:00:00+00:00,77.106,81.357,76.46,80.724,19031.72394481
2023-12-20 16:00:00+00:00,80.77,84.142,79.133,81.19,22087.89511473
2023-12-20 20:00:00+00:00,81.29,82.49,79.295,82.29,7442.42950763
2023-12-21 00:00:00+00:00,82.39,84.78,81.235,83.554,6117.68869027
2023-12-21 04:00:00+00:00,83.455,87.211,83.182,86.959,12041.64026758
2023-12-21 08:00:00+00:00,87.063,88.451,85.251,87.38,7949.26034059
2023-12-21 12:00:00+00:00,87.166,88.784,85.757,87.52,7018.00831572
2023-12-21 16:00:00+00:00,87.667,95.396,87.667,93.078,13016.78043969
2023-12-21 20:00:00+00:00,92.939,95.672,91.32,93.96,7155.44546198
2023-12-22 00:00:00+00:00,94.099,99.481,93.106,97.9,14518.66230256
2023-12-22 04:00:00+00:00,97.804,99.5,92.323,93.787,11629.95654392
2023-12-22 08:00:00+00:00,93.869,95.268,90.5,93.717,6865.75230368
2023-12-22 12:00:00+00:00,93.981,96.887,92.128,96.54,7724.19801215
2023-12-22 16:00:00+00:00,96.4,97.754,93.56,97.021,4843.03656492
2023-12-22 20:00:00+00:00,97.056,98.528,96.01,98.242,8087.09036671
2023-12-23 00:00:00+00:00,98.29,98.29,93.432,93.89,4169.53311779
2023-12-23 04:00:00+00:00,93.76,96.5,92.98,95.36,3675.23614331
2023-12-23 08:00:00+00:00,95.49,96.477,94.9,95.94,4665.21278254
2023-12-23 12:00:00+00:00,95.99,97.424,95.433,96.89,3787.87843087
2023-12-23 16:00:00+00:00,96.94,103.79,96.3,103.05,24705.9937349
2023-12-23 20:00:00+00:00,103.09,110.19,101.72,108.05,16516.79829028
2023-12-24 00:00:00+00:00,108.05,113.32,107.51,111.44,7274.7430343900005
2023-12-24 04:00:00+00:00,111.49,118.34,110.38,114.62,24858.0450905
2023-12-24 08:00:00+00:00,114.55,114.86,107.9,110.49,9363.21135851
2023-12-24 12:00:00+00:00,110.52,114.54,109.17,113.74,11066.94840391
2023-12-24 16:00:00+00:00,113.88,116.9,112.44,115.27,8698.17348048
2023-12-24 20:00:00+00:00,115.3,115.6,109.7,112.62,13436.27937313
2023-12-25 00:00:00+00:00,112.76,113.23,108.13,112.07,3889.29633162
2023-12-25 04:00:00+00:00,112.22,114.59,111.71,112.9,5516.18540665
2023-12-25 08:00:00+00:00,112.85,113.74,109.89,111.96,5263.08119688
2023-12-25 12:00:00+00:00,111.8,124.09,110.57,123.42,16543.81351853
2023-12-25 16:00:00+00:00,123.39,126.66,121.18,121.54,13887.79161411
2023-12-25 20:00:00+00:00,121.31,121.91,116.6,120.99,9608.91222262
2023-12-26 00:00:00+00:00,121.15,121.44,116.87,119.51,3898.28821264
2023-12-26 04:00:00+00:00,119.58,120.8,111.04,113.82,15097.9555835
2023-12-26 08:00:00+00:00,113.76,116.0,111.38,115.11,7683.18774464
2023-12-26 12:00:00+00:00,114.77,117.22,110.58,110.65,10041.04717903
2023-12-26 16:00:00+00:00,110.62,113.03,102.02,106.41,30269.4756602
2023-12-26 20:00:00+00:00,106.59,113.1,106.35,112.59,7853.84514001
2023-12-27 00:00:00+00:00,112.71,113.7,108.06,108.67,4975.42982211
2023-12-27 04:00:00+00:00,108.58,112.86,108.58,111.92,3380.66293967
2023-12-27 08:00:00+00:00,111.5,115.42,111.15,113.03,6962.97997177
2023-12-27 12:00:00+00:00,112.88,113.4,106.39,108.04,8828.11754361
2023-12-27 16:00:00+00:00,108.28,110.54,104.83,109.21,7388.0013682
2023-12-27 20:00:00+00:00,108.99,110.86,106.58,106.86,3027.90504117
2023-12-28 00:00:00+00:00,106.74,109.63,103.33,104.49,5082.04847952
2023-12-28 04:00:00+00:00,104.54,106.5,102.29,105.68,4798.64379323
2023-12-28 08:00:00+00:00,105.76,106.36,103.36,105.01,3747.48716943
2023-12-28 12:00:00+00:00,104.97,105.24,97.371,99.927,16202.14397288
2023-12-28 16:00:00+00:00,99.541,101.7,98.483,101.12,3625.87934313
2023-12-28 20:00:00+00:00,101.26,104.11,98.935,101.94,3565.40118584
2023-12-29 00:00:00+00:00,101.96,105.99,99.616,105.02,4831.22878725
2023-12-29 04:00:00+00:00,105.12,108.74,104.28,105.18,6652.98030584
2023-12-29 08:00:00+00:00,105.6,110.0,105.56,107.78,5261.06041947
2023-12-29 12:00:00+00:00,107.49,109.88,104.71,106.49,4404.34219986
2023-12-29 16:00:00+00:00,106.19,108.02,102.8,106.0,11280.32159935
2023-12-29 20:00:00+00:00,105.89,106.45,102.93,106.33,2250.92458652
2023-12-30 00:00:00+00:00,106.26,107.59,103.11,103.62,1638.94849564
2023-12-30 04:00:00+00:00,103.74,104.95,103.31,103.54,1467.52975458
2023-12-30 08:00:00+00:00,103.47,103.47,100.87,102.23,2885.43498059
2023-12-30 12:00:00+00:00,102.34,104.49,102.34,104.34,2938.17848388
2023-12-30 16:00:00+00:00,104.42,104.98,102.73,103.44,1790.4049989
2023-12-30 20:00:00+00:00,103.46,104.41,101.37,101.98,1044.54961951
2023-12-31 00:00:00+00:00,102.04,102.99,99.63,100.89,8666.12257679
2023-12-31 04:00:00+00:00,100.63,104.91,100.6,104.09,1395.38886649
2023-12-31 08:00:00+00:00,103.97,105.23,103.51,104.29,1593.00259022
2023-12-31 12:00:00+00:00,104.42,105.28,102.3,102.61,806.62820741
2023-12-31 16:00:00+00:00,102.57,104.54,102.41,103.76,653.75122897
2023-12-31 20:00:00+00:00,103.88,105.16,100.0,101.84,2067.77196147
2024-01-01 00:00:00+00:00,101.9,104.83,101.65,103.14,1531.24315907
2024-01-01 04:00:00+00:00,103.2,104.05,101.61,102.51,1472.62629064
2024-01-01 08:00:00+00:00,102.64,104.92,101.84,104.47,1538.94672305
2024-01-01 12:00:00+00:00,104.02,106.45,104.02,106.24,3763.61588859
2024-01-01 16:00:00+00:00,106.11,109.14,106.01,108.92,4003.14636498
2024-01-01 20:00:00+00:00,109.18,109.99,107.37,109.99,4408.01935702
2024-01-02 00:00:00+00:00,109.96,113.11,108.59,111.42,5959.31026431
2024-01-02 04:00:00+00:00,111.53,114.73,110.99,114.44,4966.93280255
2024-01-02 08:00:00+00:00,114.74,117.03,112.7,113.89,8979.38923777
2024-01-02 12:00:00+00:00,114.03,114.38,107.73,109.72,3811.82946133
2024-01-02 16:00:00+00:00,109.76,110.53,106.71,107.76,4806.84069053
2024-01-02 20:00:00+00:00,107.83,108.97,106.19,106.83,2910.05884119
2024-01-03 00:00:00+00:00,106.81,108.78,106.64,108.22,2046.30879371
2024-01-03 04:00:00+00:00,108.23,110.0,107.35,107.75,5042.54197041
2024-01-03 08:00:00+00:00,107.88,109.4,102.46,103.38,6844.78762179
2024-01-03 12:00:00+00:00,103.43,103.43,85.0,101.98,45440.51318282
2024-01-03 16:00:00+00:00,101.98,103.18,95.41,97.54,12066.25519968
2024-01-03 20:00:00+00:00,97.41,100.54,97.41,98.726,3146.41363961
2024-01-04 00:00:00+00:00,98.6,102.05,97.678,101.24,3227.80129582
2024-01-04 04:00:00+00:00,101.19,101.71,98.821,98.96,3005.23642121
2024-01-04 08:00:00+00:00,99.041,99.29,96.67,98.6,3722.14732874
2024-01-04 12:00:00+00:00,98.635,104.53,98.247,103.9,5873.16105949
2024-01-04 16:00:00+00:00,103.81,106.95,101.74,105.48,5033.26497987
2024-01-04 20:00:00+00:00,105.58,108.26,104.58,105.22,9757.60214053
2024-01-05 00:00:00+00:00,105.1,105.47,98.71,101.09,4081.95720135
2024-01-05 04:00:00+00:00,101.14,102.23,100.18,101.26,2772.31809387
2024-01-05 08:00:00+00:00,101.3,103.14,99.31,99.647,2923.80200066
2024-01-05 12:00:00+00:00,99.773,101.49,96.91,98.04,9259.78190718
2024-01-05 16:00:00+00:00,98.14,98.8,95.35,97.908,6182.22291237
2024-01-05 20:00:00+00:00,98.04,100.59,98.029,99.818,8538.14743121
2024-01-06 00:00:00+00:00,100.04,100.39,97.949,98.71,6148.86123458
2024-01-06 04:00:00+00:00,98.61,98.94,91.602,94.608,4608.17419695
2024-01-06 08:00:00+00:00,94.72,95.74,93.884,94.59,2686.87702881
2024-01-06 12:00:00+00:00,94.621,96.499,92.944,95.209,1067.1118266
2024-01-06 16:00:00+00:00,95.11,97.328,94.51,95.167,1074.72516965
2024-01-06 20:00:00+00:00,95.218,95.689,92.322,93.924,2299.1193163
2024-01-07 00:00:00+00:00,93.774,96.382,91.329,92.91,1255.55752595
2024-01-07 04:00:00+00:00,93.015,95.715,93.013,95.44,2203.78413891
2024-01-07 08:00:00+00:00,95.31,95.659,93.11,94.612,1129.81550975
2024-01-07 12:00:00+00:00,94.74,96.844,93.5,94.11,2366.14492343
2024-01-07 16:00:00+00:00,94.065,95.04,93.21,94.746,919.28498544
2024-01-07 20:00:00+00:00,94.92,95.432,87.87,89.5,10359.274059809999
2024-01-08 00:00:00+00:00,89.201,90.944,85.348,87.34,6723.6545151
2024-01-08 04:00:00+00:00,87.371,90.82,87.06,89.857,2636.9854911
2024-01-08 08:00:00+00:00,89.812,92.265,88.81,92.265,2938.32346374
2024-01-08 12:00:00+00:00,92.3,95.661,92.3,94.861,4310.83506983
2024-01-08 16:00:00+00:00,94.787,99.94,93.866,99.285,10818.72608231
2024-01-08 20:00:00+00:00,99.403,99.403,96.49,97.619,2680.64175524
2024-01-09 00:00:00+00:00,97.866,99.898,95.5,99.898,7528.72082407
2024-01-09 04:00:00+00:00,99.9,103.95,99.617,101.99,10470.93005979
2024-01-09 08:00:00+00:00,101.81,102.7,99.846,102.01,2241.46460849
2024-01-09 12:00:00+00:00,101.91,102.25,95.965,99.841,6887.7428777
2024-01-09 16:00:00+00:00,99.917,101.57,98.41,99.45,2637.44914716
2024-01-09 20:00:00+00:00,99.345,105.48,95.631,99.31,12420.65132741
2024-01-10 00:00:00+00:00,99.348,100.14,97.561,99.71,2968.38260457
2024-01-10 04:00:00+00:00,99.66,100.34,98.12,98.26,1221.90899769
2024-01-10 08:00:00+00:00,98.161,98.259,96.4,97.459,1630.70081995
2024-01-10 12:00:00+00:00,97.393,97.64,92.2,94.797,23643.47358555
2024-01-10 16:00:00+00:00,94.913,98.282,94.102,96.31,4056.38542768
2024-01-10 20:00:00+00:00,96.451,105.37,93.104,102.16,18232.26936518
2024-01-11 00:00:00+00:00,101.98,101.98,99.111,100.29,3928.68073088
2024-01-11 04:00:00+00:00,100.16,101.64,97.965,99.66,3439.54936736
2024-01-11 08:00:00+00:00,99.671,104.5,99.61,104.36,4403.68831879
2024-01-11 12:00:00+00:00,104.55,106.92,99.58,100.79,18967.97784202
2024-01-11 16:00:00+00:00,100.66,101.41,97.58,101.41,3964.34090944
2024-01-11 20:00:00+00:00,101.35,102.18,99.125,99.837,2629.77780846
2024-01-12 00:00:00+00:00,99.843,100.17,97.5,97.751,1743.8714843
2024-01-12 04:00:00+00:00,97.659,100.41,97.659,98.91,1062.51329627
2024-01-12 08:00:00+00:00,98.651,99.024,97.6,98.351,940.23729344
2024-01-12 12:00:00+00:00,98.273,99.227,95.043,95.373,4276.33790677
2024-01-12 16:00:00+00:00,95.25,96.611,92.733,95.207,7942.95708296
2024-01-12 20:00:00+00:00,95.216,95.838,86.372,92.094,21216.757027659998
2024-01-13 00:00:00+00:00,92.066,92.716,89.561,91.078,1171.06989899
2024-01-13 04:00:00+00:00,91.07,93.217,90.957,92.476,1321.99190695
2024-01-13 08:00:00+00:00,92.6,93.173,91.562,92.103,581.12533041
2024-01-13 12:00:00+00:00,92.226,93.303,91.112,92.983,1897.21147525
2024-01-13 16:00:00+00:00,92.91,95.639,91.65,94.81,1157.78902776
2024-01-13 20:00:00+00:00,94.841,97.08,94.771,95.828,3056.01325584
2024-01-14 00:00:00+00:00,95.959,96.952,94.304,96.92,1137.32817293
2024-01-14 04:00:00+00:00,96.906,98.804,96.089,98.361,1274.19509133
2024-01-14 08:00:00+00:00,98.328,98.62,96.664,96.788,807.30412526
2024-01-14 12:00:00+00:00,96.854,99.785,96.293,99.592,1697.52933476
2024-01-14 16:00:00+00:00,99.527,102.95,95.972,96.161,9775.46548519
2024-01-14 20:00:00+00:00,96.01,97.642,93.7,94.039,3834.66309442
2024-01-15 00:00:00+00:00,93.769,96.928,93.733,95.811,1236.91996043
2024-01-15 04:00:00+00:00,95.931,96.767,95.024,95.747,1747.09509251
2024-01-15 08:00:00+00:00,95.478,95.928,94.462,95.39,2606.70543056
2024-01-15 12:00:00+00:00,95.516,95.771,93.001,93.59,1469.19105391
2024-01-15 16:00:00+00:00,93.458,96.649,93.308,96.04,1351.40401007
2024-01-15 20:00:00+00:00,96.145,96.389,93.324,94.4,646.74501287
2024-01-16 00:00:00+00:00,94.524,96.191,94.479,96.157,508.27094782
2024-01-16 04:00:00+00:00,96.323,98.12,95.329,97.71,1025.04221321
2024-01-16 08:00:00+00:00,97.696,98.222,96.365,96.665,951.61523055
2024-01-16 12:00:00+00:00,96.93,97.757,94.274,97.475,2138.06749939
2024-01-16 16:00:00+00:00,97.305,97.796,96.076,96.856,1283.09716226
2024-01-16 20:00:00+00:00,96.923,98.748,96.786,97.659,872.33886428
2024-01-17 00:00:00+00:00,97.822,101.05,97.616,100.05,2613.42279272
2024-01-17 04:00:00+00:00,100.01,100.27,97.07,97.334,1395.56421067
2024-01-17 08:00:00+00:00,97.319,102.86,96.672,102.0,2867.09267193
2024-01-17 12:00:00+00:00,101.97,102.69,99.32,99.524,5326.4368751
2024-01-17 16:00:00+00:00,99.32,101.26,97.42,100.95,2619.76311666
2024-01-17 20:00:00+00:00,100.85,102.35,100.03,102.18,1991.13681905
2024-01-18 00:00:00+00:00,102.13,103.56,99.583,99.843,2356.6922466
2024-01-18 04:00:00+00:00,99.865,101.44,99.851,100.81,1261.73810888
2024-01-18 08:00:00+00:00,100.83,101.21,98.415,98.915,2740.00078298
2024-01-18 12:00:00+00:00,98.924,99.211,97.957,98.316,722.12268585
2024-01-18 16:00:00+00:00,98.109,98.109,91.39,92.311,6095.64659855
2024-01-18 20:00:00+00:00,92.401,94.959,92.16,94.446,5439.07271868
2024-01-19 00:00:00+00:00,94.327,94.802,91.574,93.248,2473.44901273
2024-01-19 04:00:00+00:00,93.13,95.392,93.009,94.35,2112.11072354
2024-01-19 08:00:00+00:00,94.497,95.5,93.97,94.655,866.7053243299999
2024-01-19 12:00:00+00:00,94.823,94.829,90.831,91.37,3369.26666144
2024-01-19 16:00:00+00:00,91.187,94.726,87.16,94.086,10629.64330928
2024-01-19 20:00:00+00:00,94.194,95.0,92.874,93.734,3577.55749357
2024-01-20 00:00:00+00:00,93.466,94.379,92.179,93.88,1336.95436154
2024-01-20 04:00:00+00:00,93.716,93.716,91.929,92.117,1209.142659
2024-01-20 08:00:00+00:00,92.218,92.508,91.33,92.327,343.26395193999997
2024-01-20 12:00:00+00:00,92.128,92.314,90.415,91.035,2426.311944
2024-01-20 16:00:00+00:00,91.0,92.669,90.901,92.163,585.00178899
2024-01-20 20:00:00+00:00,92.171,93.628,92.171,92.995,1897.8125765
2024-01-21 00:00:00+00:00,92.974,93.48,92.037,93.157,1539.3097071
2024-01-21 04:00:00+00:00,93.172,93.172,92.077,92.7,127.37984756
2024-01-21 08:00:00+00:00,92.489,94.093,92.431,93.022,1305.22240869
2024-01-21 12:00:00+00:00,93.406,93.831,92.192,92.805,390.3061872
2024-01-21 16:00:00+00:00,92.587,93.026,91.85,92.617,164.26686716
2024-01-21 20:00:00+00:00,92.487,92.783,90.95,91.28,325.3825321
2024-01-22 00:00:00+00:00,91.166,92.088,88.469,89.51,7074.18793192
2024-01-22 04:00:00+00:00,89.475,90.23,88.448,89.266,1825.68657181
2024-01-22 08:00:00+00:00,89.184,89.223,86.379,88.664,5545.5003545
2024-01-22 12:00:00+00:00,88.501,90.241,85.773,87.21,4231.44464065
2024-01-22 16:00:00+00:00,87.077,87.625,82.172,83.561,9092.26588632
2024-01-22 20:00:00+00:00,83.589,86.418,83.318,83.892,3098.51818457
2024-01-23 00:00:00+00:00,83.851,85.994,83.703,85.286,1893.94803767
2024-01-23 04:00:00+00:00,85.341,86.027,82.32,82.87,1466.17341033
2024-01-23 08:00:00+00:00,82.836,83.512,78.99,80.212,13468.28277113
2024-01-23 12:00:00+00:00,80.17,83.43,79.01,82.886,6181.46260509
2024-01-23 16:00:00+00:00,82.83,83.911,80.985,81.261,3813.13408314
2024-01-23 20:00:00+00:00,80.905,84.5,80.52,84.386,1707.78874783
2024-01-24 00:00:00+00:00,84.5,85.83,83.514,83.514,2129.91411922
2024-01-24 04:00:00+00:00,83.674,86.874,83.376,86.2,2685.1082671
2024-01-24 08:00:00+00:00,86.287,88.529,86.193,87.239,4225.79551526
2024-01-24 12:00:00+00:00,87.297,88.023,85.365,87.158,2812.41173282
2024-01-24 16:00:00+00:00,87.196,87.902,85.684,86.559,1226.86830638
2024-01-24 20:00:00+00:00,86.594,89.467,85.992,88.932,2416.09852578
2024-01-25 00:00:00+00:00,88.698,89.701,87.854,88.547,890.4425934
2024-01-25 04:00:00+00:00,88.178,88.659,86.769,88.193,936.9306146600001
2024-01-25 08:00:00+00:00,88.237,89.35,86.665,89.055,681.01411952
2024-01-25 12:00:00+00:00,89.265,89.349,86.017,86.503,1253.15511069
2024-01-25 16:00:00+00:00,86.409,88.178,85.109,87.693,1411.51673528
2024-01-25 20:00:00+00:00,87.603,87.844,86.525,87.015,447.92663316
2024-01-26 00:00:00+00:00,86.886,88.309,86.123,87.817,710.24291312
2024-01-26 04:00:00+00:00,88.17,88.515,86.897,87.117,407.67638281
2024-01-26 08:00:00+00:00,87.218,92.446,87.218,92.11,2740.95752557
2024-01-26 12:00:00+00:00,92.197,92.58,90.201,92.496,2463.31940157
2024-01-26 16:00:00+00:00,92.551,93.7,92.323,92.777,1794.3108556
2024-01-26 20:00:00+00:00,92.761,93.631,91.651,92.228,879.84820866
2024-01-27 00:00:00+00:00,92.299,93.792,92.291,92.625,864.1006880799999
2024-01-27 04:00:00+00:00,92.696,92.775,90.819,91.092,1145.71331403
2024-01-27 08:00:00+00:00,91.235,92.284,90.72,92.04,2023.86219625
2024-01-27 12:00:00+00:00,91.905,92.953,91.764,92.73,210.70081699
2024-01-27 16:00:00+00:00,92.828,93.413,92.2,93.163,359.93955153
2024-01-27 20:00:00+00:00,93.123,94.486,92.881,94.243,631.60301002
2024-01-28 00:00:00+00:00,94.007,96.7,93.44,96.7,1363.68912245
2024-01-28 04:00:00+00:00,96.721,97.241,95.186,95.75,4387.64927238
2024-01-28 08:00:00+00:00,95.848,99.387,95.576,98.302,8868.38599671
2024-01-28 12:00:00+00:00,98.384,98.55,96.729,97.22,7129.98669524
2024-01-28 16:00:00+00:00,97.094,97.867,94.247,94.492,3008.43682162
2024-01-28 20:00:00+00:00,94.598,96.296,93.482,95.839,1011.38330091
2024-01-29 00:00:00+00:00,95.74,98.916,95.1,97.937,664.00890043
2024-01-29 04:00:00+00:00,97.733,97.832,96.28,96.86,1292.69588714
2024-01-29 08:00:00+00:00,96.704,97.982,96.297,97.393,842.55895767
2024-01-29 12:00:00+00:00,97.578,100.13,95.514,99.9,2294.2071713
2024-01-29 16:00:00+00:00,100.01,101.72,99.079,100.46,5172.0352694
2024-01-29 20:00:00+00:00,100.71,102.0,100.64,101.65,2261.97740186
2024-01-30 00:00:00+00:00,101.76,103.78,101.06,102.12,2828.1022165
2024-01-30 04:00:00+00:00,102.09,103.38,101.69,102.85,1368.88372799
2024-01-30 08:00:00+00:00,102.75,106.4,102.62,106.0,5872.5436034800005
2024-01-30 12:00:00+00:00,105.95,106.46,103.53,104.72,6274.87058533
2024-01-30 16:00:00+00:00,104.79,105.71,103.28,105.32,4427.77754089
2024-01-30 20:00:00+00:00,105.28,105.61,101.05,101.39,2660.77596935
2024-01-31 00:00:00+00:00,101.6,101.8,98.62,101.17,3452.52170909
2024-01-31 04:00:00+00:00,101.1,101.68,100.12,101.68,1958.89282479
2024-01-31 08:00:00+00:00,101.8,101.89,97.35,99.332,2758.39083496
2024-01-31 12:00:00+00:00,99.118,101.92,97.648,101.64,7232.68532529
2024-01-31 16:00:00+00:00,101.55,102.72,99.646,101.07,2179.49746102
2024-01-31 20:00:00+00:00,100.94,101.18,96.0,96.963,7275.81130451
2024-02-01 00:00:00+00:00,97.305,97.574,93.304,93.569,3495.98109426
2024-02-01 04:00:00+00:00,93.53,95.727,93.153,94.977,6568.06169506
2024-02-01 08:00:00+00:00,94.95,96.687,94.602,95.353,4360.25023546
2024-02-01 12:00:00+00:00,95.514,97.484,94.7,96.145,1824.07084123
2024-02-01 16:00:00+00:00,96.002,97.918,94.852,97.643,1540.06897064
2024-02-01 20:00:00+00:00,97.858,98.054,96.947,97.885,3213.47795728
2024-02-02 00:00:00+00:00,97.635,100.1,97.46,99.222,1231.23835889
2024-02-02 04:00:00+00:00,98.927,101.46,98.434,101.3,1115.11760987
2024-02-02 08:00:00+00:00,101.34,102.34,100.07,101.94,2358.004024
2024-02-02 12:00:00+00:00,101.84,102.56,98.34,101.1,5326.68056889
2024-02-02 16:00:00+00:00,101.34,102.05,98.294,99.401,4416.77566471
2024-02-02 20:00:00+00:00,99.514,100.79,98.82,100.52,854.5501878
2024-02-03 00:00:00+00:00,100.3,101.16,99.155,99.369,1117.67197204
2024-02-03 04:00:00+00:00,99.292,100.01,98.626,99.011,941.66952567
2024-02-03 08:00:00+00:00,99.225,99.327,98.399,98.597,1481.97748708
2024-02-03 12:00:00+00:00,98.631,98.912,96.627,97.948,796.75601158
2024-02-03 16:00:00+00:00,98.0,98.646,97.251,98.122,798.15955628
2024-02-03 20:00:00+00:00,98.051,98.423,97.628,97.865,345.00984117
2024-02-04 00:00:00+00:00,97.81,98.548,96.864,98.3,389.87656016
2024-02-04 04:00:00+00:00,98.144,98.163,96.154,96.578,737.95255448
2024-02-04 08:00:00+00:00,96.5,98.167,95.949,97.882,794.82894707
2024-02-04 12:00:00+00:00,97.876,98.392,97.218,97.7,963.19731318
2024-02-04 16:00:00+00:00,97.599,97.599,96.112,96.42,569.67015989
2024-02-04 20:00:00+00:00,96.178,96.961,95.051,95.47,1139.30435176
2024-02-05 00:00:00+00:00,95.452,96.197,94.153,96.117,1556.4549355899999
2024-02-05 04:00:00+00:00,95.977,97.907,95.833,97.581,811.74401789
2024-02-05 08:00:00+00:00,97.758,98.193,97.0,97.881,2823.00768516
2024-02-05 12:00:00+00:00,97.971,98.623,95.214,95.596,2670.48798177
2024-02-05 16:00:00+00:00,95.582,96.459,95.443,96.001,718.04793586
2024-02-05 20:00:00+00:00,95.808,96.018,94.244,95.753,746.9594685
2024-02-06 00:00:00+00:00,95.501,96.759,95.245,96.0,451.67907901
2024-02-06 04:00:00+00:00,95.94,95.94,94.997,95.783,410.69704987
2024-02-06 08:00:00+00:00,95.714,96.296,93.106,94.334,3751.9087399
2024-02-06 12:00:00+00:00,94.26,95.84,93.291,95.74,3886.60223895
2024-02-06 16:00:00+00:00,95.74,97.65,95.14,97.489,7887.50915995
2024-02-06 20:00:00+00:00,97.667,97.831,96.788,96.84,2441.07840645
2024-02-07 00:00:00+00:00,96.891,97.395,95.507,95.507,1107.08791883
2024-02-07 04:00:00+00:00,95.507,96.123,95.03,95.54,1533.21801632
2024-02-07 08:00:00+00:00,95.545,96.012,94.624,95.091,1028.34126377
2024-02-07 12:00:00+00:00,95.188,96.73,95.175,96.21,654.49608187
2024-02-07 16:00:00+00:00,96.34,98.117,96.34,97.072,1279.76956138
2024-02-07 20:00:00+00:00,97.14,101.5,97.14,100.75,2836.16649023
2024-02-08 00:00:00+00:00,101.09,102.48,100.99,101.64,1315.88831839
2024-02-08 04:00:00+00:00,101.69,101.89,100.47,100.57,552.89836432
2024-02-08 08:00:00+00:00,100.98,102.25,100.94,101.15,1678.00029928
2024-02-08 12:00:00+00:00,101.48,104.94,101.04,104.67,5175.67347577
2024-02-08 16:00:00+00:00,104.51,104.51,101.78,102.23,1416.91176596
2024-02-08 20:00:00+00:00,102.39,103.32,102.34,102.72,854.55043101
2024-02-09 00:00:00+00:00,102.78,105.75,102.78,104.31,2809.20607875
2024-02-09 04:00:00+00:00,104.33,105.55,103.73,105.24,1812.14185355
2024-02-09 08:00:00+00:00,105.18,106.22,104.32,106.0,3831.47569702
2024-02-09 12:00:00+00:00,105.84,106.96,104.19,105.71,6392.74735458
2024-02-09 16:00:00+00:00,105.68,106.52,104.43,104.97,1797.83517261
2024-02-09 20:00:00+00:00,105.39,109.19,105.01,107.0,6529.08895565
2024-02-10 00:00:00+00:00,107.16,110.72,107.16,110.54,2575.55442525
2024-02-10 04:00:00+00:00,110.83,110.86,108.8,108.9,3111.40303791
2024-02-10 08:00:00+00:00,109.04,109.65,107.31,108.21,4002.16015458
2024-02-10 12:00:00+00:00,108.2,108.88,107.27,108.72,1434.46718631
2024-02-10 16:00:00+00:00,108.64,109.61,107.84,109.2,1796.47741542
2024-02-10 20:00:00+00:00,109.02,110.48,108.68,109.22,1276.12534808
2024-02-11 00:00:00+00:00,109.18,109.75,107.86,109.39,1804.2562486
2024-02-11 04:00:00+00:00,109.46,109.91,108.88,109.27,1410.53363047
2024-02-11 08:00:00+00:00,109.16,110.39,108.69,109.78,1729.55448821
2024-02-11 12:00:00+00:00,109.74,110.77,108.86,108.96,2410.74564719
2024-02-11 16:00:00+00:00,108.87,109.17,107.74,108.28,604.08662796
2024-02-11 20:00:00+00:00,108.26,108.86,107.38,107.56,1703.87147847
2024-02-12 00:00:00+00:00,107.47,109.48,104.64,106.61,5347.12828504
2024-02-12 04:00:00+00:00,106.34,106.37,104.74,105.98,1542.96194801
2024-02-12 08:00:00+00:00,106.27,106.32,103.53,104.25,2490.06724455
2024-02-12 12:00:00+00:00,104.24,109.09,103.99,108.87,5101.0658998
2024-02-12 16:00:00+00:00,108.6,111.28,107.63,109.72,7924.17729804
2024-02-12 20:00:00+00:00,109.95,112.22,109.88,111.97,4518.51025446
2024-02-13 00:00:00+00:00,111.99,114.95,111.76,112.99,3906.1282084
2024-02-13 04:00:00+00:00,113.13,114.59,113.12,114.02,4335.46472103
2024-02-13 08:00:00+00:00,114.12,115.25,113.02,114.11,2176.56738222
2024-02-13 12:00:00+00:00,114.21,114.24,108.92,110.48,9340.53210107
2024-02-13 16:00:00+00:00,110.55,112.5,108.36,111.73,4994.71315828
2024-02-13 20:00:00+00:00,111.71,113.87,111.71,112.73,1318.15155851
2024-02-14 00:00:00+00:00,112.46,112.46,110.86,112.03,448.22905622999997
2024-02-14 04:00:00+00:00,112.0,113.4,111.5,113.4,1064.31482692
2024-02-14 08:00:00+00:00,113.2,116.32,112.84,115.69,7118.53209656
2024-02-14 12:00:00+00:00,115.73,118.72,115.11,117.16,8875.74025266
2024-02-14 16:00:00+00:00,116.94,116.98,115.05,116.3,3683.58037985
2024-02-14 20:00:00+00:00,116.13,117.38,115.86,116.74,1144.09656204
2024-02-15 00:00:00+00:00,117.06,118.11,115.78,117.13,4407.10113439
2024-02-15 04:00:00+00:00,116.83,116.83,114.53,115.28,1937.81678523
2024-02-15 08:00:00+00:00,114.95,116.95,114.73,115.99,759.73147192
2024-02-15 12:00:00+00:00,116.0,117.15,113.0,113.71,14130.41783901
2024-02-15 16:00:00+00:00,113.76,114.82,112.91,114.03,1687.49788967
2024-02-15 20:00:00+00:00,114.11,114.24,111.52,113.61,3157.73169772
2024-02-16 00:00:00+00:00,113.19,114.0,112.22,113.74,745.62527464
2024-02-16 04:00:00+00:00,113.85,113.88,111.42,111.68,645.41810816
2024-02-16 08:00:00+00:00,111.4,112.62,110.14,112.12,2728.15324321
2024-02-16 12:00:00+00:00,112.11,113.09,108.01,109.56,3151.96211417
2024-02-16 16:00:00+00:00,109.26,110.26,108.18,108.56,1775.00157522
2024-02-16 20:00:00+00:00,108.35,110.52,108.35,110.39,844.80427362
2024-02-17 00:00:00+00:00,110.18,111.03,109.14,109.91,439.53317792
2024-02-17 04:00:00+00:00,109.9,110.39,108.61,110.39,564.19585896
2024-02-17 08:00:00+00:00,110.31,110.8,108.36,109.48,1098.67362771
2024-02-17 12:00:00+00:00,109.27,109.49,105.6,107.24,3072.00465212
2024-02-17 16:00:00+00:00,107.03,108.13,106.49,108.03,485.80329233
2024-02-17 20:00:00+00:00,107.95,109.69,107.92,109.08,500.71174862
2024-02-18 00:00:00+00:00,108.79,109.75,107.53,108.36,810.19543965
2024-02-18 04:00:00+00:00,108.39,109.67,108.02,109.02,540.12549224
2024-02-18 08:00:00+00:00,109.01,112.81,108.79,111.76,3172.23941533
2024-02-18 12:00:00+00:00,111.72,112.45,110.8,112.33,9062.57523898
2024-02-18 16:00:00+00:00,112.25,114.05,111.89,112.82,1036.74463668
2024-02-18 20:00:00+00:00,113.13,113.6,111.71,112.05,3647.68822518
2024-02-19 00:00:00+00:00,112.12,112.76,111.14,111.49,341.87498028
2024-02-19 04:00:00+00:00,111.61,113.55,111.25,113.49,1060.47196767
2024-02-19 08:00:00+00:00,113.27,113.31,110.81,112.75,3803.35885435
2024-02-19 12:00:00+00:00,112.51,114.78,111.71,113.71,3493.13810993
2024-02-19 16:00:00+00:00,113.86,114.04,111.4,111.94,4252.64253646
2024-02-19 20:00:00+00:00,111.73,112.8,111.05,111.4,1272.22402782
2024-02-20 00:00:00+00:00,111.53,111.93,108.99,109.46,1946.39938804
2024-02-20 04:00:00+00:00,109.24,110.92,109.02,109.19,1734.81867962
2024-02-20 08:00:00+00:00,109.2,110.68,108.1,110.14,1183.23161026
2024-02-20 12:00:00+00:00,110.39,110.69,103.0,106.4,9239.00299687
2024-02-20 16:00:00+00:00,106.44,107.5,104.62,107.09,5321.6581396599995
2024-02-20 20:00:00+00:00,106.99,109.45,106.72,108.2,1218.10832785
2024-02-21 00:00:00+00:00,108.02,108.22,106.29,106.42,887.44232364
2024-02-21 04:00:00+00:00,106.39,106.86,104.4,104.89,1154.05743731
2024-02-21 08:00:00+00:00,104.8,105.53,102.19,102.78,2962.07567348
2024-02-21 12:00:00+00:00,102.65,104.32,101.0,103.7,3216.2751126
2024-02-21 16:00:00+00:00,103.74,104.42,100.22,101.99,3348.7397339999998
2024-02-21 20:00:00+00:00,101.77,105.6,101.37,105.06,966.24359708
2024-02-22 00:00:00+00:00,104.87,104.87,102.06,103.82,658.30941486
2024-02-22 04:00:00+00:00,103.64,105.26,103.27,104.98,1424.4423058099999
2024-02-22 08:00:00+00:00,104.9,106.99,104.9,105.82,1885.93607262
2024-02-22 12:00:00+00:00,105.84,106.08,103.18,105.38,2211.7799984
2024-02-22 16:00:00+00:00,105.3,105.45,103.36,103.47,832.64689046
2024-02-22 20:00:00+00:00,103.41,105.15,101.51,101.69,3590.316533
2024-02-23 00:00:00+00:00,101.7,102.84,101.01,101.77,645.23359216
2024-02-23 04:00:00+00:00,101.79,103.04,101.45,101.85,413.60139317
2024-02-23 08:00:00+00:00,101.81,102.89,101.2,102.6,5094.85386567
2024-02-23 12:00:00+00:00,102.64,102.86,100.26,100.31,3478.86265672
2024-02-23 16:00:00+00:00,100.3,101.65,98.516,101.31,3174.32527097
2024-02-23 20:00:00+00:00,101.32,101.72,98.893,99.847,596.18816464
2024-02-24 00:00:00+00:00,99.889,100.75,98.5,100.25,1849.411955
2024-02-24 04:00:00+00:00,100.34,102.25,100.34,102.25,2805.68399379
2024-02-24 08:00:00+00:00,102.3,102.79,101.61,102.09,1660.87812195
2024-02-24 12:00:00+00:00,102.04,102.55,101.76,101.92,474.82252522
2024-02-24 16:00:00+00:00,101.94,104.26,101.94,104.26,2516.91501911
2024-02-24 20:00:00+00:00,104.27,104.92,103.8,104.17,2005.40431946
2024-02-25 00:00:00+00:00,104.09,104.54,102.27,103.51,1567.55028136
2024-02-25 04:00:00+00:00,103.4,103.74,102.76,103.07,843.3052335
2024-02-25 08:00:00+00:00,102.91,103.03,102.12,102.83,412.5503961
2024-02-25 12:00:00+00:00,102.83,103.83,102.31,102.69,2371.57967078
2024-02-25 16:00:00+00:00,102.8,103.65,102.28,103.26,1762.35356808
2024-02-25 20:00:00+00:00,103.3,104.34,103.03,103.41,2920.68313754
2024-02-26 00:00:00+00:00,103.15,104.75,102.3,103.4,1618.47296612
2024-02-26 04:00:00+00:00,103.54,104.22,103.06,103.38,432.24958185
2024-02-26 08:00:00+00:00,103.32,104.09,100.63,101.06,3646.85972157
2024-02-26 12:00:00+00:00,100.94,105.11,100.36,105.11,2497.71424764
2024-02-26 16:00:00+00:00,104.73,110.17,104.37,109.46,11476.89129309
2024-02-26 20:00:00+00:00,109.48,110.55,108.37,109.72,4743.20893657
2024-02-27 00:00:00+00:00,109.9,112.15,109.09,109.89,5258.04449498
2024-02-27 04:00:00+00:00,109.91,111.32,108.72,110.26,11717.62344517
2024-02-27 08:00:00+00:00,110.29,111.94,110.24,111.15,5500.79597707
2024-02-27 12:00:00+00:00,111.19,111.61,105.93,106.73,6860.9942993
2024-02-27 16:00:00+00:00,106.73,108.34,105.17,108.24,3415.52087587
2024-02-27 20:00:00+00:00,108.35,109.22,107.36,108.34,3594.4960084100003
2024-02-28 00:00:00+00:00,108.45,109.19,107.14,107.66,1353.3052463
2024-02-28 04:00:00+00:00,107.68,110.01,107.68,109.92,4072.16737836
2024-02-28 08:00:00+00:00,110.14,114.95,109.15,111.39,11193.48681407
2024-02-28 12:00:00+00:00,111.43,113.27,110.45,112.83,7835.82693075
2024-02-28 16:00:00+00:00,112.89,116.5,105.0,110.9,18583.3208517
2024-02-28 20:00:00+00:00,111.17,118.96,110.0,118.96,15373.98478658
2024-02-29 00:00:00+00:00,118.93,124.2,117.12,123.21,9847.22770781
2024-02-29 04:00:00+00:00,123.34,125.92,122.03,125.34,16508.22563419
2024-02-29 08:00:00+00:00,125.4,132.83,125.14,129.01,25034.90285322
2024-02-29 12:00:00+00:00,128.98,134.5,126.9,132.55,14423.97706333
2024-02-29 16:00:00+00:00,132.3,132.77,126.25,130.34,9503.25421025
2024-02-29 20:00:00+00:00,130.11,131.82,122.66,125.59,19701.74990613
2024-03-01 00:00:00+00:00,126.0,137.05,125.99,133.92,7838.39446979
2024-03-01 04:00:00+00:00,134.53,137.99,131.65,131.87,3456.90376817
2024-03-01 08:00:00+00:00,131.88,135.38,130.78,135.38,5471.77313987
2024-03-01 12:00:00+00:00,135.15,135.15,130.07,131.29,5414.87423675
2024-03-01 16:00:00+00:00,131.35,133.34,129.41,130.83,2644.93398107
2024-03-01 20:00:00+00:00,131.05,131.56,129.19,129.23,2248.48762675
2024-03-02 00:00:00+00:00,129.34,131.66,127.17,129.99,3680.93816852
2024-03-02 04:00:00+00:00,130.04,130.48,127.82,129.18,2989.82337877
2024-03-02 08:00:00+00:00,129.14,130.43,127.36,128.66,1424.27500538
2024-03-02 12:00:00+00:00,128.83,130.33,127.37,127.86,4152.45673252
2024-03-02 16:00:00+00:00,128.07,130.66,127.5,130.51,2636.81380633
2024-03-02 20:00:00+00:00,130.56,131.44,128.18,129.82,2076.90220669
2024-03-03 00:00:00+00:00,129.92,130.62,128.2,130.01,608.4840281
2024-03-03 04:00:00+00:00,130.28,130.46,124.27,126.98,5098.81900263
2024-03-03 08:00:00+00:00,126.81,131.32,125.31,128.75,3886.97990985
2024-03-03 12:00:00+00:00,128.62,129.6,127.62,129.53,3881.76105243
2024-03-03 16:00:00+00:00,129.47,131.14,129.07,130.34,1407.83616094
2024-03-03 20:00:00+00:00,130.28,132.06,129.47,130.18,2819.56436184
2024-03-04 00:00:00+00:00,130.45,133.04,128.44,128.44,10254.20763468
2024-03-04 04:00:00+00:00,128.79,129.85,128.55,129.66,2801.2191922
2024-03-04 08:00:00+00:00,129.57,135.02,129.44,132.71,25366.75754329
2024-03-04 12:00:00+00:00,132.47,133.7,129.59,131.82,9912.92725578
2024-03-04 16:00:00+00:00,131.77,132.06,127.44,129.56,17663.95973904
2024-03-04 20:00:00+00:00,129.6,133.16,128.25,133.03,10068.81273939
2024-03-05 00:00:00+00:00,133.03,133.04,129.08,130.16,2544.98936113
2024-03-05 04:00:00+00:00,130.05,132.5,127.69,129.47,4327.05525259
2024-03-05 08:00:00+00:00,129.34,131.9,128.97,130.57,3080.45520617
2024-03-05 12:00:00+00:00,130.65,142.57,130.65,139.29,19391.04016314
2024-03-05 16:00:00+00:00,139.02,140.36,106.33,119.8,32764.57929325
2024-03-05 20:00:00+00:00,119.8,127.44,116.56,125.68,15789.98745481
2024-03-06 00:00:00+00:00,125.89,126.68,120.12,122.37,4854.54333437
2024-03-06 04:00:00+00:00,122.38,133.39,122.38,133.28,5295.99078665
2024-03-06 08:00:00+00:00,133.42,134.99,129.33,132.06,8396.66596864
2024-03-06 12:00:00+00:00,132.05,132.08,125.52,128.26,14036.51269368
2024-03-06 16:00:00+00:00,128.42,132.21,128.29,130.93,4472.15150738
2024-03-06 20:00:00+00:00,130.82,132.62,130.23,130.85,8778.72071456
2024-03-07 00:00:00+00:00,130.76,141.85,130.67,138.28,7807.04482958
2024-03-07 04:00:00+00:00,138.39,139.87,136.0,138.28,3044.61113954
2024-03-07 08:00:00+00:00,138.28,144.29,138.28,140.04,7176.64223125
2024-03-07 12:00:00+00:00,139.89,149.0,139.17,146.04,14151.97813793
2024-03-07 16:00:00+00:00,146.31,149.31,145.35,148.54,1885.06902594
2024-03-07 20:00:00+00:00,148.45,148.93,143.57,143.69,5080.23885735
2024-03-08 00:00:00+00:00,144.0,146.23,142.74,144.18,2784.64142415
2024-03-08 04:00:00+00:00,144.24,145.56,142.03,144.83,4053.27772212
2024-03-08 08:00:00+00:00,144.52,148.95,144.43,148.95,4635.03608283
2024-03-08 12:00:00+00:00,148.96,152.3,143.01,145.28,7254.87656203
2024-03-08 16:00:00+00:00,145.89,150.64,141.64,147.41,3588.27648897
2024-03-08 20:00:00+00:00,147.61,149.0,143.12,144.8,2321.18440322
2024-03-09 00:00:00+00:00,144.49,146.74,144.24,145.58,2139.74157559
2024-03-09 04:00:00+00:00,145.65,148.92,145.25,148.16,2013.20474369
2024-03-09 08:00:00+00:00,148.15,148.5,145.04,146.8,1977.09256369
2024-03-09 12:00:00+00:00,146.5,147.0,144.98,146.88,1322.77387095
2024-03-09 16:00:00+00:00,147.0,147.05,143.58,144.97,1403.08243794
2024-03-09 20:00:00+00:00,145.34,146.45,143.85,144.01,2231.93866651
2024-03-10 00:00:00+00:00,144.24,148.16,143.72,146.57,1517.20446655
2024-03-10 04:00:00+00:00,146.71,148.39,146.56,148.28,2164.27354544
2024-03-10 08:00:00+00:00,148.31,148.39,144.66,145.39,1703.8497642
2024-03-10 12:00:00+00:00,145.35,145.69,141.58,143.13,3129.58691229
2024-03-10 16:00:00+00:00,143.14,145.29,143.03,144.98,2138.26367531
2024-03-10 20:00:00+00:00,145.04,145.15,140.34,144.33,2032.12418303
2024-03-11 00:00:00+00:00,144.13,144.5,136.64,140.99,4614.38790861
2024-03-11 04:00:00+00:00,141.22,148.37,139.59,147.98,13323.73708039
2024-03-11 08:00:00+00:00,148.27,149.96,147.26,148.13,22806.14310197
2024-03-11 12:00:00+00:00,148.28,149.89,145.65,146.85,4178.80403881
2024-03-11 16:00:00+00:00,147.45,148.14,145.6,146.32,4160.5476036
2024-03-11 20:00:00+00:00,146.5,149.1,146.39,148.65,2443.33678082
2024-03-12 00:00:00+00:00,148.4,154.76,147.0,150.59,10448.289899989999
2024-03-12 04:00:00+00:00,150.59,154.25,149.18,151.86,9617.30688984
2024-03-12 08:00:00+00:00,151.7,153.05,147.96,150.4,3188.0356892
2024-03-12 12:00:00+00:00,150.56,151.75,147.01,149.59,9374.35159352
2024-03-12 16:00:00+00:00,149.66,150.25,141.05,149.15,58106.42780545
2024-03-12 20:00:00+00:00,149.15,150.84,146.3,150.84,28420.33458791
2024-03-13 00:00:00+00:00,150.86,151.3,148.73,149.31,937.06984111
2024-03-13 04:00:00+00:00,149.17,152.89,148.74,150.26,2686.016168
2024-03-13 08:00:00+00:00,150.89,154.47,150.89,153.88,7632.67338438
2024-03-13 12:00:00+00:00,153.75,159.27,150.0,157.14,16519.68564715
2024-03-13 16:00:00+00:00,157.62,161.85,156.67,161.2,7118.42498632
2024-03-13 20:00:00+00:00,161.31,166.45,159.34,163.59,7900.16768834
2024-03-14 00:00:00+00:00,164.0,169.0,162.98,167.41,4054.17609086
2024-03-14 04:00:00+00:00,167.5,169.85,164.86,168.33,8419.33121478
2024-03-14 08:00:00+00:00,168.45,173.92,168.09,173.06,6063.51281196
2024-03-14 12:00:00+00:00,172.79,172.84,164.08,167.69,17415.82212082
2024-03-14 16:00:00+00:00,168.28,169.98,159.25,162.52,11483.44097024
2024-03-14 20:00:00+00:00,162.28,178.12,162.28,176.47,19928.97993126
2024-03-15 00:00:00+00:00,176.5,186.72,169.4,175.71,11607.41956067
2024-03-15 04:00:00+00:00,176.07,181.56,171.28,176.14,8380.64403996
2024-03-15 08:00:00+00:00,176.21,177.11,164.44,170.77,6459.9605315
2024-03-15 12:00:00+00:00,169.62,184.57,168.1,181.75,7813.87210921
2024-03-15 16:00:00+00:00,182.02,189.0,178.06,183.0,7245.99461222
2024-03-15 20:00:00+00:00,182.91,185.38,175.43,183.7,4900.6990025
2024-03-16 00:00:00+00:00,184.27,189.21,180.73,187.69,3519.48925101
2024-03-16 04:00:00+00:00,186.81,193.66,185.4,192.87,7317.01349719
2024-03-16 08:00:00+00:00,192.76,197.6,188.98,192.64,8248.16986659
2024-03-16 12:00:00+00:00,192.25,195.96,187.72,195.07,4398.89047286
2024-03-16 16:00:00+00:00,195.26,195.34,178.58,180.12,10993.27795448
2024-03-16 20:00:00+00:00,179.94,185.8,177.0,182.09,7031.82706192
2024-03-17 00:00:00+00:00,182.3,189.23,181.86,186.21,3089.02123482
2024-03-17 04:00:00+00:00,186.74,188.82,178.68,182.14,4580.83887735
2024-03-17 08:00:00+00:00,182.04,193.89,179.78,191.68,5575.07355465
2024-03-17 12:00:00+00:00,192.2,196.14,188.63,195.48,3426.52833919
2024-03-17 16:00:00+00:00,195.77,198.09,192.42,195.99,3668.20561129
2024-03-17 20:00:00+00:00,195.79,204.55,195.79,202.06,5432.47071222
2024-03-18 00:00:00+00:00,202.05,205.39,194.17,203.93,5888.23079694
2024-03-18 04:00:00+00:00,203.89,204.76,200.17,203.21,6029.64306452
2024-03-18 08:00:00+00:00,203.39,210.0,198.47,208.2,12120.78508023
2024-03-18 12:00:00+00:00,208.01,209.2,198.63,203.59,7876.40972912
2024-03-18 16:00:00+00:00,204.06,206.09,195.44,198.12,8062.16177092
2024-03-18 20:00:00+00:00,198.37,204.76,195.37,195.85,5066.76336378
2024-03-19 00:00:00+00:00,195.95,198.6,180.27,184.45,12969.42639826
2024-03-19 04:00:00+00:00,184.21,189.0,179.46,186.26,13496.9157068
2024-03-19 08:00:00+00:00,186.3,186.31,171.07,177.79,19990.25046478
2024-03-19 12:00:00+00:00,177.77,185.84,174.91,183.12,19360.67474868
2024-03-19 16:00:00+00:00,183.0,186.59,180.26,181.77,4796.71538055
2024-03-19 20:00:00+00:00,181.79,182.13,166.2,170.14,17646.15373292
2024-03-20 00:00:00+00:00,170.03,177.24,169.68,169.68,3327.59537101
2024-03-20 04:00:00+00:00,169.73,174.31,160.67,173.73,17859.662578
2024-03-20 08:00:00+00:00,173.47,175.47,169.71,172.38,4274.45701106
2024-03-20 12:00:00+00:00,172.25,176.88,170.22,170.71,4945.5913283
2024-03-20 16:00:00+00:00,170.64,184.69,165.82,182.86,12847.34315593
2024-03-20 20:00:00+00:00,182.59,193.35,181.93,191.95,10020.90422778
2024-03-21 00:00:00+00:00,191.79,195.78,189.61,190.65,9955.49391476
2024-03-21 04:00:00+00:00,190.91,192.58,185.14,188.69,6588.65626778
2024-03-21 08:00:00+00:00,189.12,191.81,186.71,188.95,1627.83352012
2024-03-21 12:00:00+00:00,189.43,191.49,183.99,185.66,8274.38052359
2024-03-21 16:00:00+00:00,185.06,188.06,177.5,178.48,14762.81018867
2024-03-21 20:00:00+00:00,178.15,182.04,176.23,179.2,1774.66393246
2024-03-22 00:00:00+00:00,179.45,182.18,174.5,179.2,3194.80005014
2024-03-22 04:00:00+00:00,179.64,181.1,177.92,179.39,3536.75498721
2024-03-22 08:00:00+00:00,179.39,180.37,172.0,172.3,3467.5322576
2024-03-22 12:00:00+00:00,172.42,173.99,167.58,171.55,7924.16216436
2024-03-22 16:00:00+00:00,171.53,173.66,168.88,173.06,3437.77946229
2024-03-22 20:00:00+00:00,172.89,174.96,168.13,174.76,2395.94263243
2024-03-23 00:00:00+00:00,175.12,178.12,170.52,172.1,5781.51553948
2024-03-23 04:00:00+00:00,172.3,177.53,171.49,175.9,1982.31929971
2024-03-23 08:00:00+00:00,176.25,176.96,174.14,175.71,600.32834208
2024-03-23 12:00:00+00:00,175.44,179.11,174.58,175.9,5501.99165747
2024-03-23 16:00:00+00:00,175.29,176.88,174.02,174.97,3049.39199099
2024-03-23 20:00:00+00:00,174.83,175.41,172.58,172.78,4689.89224417
2024-03-24 00:00:00+00:00,172.66,177.31,171.74,171.74,4425.51193186
2024-03-24 04:00:00+00:00,171.72,173.88,171.46,173.55,689.53082797
2024-03-24 08:00:00+00:00,173.51,176.16,173.51,175.06,1121.60996149
2024-03-24 12:00:00+00:00,174.86,177.38,174.85,176.6,1504.74101122
2024-03-24 16:00:00+00:00,176.28,176.99,172.65,176.21,1094.32095396
2024-03-24 20:00:00+00:00,175.87,186.87,175.7,184.19,4777.83356534
2024-03-25 00:00:00+00:00,184.15,185.6,181.09,184.99,4292.49320111
2024-03-25 04:00:00+00:00,184.69,189.65,184.11,186.07,4276.03532476
2024-03-25 08:00:00+00:00,185.98,192.0,185.98,188.0,10148.99893049
2024-03-25 12:00:00+00:00,188.05,194.63,186.64,192.67,5121.16311775
2024-03-25 16:00:00+00:00,192.77,194.28,190.34,192.06,11717.16574724
2024-03-25 20:00:00+00:00,192.29,192.77,188.3,188.93,5898.51892617
2024-03-26 00:00:00+00:00,188.59,191.83,188.01,191.34,1639.28123841
2024-03-26 04:00:00+00:00,191.82,196.29,191.25,193.83,3601.80095201
2024-03-26 08:00:00+00:00,193.59,195.97,191.87,194.68,2702.03063525
2024-03-26 12:00:00+00:00,194.58,195.26,189.69,190.29,3743.79674411
2024-03-26 16:00:00+00:00,190.42,191.6,186.39,188.35,2730.94674958
2024-03-26 20:00:00+00:00,188.42,192.53,188.37,190.44,1794.84626592
2024-03-27 00:00:00+00:00,190.42,192.59,188.79,190.11,853.42735285
2024-03-27 04:00:00+00:00,190.01,190.53,186.24,186.8,827.20375293
2024-03-27 08:00:00+00:00,186.75,188.48,183.49,188.29,5327.05465535
2024-03-27 12:00:00+00:00,188.48,190.96,180.69,181.04,7120.3094416799995
2024-03-27 16:00:00+00:00,181.09,184.23,180.27,182.73,5419.27034203
2024-03-27 20:00:00+00:00,182.7,187.0,182.7,186.31,685.54401616
2024-03-28 00:00:00+00:00,186.08,187.89,181.08,182.32,912.57550938
2024-03-28 04:00:00+00:00,182.2,187.63,182.2,187.31,1981.55326345
2024-03-28 08:00:00+00:00,187.46,188.4,184.82,185.16,848.72428739
2024-03-28 12:00:00+00:00,185.58,189.33,182.62,187.26,1697.66797823
2024-03-28 16:00:00+00:00,187.24,187.24,184.6,186.74,1106.98524946
2024-03-28 20:00:00+00:00,186.42,190.88,186.29,189.95,1498.81981676
2024-03-29 00:00:00+00:00,189.55,190.74,187.61,188.31,1962.2227583
2024-03-29 04:00:00+00:00,188.22,189.1,183.57,183.72,2039.5170457
2024-03-29 08:00:00+00:00,183.7,186.44,183.61,185.96,785.79835654
2024-03-29 12:00:00+00:00,186.0,189.92,184.2,184.64,1643.22675014
2024-03-29 16:00:00+00:00,184.82,187.65,184.55,187.65,1495.90077302
2024-03-29 20:00:00+00:00,187.68,192.85,187.34,192.08,3304.27896583
2024-03-30 00:00:00+00:00,191.74,193.25,190.98,192.82,1267.4295602
2024-03-30 04:00:00+00:00,192.88,199.95,192.73,195.78,4182.03465531
2024-03-30 08:00:00+00:00,195.72,199.06,193.43,197.85,2070.14546947
2024-03-30 12:00:00+00:00,198.02,198.4,195.14,196.26,1038.65641004
2024-03-30 16:00:00+00:00,196.25,198.06,193.71,195.71,8481.35848761
2024-03-30 20:00:00+00:00,195.54,196.81,193.51,194.49,550.68708786
2024-03-31 00:00:00+00:00,194.64,197.33,194.04,194.53,488.89949636
2024-03-31 04:00:00+00:00,194.48,197.46,194.16,196.94,576.24506382
2024-03-31 08:00:00+00:00,197.27,197.39,195.78,196.02,395.58320815999997
2024-03-31 12:00:00+00:00,196.26,197.89,195.82,195.9,1922.61932881
2024-03-31 16:00:00+00:00,196.15,201.23,195.88,200.31,2500.44345508
2024-03-31 20:00:00+00:00,200.48,203.39,198.91,202.77,6589.86968839
2024-04-01 00:00:00+00:00,202.77,204.47,201.14,202.75,1254.07173756
2024-04-01 04:00:00+00:00,203.19,203.72,193.76,198.24,4782.25214113
2024-04-01 08:00:00+00:00,198.04,198.04,195.07,195.42,961.84898721
2024-04-01 12:00:00+00:00,195.32,197.81,187.25,188.26,3677.93822636
2024-04-01 16:00:00+00:00,188.05,193.66,187.66,193.55,3343.1990563
2024-04-01 20:00:00+00:00,193.42,193.96,191.9,192.26,653.96344618
2024-04-02 00:00:00+00:00,192.35,192.35,181.78,183.45,4086.42338988
2024-04-02 04:00:00+00:00,183.64,186.15,180.89,183.14,1819.42983965
2024-04-02 08:00:00+00:00,183.02,183.63,177.5,179.86,4663.54510852
2024-04-02 12:00:00+00:00,179.31,182.12,176.02,177.42,3340.43482774
2024-04-02 16:00:00+00:00,176.99,186.93,176.86,186.08,1474.96870505
2024-04-02 20:00:00+00:00,185.7,186.5,180.9,181.42,1059.27589997
2024-04-03 00:00:00+00:00,181.56,188.92,177.2,188.68,1509.216679
2024-04-03 04:00:00+00:00,188.89,191.78,187.15,189.16,1942.24472773
2024-04-03 08:00:00+00:00,189.66,191.53,186.53,187.98,1928.53703345
2024-04-03 12:00:00+00:00,188.12,191.03,186.42,189.12,1745.54671622
2024-04-03 16:00:00+00:00,189.52,191.03,184.2,186.0,1250.91873451
2024-04-03 20:00:00+00:00,185.85,186.47,182.31,185.09,1284.89608973
2024-04-04 00:00:00+00:00,184.9,187.27,181.11,181.74,1006.30666325
2024-04-04 04:00:00+00:00,181.37,185.6,180.19,184.57,987.05581648
2024-04-04 08:00:00+00:00,184.58,185.97,184.54,185.48,685.49518503
2024-04-04 12:00:00+00:00,185.59,189.5,185.59,186.91,1923.15780209
2024-04-04 16:00:00+00:00,186.81,190.22,185.47,185.8,874.19049201
2024-04-04 20:00:00+00:00,185.68,185.81,181.0,184.02,971.00268498
2024-04-05 00:00:00+00:00,183.56,185.06,177.62,179.17,5680.33625616
2024-04-05 04:00:00+00:00,179.39,180.24,172.94,175.06,8379.14772568
2024-04-05 08:00:00+00:00,175.33,177.09,169.12,169.92,4785.59916844
2024-04-05 12:00:00+00:00,170.01,177.36,168.2,176.28,4992.33453062
2024-04-05 16:00:00+00:00,175.95,176.78,172.46,175.42,517.75591713
2024-04-05 20:00:00+00:00,175.37,176.75,174.23,174.27,335.25525332
2024-04-06 00:00:00+00:00,174.01,176.62,173.65,175.93,456.58444623
2024-04-06 04:00:00+00:00,175.76,178.23,174.93,177.44,257.13368589
2024-04-06 08:00:00+00:00,177.28,178.33,175.36,175.63,414.83834594
2024-04-06 12:00:00+00:00,175.58,177.23,173.79,177.23,743.09861568
2024-04-06 16:00:00+00:00,177.21,179.06,176.7,177.37,5013.44163215
2024-04-06 20:00:00+00:00,177.12,179.89,176.8,178.65,786.66967499
2024-04-07 00:00:00+00:00,178.82,182.58,177.41,180.88,1299.58699049
2024-04-07 04:00:00+00:00,180.88,181.34,179.2,179.61,705.29400244
2024-04-07 08:00:00+00:00,179.77,180.76,178.69,180.48,301.2870838
2024-04-07 12:00:00+00:00,180.83,182.05,179.49,179.49,585.08714735
2024-04-07 16:00:00+00:00,179.92,182.48,177.68,178.25,942.8188184100001
2024-04-07 20:00:00+00:00,178.17,179.85,176.83,179.67,454.28457041
2024-04-08 00:00:00+00:00,179.35,179.35,175.28,176.46,805.21847511
2024-04-08 04:00:00+00:00,176.48,181.14,175.7,179.94,2272.04202589
2024-04-08 08:00:00+00:00,180.24,185.51,179.84,183.1,75985.16191596
2024-04-08 12:00:00+00:00,183.2,183.89,179.79,181.71,3832.31550634
2024-04-08 16:00:00+00:00,181.5,182.31,178.74,179.38,2181.1404978
2024-04-08 20:00:00+00:00,179.46,181.47,179.36,181.01,2390.91725922
2024-04-09 00:00:00+00:00,180.67,180.96,177.0,177.46,1549.43508602
2024-04-09 04:00:00+00:00,177.6,178.61,175.07,175.84,2550.67428569
2024-04-09 08:00:00+00:00,175.68,176.55,173.61,176.36,1756.15711052
2024-04-09 12:00:00+00:00,176.39,176.67,169.18,172.53,6509.06298768
2024-04-09 16:00:00+00:00,172.54,177.53,171.91,174.53,3597.47446447
2024-04-09 20:00:00+00:00,174.53,176.21,172.26,172.39,4842.73521221
2024-04-10 00:00:00+00:00,172.36,173.05,169.31,171.52,1305.3366487
2024-04-10 04:00:00+00:00,171.41,173.59,170.97,172.72,858.17314799
2024-04-10 08:00:00+00:00,172.61,172.61,168.43,170.38,1752.81557111
2024-04-10 12:00:00+00:00,170.43,170.62,162.43,168.05,6241.67961884
2024-04-10 16:00:00+00:00,167.99,173.2,167.21,171.39,1899.02755346
2024-04-10 20:00:00+00:00,170.96,175.67,170.51,173.37,896.0243859999999
2024-04-11 00:00:00+00:00,173.22,173.22,171.32,172.77,797.41948484
2024-04-11 04:00:00+00:00,172.87,176.04,171.8,174.79,682.31837334
2024-04-11 08:00:00+00:00,174.78,175.41,170.38,170.59,905.94795679
2024-04-11 12:00:00+00:00,170.69,175.34,170.24,173.59,1953.40816651
2024-04-11 16:00:00+00:00,173.41,176.36,172.31,174.81,1021.36012005
2024-04-11 20:00:00+00:00,174.81,175.67,172.21,172.88,511.57641146
2024-04-12 00:00:00+00:00,172.71,174.39,172.7,174.29,895.22511665
2024-04-12 04:00:00+00:00,174.21,175.99,173.21,173.21,714.51822728
2024-04-12 08:00:00+00:00,173.24,173.75,171.63,172.91,388.39992003
2024-04-12 12:00:00+00:00,172.81,172.81,166.89,167.63,3603.1662124
2024-04-12 16:00:00+00:00,167.46,167.88,141.81,149.51,35376.20006949
2024-04-12 20:00:00+00:00,149.46,154.36,148.9,153.14,47680.10786913
2024-04-13 00:00:00+00:00,153.0,153.19,145.5,151.58,3666.10142488
2024-04-13 04:00:00+00:00,151.5,154.71,150.49,150.83,15814.62433282
2024-04-13 08:00:00+00:00,150.77,153.37,149.4,151.06,1022.1574686499999
2024-04-13 12:00:00+00:00,151.35,152.88,148.54,148.93,5057.47911821
2024-04-13 16:00:00+00:00,148.75,149.61,128.0,133.58,27830.05283429
2024-04-13 20:00:00+00:00,133.71,143.48,115.79,138.94,59653.08636954
2024-04-14 00:00:00+00:00,138.59,141.02,130.75,135.18,6526.9242085099995
2024-04-14 04:00:00+00:00,135.16,144.6,134.09,144.27,13262.05009348
2024-04-14 08:00:00+00:00,143.96,145.67,138.48,139.0,7411.8043637499995
2024-04-14 12:00:00+00:00,138.9,143.35,135.59,138.1,6467.20241306
2024-04-14 16:00:00+00:00,137.78,143.29,133.75,141.9,6468.32826388
2024-04-14 20:00:00+00:00,141.9,152.92,140.03,151.65,4548.48553845
2024-04-15 00:00:00+00:00,151.34,151.34,146.67,148.31,2011.68770827
2024-04-15 04:00:00+00:00,148.3,156.3,146.33,154.01,5217.5817373
2024-04-15 08:00:00+00:00,154.02,155.12,151.03,151.07,6357.34474387
2024-04-15 12:00:00+00:00,151.1,152.35,141.51,143.48,17745.53222971
2024-04-15 16:00:00+00:00,143.46,144.68,134.05,138.3,17483.76160388
2024-04-15 20:00:00+00:00,138.27,140.31,135.9,138.71,5350.61456671
2024-04-16 00:00:00+00:00,138.8,140.81,133.9,134.83,3187.53747392
2024-04-16 04:00:00+00:00,134.9,139.07,130.29,138.13,5675.19207503
2024-04-16 08:00:00+00:00,138.19,138.25,130.27,136.51,3421.01459993
2024-04-16 12:00:00+00:00,136.14,136.14,127.78,127.89,7642.18210245
2024-04-16 16:00:00+00:00,127.76,135.49,126.7,132.42,6816.94904178
2024-04-16 20:00:00+00:00,132.26,138.11,131.91,136.25,1429.54730825
2024-04-17 00:00:00+00:00,136.25,138.37,135.09,137.48,556.97713333
2024-04-17 04:00:00+00:00,137.42,142.76,136.93,139.52,4827.37744456
2024-04-17 08:00:00+00:00,139.87,140.27,134.12,134.36,3742.87947631
2024-04-17 12:00:00+00:00,134.43,135.04,127.93,129.0,7088.70614377
2024-04-17 16:00:00+00:00,128.89,138.0,127.25,134.71,4865.21480114
2024-04-17 20:00:00+00:00,135.05,138.1,131.87,132.14,2185.47307453
2024-04-18 00:00:00+00:00,132.12,136.76,129.91,135.83,1787.6422565
2024-04-18 04:00:00+00:00,135.78,136.89,129.34,129.65,1915.95579436
2024-04-18 08:00:00+00:00,129.65,137.07,127.93,136.03,5045.11533275
2024-04-18 12:00:00+00:00,136.2,141.46,132.15,139.01,13799.62822743
2024-04-18 16:00:00+00:00,139.28,141.41,135.69,140.5,9767.78351913
2024-04-18 20:00:00+00:00,140.5,143.84,139.73,142.14,12036.55695754
2024-04-19 00:00:00+00:00,142.15,142.15,128.65,136.46,5588.94500698
2024-04-19 04:00:00+00:00,136.62,146.88,136.38,143.47,7055.45848827
2024-04-19 08:00:00+00:00,143.53,146.02,142.81,144.69,5443.94077142
2024-04-19 12:00:00+00:00,144.59,147.54,141.93,146.54,4310.90543554
2024-04-19 16:00:00+00:00,146.32,147.64,143.9,145.68,1260.54560537
2024-04-19 20:00:00+00:00,145.69,145.89,140.36,142.51,1928.650573
2024-04-20 00:00:00+00:00,142.49,143.75,139.89,142.67,1207.68474987
2024-04-20 04:00:00+00:00,142.4,145.09,141.89,143.64,727.70924129
2024-04-20 08:00:00+00:00,143.61,143.62,140.31,141.71,707.13966812
2024-04-20 12:00:00+00:00,141.77,147.6,141.23,147.36,979.83141469
2024-04-20 16:00:00+00:00,147.47,151.98,146.55,151.41,3814.0098262
2024-04-20 20:00:00+00:00,151.29,152.37,149.31,151.33,1638.51361234
2024-04-21 00:00:00+00:00,151.18,153.61,148.29,151.02,1629.33600407
2024-04-21 04:00:00+00:00,150.71,151.88,150.03,151.38,1265.3804479
2024-04-21 08:00:00+00:00,151.2,152.8,149.75,151.74,2489.94256909
2024-04-21 12:00:00+00:00,151.49,151.87,148.7,150.19,2895.31088555
2024-04-21 16:00:00+00:00,150.29,150.39,146.99,148.15,727.65797032
2024-04-21 20:00:00+00:00,148.14,150.85,147.71,148.89,1356.47563904
2024-04-22 00:00:00+00:00,148.99,151.6,146.83,150.7,2744.68637134
2024-04-22 04:00:00+00:00,150.57,156.83,150.19,153.74,5636.17719918
2024-04-22 08:00:00+00:00,153.84,154.72,152.63,153.43,2521.13838041
2024-04-22 12:00:00+00:00,153.51,155.12,151.74,153.63,4285.68599406
2024-04-22 16:00:00+00:00,153.63,156.2,152.7,154.82,1793.84244665
2024-04-22 20:00:00+00:00,154.62,158.58,154.41,157.12,1180.27358117
2024-04-23 00:00:00+00:00,157.19,159.49,155.65,155.76,2198.77403605
2024-04-23 04:00:00+00:00,155.94,157.0,153.33,153.91,1776.98980161
2024-04-23 08:00:00+00:00,154.06,155.62,153.35,154.28,1637.1612278
2024-04-23 12:00:00+00:00,154.17,159.89,153.89,158.04,2947.15749058
2024-04-23 16:00:00+00:00,158.14,160.07,157.29,157.64,1902.53086568
2024-04-23 20:00:00+00:00,157.72,157.85,154.73,154.73,828.09202165
2024-04-24 00:00:00+00:00,155.02,159.04,154.67,156.9,1702.69113333
2024-04-24 04:00:00+00:00,156.81,159.83,156.54,158.14,1046.12036813
2024-04-24 08:00:00+00:00,158.01,159.37,156.77,159.37,316.43003964
2024-04-24 12:00:00+00:00,159.48,159.71,151.2,151.71,5551.26822173
2024-04-24 16:00:00+00:00,151.65,153.99,147.75,150.0,7310.43647472
2024-04-24 20:00:00+00:00,149.9,150.46,145.85,148.03,1594.5284169
2024-04-25 00:00:00+00:00,147.66,149.5,145.04,146.17,775.49635828
2024-04-25 04:00:00+00:00,146.4,148.57,145.0,146.33,946.58179989
2024-04-25 08:00:00+00:00,146.21,147.64,143.34,145.05,1451.13230865
2024-04-25 12:00:00+00:00,144.89,148.38,142.26,147.88,2730.95551227
2024-04-25 16:00:00+00:00,147.88,149.49,146.81,146.85,1117.7350724
2024-04-25 20:00:00+00:00,146.92,148.94,144.92,144.92,686.20575792
2024-04-26 00:00:00+00:00,145.14,145.2,141.68,143.31,1180.67405976
2024-04-26 04:00:00+00:00,143.23,144.93,142.59,143.65,536.66471817
2024-04-26 08:00:00+00:00,143.61,144.73,142.51,143.2,283.50656872
2024-04-26 12:00:00+00:00,143.4,146.23,141.12,142.84,2745.39831385
2024-04-26 16:00:00+00:00,142.72,144.41,141.84,142.78,1162.91457713
2024-04-26 20:00:00+00:00,142.95,143.85,139.03,139.31,757.51907052
2024-04-27 00:00:00+00:00,139.44,140.24,133.34,136.67,3203.73691908
2024-04-27 04:00:00+00:00,136.56,137.36,135.65,136.34,688.7543269
2024-04-27 08:00:00+00:00,136.42,137.0,135.42,135.97,715.03869354
2024-04-27 12:00:00+00:00,136.07,139.94,136.07,137.76,6802.89489961
2024-04-27 16:00:00+00:00,138.08,142.66,137.78,142.59,15316.96757755
2024-04-27 20:00:00+00:00,142.64,143.35,140.28,141.54,11231.03884846
2024-04-28 00:00:00+00:00,141.64,144.95,141.14,144.03,713.11945665
2024-04-28 04:00:00+00:00,144.1,144.6,143.12,143.88,654.30770719
2024-04-28 08:00:00+00:00,143.73,143.93,141.64,141.94,5754.3506314
2024-04-28 12:00:00+00:00,142.02,143.11,141.82,142.23,837.26647555
2024-04-28 16:00:00+00:00,142.22,144.21,142.21,142.25,891.74125347
2024-04-28 20:00:00+00:00,142.24,142.48,137.32,138.37,3396.70853573
2024-04-29 00:00:00+00:00,138.21,139.14,134.91,135.31,4909.91420866
2024-04-29 04:00:00+00:00,135.11,137.08,134.37,135.3,834.0660906
2024-04-29 08:00:00+00:00,135.32,136.91,133.97,135.09,1040.64237159
2024-04-29 12:00:00+00:00,135.1,137.69,134.41,136.41,705.58752013
2024-04-29 16:00:00+00:00,136.75,136.81,134.0,135.16,7618.01357561
2024-04-29 20:00:00+00:00,135.29,138.94,134.33,137.83,1109.91524286
2024-04-30 00:00:00+00:00,138.04,139.94,135.31,136.75,1448.55073694
2024-04-30 04:00:00+00:00,136.88,136.88,135.0,135.35,1264.86960412
2024-04-30 08:00:00+00:00,135.24,135.71,128.53,129.01,6732.8628828500005
2024-04-30 12:00:00+00:00,128.91,130.44,127.02,128.17,9089.92522776
2024-04-30 16:00:00+00:00,127.77,127.77,121.5,123.24,14809.98688569
2024-04-30 20:00:00+00:00,123.24,128.93,123.24,127.17,11053.830056
2024-05-01 00:00:00+00:00,127.04,127.72,124.15,126.59,10019.8447999
2024-05-01 04:00:00+00:00,126.58,127.04,119.0,120.82,12472.65311838
2024-05-01 08:00:00+00:00,120.52,123.2,119.11,123.2,6589.13703834
2024-05-01 12:00:00+00:00,123.22,125.15,121.16,123.46,11824.053819320001
2024-05-01 16:00:00+00:00,123.34,136.06,122.83,130.03,11152.46701257
2024-05-01 20:00:00+00:00,130.07,135.35,129.06,134.88,11691.1846499
2024-05-02 00:00:00+00:00,134.85,135.2,128.99,130.38,7227.50947889
2024-05-02 04:00:00+00:00,130.35,133.19,128.57,131.75,7906.98311894
2024-05-02 08:00:00+00:00,131.65,139.24,131.4,138.92,8224.21236875
2024-05-02 12:00:00+00:00,138.9,140.59,135.29,139.27,9603.97118665
2024-05-02 16:00:00+00:00,139.29,140.0,137.38,138.24,2678.73340052
2024-05-02 20:00:00+00:00,138.29,141.16,135.91,137.9,5342.52479517
2024-05-03 00:00:00+00:00,137.83,141.94,137.04,141.26,2863.01181782
2024-05-03 04:00:00+00:00,141.23,141.78,136.9,137.03,3994.92869538
2024-05-03 08:00:00+00:00,137.38,139.28,136.12,137.15,8209.74340126
2024-05-03 12:00:00+00:00,137.02,144.17,136.72,142.42,6037.71443088
2024-05-03 16:00:00+00:00,142.77,143.37,141.52,143.07,495.20862108
2024-05-03 20:00:00+00:00,143.06,145.18,142.81,143.99,1370.75739088
2024-05-04 00:00:00+00:00,144.04,145.22,142.52,144.44,891.45734788
2024-05-04 04:00:00+00:00,144.54,146.46,144.1,144.24,2345.15931951
2024-05-04 08:00:00+00:00,144.18,149.25,144.18,146.79,2291.77173806
2024-05-04 12:00:00+00:00,146.88,148.46,145.9,146.34,1392.73960665
2024-05-04 16:00:00+00:00,146.46,147.74,145.53,147.73,460.89865137
2024-05-04 20:00:00+00:00,147.77,148.06,146.04,146.25,410.39503757
2024-05-05 00:00:00+00:00,146.51,147.38,143.52,144.91,3377.07494013
2024-05-05 04:00:00+00:00,144.92,146.3,144.5,146.01,2122.67597248
2024-05-05 08:00:00+00:00,145.81,146.97,145.51,145.84,69.90349251
2024-05-05 12:00:00+00:00,145.94,148.2,145.77,147.74,612.27325918
2024-05-05 16:00:00+00:00,147.84,148.19,146.13,146.41,746.68172479
2024-05-05 20:00:00+00:00,146.42,146.49,145.13,146.09,271.75750123
2024-05-06 00:00:00+00:00,146.24,148.5,145.88,146.51,729.83428375
2024-05-06 04:00:00+00:00,146.41,149.59,146.35,149.02,1461.75340549
2024-05-06 08:00:00+00:00,149.1,157.07,149.1,154.62,4631.65984868
2024-05-06 12:00:00+00:00,154.72,156.48,150.03,154.24,3864.09451679
2024-05-06 16:00:00+00:00,154.11,154.38,151.22,153.66,4059.39745747
2024-05-06 20:00:00+00:00,153.74,155.99,152.88,152.88,3768.25088869
2024-05-07 00:00:00+00:00,153.17,158.24,152.33,154.01,1644.27874091
2024-05-07 04:00:00+00:00,154.24,156.44,153.5,155.44,1005.75163979
2024-05-07 08:00:00+00:00,155.31,159.42,155.11,155.21,2938.07383449
2024-05-07 12:00:00+00:00,155.34,157.27,152.48,155.07,2497.67094812
2024-05-07 16:00:00+00:00,155.14,155.7,151.18,151.27,1453.18424141
2024-05-07 20:00:00+00:00,151.38,152.64,148.16,148.29,923.78392204
2024-05-08 00:00:00+00:00,148.75,150.09,147.5,149.79,579.15824258
2024-05-08 04:00:00+00:00,149.56,150.08,146.17,146.79,1549.78545512
2024-05-08 08:00:00+00:00,146.65,147.35,145.25,145.72,2008.1183442
2024-05-08 12:00:00+00:00,145.99,149.01,144.62,145.96,5195.41028339
2024-05-08 16:00:00+00:00,146.02,149.24,145.0,145.89,621.76751993
2024-05-08 20:00:00+00:00,145.81,146.13,140.34,142.49,6202.41778603
2024-05-09 00:00:00+00:00,142.34,145.0,142.31,144.44,395.36990508
2024-05-09 04:00:00+00:00,144.32,146.01,142.9,143.56,1476.84258434
2024-05-09 08:00:00+00:00,143.56,144.19,140.68,142.97,8963.77018949
2024-05-09 12:00:00+00:00,143.1,148.07,141.95,146.73,2854.98242058
2024-05-09 16:00:00+00:00,146.8,151.19,146.05,151.19,2464.05339345
2024-05-09 20:00:00+00:00,151.2,153.64,149.6,152.89,1620.66465015
2024-05-10 00:00:00+00:00,153.01,154.77,151.63,154.25,1554.40143179
2024-05-10 04:00:00+00:00,154.44,156.0,152.59,154.72,1631.3597729
2024-05-10 08:00:00+00:00,154.64,155.4,153.31,155.38,1419.44639133
2024-05-10 12:00:00+00:00,155.37,155.52,146.12,147.29,11930.89376099
2024-05-10 16:00:00+00:00,147.21,148.89,145.74,147.42,19984.77330865
2024-05-10 20:00:00+00:00,147.25,148.18,144.59,146.03,6528.70941282
2024-05-11 00:00:00+00:00,146.07,147.63,143.34,143.6,5136.42476217
2024-05-11 04:00:00+00:00,143.94,146.48,143.84,145.86,581.1570875
2024-05-11 08:00:00+00:00,145.67,145.73,143.3,144.39,858.92421767
2024-05-11 12:00:00+00:00,144.67,147.18,144.2,145.69,1064.3786489
2024-05-11 16:00:00+00:00,145.91,146.85,145.16,146.72,515.7879393
2024-05-11 20:00:00+00:00,146.71,146.71,145.38,145.51,408.80896102
2024-05-12 00:00:00+00:00,145.93,147.08,145.82,146.9,379.47123484
2024-05-12 04:00:00+00:00,146.68,147.97,144.0,144.45,900.28272096
2024-05-12 08:00:00+00:00,144.55,146.51,144.16,145.36,355.80513877
2024-05-12 12:00:00+00:00,145.32,145.99,144.34,145.32,617.25292844
2024-05-12 16:00:00+00:00,145.43,146.68,144.69,145.14,292.96642863
2024-05-12 20:00:00+00:00,145.04,145.42,142.72,143.92,1149.0621853
2024-05-13 00:00:00+00:00,144.11,146.11,138.83,140.46,2060.78736426
2024-05-13 04:00:00+00:00,140.14,144.2,138.29,143.8,1061.18148152
2024-05-13 08:00:00+00:00,143.89,147.64,143.89,146.04,1866.34294899
2024-05-13 12:00:00+00:00,145.88,148.49,145.15,147.49,2481.0151066
2024-05-13 16:00:00+00:00,147.48,151.05,146.12,148.84,3155.05235431
2024-05-13 20:00:00+00:00,149.1,149.8,147.0,147.69,428.76290582
2024-05-14 00:00:00+00:00,147.32,148.43,145.95,146.46,1840.5919839
2024-05-14 04:00:00+00:00,146.61,149.28,143.93,146.81,1528.27827586
2024-05-14 08:00:00+00:00,146.62,147.65,145.67,147.0,951.11071411
2024-05-14 12:00:00+00:00,146.8,148.53,142.19,143.14,5522.4741437
2024-05-14 16:00:00+00:00,142.99,144.87,142.13,144.16,421.71390027
2024-05-14 20:00:00+00:00,144.0,144.04,142.13,142.29,330.89441856
2024-05-15 00:00:00+00:00,142.41,144.32,141.41,143.98,610.84090165
2024-05-15 04:00:00+00:00,143.98,144.67,143.28,144.38,1338.35753831
2024-05-15 08:00:00+00:00,144.56,146.07,143.29,144.3,1442.70183574
2024-05-15 12:00:00+00:00,144.45,154.19,143.89,151.85,7391.65191536
2024-05-15 16:00:00+00:00,151.78,155.07,151.3,155.05,1721.86074058
2024-05-15 20:00:00+00:00,155.06,159.0,154.59,158.77,1627.45522664
2024-05-16 00:00:00+00:00,158.55,164.04,158.55,163.38,4772.35223751
2024-05-16 04:00:00+00:00,163.23,163.7,161.48,162.96,1587.99131637
2024-05-16 08:00:00+00:00,162.99,164.86,162.0,164.04,5024.81901984
2024-05-16 12:00:00+00:00,163.76,164.22,157.82,160.55,7125.70777802
2024-05-16 16:00:00+00:00,160.39,160.63,156.94,159.34,1380.02512796
2024-05-16 20:00:00+00:00,159.38,159.82,157.77,159.25,3967.1078109
2024-05-17 00:00:00+00:00,159.66,163.03,159.66,162.38,616.25917126
2024-05-17 04:00:00+00:00,162.5,170.0,161.41,169.85,5642.35933829
2024-05-17 08:00:00+00:00,169.52,170.19,167.67,167.67,2106.77562872
2024-05-17 12:00:00+00:00,167.92,171.11,166.16,169.85,3045.23628234
2024-05-17 16:00:00+00:00,169.99,172.33,166.58,169.15,3346.51060519
2024-05-17 20:00:00+00:00,169.07,170.18,167.78,169.7,242.47002626
2024-05-18 00:00:00+00:00,169.4,174.71,169.0,173.53,1751.58578029
2024-05-18 04:00:00+00:00,173.63,174.12,172.52,172.57,241.18300694
2024-05-18 08:00:00+00:00,173.09,176.3,173.03,174.77,2891.5362307
2024-05-18 12:00:00+00:00,174.5,174.77,172.0,172.69,1292.38855037
2024-05-18 16:00:00+00:00,172.51,172.74,170.44,172.62,2322.90755665
2024-05-18 20:00:00+00:00,172.65,173.79,171.95,172.63,513.30235102
2024-05-19 00:00:00+00:00,172.61,175.23,172.26,174.55,1598.48246047
2024-05-19 04:00:00+00:00,174.25,175.56,172.72,174.22,849.75411429
2024-05-19 08:00:00+00:00,174.3,174.63,170.96,171.92,2105.32998714
2024-05-19 12:00:00+00:00,171.92,171.92,166.36,168.6,2538.97246039
2024-05-19 16:00:00+00:00,168.6,171.89,167.6,169.48,1437.46074713
2024-05-19 20:00:00+00:00,169.71,171.77,168.56,170.32,1560.73733683
2024-05-20 00:00:00+00:00,170.49,173.62,167.82,172.42,3000.224612
2024-05-20 04:00:00+00:00,172.25,178.81,171.95,178.3,4227.32753241
2024-05-20 08:00:00+00:00,178.24,179.44,176.71,178.31,6141.96492646
2024-05-20 12:00:00+00:00,177.95,179.66,175.64,179.07,1952.07588292
2024-05-20 16:00:00+00:00,179.5,188.55,178.45,187.12,9606.01057511
2024-05-20 20:00:00+00:00,187.52,187.71,182.4,186.83,5905.81408738
2024-05-21 00:00:00+00:00,186.62,188.91,182.83,184.04,6511.71264974
2024-05-21 04:00:00+00:00,184.18,184.94,180.3,181.3,4948.11360912
2024-05-21 08:00:00+00:00,181.4,183.64,180.45,180.71,3688.52073536
2024-05-21 12:00:00+00:00,180.42,181.18,175.97,176.7,12490.95090199
2024-05-21 16:00:00+00:00,176.88,178.82,174.74,175.33,14095.26906086
2024-05-21 20:00:00+00:00,175.43,179.0,175.42,178.3,12677.561732690001
2024-05-22 00:00:00+00:00,178.33,179.31,176.65,178.07,2014.09886555
2024-05-22 04:00:00+00:00,178.12,182.87,175.18,179.62,11361.83914546
2024-05-22 08:00:00+00:00,179.8,181.28,178.19,178.19,4164.36269654
2024-05-22 12:00:00+00:00,178.26,182.72,176.43,181.38,2996.24658889
2024-05-22 16:00:00+00:00,181.38,183.48,177.52,178.44,6013.79231404
2024-05-22 20:00:00+00:00,178.45,180.86,176.5,177.1,3152.1251257
2024-05-23 00:00:00+00:00,177.27,179.34,175.72,179.0,310.6321747
2024-05-23 04:00:00+00:00,178.78,178.87,176.5,177.58,1635.14265839
2024-05-23 08:00:00+00:00,177.73,177.96,173.5,175.7,3834.2554261699997
2024-05-23 12:00:00+00:00,175.52,176.86,169.09,172.72,6341.2662496
2024-05-23 16:00:00+00:00,172.67,175.27,170.85,170.93,1172.64084844
2024-05-23 20:00:00+00:00,170.85,181.34,166.0,176.29,8099.52530016
2024-05-24 00:00:00+00:00,176.24,176.24,171.8,171.83,1474.48689647
2024-05-24 04:00:00+00:00,171.87,172.04,165.31,166.2,3665.55195814
2024-05-24 08:00:00+00:00,166.43,166.7,162.56,166.45,3013.40920632
2024-05-24 12:00:00+00:00,166.5,169.25,165.33,167.44,6364.529929
2024-05-24 16:00:00+00:00,167.31,170.48,165.0,168.44,3685.06385046
2024-05-24 20:00:00+00:00,168.53,168.84,166.92,167.91,1226.25050469
2024-05-25 00:00:00+00:00,167.81,169.84,166.11,169.7,598.83373901
2024-05-25 04:00:00+00:00,169.74,170.25,168.47,169.26,1300.09180966
2024-05-25 08:00:00+00:00,169.11,170.64,168.6,168.94,2793.17478039
2024-05-25 12:00:00+00:00,168.97,168.97,166.91,168.01,1641.7848827
2024-05-25 16:00:00+00:00,167.91,168.14,166.57,167.54,607.22781371
2024-05-25 20:00:00+00:00,167.41,168.74,166.7,168.69,350.57243779
2024-05-26 00:00:00+00:00,168.51,168.51,165.07,166.24,1512.78688152
2024-05-26 04:00:00+00:00,166.21,167.09,165.0,165.54,1256.01319762
2024-05-26 08:00:00+00:00,165.41,165.64,162.5,164.12,1745.99211305
2024-05-26 12:00:00+00:00,164.01,165.93,162.65,162.72,1417.7509062
2024-05-26 16:00:00+00:00,163.21,163.64,161.28,162.5,2085.69738798
2024-05-26 20:00:00+00:00,162.67,164.26,161.18,163.48,722.12899858
2024-05-27 00:00:00+00:00,163.48,166.58,163.48,165.64,3138.97131342
2024-05-27 04:00:00+00:00,165.76,166.26,163.91,165.39,814.59242425
2024-05-27 08:00:00+00:00,165.57,168.06,165.11,167.97,2039.59460015
2024-05-27 12:00:00+00:00,168.07,171.44,166.82,171.07,2268.11532896
2024-05-27 16:00:00+00:00,171.13,172.24,167.07,168.82,1210.04283079
2024-05-27 20:00:00+00:00,168.87,171.68,168.87,170.24,1160.6902100099999
2024-05-28 00:00:00+00:00,170.24,172.04,166.16,167.51,1380.42069494
2024-05-28 04:00:00+00:00,167.22,167.27,165.14,166.18,787.43497547
2024-05-28 08:00:00+00:00,166.58,170.52,166.58,169.87,1723.2616169
2024-05-28 12:00:00+00:00,169.94,173.41,167.04,168.45,5462.99061822
2024-05-28 16:00:00+00:00,168.44,170.84,166.3,170.67,1798.87212251
2024-05-28 20:00:00+00:00,170.45,170.68,168.61,168.96,215.30212387
2024-05-29 00:00:00+00:00,169.0,172.62,167.63,172.45,647.18889525
2024-05-29 04:00:00+00:00,172.45,174.19,171.03,171.03,1361.19275001
2024-05-29 08:00:00+00:00,170.89,170.89,167.9,168.61,1387.58699202
2024-05-29 12:00:00+00:00,168.44,170.02,167.47,168.64,1912.26145347
2024-05-29 16:00:00+00:00,168.61,171.89,168.0,169.63,672.08242023
2024-05-29 20:00:00+00:00,169.7,170.0,168.1,168.56,1322.99990212
2024-05-30 00:00:00+00:00,168.72,171.0,168.11,170.18,490.31871735
2024-05-30 04:00:00+00:00,170.11,171.11,164.57,165.36,8217.22621615
2024-05-30 08:00:00+00:00,165.0,167.35,163.77,166.49,1238.28622646
2024-05-30 12:00:00+00:00,166.49,169.71,166.28,168.68,3139.07629543
2024-05-30 16:00:00+00:00,168.75,172.76,168.09,168.42,2308.27884693
2024-05-30 20:00:00+00:00,168.49,168.49,166.49,167.15,418.21513367
2024-05-31 00:00:00+00:00,166.98,167.73,165.83,167.39,150.97646893
2024-05-31 04:00:00+00:00,167.66,167.76,165.24,166.86,1286.8263055
2024-05-31 08:00:00+00:00,166.84,168.97,166.44,168.85,1256.04499449
2024-05-31 12:00:00+00:00,168.97,170.92,164.96,164.96,1753.65091159
2024-05-31 16:00:00+00:00,165.3,166.84,164.11,166.33,796.92968719
2024-05-31 20:00:00+00:00,166.37,166.95,165.23,165.72,3101.6066299
2024-06-01 00:00:00+00:00,166.14,167.84,165.76,167.05,271.57927245999997
2024-06-01 04:00:00+00:00,166.99,167.46,166.48,166.9,116.1810195
2024-06-01 08:00:00+00:00,166.98,167.44,166.69,166.94,184.90851012
2024-06-01 12:00:00+00:00,166.97,167.84,166.89,167.5,893.84515285
2024-06-01 16:00:00+00:00,167.36,167.56,166.99,167.56,417.36232156
2024-06-01 20:00:00+00:00,167.55,167.77,165.79,166.14,179.23345422
2024-06-02 00:00:00+00:00,166.15,167.21,165.63,166.14,286.47349404
2024-06-02 04:00:00+00:00,166.16,166.53,165.05,165.2,391.23067716
2024-06-02 08:00:00+00:00,165.11,166.13,164.14,166.05,481.04310688
2024-06-02 12:00:00+00:00,166.18,166.25,164.79,165.22,325.23831162
2024-06-02 16:00:00+00:00,165.31,165.31,161.47,163.31,2034.43656779
2024-06-02 20:00:00+00:00,162.91,163.6,161.93,163.31,1399.97217683
2024-06-03 00:00:00+00:00,163.15,165.21,161.91,163.44,1181.33309112
2024-06-03 04:00:00+00:00,163.57,165.74,163.05,165.31,5195.83524415
2024-06-03 08:00:00+00:00,165.47,166.74,164.6,164.98,398.25902171
2024-06-03 12:00:00+00:00,165.15,167.24,163.12,164.98,3225.9288356
2024-06-03 16:00:00+00:00,164.91,167.0,163.77,167.0,1136.89194166
2024-06-03 20:00:00+00:00,167.04,167.2,164.59,164.85,2181.33720138
2024-06-04 00:00:00+00:00,165.06,166.74,164.56,166.38,198.4859046
2024-06-04 04:00:00+00:00,166.48,166.99,164.99,165.35,514.12511723
2024-06-04 08:00:00+00:00,165.16,165.82,164.63,165.57,492.78767512
2024-06-04 12:00:00+00:00,165.58,167.92,165.42,167.92,1226.28603252
2024-06-04 16:00:00+00:00,168.0,170.45,167.97,169.76,5295.51916193
2024-06-04 20:00:00+00:00,169.48,171.9,168.44,171.89,2894.18134991
2024-06-05 00:00:00+00:00,171.88,174.92,171.25,172.91,2061.66132778
2024-06-05 04:00:00+00:00,173.07,174.38,172.48,173.54,2856.3799056
2024-06-05 08:00:00+00:00,173.59,174.04,172.07,172.94,815.2020532299999
2024-06-05 12:00:00+00:00,172.83,175.07,171.24,174.69,5566.61928858
2024-06-05 16:00:00+00:00,174.84,175.58,172.47,173.05,2064.89975538
2024-06-05 20:00:00+00:00,172.94,173.7,172.78,173.67,188.44954717000002
2024-06-06 00:00:00+00:00,173.38,174.41,173.37,173.97,969.76809015
2024-06-06 04:00:00+00:00,173.67,173.72,171.62,172.67,557.2831674299999
2024-06-06 08:00:00+00:00,172.54,173.32,172.26,173.12,2496.24819047
2024-06-06 12:00:00+00:00,173.21,173.65,172.55,173.05,10295.56481965
2024-06-06 16:00:00+00:00,173.01,173.01,168.85,168.85,650.67736761
2024-06-06 20:00:00+00:00,169.13,170.86,167.75,170.25,1881.86029848
2024-06-07 00:00:00+00:00,170.16,170.71,169.16,170.63,346.59933201
2024-06-07 04:00:00+00:00,170.59,172.46,170.59,172.06,431.551246
2024-06-07 08:00:00+00:00,172.14,172.45,171.11,172.17,1250.0571278099999
2024-06-07 12:00:00+00:00,172.2,172.76,169.39,170.17,987.10348681
2024-06-07 16:00:00+00:00,170.03,170.34,153.0,162.14,31379.10820519
2024-06-07 20:00:00+00:00,161.95,163.36,161.29,162.55,861.04013372
2024-06-08 00:00:00+00:00,162.55,163.15,161.99,162.77,1227.64638368
2024-06-08 04:00:00+00:00,162.61,164.39,161.7,163.67,12301.61795414
2024-06-08 08:00:00+00:00,163.71,163.76,160.35,160.62,2721.8006048400002
2024-06-08 12:00:00+00:00,160.64,161.29,158.43,160.1,3057.17710647
2024-06-08 16:00:00+00:00,160.47,160.98,158.99,159.79,1461.56864426
2024-06-08 20:00:00+00:00,159.83,159.99,157.5,157.87,533.49170895
2024-06-09 00:00:00+00:00,157.89,158.7,156.61,157.77,798.63168339
2024-06-09 04:00:00+00:00,157.92,159.7,157.35,158.96,285.66530032000003
2024-06-09 08:00:00+00:00,159.04,159.84,158.72,159.43,328.44959704
2024-06-09 12:00:00+00:00,159.5,161.87,159.42,161.78,1131.65597123
2024-06-09 16:00:00+00:00,161.59,162.93,160.66,162.14,1232.89696095
2024-06-09 20:00:00+00:00,162.1,162.27,161.28,162.02,167.90992251
2024-06-10 00:00:00+00:00,161.79,161.79,159.71,159.77,406.40262168
2024-06-10 04:00:00+00:00,159.79,160.48,157.6,157.75,145.948391
2024-06-10 08:00:00+00:00,157.9,160.11,157.9,159.51,1114.96794873
2024-06-10 12:00:00+00:00,159.27,163.03,157.75,162.44,862.77955376
2024-06-10 16:00:00+00:00,162.27,162.79,160.06,160.06,485.39380443
2024-06-10 20:00:00+00:00,160.23,160.52,158.38,159.0,790.58443215
2024-06-11 00:00:00+00:00,159.0,159.65,155.0,156.1,4302.80196865
2024-06-11 04:00:00+00:00,155.85,156.07,152.52,153.39,2158.44267438
2024-06-11 08:00:00+00:00,153.34,155.27,152.9,153.8,1661.6376621
2024-06-11 12:00:00+00:00,153.72,154.43,146.2,147.67,4261.92024545
2024-06-11 16:00:00+00:00,147.3,149.7,145.34,149.18,1434.54958277
2024-06-11 20:00:00+00:00,149.03,150.18,148.15,149.38,1315.48220656
2024-06-12 00:00:00+00:00,149.42,149.86,145.65,149.75,3013.96968175
2024-06-12 04:00:00+00:00,149.86,151.81,149.81,151.55,272.18917832
2024-06-12 08:00:00+00:00,151.58,153.46,151.14,151.78,1194.47124526
2024-06-12 12:00:00+00:00,151.74,161.86,151.74,158.72,5534.54404766
2024-06-12 16:00:00+00:00,159.02,159.65,151.38,153.53,5102.85540941
2024-06-12 20:00:00+00:00,153.32,155.62,153.05,155.23,1842.7609431
2024-06-13 00:00:00+00:00,154.88,154.99,149.92,151.64,3121.1502455
2024-06-13 04:00:00+00:00,151.68,152.93,150.88,152.11,585.72129389
2024-06-13 08:00:00+00:00,151.98,152.39,149.04,149.52,1137.04891527
2024-06-13 12:00:00+00:00,149.67,152.04,146.14,147.04,3379.82816193
2024-06-13 16:00:00+00:00,146.83,148.84,146.37,147.74,1095.22705305
2024-06-13 20:00:00+00:00,147.6,148.29,146.08,147.36,2216.19885497
2024-06-14 00:00:00+00:00,147.39,148.42,146.0,147.52,1151.94892335
2024-06-14 04:00:00+00:00,147.84,148.85,146.81,147.77,2319.74712664
2024-06-14 08:00:00+00:00,147.65,148.71,147.17,148.04,1031.23849146
2024-06-14 12:00:00+00:00,148.01,148.97,143.14,143.7,3286.8099182
2024-06-14 16:00:00+00:00,143.92,143.92,139.67,141.84,5192.79509674
2024-06-14 20:00:00+00:00,141.71,145.03,141.46,143.03,1287.48991312
2024-06-15 00:00:00+00:00,143.04,144.87,143.04,144.87,616.03183846
2024-06-15 04:00:00+00:00,144.86,145.47,143.67,143.67,374.45244264
2024-06-15 08:00:00+00:00,143.82,144.55,143.02,144.4,147.22039195
2024-06-15 12:00:00+00:00,144.4,145.34,144.11,145.03,432.73823215
2024-06-15 16:00:00+00:00,145.33,145.67,144.13,144.48,325.127448
2024-06-15 20:00:00+00:00,144.63,145.57,143.89,145.48,123.87841943
2024-06-16 00:00:00+00:00,145.48,145.48,143.9,144.14,50.71335392
2024-06-16 04:00:00+00:00,143.94,145.18,143.08,144.5,274.8264367
2024-06-16 08:00:00+00:00,144.38,145.67,143.94,144.82,223.88767991
2024-06-16 12:00:00+00:00,145.09,148.71,144.78,148.57,936.18258048
2024-06-16 16:00:00+00:00,148.56,149.37,147.72,148.82,595.40658892
2024-06-16 20:00:00+00:00,148.75,151.36,148.49,151.29,882.44342943
2024-06-17 00:00:00+00:00,151.3,151.61,147.2,147.52,507.44036791999997
2024-06-17 04:00:00+00:00,147.08,149.15,145.88,146.69,645.70456782
2024-06-17 08:00:00+00:00,146.55,147.15,141.47,143.92,2058.33528109
2024-06-17 12:00:00+00:00,143.93,144.66,140.92,141.02,2296.14669446
2024-06-17 16:00:00+00:00,140.84,146.8,140.0,144.58,1599.25687515
2024-06-17 20:00:00+00:00,144.54,144.54,141.59,143.53,663.21094415
2024-06-18 00:00:00+00:00,143.38,143.87,128.02,135.75,17900.63290222
2024-06-18 04:00:00+00:00,135.9,137.98,135.0,136.88,2653.4252102
2024-06-18 08:00:00+00:00,136.78,138.95,135.98,137.81,1986.19825673
2024-06-18 12:00:00+00:00,137.46,137.96,133.03,135.84,2198.0564108
2024-06-18 16:00:00+00:00,136.09,136.18,130.7,133.11,2372.65344125
2024-06-18 20:00:00+00:00,133.38,138.47,132.38,137.54,4509.88310717
2024-06-19 00:00:00+00:00,137.05,141.57,136.3,140.4,1762.90132037
2024-06-19 04:00:00+00:00,140.46,142.01,139.86,140.01,1798.33256964
2024-06-19 08:00:00+00:00,140.43,140.43,137.18,138.2,3125.91705419
2024-06-19 12:00:00+00:00,138.13,138.92,135.9,136.99,631.0125895799999
2024-06-19 16:00:00+00:00,136.94,139.09,135.94,137.0,942.8735415799999
2024-06-19 20:00:00+00:00,136.73,136.73,134.71,135.85,725.50889779
2024-06-20 00:00:00+00:00,135.34,137.39,132.88,133.09,772.08025115
2024-06-20 04:00:00+00:00,133.34,138.34,132.78,137.42,1372.36970723
2024-06-20 08:00:00+00:00,137.5,141.47,136.74,139.41,715.82187016
2024-06-20 12:00:00+00:00,139.37,139.98,132.84,133.47,2128.99080098
2024-06-20 16:00:00+00:00,133.39,135.88,132.2,134.3,1226.66651024
2024-06-20 20:00:00+00:00,134.22,135.09,133.65,133.73,290.20986548999997
2024-06-21 00:00:00+00:00,133.89,134.98,132.0,132.94,3896.22907476
2024-06-21 04:00:00+00:00,132.76,133.47,131.0,131.63,967.4494904
2024-06-21 08:00:00+00:00,131.95,132.95,130.0,132.41,1592.22067521
2024-06-21 12:00:00+00:00,132.5,133.77,129.6,131.49,1110.4225366
2024-06-21 16:00:00+00:00,131.29,134.04,129.0,132.91,2262.31137151
2024-06-21 20:00:00+00:00,133.13,135.5,132.25,134.86,1213.81172295
2024-06-22 00:00:00+00:00,134.7,135.43,133.24,135.19,697.83456392
2024-06-22 04:00:00+00:00,135.44,136.77,134.76,134.76,601.21477334
2024-06-22 08:00:00+00:00,134.62,134.83,133.96,134.83,176.30170873
2024-06-22 12:00:00+00:00,134.83,134.92,134.17,134.5,241.20913611
2024-06-22 16:00:00+00:00,134.21,135.06,134.05,134.63,143.1552544
2024-06-22 20:00:00+00:00,134.6,134.77,133.35,133.95,209.89598243
2024-06-23 00:00:00+00:00,133.93,135.24,133.93,134.76,142.2011186
2024-06-23 04:00:00+00:00,135.09,135.12,134.5,134.9,113.09947737
2024-06-23 08:00:00+00:00,134.69,134.95,133.68,134.14,337.97819395
2024-06-23 12:00:00+00:00,134.27,134.45,131.68,131.73,2009.3016823
2024-06-23 16:00:00+00:00,131.74,132.74,130.6,131.69,2001.99993532
2024-06-23 20:00:00+00:00,131.58,131.78,128.45,128.81,12108.77061119
2024-06-24 00:00:00+00:00,128.7,129.87,126.27,126.48,2812.2414728
2024-06-24 04:00:00+00:00,126.53,126.96,123.5,125.33,5532.5698506300005
2024-06-24 08:00:00+00:00,125.44,127.71,122.75,127.23,8494.60329715
2024-06-24 12:00:00+00:00,127.14,129.94,125.66,126.15,6515.25682023
2024-06-24 16:00:00+00:00,126.17,130.3,125.86,127.36,3143.89932999
2024-06-24 20:00:00+00:00,127.56,132.7,125.32,132.4,3661.01889305
2024-06-25 00:00:00+00:00,132.33,136.69,131.5,136.18,3686.26688989
2024-06-25 04:00:00+00:00,136.07,137.0,134.87,135.02,1892.04649224
2024-06-25 08:00:00+00:00,134.78,139.31,133.69,138.21,4496.9244726
2024-06-25 12:00:00+00:00,137.92,139.84,136.73,139.62,1996.32015367
2024-06-25 16:00:00+00:00,139.69,139.69,137.28,139.03,914.72844395
2024-06-25 20:00:00+00:00,139.09,139.09,136.15,136.71,1999.4724876999999
2024-06-26 00:00:00+00:00,136.83,140.48,136.36,138.78,699.26551554
2024-06-26 04:00:00+00:00,138.43,138.43,136.62,138.15,950.40854067
2024-06-26 08:00:00+00:00,138.29,138.29,136.31,137.44,428.80194476
2024-06-26 12:00:00+00:00,137.52,139.64,136.3,136.94,1063.80779405
2024-06-26 16:00:00+00:00,136.9,137.97,134.99,137.8,5001.21611841
2024-06-26 20:00:00+00:00,137.93,138.53,136.5,136.7,351.55044854
2024-06-27 00:00:00+00:00,136.99,138.0,135.83,137.55,139.01696243
2024-06-27 04:00:00+00:00,137.65,137.81,135.42,136.22,411.02421059
2024-06-27 08:00:00+00:00,135.91,139.63,135.78,139.31,1014.16790475
2024-06-27 12:00:00+00:00,139.2,151.44,138.63,148.09,12962.09180499
2024-06-27 16:00:00+00:00,148.1,149.67,146.99,148.61,1046.3665915
2024-06-27 20:00:00+00:00,148.76,150.59,148.36,149.91,1299.73700548
2024-06-28 00:00:00+00:00,149.87,150.97,146.89,147.71,1352.1519121
2024-06-28 04:00:00+00:00,147.76,147.76,144.15,145.59,1664.48636841
2024-06-28 08:00:00+00:00,145.65,146.3,145.09,145.56,1480.20662426
2024-06-28 12:00:00+00:00,145.52,147.08,141.23,143.57,4683.54332623
2024-06-28 16:00:00+00:00,143.45,143.99,140.28,141.01,1212.68508868
2024-06-28 20:00:00+00:00,141.15,141.77,139.33,140.17,343.92854888
2024-06-29 00:00:00+00:00,140.31,142.67,140.31,142.07,1485.48303361
2024-06-29 04:00:00+00:00,141.94,142.67,140.4,142.11,750.55053973
2024-06-29 08:00:00+00:00,142.07,143.41,141.82,142.83,810.07253713
2024-06-29 12:00:00+00:00,143.02,143.16,141.58,142.83,324.4969873
2024-06-29 16:00:00+00:00,142.93,142.93,141.06,141.87,1203.80317948
2024-06-29 20:00:00+00:00,141.91,141.91,139.83,140.31,197.34345857
2024-06-30 00:00:00+00:00,140.42,141.25,138.32,138.5,851.2263504
2024-06-30 04:00:00+00:00,138.36,141.31,137.39,140.71,834.6384984
2024-06-30 08:00:00+00:00,140.87,141.87,140.6,141.25,1772.53682032
2024-06-30 12:00:00+00:00,141.54,144.02,140.89,143.97,873.79711533
2024-06-30 16:00:00+00:00,143.73,146.0,143.05,144.94,808.21428663
2024-06-30 20:00:00+00:00,144.9,147.7,144.19,146.72,2276.09814656
2024-07-01 00:00:00+00:00,146.67,149.1,146.26,147.75,1168.32025124
2024-07-01 04:00:00+00:00,147.53,148.78,147.42,148.27,986.70282792
2024-07-01 08:00:00+00:00,148.64,149.22,146.08,146.1,2335.64570095
2024-07-01 12:00:00+00:00,146.55,148.91,146.35,148.57,2320.99442012
2024-07-01 16:00:00+00:00,148.76,149.4,146.83,147.55,1736.47097265
2024-07-01 20:00:00+00:00,147.45,148.33,146.17,146.79,341.56254115
2024-07-02 00:00:00+00:00,146.79,149.91,146.34,149.32,334.39341566
2024-07-02 04:00:00+00:00,149.3,150.12,147.1,147.6,1540.61977535
2024-07-02 08:00:00+00:00,147.74,150.14,147.07,149.75,381.28933701
2024-07-02 12:00:00+00:00,149.5,151.92,147.58,148.39,1853.13731286
2024-07-02 16:00:00+00:00,148.34,153.7,147.91,152.87,3059.49823092
2024-07-02 20:00:00+00:00,153.06,155.11,152.58,154.15,2015.77490133
2024-07-03 00:00:00+00:00,154.3,154.58,149.4,150.65,856.42064191
2024-07-03 04:00:00+00:00,150.53,150.53,146.63,146.71,1591.82040577
2024-07-03 08:00:00+00:00,146.56,147.33,143.1,144.0,1410.91692263
2024-07-03 12:00:00+00:00,143.82,144.34,141.18,141.88,2192.04366713
2024-07-03 16:00:00+00:00,141.81,143.41,139.34,140.56,1633.77798135
2024-07-03 20:00:00+00:00,140.7,142.11,139.4,141.15,718.5350799
2024-07-04 00:00:00+00:00,141.28,142.81,132.65,137.24,3659.67296205
2024-07-04 04:00:00+00:00,137.19,137.28,134.0,134.65,1215.01789264
2024-07-04 08:00:00+00:00,134.98,135.99,132.52,132.82,2160.78054133
2024-07-04 12:00:00+00:00,132.61,135.89,129.81,135.45,4655.58030831
2024-07-04 16:00:00+00:00,135.31,136.06,133.76,134.21,1437.34208534
2024-07-04 20:00:00+00:00,134.18,135.72,127.51,127.99,13585.2712062
2024-07-05 00:00:00+00:00,128.09,129.29,121.22,123.78,9029.85089214
2024-07-05 04:00:00+00:00,123.83,127.89,121.32,127.01,5021.97946438
2024-07-05 08:00:00+00:00,126.95,130.94,122.31,130.17,6068.57824202
2024-07-05 12:00:00+00:00,130.01,135.1,128.61,135.09,5750.75264371
2024-07-05 16:00:00+00:00,135.06,136.62,133.91,135.1,2225.10882172
2024-07-05 20:00:00+00:00,135.19,135.96,134.24,134.61,1206.48814475
2024-07-06 00:00:00+00:00,134.51,138.0,132.68,134.81,1301.42160243
2024-07-06 04:00:00+00:00,134.74,137.66,133.97,137.45,1096.44547553
2024-07-06 08:00:00+00:00,137.31,140.89,136.81,139.29,2145.12036661
2024-07-06 12:00:00+00:00,139.22,142.3,138.23,142.09,1610.48279203
2024-07-06 16:00:00+00:00,141.84,143.7,141.01,143.27,1369.51506652
2024-07-06 20:00:00+00:00,143.08,144.34,142.37,143.34,2294.1509478
2024-07-07 00:00:00+00:00,143.38,143.38,140.61,142.25,1239.2425321599999
2024-07-07 04:00:00+00:00,142.3,142.3,138.38,139.49,1679.41551369
2024-07-07 08:00:00+00:00,139.61,140.91,139.12,140.34,2107.93670085
2024-07-07 12:00:00+00:00,140.0,141.09,135.84,137.32,5177.04348109
2024-07-07 16:00:00+00:00,137.57,139.87,137.1,137.84,1384.43084986
2024-07-07 20:00:00+00:00,137.52,138.18,131.67,131.94,3863.7545924
2024-07-08 00:00:00+00:00,132.05,133.37,128.27,131.21,3322.33051745
2024-07-08 04:00:00+00:00,131.12,134.42,130.41,132.96,1694.27718763
2024-07-08 08:00:00+00:00,132.81,142.14,132.8,140.93,6579.96225488
2024-07-08 12:00:00+00:00,140.9,142.2,133.97,137.81,5985.03860215
2024-07-08 16:00:00+00:00,138.27,138.78,135.51,138.72,1024.91172181
2024-07-08 20:00:00+00:00,138.75,141.32,137.72,140.19,5482.0254081
2024-07-09 00:00:00+00:00,139.91,141.39,136.84,140.61,1021.88238702
2024-07-09 04:00:00+00:00,140.83,143.71,140.51,142.35,4130.61390187
2024-07-09 08:00:00+00:00,142.48,144.5,140.71,142.42,1370.58088308
2024-07-09 12:00:00+00:00,142.49,143.41,139.0,141.03,878.2388102
2024-07-09 16:00:00+00:00,141.05,143.39,140.51,142.57,524.00931529
2024-07-09 20:00:00+00:00,142.47,143.85,141.27,141.71,977.29078112
2024-07-10 00:00:00+00:00,141.61,142.16,139.08,142.13,463.43345554
2024-07-10 04:00:00+00:00,142.18,146.54,142.18,144.49,2207.13992913
2024-07-10 08:00:00+00:00,144.59,144.69,142.61,143.14,850.55076831
2024-07-10 12:00:00+00:00,143.11,143.39,140.38,141.55,1295.55954332
2024-07-10 16:00:00+00:00,141.55,142.89,140.81,141.63,304.74829705999997
2024-07-10 20:00:00+00:00,141.59,142.78,140.58,142.35,950.63069472
2024-07-11 00:00:00+00:00,142.32,143.5,139.67,140.71,672.27239869
2024-07-11 04:00:00+00:00,140.55,142.82,140.55,142.62,527.33941608
2024-07-11 08:00:00+00:00,142.95,144.22,142.44,143.86,780.07249549
2024-07-11 12:00:00+00:00,143.92,146.27,138.08,138.68,2771.32223394
2024-07-11 16:00:00+00:00,138.76,139.31,136.84,136.93,999.26262678
2024-07-11 20:00:00+00:00,136.83,137.83,136.06,136.07,3706.4765417
2024-07-12 00:00:00+00:00,136.02,138.51,134.35,136.86,1249.25613715
2024-07-12 04:00:00+00:00,136.84,137.29,134.8,135.53,798.93744607
2024-07-12 08:00:00+00:00,135.6,136.23,134.38,135.91,1012.10732182
2024-07-12 12:00:00+00:00,136.0,139.63,135.85,139.28,1489.19773023
2024-07-12 16:00:00+00:00,138.98,140.85,138.13,138.81,1141.66790031
2024-07-12 20:00:00+00:00,138.79,139.88,137.06,139.88,768.8373303
2024-07-13 00:00:00+00:00,139.41,140.24,138.66,139.21,305.44661248
2024-07-13 04:00:00+00:00,139.13,139.84,138.45,139.51,446.33220346
2024-07-13 08:00:00+00:00,139.85,141.31,138.92,140.47,1974.98025579
2024-07-13 12:00:00+00:00,140.54,140.95,139.7,140.81,691.34028105
2024-07-13 16:00:00+00:00,140.66,141.21,139.6,140.25,956.69350066
2024-07-13 20:00:00+00:00,140.36,143.91,139.68,142.28,1119.64085022
2024-07-14 00:00:00+00:00,142.49,145.57,142.49,144.35,1392.45730269
2024-07-14 04:00:00+00:00,144.38,146.39,144.38,145.42,866.90457638
2024-07-14 08:00:00+00:00,145.48,147.36,145.21,145.3,2943.96451836
2024-07-14 12:00:00+00:00,145.12,146.43,143.9,146.43,1018.75761579
2024-07-14 16:00:00+00:00,146.33,146.33,145.11,145.59,444.20900181
2024-07-14 20:00:00+00:00,145.67,148.84,145.53,147.74,1501.31305465
2024-07-15 00:00:00+00:00,148.19,152.48,147.4,152.04,2704.52673961
2024-07-15 04:00:00+00:00,151.91,154.25,151.3,153.63,4757.93488834
2024-07-15 08:00:00+00:00,153.63,154.29,151.31,152.04,1589.57580953
2024-07-15 12:00:00+00:00,152.06,154.39,152.06,153.14,979.14062264
2024-07-15 16:00:00+00:00,153.3,157.32,152.92,155.76,4746.96003131
2024-07-15 20:00:00+00:00,155.66,160.22,155.66,159.73,5120.56235907
2024-07-16 00:00:00+00:00,159.84,160.35,156.6,158.29,2005.39273965
2024-07-16 04:00:00+00:00,158.0,158.94,154.07,154.98,1821.52296762
2024-07-16 08:00:00+00:00,154.99,157.88,153.0,157.55,1141.4154736799999
2024-07-16 12:00:00+00:00,157.79,161.8,155.0,161.33,4463.25149802
2024-07-16 16:00:00+00:00,161.62,162.87,159.38,162.48,2439.18190766
2024-07-16 20:00:00+00:00,162.28,162.28,159.47,160.69,1673.2726424
2024-07-17 00:00:00+00:00,160.84,163.87,160.37,161.23,911.88851585
2024-07-17 04:00:00+00:00,161.3,162.67,160.42,161.27,1109.91747983
2024-07-17 08:00:00+00:00,161.18,163.7,159.92,160.97,1980.46678207
2024-07-17 12:00:00+00:00,160.76,162.21,158.11,158.5,5629.73705253
2024-07-17 16:00:00+00:00,158.1,158.52,155.0,157.05,2589.46441203
2024-07-17 20:00:00+00:00,157.03,157.37,155.18,155.83,397.75349072
2024-07-18 00:00:00+00:00,155.86,160.13,155.86,159.16,1648.73112306
2024-07-18 04:00:00+00:00,159.03,160.07,157.29,158.97,2618.98423983
2024-07-18 08:00:00+00:00,158.81,160.0,158.48,159.56,510.61947584
2024-07-18 12:00:00+00:00,159.77,161.73,156.32,156.64,1205.42289905
2024-07-18 16:00:00+00:00,156.48,157.87,155.55,157.05,834.3361866
2024-07-18 20:00:00+00:00,157.18,160.48,156.63,159.37,618.58847779
2024-07-19 00:00:00+00:00,159.35,162.11,156.41,162.09,1139.39481194
2024-07-19 04:00:00+00:00,162.1,165.8,160.98,161.77,4279.45334275
2024-07-19 08:00:00+00:00,161.93,163.59,159.53,162.79,3678.68609762
2024-07-19 12:00:00+00:00,162.93,169.32,162.53,168.94,6283.85602732
2024-07-19 16:00:00+00:00,169.08,172.64,168.68,170.65,5507.28871902
2024-07-19 20:00:00+00:00,170.74,170.75,168.21,169.39,933.08101998
2024-07-20 00:00:00+00:00,169.59,172.16,168.65,169.9,2844.04442671
2024-07-20 04:00:00+00:00,170.0,170.66,168.9,168.9,862.32682778
2024-07-20 08:00:00+00:00,169.3,170.12,168.01,168.29,1354.09983523
2024-07-20 12:00:00+00:00,168.46,169.91,167.61,169.45,1701.9740760700001
2024-07-20 16:00:00+00:00,169.64,175.0,169.38,172.64,6333.31259071
2024-07-20 20:00:00+00:00,172.97,175.47,172.97,174.01,2964.93922797
2024-07-21 00:00:00+00:00,174.19,175.77,173.08,173.78,202.57896145
2024-07-21 04:00:00+00:00,173.4,174.07,171.22,171.55,2364.32076188
2024-07-21 08:00:00+00:00,171.51,173.23,171.51,173.17,4065.37896814
2024-07-21 12:00:00+00:00,173.2,176.87,171.85,175.79,4828.92158984
2024-07-21 16:00:00+00:00,175.87,178.52,170.84,178.39,6000.4320633199995
2024-07-21 20:00:00+00:00,178.19,185.34,177.95,184.87,5349.25037296
2024-07-22 00:00:00+00:00,184.95,185.06,180.88,181.26,3934.89089177
2024-07-22 04:00:00+00:00,181.28,181.97,177.87,178.66,1038.53328289
2024-07-22 08:00:00+00:00,178.66,181.04,177.06,180.83,1074.34743233
2024-07-22 12:00:00+00:00,180.54,182.08,177.42,180.12,4239.84351564
2024-07-22 16:00:00+00:00,180.11,183.26,179.09,183.07,2120.25338895
2024-07-22 20:00:00+00:00,183.19,183.64,177.72,179.36,1816.07701956
2024-07-23 00:00:00+00:00,179.66,180.89,177.63,179.73,372.13915648
2024-07-23 04:00:00+00:00,179.5,179.5,174.16,176.3,2147.98118891
2024-07-23 08:00:00+00:00,176.21,179.01,174.67,175.91,2369.74759673
2024-07-23 12:00:00+00:00,176.12,178.5,172.49,176.79,4022.13992104
2024-07-23 16:00:00+00:00,176.67,177.18,170.72,172.25,3490.12369183
2024-07-23 20:00:00+00:00,172.39,174.88,171.77,173.02,770.01181111
2024-07-24 00:00:00+00:00,173.45,174.73,171.51,174.0,520.88485599
2024-07-24 04:00:00+00:00,174.0,174.81,172.61,174.48,584.94533513
2024-07-24 08:00:00+00:00,174.63,178.81,172.99,178.2,15170.93957135
2024-07-24 12:00:00+00:00,178.31,182.33,176.67,178.21,3161.11481082
2024-07-24 16:00:00+00:00,178.12,182.8,177.01,178.51,3791.05725484
2024-07-24 20:00:00+00:00,178.82,180.66,176.11,178.14,3569.49878863
2024-07-25 00:00:00+00:00,178.37,179.88,168.68,170.92,2834.77838855
2024-07-25 04:00:00+00:00,170.81,173.14,169.72,169.72,1205.72940202
2024-07-25 08:00:00+00:00,169.56,171.39,167.34,169.17,2682.17579794
2024-07-25 12:00:00+00:00,168.83,172.14,166.0,170.68,2412.57819858
2024-07-25 16:00:00+00:00,170.78,172.71,166.89,168.42,1128.53721296
2024-07-25 20:00:00+00:00,168.39,173.11,165.67,172.47,1821.21088515
2024-07-26 00:00:00+00:00,172.04,177.14,172.04,175.76,1790.27346382
2024-07-26 04:00:00+00:00,176.2,178.02,175.92,177.02,2716.31946585
2024-07-26 08:00:00+00:00,177.6,180.25,177.52,179.3,2623.68057359
2024-07-26 12:00:00+00:00,179.24,184.0,177.98,182.11,6948.43123824
2024-07-26 16:00:00+00:00,181.65,183.33,181.08,182.47,1981.38075714
2024-07-26 20:00:00+00:00,182.66,184.0,181.46,183.25,669.06780208
2024-07-27 00:00:00+00:00,183.5,184.69,181.82,183.11,324.94896846
2024-07-27 04:00:00+00:00,183.09,186.53,183.09,186.38,1271.29137068
2024-07-27 08:00:00+00:00,186.36,187.68,184.79,185.78,729.60659308
2024-07-27 12:00:00+00:00,185.84,188.63,182.13,182.96,5491.16358615
2024-07-27 16:00:00+00:00,182.8,183.49,179.78,181.99,1947.27260588
2024-07-27 20:00:00+00:00,181.55,187.17,178.63,184.2,2665.10932316
2024-07-28 00:00:00+00:00,184.08,187.04,182.93,184.83,825.83438756
2024-07-28 04:00:00+00:00,184.83,185.29,181.71,184.24,1418.31707556
2024-07-28 08:00:00+00:00,183.89,186.34,183.47,185.69,712.11199248
2024-07-28 12:00:00+00:00,185.63,187.05,184.43,184.46,822.60717965
2024-07-28 16:00:00+00:00,184.77,185.87,183.57,185.57,245.20861146
2024-07-28 20:00:00+00:00,185.55,185.81,183.08,185.37,198.34269744
2024-07-29 00:00:00+00:00,184.94,193.62,184.94,192.8,3327.42068066
2024-07-29 04:00:00+00:00,192.97,194.32,191.6,192.42,2836.34898228
2024-07-29 08:00:00+00:00,192.8,192.8,190.9,191.38,4277.41783162
2024-07-29 12:00:00+00:00,191.38,193.45,186.1,187.3,3825.17633982
2024-07-29 16:00:00+00:00,187.04,187.77,184.63,186.88,3560.24391058
2024-07-29 20:00:00+00:00,186.96,187.08,182.08,183.3,1737.58551668
2024-07-30 00:00:00+00:00,183.19,184.09,179.65,182.88,1092.4914867
2024-07-30 04:00:00+00:00,182.89,185.0,181.66,182.76,1223.79179121
2024-07-30 08:00:00+00:00,182.68,183.19,180.53,181.47,671.49981434
2024-07-30 12:00:00+00:00,181.47,183.04,179.15,181.52,4603.80175851
2024-07-30 16:00:00+00:00,181.24,181.72,176.67,178.1,1137.1543823
2024-07-30 20:00:00+00:00,177.88,180.25,175.72,179.49,629.98915388
2024-07-31 00:00:00+00:00,179.36,182.04,178.67,181.63,258.00772618
2024-07-31 04:00:00+00:00,181.26,184.11,178.38,183.93,1308.57735616
2024-07-31 08:00:00+00:00,183.48,184.66,181.79,182.04,3603.46788489
2024-07-31 12:00:00+00:00,182.25,184.56,180.21,180.48,1856.39395669
2024-07-31 16:00:00+00:00,180.39,182.88,175.47,176.56,2857.16295077
2024-07-31 20:00:00+00:00,176.72,177.2,171.92,171.92,1442.90734768
2024-08-01 00:00:00+00:00,171.94,173.08,168.74,169.09,2288.51369109
2024-08-01 04:00:00+00:00,169.12,169.87,166.12,168.28,1572.79890287
2024-08-01 08:00:00+00:00,168.7,170.19,168.46,170.19,1321.67053334
2024-08-01 12:00:00+00:00,170.2,171.72,161.58,163.11,5127.72362411
2024-08-01 16:00:00+00:00,162.95,163.19,158.29,162.87,5074.99986654
2024-08-01 20:00:00+00:00,162.47,168.65,161.58,167.69,2330.04683711
2024-08-02 00:00:00+00:00,167.54,169.48,161.93,164.67,1699.64864713
2024-08-02 04:00:00+00:00,164.5,165.52,159.51,162.2,2549.95390092
2024-08-02 08:00:00+00:00,161.67,165.59,160.85,164.73,2777.85743704
2024-08-02 12:00:00+00:00,164.89,167.66,153.15,157.09,7853.83101949
2024-08-02 16:00:00+00:00,156.57,157.69,150.21,151.41,5553.06573017
2024-08-02 20:00:00+00:00,151.72,155.25,150.28,153.05,3774.93636998
2024-08-03 00:00:00+00:00,152.8,154.11,148.83,153.61,5817.00240446
2024-08-03 04:00:00+00:00,153.51,153.55,151.4,151.91,3344.87368113
2024-08-03 08:00:00+00:00,151.75,152.68,148.64,152.62,2741.75325
2024-08-03 12:00:00+00:00,152.25,153.8,146.43,146.43,3046.10420789
2024-08-03 16:00:00+00:00,146.77,147.86,140.1,140.78,5292.28794016
2024-08-03 20:00:00+00:00,140.98,144.08,140.39,142.66,1559.6756533
2024-08-04 00:00:00+00:00,143.05,146.18,142.16,144.68,732.09459611
2024-08-04 04:00:00+00:00,144.58,144.61,140.9,141.05,1798.11420741
2024-08-04 08:00:00+00:00,141.42,144.69,140.0,143.81,1780.5523774
2024-08-04 12:00:00+00:00,143.73,145.18,135.27,135.37,10976.52363651
2024-08-04 16:00:00+00:00,135.27,143.12,131.62,142.29,15503.19168858
2024-08-04 20:00:00+00:00,142.11,144.04,137.51,138.48,1515.9899396399999
2024-08-05 00:00:00+00:00,138.9,139.53,121.11,126.29,32512.47166888
2024-08-05 04:00:00+00:00,126.22,130.19,109.79,123.22,60315.20858687
2024-08-05 08:00:00+00:00,123.05,124.11,111.0,116.37,13404.9597335
2024-08-05 12:00:00+00:00,116.38,132.8,110.38,130.55,33196.39001877
2024-08-05 16:00:00+00:00,130.52,135.67,127.28,128.91,6483.92327635
2024-08-05 20:00:00+00:00,129.25,135.42,128.73,130.07,2961.77864389
2024-08-06 00:00:00+00:00,129.91,141.46,129.91,138.96,5083.24653836
2024-08-06 04:00:00+00:00,138.93,144.16,137.97,142.3,2721.05734214
2024-08-06 08:00:00+00:00,142.29,142.29,136.73,139.96,2926.02367779
2024-08-06 12:00:00+00:00,139.73,146.74,136.59,146.1,10858.75534053
2024-08-06 16:00:00+00:00,146.73,148.84,145.42,146.69,4077.07666892
2024-08-06 20:00:00+00:00,146.61,149.87,143.73,144.91,4737.01106628
2024-08-07 00:00:00+00:00,144.54,152.33,142.85,151.84,4254.8481685199995
2024-08-07 04:00:00+00:00,151.57,155.2,150.75,152.65,4578.02648333
2024-08-07 08:00:00+00:00,152.61,155.31,151.19,152.32,1614.79818144
2024-08-07 12:00:00+00:00,152.0,154.74,146.54,148.61,3123.07945199
2024-08-07 16:00:00+00:00,148.47,149.63,142.81,143.55,2550.07641747
2024-08-07 20:00:00+00:00,143.33,147.64,142.68,144.96,2576.99403615
2024-08-08 00:00:00+00:00,144.59,156.65,141.65,153.54,6624.54808355
2024-08-08 04:00:00+00:00,153.45,155.73,151.93,153.93,4492.76683189
2024-08-08 08:00:00+00:00,154.11,155.86,153.28,154.59,7579.10478695
2024-08-08 12:00:00+00:00,154.76,160.93,152.93,160.73,14661.79047021
2024-08-08 16:00:00+00:00,160.74,162.92,155.45,156.02,4331.81476203
2024-08-08 20:00:00+00:00,156.08,163.72,155.72,163.31,3631.42777128
2024-08-09 00:00:00+00:00,163.48,163.72,158.61,159.2,3372.87661958
2024-08-09 04:00:00+00:00,159.02,159.24,156.03,158.0,1567.77792785
2024-08-09 08:00:00+00:00,158.13,159.71,155.69,156.87,1410.07444304
2024-08-09 12:00:00+00:00,156.69,157.37,151.34,151.34,1694.11236497
2024-08-09 16:00:00+00:00,151.5,154.48,151.06,153.9,755.60650816
2024-08-09 20:00:00+00:00,153.76,157.54,151.89,156.63,1384.45988441
2024-08-10 00:00:00+00:00,156.24,158.8,153.48,154.27,728.55221654
2024-08-10 04:00:00+00:00,154.11,155.54,152.87,155.54,381.70917249
2024-08-10 08:00:00+00:00,155.69,156.01,153.89,155.05,1672.78849483
2024-08-10 12:00:00+00:00,155.13,155.34,153.09,154.21,1764.69789048
2024-08-10 16:00:00+00:00,154.29,155.5,153.25,154.52,468.85520994
2024-08-10 20:00:00+00:00,154.86,155.38,153.93,154.15,714.89033201
2024-08-11 00:00:00+00:00,154.22,157.26,154.22,156.14,674.30002548
2024-08-11 04:00:00+00:00,155.91,157.06,155.12,157.0,125.28316859
2024-08-11 08:00:00+00:00,156.7,158.02,153.27,153.87,3324.9388989
2024-08-11 12:00:00+00:00,153.67,153.88,148.4,148.93,11111.41665099
2024-08-11 16:00:00+00:00,148.76,149.97,145.81,146.0,4065.64966736
2024-08-11 20:00:00+00:00,145.89,145.89,141.48,141.71,11313.63786523
2024-08-12 00:00:00+00:00,141.64,144.97,141.64,144.22,1255.16076865
2024-08-12 04:00:00+00:00,144.35,146.9,142.61,146.3,806.79035247
2024-08-12 08:00:00+00:00,146.16,150.96,143.8,150.52,16237.14168056
2024-08-12 12:00:00+00:00,150.43,150.55,143.42,147.7,11017.44091885
2024-08-12 16:00:00+00:00,147.83,148.49,143.25,143.92,5997.39607923
2024-08-12 20:00:00+00:00,144.01,147.69,142.17,146.57,3686.89401249
2024-08-13 00:00:00+00:00,146.61,147.51,143.24,143.75,1733.22127748
2024-08-13 04:00:00+00:00,143.9,147.19,143.39,146.25,3114.94734082
2024-08-13 08:00:00+00:00,146.25,146.62,143.58,145.95,943.45155834
2024-08-13 12:00:00+00:00,146.32,147.78,145.0,146.14,8229.5487395
2024-08-13 16:00:00+00:00,146.3,150.03,145.13,146.63,1415.43693987
2024-08-13 20:00:00+00:00,146.89,148.08,145.97,146.76,384.2787362
2024-08-14 00:00:00+00:00,146.69,147.29,143.84,145.45,2146.90695606
2024-08-14 04:00:00+00:00,145.31,145.87,144.44,145.87,443.32555747
2024-08-14 08:00:00+00:00,145.97,149.35,145.17,148.45,2983.51843915
2024-08-14 12:00:00+00:00,148.43,152.29,145.0,146.91,3668.66438235
2024-08-14 16:00:00+00:00,146.73,147.4,144.09,144.63,3893.42531098
2024-08-14 20:00:00+00:00,144.42,144.89,142.96,143.91,12026.0944042
2024-08-15 00:00:00+00:00,144.05,145.51,143.35,144.89,1499.12631514
2024-08-15 04:00:00+00:00,144.73,144.97,141.35,142.44,11272.30392636
2024-08-15 08:00:00+00:00,142.59,143.7,141.57,143.17,699.99330202
2024-08-15 12:00:00+00:00,143.27,146.6,142.37,146.23,6453.75166573
2024-08-15 16:00:00+00:00,146.34,147.64,138.03,140.13,18530.59058517
2024-08-15 20:00:00+00:00,140.1,145.0,138.93,142.74,3078.68890207
2024-08-16 00:00:00+00:00,142.78,144.47,140.97,142.2,5393.99267601
2024-08-16 04:00:00+00:00,142.2,144.96,141.86,144.76,777.56834739
2024-08-16 08:00:00+00:00,144.83,145.0,142.18,142.29,951.96475141
2024-08-16 12:00:00+00:00,142.21,143.28,136.77,138.24,31808.80668141
2024-08-16 16:00:00+00:00,137.78,141.57,136.47,141.28,4204.39218228
2024-08-16 20:00:00+00:00,141.11,142.13,139.39,139.39,873.14516538
2024-08-17 00:00:00+00:00,139.28,140.47,138.01,139.06,3421.41011408
2024-08-17 04:00:00+00:00,139.25,140.0,138.96,139.64,726.9517614600001
2024-08-17 08:00:00+00:00,139.73,140.36,138.39,139.23,500.94978984
2024-08-17 12:00:00+00:00,139.55,141.93,139.21,140.5,1848.84131907
2024-08-17 16:00:00+00:00,140.49,141.83,140.42,141.23,838.75103536
2024-08-17 20:00:00+00:00,141.51,142.16,141.09,142.14,1385.98393786
2024-08-18 00:00:00+00:00,141.8,143.45,141.3,141.48,7043.85556911
2024-08-18 04:00:00+00:00,141.32,142.25,140.81,141.65,127.51156428
2024-08-18 08:00:00+00:00,141.71,147.58,141.54,144.91,11476.99298863
2024-08-18 12:00:00+00:00,144.96,146.92,144.41,146.01,808.08469721
2024-08-18 16:00:00+00:00,146.06,146.84,144.54,146.59,1017.80220649
2024-08-18 20:00:00+00:00,146.8,147.25,142.66,142.66,920.2862676999999
2024-08-19 00:00:00+00:00,142.59,143.66,141.89,143.52,1405.43303168
2024-08-19 04:00:00+00:00,143.4,143.78,142.17,142.68,815.67080005
2024-08-19 08:00:00+00:00,142.56,143.42,140.7,142.65,3478.87423081
2024-08-19 12:00:00+00:00,142.3,144.87,141.93,144.3,2839.85571817
2024-08-19 16:00:00+00:00,144.12,146.35,142.84,143.36,4966.38670274
2024-08-19 20:00:00+00:00,143.09,144.72,142.97,144.61,1375.28418593
2024-08-20 00:00:00+00:00,144.49,148.05,143.85,145.57,748.99706664
2024-08-20 04:00:00+00:00,145.73,149.0,145.73,147.69,4731.47858613
2024-08-20 08:00:00+00:00,147.84,147.96,145.37,145.51,796.63715521
2024-08-20 12:00:00+00:00,145.64,146.63,141.39,142.37,3149.78229432
2024-08-20 16:00:00+00:00,142.34,144.56,142.08,144.3,904.05922775
2024-08-20 20:00:00+00:00,144.36,144.76,142.63,142.63,303.54622639
2024-08-21 00:00:00+00:00,143.12,143.44,142.0,142.68,302.42029573
2024-08-21 04:00:00+00:00,142.82,144.0,142.82,143.29,537.03034445
2024-08-21 08:00:00+00:00,143.36,143.51,141.23,141.77,1176.61686373
2024-08-21 12:00:00+00:00,141.48,142.65,139.19,140.62,5831.62112267
2024-08-21 16:00:00+00:00,140.45,143.78,140.03,143.72,1371.60610809
2024-08-21 20:00:00+00:00,143.81,144.63,142.36,142.9,2121.14403534
2024-08-22 00:00:00+00:00,143.1,143.42,140.92,142.01,729.9590017
2024-08-22 04:00:00+00:00,141.78,143.72,141.78,143.5,1425.35445059
2024-08-22 08:00:00+00:00,143.59,144.85,142.88,144.71,2053.61709564
2024-08-22 12:00:00+00:00,144.76,144.97,142.37,142.91,871.67073111
2024-08-22 16:00:00+00:00,143.05,143.75,142.64,142.93,1046.30593345
2024-08-22 20:00:00+00:00,142.99,143.93,142.94,143.49,705.08784425
2024-08-23 00:00:00+00:00,143.42,145.87,143.42,144.9,3836.62420527
2024-08-23 04:00:00+00:00,144.7,146.1,144.66,145.38,1142.3499347
2024-08-23 08:00:00+00:00,145.4,145.66,143.67,143.78,301.2642532
2024-08-23 12:00:00+00:00,143.96,147.28,143.07,144.56,974.06665533
2024-08-23 16:00:00+00:00,144.45,150.46,144.42,150.02,4977.02288983
2024-08-23 20:00:00+00:00,149.99,154.45,149.99,153.43,2870.70869867
2024-08-24 00:00:00+00:00,153.56,154.85,152.29,153.41,1126.79697978
2024-08-24 04:00:00+00:00,153.78,155.6,153.5,154.81,801.74027982
2024-08-24 08:00:00+00:00,154.79,158.99,154.72,157.6,1963.69115509
2024-08-24 12:00:00+00:00,157.74,159.97,157.33,159.64,1294.73077465
2024-08-24 16:00:00+00:00,159.8,162.48,159.64,160.86,2106.14538295
2024-08-24 20:00:00+00:00,160.83,161.34,157.46,160.85,1035.34288286
2024-08-25 00:00:00+00:00,160.59,161.08,157.68,158.51,772.14868463
2024-08-25 04:00:00+00:00,158.54,159.31,155.52,156.2,1222.87953084
2024-08-25 08:00:00+00:00,156.53,158.16,156.52,157.63,1054.34072169
2024-08-25 12:00:00+00:00,157.49,160.15,157.17,159.6,2384.68920984
2024-08-25 16:00:00+00:00,159.63,160.45,158.88,159.05,559.00273098
2024-08-25 20:00:00+00:00,159.26,162.1,158.82,159.22,725.34022505
2024-08-26 00:00:00+00:00,159.38,160.3,157.91,160.3,889.30334508
2024-08-26 04:00:00+00:00,160.34,161.33,158.6,159.36,3605.15325473
2024-08-26 08:00:00+00:00,159.13,162.21,158.85,160.61,1857.82361792
2024-08-26 12:00:00+00:00,160.67,161.84,156.31,157.9,4239.47675613
2024-08-26 16:00:00+00:00,157.87,159.65,156.0,158.06,2334.71147731
2024-08-26 20:00:00+00:00,158.32,159.52,156.77,157.4,1082.32615633
2024-08-27 00:00:00+00:00,157.5,159.26,157.4,158.92,505.42022468
2024-08-27 04:00:00+00:00,158.95,159.85,157.7,158.12,484.31938039
2024-08-27 08:00:00+00:00,158.14,158.28,153.83,154.58,3491.03306107
2024-08-27 12:00:00+00:00,154.41,156.0,153.07,153.99,2471.56199724
2024-08-27 16:00:00+00:00,153.91,155.9,153.6,154.98,649.11868157
2024-08-27 20:00:00+00:00,155.37,155.42,145.35,147.11,12890.88348659
2024-08-28 00:00:00+00:00,146.84,148.53,145.66,148.44,3190.26631961
2024-08-28 04:00:00+00:00,148.58,149.29,144.27,144.27,10676.37458897
2024-08-28 08:00:00+00:00,144.32,148.26,143.32,147.73,2378.04792799
2024-08-28 12:00:00+00:00,147.47,148.83,143.6,144.42,1093.83616276
2024-08-28 16:00:00+00:00,144.07,145.98,141.11,144.61,7037.94316167
2024-08-28 20:00:00+00:00,144.67,146.51,142.0,144.17,1127.22601162
2024-08-29 00:00:00+00:00,144.39,145.25,143.4,143.65,247.20423571
2024-08-29 04:00:00+00:00,143.99,145.71,143.85,145.25,289.58265156
2024-08-29 08:00:00+00:00,145.47,147.19,144.73,146.26,510.71368402
2024-08-29 12:00:00+00:00,145.93,147.68,145.09,146.45,547.11522744
2024-08-29 16:00:00+00:00,146.42,146.76,138.78,140.44,8048.48203653
2024-08-29 20:00:00+00:00,140.62,141.62,138.47,140.2,2177.23780862
2024-08-30 00:00:00+00:00,140.41,141.35,138.87,139.17,524.21049729
2024-08-30 04:00:00+00:00,139.28,140.24,137.54,139.45,2216.38926175
2024-08-30 08:00:00+00:00,139.45,140.36,138.74,139.04,454.22119972
2024-08-30 12:00:00+00:00,138.92,141.03,132.87,133.42,21184.95321208
2024-08-30 16:00:00+00:00,133.62,138.23,132.5,136.24,7771.77901777
2024-08-30 20:00:00+00:00,136.38,138.76,136.09,138.44,4025.44235102
2024-08-31 00:00:00+00:00,138.44,139.66,137.99,138.91,5086.02052077
2024-08-31 04:00:00+00:00,138.91,139.21,137.84,137.93,1371.97942946
2024-08-31 08:00:00+00:00,137.98,138.22,136.27,137.24,954.66918462
2024-08-31 12:00:00+00:00,137.21,137.68,136.08,136.94,521.01470742
2024-08-31 16:00:00+00:00,137.01,137.06,134.99,135.34,1015.7783487600001
2024-08-31 20:00:00+00:00,135.29,136.68,134.92,135.71,571.69640213
2024-09-01 00:00:00+00:00,135.52,135.98,133.21,134.36,3004.18609963
2024-09-01 04:00:00+00:00,134.24,134.36,131.53,133.07,4483.21275593
2024-09-01 08:00:00+00:00,133.13,133.13,130.77,132.21,3016.96858169
2024-09-01 12:00:00+00:00,132.32,135.2,130.57,134.47,2601.24858855
2024-09-01 16:00:00+00:00,134.96,136.32,132.4,135.6,537.58921834
2024-09-01 20:00:00+00:00,135.73,136.51,128.22,128.97,5214.64625132
2024-09-02 00:00:00+00:00,128.78,131.01,128.68,130.54,1712.82428055
2024-09-02 04:00:00+00:00,130.49,130.63,127.33,128.0,3504.0898713
2024-09-02 08:00:00+00:00,128.25,133.24,127.81,132.21,1204.72466256
2024-09-02 12:00:00+00:00,132.07,133.64,130.39,132.84,977.87481851
2024-09-02 16:00:00+00:00,133.05,134.22,132.09,133.49,341.52737273
2024-09-02 20:00:00+00:00,133.22,135.77,133.22,135.28,689.39786841
2024-09-03 00:00:00+00:00,135.24,138.04,134.62,135.84,806.82972635
2024-09-03 04:00:00+00:00,135.79,135.91,133.92,135.01,2108.81237197
2024-09-03 08:00:00+00:00,134.99,135.0,133.22,134.81,3391.62702168
2024-09-03 12:00:00+00:00,134.86,135.71,129.74,129.99,17205.35343578
2024-09-03 16:00:00+00:00,130.05,132.62,129.74,131.32,725.1871408
2024-09-03 20:00:00+00:00,131.34,131.9,127.55,127.68,1481.26700641
2024-09-04 00:00:00+00:00,127.98,129.28,124.0,128.17,13092.44482895
2024-09-04 04:00:00+00:00,128.04,131.79,127.05,130.79,1145.71810124
2024-09-04 08:00:00+00:00,130.93,131.01,128.53,128.9,2101.68446636
2024-09-04 12:00:00+00:00,128.84,134.34,128.28,134.2,5784.699799
2024-09-04 16:00:00+00:00,134.09,135.46,132.93,133.59,2204.35947307
2024-09-04 20:00:00+00:00,133.62,134.87,133.28,133.62,460.78150835
2024-09-05 00:00:00+00:00,133.94,134.66,131.8,131.97,1359.30495048
2024-09-05 04:00:00+00:00,131.8,134.66,131.3,133.38,2007.16995873
2024-09-05 08:00:00+00:00,133.32,134.06,131.99,133.03,1780.88184779
2024-09-05 12:00:00+00:00,133.17,135.79,130.48,130.88,3364.61356804
2024-09-05 16:00:00+00:00,130.87,131.43,128.33,128.68,1829.18669562
2024-09-05 20:00:00+00:00,128.72,130.11,128.48,129.66,536.14218176
2024-09-06 00:00:00+00:00,129.93,131.75,129.01,131.18,380.08283026
2024-09-06 04:00:00+00:00,131.36,131.43,127.79,128.42,1233.51205492
2024-09-06 08:00:00+00:00,128.56,131.29,128.44,130.53,2249.65973333
2024-09-06 12:00:00+00:00,130.7,134.46,127.27,128.52,6617.04939313
2024-09-06 16:00:00+00:00,128.25,128.51,124.3,125.73,8894.38306329
2024-09-06 20:00:00+00:00,125.42,126.23,120.91,125.43,12369.49721231
2024-09-07 00:00:00+00:00,125.39,126.12,124.48,125.64,2066.89992436
2024-09-07 04:00:00+00:00,125.64,128.74,125.51,128.0,3325.05221317
2024-09-07 08:00:00+00:00,127.94,128.09,127.12,127.47,316.2529931
2024-09-07 12:00:00+00:00,127.55,129.89,127.21,129.26,1206.82283321
2024-09-07 16:00:00+00:00,129.25,129.38,126.64,128.64,508.1811662
2024-09-07 20:00:00+00:00,128.58,128.58,126.77,127.95,607.68750313
2024-09-08 00:00:00+00:00,127.8,128.7,127.17,128.55,116.26248255
2024-09-08 04:00:00+00:00,128.57,130.38,128.23,129.88,313.45940565
2024-09-08 08:00:00+00:00,129.8,131.27,129.56,130.46,1382.54649638
2024-09-08 12:00:00+00:00,130.29,130.29,126.95,126.95,657.86577725
2024-09-08 16:00:00+00:00,127.17,129.48,127.04,128.98,1214.20032964
2024-09-08 20:00:00+00:00,129.18,131.86,128.73,130.4,879.0517134
2024-09-09 00:00:00+00:00,130.54,131.37,128.28,128.96,247.65153991
2024-09-09 04:00:00+00:00,129.12,129.68,127.91,129.68,832.52052645
2024-09-09 08:00:00+00:00,129.81,131.2,129.69,129.69,360.23171365999997
2024-09-09 12:00:00+00:00,129.82,130.46,127.38,128.77,1045.69315616
2024-09-09 16:00:00+00:00,128.99,135.18,128.99,135.05,2730.61987481
2024-09-09 20:00:00+00:00,135.19,137.25,133.98,135.1,2520.8812458
2024-09-10 00:00:00+00:00,135.14,135.14,132.99,132.99,255.62797966
2024-09-10 04:00:00+00:00,133.28,135.43,132.8,135.19,304.90127148
2024-09-10 08:00:00+00:00,135.13,135.52,134.35,135.52,1843.89858557
2024-09-10 12:00:00+00:00,135.56,136.5,134.02,134.42,8980.74425555
2024-09-10 16:00:00+00:00,134.37,138.32,134.07,137.0,8200.33679994
2024-09-10 20:00:00+00:00,136.97,137.04,135.49,135.89,872.11965551
2024-09-11 00:00:00+00:00,135.95,136.13,133.64,133.87,617.25289733
2024-09-11 04:00:00+00:00,133.8,133.8,131.3,132.7,1464.40636495
2024-09-11 08:00:00+00:00,132.62,132.62,130.68,132.08,2239.53241697
2024-09-11 12:00:00+00:00,132.06,133.41,128.62,131.49,1317.16078101
2024-09-11 16:00:00+00:00,131.51,133.95,131.51,133.1,1583.42325524
2024-09-11 20:00:00+00:00,133.07,133.34,132.37,132.69,296.69818926
2024-09-12 00:00:00+00:00,132.79,136.28,132.77,136.04,870.46704255
2024-09-12 04:00:00+00:00,136.14,136.58,134.74,135.15,208.81038804
2024-09-12 08:00:00+00:00,135.25,135.6,134.57,135.27,5974.75358058
2024-09-12 12:00:00+00:00,135.17,136.96,133.7,133.7,8817.94729366
2024-09-12 16:00:00+00:00,133.85,135.99,133.85,135.93,10076.23614812
2024-09-12 20:00:00+00:00,135.91,137.09,135.48,136.48,2058.9634868
2024-09-13 00:00:00+00:00,136.45,136.51,134.69,134.69,308.30675368
2024-09-13 04:00:00+00:00,134.74,135.12,134.02,134.8,176.98447949
2024-09-13 08:00:00+00:00,134.84,134.84,132.81,132.81,1238.36066025
2024-09-13 12:00:00+00:00,132.9,137.04,132.04,136.77,2604.15754613
2024-09-13 16:00:00+00:00,136.91,138.45,136.31,138.24,1379.58450046
2024-09-13 20:00:00+00:00,138.28,140.01,138.26,139.31,1264.27814304
2024-09-14 00:00:00+00:00,139.36,139.92,138.82,139.59,351.0200632
2024-09-14 04:00:00+00:00,139.67,139.77,137.61,137.79,1303.0684918
2024-09-14 08:00:00+00:00,137.73,137.77,136.86,137.04,581.65788228
2024-09-14 12:00:00+00:00,136.92,138.32,136.87,137.79,780.65043008
2024-09-14 16:00:00+00:00,137.69,138.14,136.0,136.88,1827.54278343
2024-09-14 20:00:00+00:00,136.98,137.65,136.98,137.45,181.94180165
2024-09-15 00:00:00+00:00,137.45,138.28,137.42,137.79,545.68881836
2024-09-15 04:00:00+00:00,137.81,137.89,137.05,137.36,496.79259592
2024-09-15 08:00:00+00:00,137.29,137.29,135.63,135.98,186.35903624
2024-09-15 12:00:00+00:00,135.88,136.62,135.0,136.08,774.10526869
2024-09-15 16:00:00+00:00,136.07,136.07,133.28,133.76,2970.19852757
2024-09-15 20:00:00+00:00,133.72,133.78,130.83,131.77,2012.70156796
2024-09-16 00:00:00+00:00,131.73,132.11,129.63,130.92,1391.47981886
2024-09-16 04:00:00+00:00,130.92,131.63,130.74,131.5,601.92989875
2024-09-16 08:00:00+00:00,131.57,132.7,131.01,132.32,355.46489936
2024-09-16 12:00:00+00:00,132.22,132.78,130.35,131.84,1353.65925775
2024-09-16 16:00:00+00:00,131.94,132.06,129.29,131.28,3004.43839123
2024-09-16 20:00:00+00:00,131.29,132.21,130.33,131.76,1209.42506527
2024-09-17 00:00:00+00:00,131.72,132.26,130.4,131.45,1720.66831494
2024-09-17 04:00:00+00:00,131.41,133.05,131.13,132.68,789.78960344
2024-09-17 08:00:00+00:00,132.69,133.66,132.09,132.33,2915.27477713
2024-09-17 12:00:00+00:00,132.37,135.72,131.27,134.87,3375.93351872
2024-09-17 16:00:00+00:00,134.89,135.13,131.39,132.49,1726.65842721
2024-09-17 20:00:00+00:00,132.53,132.94,131.52,131.8,334.21939607999997
2024-09-18 00:00:00+00:00,131.82,132.33,130.41,131.99,832.09351286
2024-09-18 04:00:00+00:00,132.06,132.06,130.92,131.6,561.25690296
2024-09-18 08:00:00+00:00,131.56,131.56,128.44,129.66,1156.0545637
2024-09-18 12:00:00+00:00,129.62,130.55,127.36,127.93,4826.26463848
2024-09-18 16:00:00+00:00,127.89,133.18,127.58,129.74,7269.5179336
2024-09-18 20:00:00+00:00,129.81,134.49,128.79,134.49,1263.67562814
2024-09-19 00:00:00+00:00,134.54,138.87,134.54,138.23,3177.21932322
2024-09-19 04:00:00+00:00,138.27,139.34,137.9,138.9,2460.93887798
2024-09-19 08:00:00+00:00,138.85,139.85,138.55,139.84,1644.9504006
2024-09-19 12:00:00+00:00,139.85,143.27,139.81,143.25,11065.19584341
2024-09-19 16:00:00+00:00,143.3,144.23,142.86,143.35,9985.07633494
2024-09-19 20:00:00+00:00,143.38,143.98,141.34,143.09,1869.12644106
2024-09-20 00:00:00+00:00,143.11,144.82,141.42,144.82,1204.15243127
2024-09-20 04:00:00+00:00,144.72,152.45,144.72,151.24,22214.6687873
2024-09-20 08:00:00+00:00,151.21,151.99,150.37,150.77,852.5915417
2024-09-20 12:00:00+00:00,150.74,151.23,146.22,148.06,8433.91901
2024-09-20 16:00:00+00:00,148.01,148.51,144.98,146.72,2436.86246837
2024-09-20 20:00:00+00:00,146.84,147.98,146.39,146.7,400.22361826
2024-09-21 00:00:00+00:00,146.59,147.95,145.16,146.16,795.51144615
2024-09-21 04:00:00+00:00,146.06,147.82,144.79,147.53,347.46298337999997
2024-09-21 08:00:00+00:00,147.58,148.01,146.7,147.48,765.29746164
2024-09-21 12:00:00+00:00,147.48,149.63,146.98,147.92,2334.00350524
2024-09-21 16:00:00+00:00,147.93,148.94,147.37,147.4,1090.8695501299999
2024-09-21 20:00:00+00:00,147.43,150.0,147.43,149.64,609.00210976
2024-09-22 00:00:00+00:00,149.65,150.0,147.37,148.25,451.36993782
2024-09-22 04:00:00+00:00,148.36,149.23,146.65,147.33,249.36457882
2024-09-22 08:00:00+00:00,147.37,147.72,144.38,145.05,2609.32196095
2024-09-22 12:00:00+00:00,145.05,145.27,142.88,143.45,942.2879845
2024-09-22 16:00:00+00:00,143.35,145.62,142.71,144.84,851.31027477
2024-09-22 20:00:00+00:00,144.78,145.94,141.44,144.88,3016.62553447
2024-09-23 00:00:00+00:00,144.96,149.21,142.43,147.9,4057.86952558
2024-09-23 04:00:00+00:00,147.94,148.48,145.5,145.75,4111.3289487
2024-09-23 08:00:00+00:00,145.77,145.85,143.36,143.83,874.43853646
2024-09-23 12:00:00+00:00,143.87,145.75,142.96,144.47,1740.90380856
2024-09-23 16:00:00+00:00,144.47,145.23,143.14,143.65,3163.1544854
2024-09-23 20:00:00+00:00,143.57,145.44,142.78,145.05,1326.84681383
2024-09-24 00:00:00+00:00,145.15,147.09,143.48,146.9,731.33012388
2024-09-24 04:00:00+00:00,146.95,147.59,145.76,147.49,2135.47705934
2024-09-24 08:00:00+00:00,147.53,149.05,146.33,146.64,1107.06588741
2024-09-24 12:00:00+00:00,146.78,148.74,144.46,145.85,4366.7399578
2024-09-24 16:00:00+00:00,145.83,148.77,145.65,148.64,1361.14513577
2024-09-24 20:00:00+00:00,148.77,154.09,148.38,153.01,9779.36573371
2024-09-25 00:00:00+00:00,153.13,154.0,151.38,152.22,2272.38848321
2024-09-25 04:00:00+00:00,152.26,152.39,149.33,150.02,769.5398594
2024-09-25 08:00:00+00:00,149.99,151.2,149.72,151.2,361.0928413
2024-09-25 12:00:00+00:00,151.23,153.2,150.12,150.8,1028.27201847
2024-09-25 16:00:00+00:00,150.69,152.22,149.25,150.28,1141.88093394
2024-09-25 20:00:00+00:00,150.41,151.13,147.66,148.39,708.68118691
2024-09-26 00:00:00+00:00,148.25,149.81,146.95,149.5,720.91651443
2024-09-26 04:00:00+00:00,149.46,152.16,149.1,152.16,194.31745329
2024-09-26 08:00:00+00:00,152.13,153.45,150.92,153.24,1076.41665531
2024-09-26 12:00:00+00:00,153.27,158.15,151.75,157.34,23251.46392886
2024-09-26 16:00:00+00:00,157.47,158.25,155.57,155.89,782.74274119
2024-09-26 20:00:00+00:00,156.03,156.69,154.38,155.87,1164.51407349
2024-09-27 00:00:00+00:00,155.75,156.64,154.19,155.99,1235.31036229
2024-09-27 04:00:00+00:00,156.08,159.07,156.08,157.82,621.7358139199999
2024-09-27 08:00:00+00:00,157.91,159.44,156.1,156.28,2035.60332623
2024-09-27 12:00:00+00:00,156.52,161.63,155.82,159.4,3729.38308085
2024-09-27 16:00:00+00:00,159.38,159.99,157.43,157.95,735.17023541
2024-09-27 20:00:00+00:00,157.98,158.75,157.8,158.01,454.05112414
2024-09-28 00:00:00+00:00,158.29,159.65,158.16,158.89,236.24434046
2024-09-28 04:00:00+00:00,159.02,159.25,156.55,156.72,1365.96288908
2024-09-28 08:00:00+00:00,156.64,157.85,155.27,157.56,1162.10917975
2024-09-28 12:00:00+00:00,157.26,158.43,156.69,157.38,1222.41755798
2024-09-28 16:00:00+00:00,157.18,157.64,156.83,157.23,524.55428367
2024-09-28 20:00:00+00:00,157.24,157.28,156.13,157.11,145.06330963
2024-09-29 00:00:00+00:00,157.22,158.85,156.61,158.14,208.63271131
2024-09-29 04:00:00+00:00,158.14,158.42,155.49,155.69,357.41786679
2024-09-29 08:00:00+00:00,155.88,157.19,155.52,157.11,1453.50679413
2024-09-29 12:00:00+00:00,157.29,157.9,156.08,157.62,3718.74157218
2024-09-29 16:00:00+00:00,157.58,159.97,157.07,159.73,323.62687968
2024-09-29 20:00:00+00:00,159.81,162.1,158.33,159.0,1602.86231265
2024-09-30 00:00:00+00:00,158.66,159.99,155.73,156.21,2753.16051893
2024-09-30 04:00:00+00:00,156.24,158.02,155.58,157.31,745.20045114
2024-09-30 08:00:00+00:00,157.06,157.06,153.96,155.83,1254.29467343
2024-09-30 12:00:00+00:00,155.85,157.63,154.49,154.49,3933.35790037
2024-09-30 16:00:00+00:00,154.48,155.86,154.34,155.2,1177.26854102
2024-09-30 20:00:00+00:00,155.33,157.16,152.08,152.98,1341.80253893
2024-10-01 00:00:00+00:00,153.05,155.61,151.87,155.61,1148.81177078
2024-10-01 04:00:00+00:00,155.48,157.37,155.23,156.98,2082.5818332
2024-10-01 08:00:00+00:00,157.08,157.57,156.42,156.9,1157.67780989
2024-10-01 12:00:00+00:00,156.74,156.96,146.51,150.01,5507.16995971
2024-10-01 16:00:00+00:00,149.7,150.16,142.87,145.57,4740.17944175
2024-10-01 20:00:00+00:00,145.7,146.68,142.63,145.69,1189.41118797
2024-10-02 00:00:00+00:00,145.3,148.32,143.72,147.51,945.46266495
2024-10-02 04:00:00+00:00,147.53,149.17,146.61,148.21,378.15432359
2024-10-02 08:00:00+00:00,148.11,148.72,145.64,146.57,1202.88699677
2024-10-02 12:00:00+00:00,146.09,147.91,143.13,147.77,753.77709434
2024-10-02 16:00:00+00:00,147.78,148.66,139.0,140.43,3650.19422455
2024-10-02 20:00:00+00:00,140.34,142.02,139.0,140.57,1909.36254003
2024-10-03 00:00:00+00:00,140.45,143.27,139.07,143.24,874.49107399
2024-10-03 04:00:00+00:00,143.0,143.03,140.28,140.28,1916.72696557
2024-10-03 08:00:00+00:00,140.25,140.28,135.55,137.14,4251.47549618
2024-10-03 12:00:00+00:00,137.13,138.72,133.52,135.94,5094.04313985
2024-10-03 16:00:00+00:00,135.8,137.73,134.04,137.47,1575.48615033
2024-10-03 20:00:00+00:00,137.63,138.2,135.68,137.0,338.66908787
2024-10-04 00:00:00+00:00,137.13,138.96,136.2,137.63,2339.11428155
2024-10-04 04:00:00+00:00,137.6,139.97,137.6,139.97,280.57464159
2024-10-04 08:00:00+00:00,139.69,141.25,139.47,140.45,583.69926264
2024-10-04 12:00:00+00:00,140.1,142.88,138.54,142.74,2517.29732152
2024-10-04 16:00:00+00:00,142.81,144.74,142.28,144.34,843.95251597
2024-10-04 20:00:00+00:00,144.18,144.82,142.95,143.48,1056.77911258
2024-10-05 00:00:00+00:00,143.59,144.29,142.01,142.19,1154.31272774
2024-10-05 04:00:00+00:00,142.14,144.73,141.86,144.19,170.05871635
2024-10-05 08:00:00+00:00,144.05,145.11,143.54,143.6,1460.43619236
2024-10-05 12:00:00+00:00,143.66,144.32,142.8,143.26,343.51643995
2024-10-05 16:00:00+00:00,142.91,143.03,142.16,142.3,2069.75026944
2024-10-05 20:00:00+00:00,142.18,143.07,141.21,142.74,524.91974294
2024-10-06 00:00:00+00:00,142.73,143.76,142.14,142.78,836.12346889
2024-10-06 04:00:00+00:00,142.98,143.45,142.19,143.06,757.04299098
2024-10-06 08:00:00+00:00,142.93,144.35,142.81,144.24,551.05727953
2024-10-06 12:00:00+00:00,144.25,146.7,144.18,146.15,975.24466931
2024-10-06 16:00:00+00:00,146.43,146.62,145.09,145.66,187.08956052
2024-10-06 20:00:00+00:00,145.49,146.84,144.51,146.51,1220.03461572
2024-10-07 00:00:00+00:00,146.45,151.0,146.15,150.09,2578.99936195
2024-10-07 04:00:00+00:00,150.19,150.59,148.24,148.4,1074.81746299
2024-10-07 08:00:00+00:00,148.64,149.29,145.88,147.52,1974.28722969
2024-10-07 12:00:00+00:00,147.33,152.34,146.6,148.89,2163.82434007
2024-10-07 16:00:00+00:00,148.99,149.51,145.73,147.23,2695.31816913
2024-10-07 20:00:00+00:00,147.39,147.41,143.7,143.95,1921.64942446
2024-10-08 00:00:00+00:00,144.22,145.63,143.56,144.67,1587.84854429
2024-10-08 04:00:00+00:00,144.99,145.04,142.4,143.13,595.81929547
2024-10-08 08:00:00+00:00,143.14,144.65,142.85,144.6,884.15639828
2024-10-08 12:00:00+00:00,144.25,145.48,141.4,143.12,5522.28167649
2024-10-08 16:00:00+00:00,142.82,144.03,141.97,144.03,1197.54022956
2024-10-08 20:00:00+00:00,143.83,144.82,142.8,143.59,1201.9121716500001
2024-10-09 00:00:00+00:00,143.74,145.46,143.38,144.05,741.55289258
2024-10-09 04:00:00+00:00,143.99,144.29,142.87,143.3,234.85777366
2024-10-09 08:00:00+00:00,143.36,143.51,142.6,143.39,710.88054645
2024-10-09 12:00:00+00:00,143.19,143.19,140.27,142.96,2982.3280884
2024-10-09 16:00:00+00:00,142.76,142.76,139.93,141.1,1116.0345684
2024-10-09 20:00:00+00:00,140.87,141.03,138.79,139.41,498.5029291
2024-10-10 00:00:00+00:00,139.25,140.39,137.82,139.97,1497.33471513
2024-10-10 04:00:00+00:00,139.97,140.87,139.71,139.92,468.71270007
2024-10-10 08:00:00+00:00,139.77,140.49,137.64,140.49,1029.35635694
2024-10-10 12:00:00+00:00,140.61,140.86,136.42,138.67,2407.88648481
2024-10-10 16:00:00+00:00,138.72,139.08,135.59,138.09,2207.78846984
2024-10-10 20:00:00+00:00,138.21,139.03,137.29,139.03,730.16293724
2024-10-11 00:00:00+00:00,139.1,141.47,138.73,140.98,184.65701383
2024-10-11 04:00:00+00:00,141.05,142.06,140.72,141.28,446.31556611
2024-10-11 08:00:00+00:00,141.32,142.73,141.19,142.32,524.72796478
2024-10-11 12:00:00+00:00,142.1,145.53,142.1,144.57,829.38716909
2024-10-11 16:00:00+00:00,144.74,146.56,144.15,145.61,2597.38721767
2024-10-11 20:00:00+00:00,145.69,146.47,145.3,145.46,356.33871268
2024-10-12 00:00:00+00:00,145.77,146.69,144.95,145.22,221.29744824
2024-10-12 04:00:00+00:00,145.36,146.13,145.36,145.72,426.71023019
2024-10-12 08:00:00+00:00,145.77,147.4,145.7,146.56,466.63555666
2024-10-12 12:00:00+00:00,146.51,147.45,146.08,146.36,584.70752314
2024-10-12 16:00:00+00:00,146.44,147.39,146.44,147.09,946.3176897
2024-10-12 20:00:00+00:00,147.15,147.44,146.59,146.67,1359.48079714
2024-10-13 00:00:00+00:00,146.69,147.28,145.47,145.47,731.09597413
2024-10-13 04:00:00+00:00,145.69,147.26,145.69,146.64,442.41668086
2024-10-13 08:00:00+00:00,146.69,148.55,146.68,146.68,754.83821038
2024-10-13 12:00:00+00:00,146.73,148.2,144.85,145.8,494.82229062
2024-10-13 16:00:00+00:00,145.42,146.9,145.06,146.2,1084.93640022
2024-10-13 20:00:00+00:00,146.21,149.07,146.21,148.0,983.39251464
2024-10-14 00:00:00+00:00,148.07,152.8,147.22,152.77,2798.66205636
2024-10-14 04:00:00+00:00,152.95,153.45,151.11,153.1,1761.78094032
2024-10-14 08:00:00+00:00,153.19,154.05,152.23,153.28,1052.16005862
2024-10-14 12:00:00+00:00,153.31,158.32,152.84,157.1,3728.56396888
2024-10-14 16:00:00+00:00,156.95,157.02,154.93,155.89,2109.0212755000002
2024-10-14 20:00:00+00:00,155.81,158.12,155.53,157.73,683.28456782
2024-10-15 00:00:00+00:00,157.85,158.47,155.35,155.35,1403.12584104
2024-10-15 04:00:00+00:00,155.74,156.42,153.97,155.34,1010.33397812
2024-10-15 08:00:00+00:00,155.37,155.62,152.08,152.55,1434.89746167
2024-10-15 12:00:00+00:00,152.71,159.64,150.52,153.19,8450.52931731
2024-10-15 16:00:00+00:00,153.64,156.37,153.29,155.36,1674.99504544
2024-10-15 20:00:00+00:00,155.13,155.14,152.61,154.84,674.38108455
2024-10-16 00:00:00+00:00,154.88,156.21,153.3,154.44,346.9529095
2024-10-16 04:00:00+00:00,154.39,155.14,153.2,153.76,728.69028524
2024-10-16 08:00:00+00:00,153.8,158.37,153.8,156.05,3219.15548897
2024-10-16 12:00:00+00:00,155.89,156.8,153.96,155.55,470.04897147
2024-10-16 16:00:00+00:00,155.77,155.92,154.23,154.61,811.58622739
2024-10-16 20:00:00+00:00,154.41,155.12,153.84,154.33,353.30129883
2024-10-17 00:00:00+00:00,154.71,155.72,153.97,154.74,270.61323126
2024-10-17 04:00:00+00:00,154.62,154.79,151.65,152.66,935.00533164
2024-10-17 08:00:00+00:00,152.63,153.57,151.17,151.48,1257.083378
2024-10-17 12:00:00+00:00,151.29,153.26,150.91,153.0,944.33589232
2024-10-17 16:00:00+00:00,152.77,152.77,147.85,149.57,1164.36884111
2024-10-17 20:00:00+00:00,149.45,150.93,149.45,150.37,506.04352123
2024-10-18 00:00:00+00:00,150.63,153.36,149.79,151.99,649.2556461
2024-10-18 04:00:00+00:00,152.0,154.26,152.0,154.04,1165.34996537
2024-10-18 08:00:00+00:00,154.1,154.35,152.88,153.09,321.47680279
2024-10-18 12:00:00+00:00,153.01,155.06,152.31,154.88,793.93147958
2024-10-18 16:00:00+00:00,154.66,156.58,153.72,154.51,452.12437522
2024-10-18 20:00:00+00:00,154.52,154.98,153.78,154.98,280.75883267
2024-10-19 00:00:00+00:00,154.92,155.92,154.16,154.6,251.07126797
2024-10-19 04:00:00+00:00,154.8,155.11,154.23,154.45,142.48115296
2024-10-19 08:00:00+00:00,154.75,155.06,153.69,153.7,314.45488877
2024-10-19 12:00:00+00:00,153.98,157.38,153.98,156.42,790.0488054
2024-10-19 16:00:00+00:00,156.24,156.84,155.56,156.37,480.29714548
2024-10-19 20:00:00+00:00,156.29,159.81,156.28,159.66,1177.91937143
2024-10-20 00:00:00+00:00,159.76,160.43,158.17,158.96,2418.21859184
2024-10-20 04:00:00+00:00,158.88,160.47,158.62,158.72,727.01962213
2024-10-20 08:00:00+00:00,158.98,159.23,158.44,159.21,877.68089132
2024-10-20 12:00:00+00:00,159.2,161.29,157.74,159.96,940.22240355
2024-10-20 16:00:00+00:00,160.08,161.15,159.45,160.53,917.05283321
2024-10-20 20:00:00+00:00,160.28,167.91,160.13,167.24,12161.20956207
2024-10-21 00:00:00+00:00,167.46,170.0,167.26,169.5,1635.440343
2024-10-21 04:00:00+00:00,169.52,171.56,168.63,168.63,12293.28703282
2024-10-21 08:00:00+00:00,169.16,169.59,165.7,166.42,1542.9251883700001
2024-10-21 12:00:00+00:00,166.59,167.02,161.54,165.4,4276.58293809
2024-10-21 16:00:00+00:00,165.43,168.17,163.26,167.94,1912.31228936
2024-10-21 20:00:00+00:00,167.65,168.21,166.38,166.4,1860.16202077
2024-10-22 00:00:00+00:00,166.23,167.94,163.26,166.56,1000.56110193
2024-10-22 04:00:00+00:00,166.57,168.93,166.32,167.22,543.71593357
2024-10-22 08:00:00+00:00,167.05,169.07,163.8,167.92,1216.01707464
2024-10-22 12:00:00+00:00,167.75,170.89,165.01,167.87,1759.6194368899999
2024-10-22 16:00:00+00:00,167.82,169.04,166.12,168.69,517.94806816
2024-10-22 20:00:00+00:00,168.42,169.21,166.86,167.39,943.07167334
2024-10-23 00:00:00+00:00,167.56,167.94,164.61,165.53,684.08192436
2024-10-23 04:00:00+00:00,165.43,166.3,164.52,165.56,856.75332572
2024-10-23 08:00:00+00:00,165.68,166.82,164.26,165.86,2151.8664319
2024-10-23 12:00:00+00:00,166.26,169.39,165.16,167.77,931.52939227
2024-10-23 16:00:00+00:00,168.19,173.55,164.75,172.91,5506.65945615
2024-10-23 20:00:00+00:00,173.01,174.05,170.06,170.86,1923.48584478
2024-10-24 00:00:00+00:00,170.84,174.96,170.64,174.2,2523.98558815
2024-10-24 04:00:00+00:00,174.17,175.0,172.8,173.57,4793.31941277
2024-10-24 08:00:00+00:00,173.62,174.17,170.89,173.9,1781.86186064
2024-10-24 12:00:00+00:00,174.22,177.0,173.94,175.54,10471.28411772
2024-10-24 16:00:00+00:00,175.6,177.65,174.69,177.31,3183.53296794
2024-10-24 20:00:00+00:00,177.44,179.12,176.54,177.0,1014.1769482
2024-10-25 00:00:00+00:00,177.17,177.21,174.37,174.61,481.50094975
2024-10-25 04:00:00+00:00,174.43,174.43,171.61,171.61,2405.24763515
2024-10-25 08:00:00+00:00,171.85,174.06,170.95,173.8,2918.08131905
2024-10-25 12:00:00+00:00,173.95,177.55,171.28,172.54,2415.33632707
2024-10-25 16:00:00+00:00,172.32,172.89,165.02,168.07,7045.64506168
2024-10-25 20:00:00+00:00,168.01,168.62,159.29,165.05,2969.90138767
2024-10-26 00:00:00+00:00,164.89,165.89,162.56,165.72,977.92238393
2024-10-26 04:00:00+00:00,165.67,169.16,165.47,167.51,1825.48248792
2024-10-26 08:00:00+00:00,167.93,170.3,167.68,168.46,345.19896427
2024-10-26 12:00:00+00:00,168.73,169.4,167.4,168.54,418.39955848
2024-10-26 16:00:00+00:00,168.85,172.24,168.59,171.66,664.2418060800001
2024-10-26 20:00:00+00:00,171.5,173.1,170.64,170.77,1889.3776251
2024-10-27 00:00:00+00:00,170.71,173.16,170.36,172.03,184.30287521
2024-10-27 04:00:00+00:00,172.09,173.51,171.68,173.17,1331.85224112
2024-10-27 08:00:00+00:00,173.34,175.52,173.34,174.18,385.7667937
2024-10-27 12:00:00+00:00,174.45,176.95,174.45,175.74,1183.75157589
2024-10-27 16:00:00+00:00,175.96,177.73,174.65,177.26,1910.04545188
2024-10-27 20:00:00+00:00,177.14,178.28,176.69,176.77,532.39225336
2024-10-28 00:00:00+00:00,176.62,177.06,174.67,175.7,738.9822897
2024-10-28 04:00:00+00:00,175.31,176.65,173.29,175.71,672.86262581
2024-10-28 08:00:00+00:00,175.7,178.56,175.7,176.95,848.41093027
2024-10-28 12:00:00+00:00,177.09,177.91,173.48,173.63,2821.61866772
2024-10-28 16:00:00+00:00,173.48,178.07,172.73,176.42,2301.62953459
2024-10-28 20:00:00+00:00,176.29,179.71,175.89,178.1,2817.84261116
2024-10-29 00:00:00+00:00,178.48,182.17,177.42,181.81,4785.06322566
2024-10-29 04:00:00+00:00,181.86,182.69,179.6,180.16,1457.64020163
2024-10-29 08:00:00+00:00,180.3,181.85,180.16,180.84,715.32193859
2024-10-29 12:00:00+00:00,180.68,180.86,178.54,180.63,3662.01241023
2024-10-29 16:00:00+00:00,181.04,183.2,178.16,178.2,3748.63976847
2024-10-29 20:00:00+00:00,178.15,180.18,176.07,179.38,793.7345263999999
2024-10-30 00:00:00+00:00,179.5,180.84,177.05,180.31,1070.53356622
2024-10-30 04:00:00+00:00,180.05,181.29,178.32,178.32,1395.33337746
2024-10-30 08:00:00+00:00,178.76,179.3,175.46,175.8,901.10037644
2024-10-30 12:00:00+00:00,175.51,177.26,173.34,174.32,2186.47168972
2024-10-30 16:00:00+00:00,173.95,175.72,173.55,174.65,1701.02572248
2024-10-30 20:00:00+00:00,174.43,177.07,173.49,175.13,1883.40223333
2024-10-31 00:00:00+00:00,175.17,176.63,174.57,174.57,999.17393026
2024-10-31 04:00:00+00:00,174.9,175.96,173.46,174.71,941.23217647
2024-10-31 08:00:00+00:00,174.65,176.41,173.47,175.01,759.81955376
2024-10-31 12:00:00+00:00,175.24,175.29,169.39,170.63,2158.77402777
2024-10-31 16:00:00+00:00,170.52,170.63,168.55,168.73,1481.19002414
2024-10-31 20:00:00+00:00,168.66,170.1,167.68,168.8,7745.92980241
2024-11-01 00:00:00+00:00,168.76,169.34,165.54,166.92,1402.47810397
2024-11-01 04:00:00+00:00,167.16,167.6,165.15,166.04,641.75728122
2024-11-01 08:00:00+00:00,166.0,168.67,165.68,168.0,3449.81779403
2024-11-01 12:00:00+00:00,168.35,173.98,163.77,164.03,4503.4371822
2024-11-01 16:00:00+00:00,163.92,167.7,163.89,166.63,2280.11315852
2024-11-01 20:00:00+00:00,166.76,167.06,163.98,166.46,375.95896891
2024-11-02 00:00:00+00:00,166.24,168.66,166.24,167.05,356.13256031000003
2024-11-02 04:00:00+00:00,167.19,167.73,165.84,167.73,242.5376748
2024-11-02 08:00:00+00:00,167.78,167.88,166.07,166.07,489.75171855
2024-11-02 12:00:00+00:00,166.3,166.48,162.11,163.8,1945.24217153
2024-11-02 16:00:00+00:00,163.91,165.31,163.04,165.08,290.26542646
2024-11-02 20:00:00+00:00,165.24,166.92,165.21,165.97,386.78197078
2024-11-03 00:00:00+00:00,166.1,166.43,161.0,162.01,2639.0530507099998
2024-11-03 04:00:00+00:00,162.24,163.99,161.93,163.56,643.93534884
2024-11-03 08:00:00+00:00,163.57,164.87,162.8,163.69,438.16835195
2024-11-03 12:00:00+00:00,163.84,164.54,158.12,160.29,3662.01160582
2024-11-03 16:00:00+00:00,160.03,161.85,158.25,161.21,1102.12767099
2024-11-03 20:00:00+00:00,161.28,163.92,160.67,162.51,572.56709345
2024-11-04 00:00:00+00:00,162.49,165.05,160.68,162.84,265.51340716
2024-11-04 04:00:00+00:00,163.06,163.88,161.56,161.56,653.2872427899999
2024-11-04 08:00:00+00:00,161.78,164.9,160.24,164.15,669.9210888
2024-11-04 12:00:00+00:00,164.07,165.05,161.8,163.22,12491.7940058
2024-11-04 16:00:00+00:00,163.11,163.45,159.25,159.79,5426.01574869
2024-11-04 20:00:00+00:00,159.71,159.99,155.19,158.03,3106.15186219
2024-11-05 00:00:00+00:00,157.95,159.81,157.04,159.81,731.44881835
2024-11-05 04:00:00+00:00,159.59,162.51,159.59,162.23,5289.29064475
2024-11-05 08:00:00+00:00,162.24,163.18,161.18,162.61,921.18475828
2024-11-05 12:00:00+00:00,162.5,168.0,161.98,165.97,3139.83633207
2024-11-05 16:00:00+00:00,166.0,169.42,163.62,164.45,5834.19892559
2024-11-05 20:00:00+00:00,164.2,167.89,163.54,166.93,1822.04066776
2024-11-06 00:00:00+00:00,167.01,184.95,166.72,184.95,19483.38716172
2024-11-06 04:00:00+00:00,184.97,188.29,182.72,183.71,24344.30467412
2024-11-06 08:00:00+00:00,183.84,186.89,180.07,186.89,4170.73617452
2024-11-06 12:00:00+00:00,186.92,188.71,184.3,185.64,5639.7319300399995
2024-11-06 16:00:00+00:00,185.62,188.28,184.95,188.28,3212.29163238
2024-11-06 20:00:00+00:00,188.36,190.0,186.42,186.69,5701.04746597
2024-11-07 00:00:00+00:00,186.53,191.91,185.89,189.03,1861.14832422
2024-11-07 04:00:00+00:00,189.26,190.03,186.06,188.02,1002.9111866
2024-11-07 08:00:00+00:00,188.39,189.29,186.02,186.02,4630.79085932
2024-11-07 12:00:00+00:00,186.59,192.65,186.11,192.64,5971.65765685
2024-11-07 16:00:00+00:00,192.84,197.66,191.16,196.87,5793.47046688
2024-11-07 20:00:00+00:00,196.85,197.65,194.21,196.34,5852.82597264
2024-11-08 00:00:00+00:00,196.47,200.99,195.64,198.08,3758.27897037
2024-11-08 04:00:00+00:00,198.45,200.8,197.46,200.28,7223.03413343
2024-11-08 08:00:00+00:00,200.45,204.79,198.19,203.15,7029.04180413
2024-11-08 12:00:00+00:00,203.37,205.04,198.52,201.18,5180.08142382
2024-11-08 16:00:00+00:00,200.88,202.01,196.31,199.41,4524.09249381
2024-11-08 20:00:00+00:00,199.29,200.03,197.06,199.94,1694.09368222
2024-11-09 00:00:00+00:00,199.95,200.32,197.26,199.0,2062.87868248
2024-11-09 04:00:00+00:00,199.06,202.47,199.06,200.28,2727.10228635
2024-11-09 08:00:00+00:00,200.3,203.48,200.3,202.25,1526.2109973
2024-11-09 12:00:00+00:00,202.52,202.55,197.41,198.43,1548.66550799
2024-11-09 16:00:00+00:00,198.47,199.41,195.05,197.91,1576.3040886
2024-11-09 20:00:00+00:00,197.54,201.92,197.41,200.09,7695.03394058
2024-11-10 00:00:00+00:00,199.86,204.77,198.71,201.68,4204.3949215
2024-11-10 04:00:00+00:00,201.37,208.76,200.89,204.85,11428.84225202
2024-11-10 08:00:00+00:00,205.15,207.2,204.0,207.2,5263.32320212
2024-11-10 12:00:00+00:00,206.9,213.27,203.53,212.24,10385.03709765
2024-11-10 16:00:00+00:00,212.26,215.38,206.19,208.38,13201.22961523
2024-11-10 20:00:00+00:00,208.36,213.94,199.83,210.14,10900.08401137
2024-11-11 00:00:00+00:00,210.63,212.41,208.2,209.92,4624.37382987
2024-11-11 04:00:00+00:00,209.51,209.51,204.22,208.23,3394.08904804
2024-11-11 08:00:00+00:00,208.24,217.7,206.71,217.7,8458.60763695
2024-11-11 12:00:00+00:00,217.76,221.22,214.75,219.14,15353.22595283
2024-11-11 16:00:00+00:00,218.98,221.84,216.42,217.85,7514.62311385
2024-11-11 20:00:00+00:00,217.89,223.87,216.65,221.9,17346.04516355
2024-11-12 00:00:00+00:00,222.01,222.01,215.18,220.78,4587.16265861
2024-11-12 04:00:00+00:00,220.56,221.94,216.44,221.94,7041.47327132
2024-11-12 08:00:00+00:00,221.75,225.0,208.79,211.33,13550.13860077
2024-11-12 12:00:00+00:00,211.26,213.96,205.0,210.24,10710.15582058
2024-11-12 16:00:00+00:00,210.37,215.38,206.8,213.0,3786.38466672
2024-11-12 20:00:00+00:00,212.98,215.41,210.05,211.49,3610.87408156
2024-11-13 00:00:00+00:00,211.67,213.08,203.28,203.3,2843.76337358
2024-11-13 04:00:00+00:00,203.65,207.17,200.9,205.11,3240.01681781
2024-11-13 08:00:00+00:00,204.92,209.15,203.99,207.62,4295.10224813
2024-11-13 12:00:00+00:00,207.76,216.84,206.13,216.53,35370.95036878
2024-11-13 16:00:00+00:00,216.72,220.43,210.29,211.0,13063.5340958
2024-11-13 20:00:00+00:00,210.82,215.5,206.12,215.29,4281.63540218
2024-11-14 00:00:00+00:00,215.41,219.36,212.31,219.36,1673.84595604
2024-11-14 04:00:00+00:00,219.14,220.65,215.24,218.5,3637.95267866
2024-11-14 08:00:00+00:00,217.94,222.69,213.54,216.31,8232.48459709
2024-11-14 12:00:00+00:00,215.77,217.8,209.05,210.82,7045.50735953
2024-11-14 16:00:00+00:00,211.27,217.06,209.77,215.49,9122.582792789999
2024-11-14 20:00:00+00:00,215.55,215.55,206.82,209.47,8017.1085286
2024-11-15 00:00:00+00:00,209.64,212.94,208.17,208.95,2369.10759818
2024-11-15 04:00:00+00:00,208.96,210.75,204.48,209.32,1007.02230724
2024-11-15 08:00:00+00:00,209.54,213.94,207.92,213.64,2255.57807483
2024-11-15 12:00:00+00:00,213.48,215.4,206.84,208.13,12471.31477566
2024-11-15 16:00:00+00:00,208.16,213.6,208.08,212.46,2631.79364243
2024-11-15 20:00:00+00:00,212.42,220.57,212.42,218.38,10173.73332608
2024-11-16 00:00:00+00:00,218.35,221.51,215.98,221.34,1817.87496068
2024-11-16 04:00:00+00:00,221.45,221.85,218.52,219.01,5365.20464157
2024-11-16 08:00:00+00:00,218.92,219.63,216.52,218.58,2013.9897755
2024-11-16 12:00:00+00:00,218.8,221.98,213.6,215.01,28406.63399304
2024-11-16 16:00:00+00:00,214.48,216.98,213.42,216.41,1495.08856
2024-11-16 20:00:00+00:00,216.41,217.2,214.03,215.72,2217.03242379
2024-11-17 00:00:00+00:00,216.18,221.28,212.14,221.23,4293.38843525
2024-11-17 04:00:00+00:00,221.36,239.81,221.36,237.21,37311.67922307
2024-11-17 08:00:00+00:00,237.13,242.01,234.34,234.77,29292.43962263
2024-11-17 12:00:00+00:00,235.1,235.99,229.73,233.88,12208.21077829
2024-11-17 16:00:00+00:00,234.17,235.59,231.56,235.45,4182.30749778
2024-11-17 20:00:00+00:00,235.45,238.19,231.93,237.9,3982.89695775
2024-11-18 00:00:00+00:00,237.34,244.15,234.04,244.15,5933.0304137
2024-11-18 04:00:00+00:00,244.13,245.06,239.67,242.33,4298.73236187
2024-11-18 08:00:00+00:00,241.33,248.49,239.96,242.26,15307.4850485
2024-11-18 12:00:00+00:00,243.23,245.0,238.42,243.5,6570.69549702
2024-11-18 16:00:00+00:00,242.9,243.93,234.55,236.78,9886.3904047
2024-11-18 20:00:00+00:00,236.57,240.93,236.06,239.71,4300.15610482
2024-11-19 00:00:00+00:00,239.82,243.33,237.74,240.7,3504.32047233
2024-11-19 04:00:00+00:00,240.94,244.39,238.66,243.42,4377.238693
2024-11-19 08:00:00+00:00,243.52,247.15,242.34,246.15,6487.51921553
2024-11-19 12:00:00+00:00,246.15,247.49,238.33,240.33,8905.4250162
2024-11-19 16:00:00+00:00,240.67,244.45,240.15,243.05,6941.58058311
2024-11-19 20:00:00+00:00,243.2,243.89,233.36,237.56,15764.46183014
2024-11-20 00:00:00+00:00,237.05,237.7,230.51,233.95,4434.0600077
2024-11-20 04:00:00+00:00,233.26,236.21,231.66,236.11,1642.56369347
2024-11-20 08:00:00+00:00,235.62,238.68,234.85,237.46,3176.99672398
2024-11-20 12:00:00+00:00,237.44,242.31,235.6,238.18,5827.25724511
2024-11-20 16:00:00+00:00,238.02,238.83,231.0,233.07,6897.8041692
2024-11-20 20:00:00+00:00,232.63,237.99,231.84,235.3,2083.22488228
2024-11-21 00:00:00+00:00,235.75,238.41,229.56,235.55,4402.3632543
2024-11-21 04:00:00+00:00,235.88,242.39,235.6,241.24,13429.62693548
2024-11-21 08:00:00+00:00,241.49,243.08,239.69,239.85,9959.79941743
2024-11-21 12:00:00+00:00,239.89,252.52,239.7,248.7,19891.08229765
2024-11-21 16:00:00+00:00,248.95,259.46,247.97,253.26,13624.24461697
2024-11-21 20:00:00+00:00,253.87,257.39,252.71,256.75,7403.45901719
2024-11-22 00:00:00+00:00,256.28,263.98,252.18,262.66,9752.93690488
2024-11-22 04:00:00+00:00,261.87,262.63,257.55,259.13,8182.84244278
2024-11-22 08:00:00+00:00,259.13,260.74,255.93,259.04,4460.45968898
2024-11-22 12:00:00+00:00,258.63,260.13,252.27,256.0,10027.46226475
2024-11-22 16:00:00+00:00,255.24,256.12,250.56,253.39,8768.11689253
2024-11-22 20:00:00+00:00,253.5,257.24,252.58,256.49,7954.82624704
2024-11-23 00:00:00+00:00,256.34,257.26,252.61,256.51,8624.16531674
2024-11-23 04:00:00+00:00,256.66,262.86,256.52,257.5,6683.89467095
2024-11-23 08:00:00+00:00,257.49,258.5,255.15,255.58,4584.03033264
2024-11-23 12:00:00+00:00,255.56,263.33,255.47,259.46,9882.8563667
2024-11-23 16:00:00+00:00,259.46,260.02,254.26,254.36,6337.52960643
2024-11-23 20:00:00+00:00,254.35,255.82,252.69,254.58,4175.3232664
2024-11-24 00:00:00+00:00,254.9,259.19,254.68,258.21,4679.20097575
2024-11-24 04:00:00+00:00,258.31,258.8,253.91,256.23,1874.28384298
2024-11-24 08:00:00+00:00,256.23,256.27,248.04,248.17,11656.19921483
2024-11-24 12:00:00+00:00,248.37,249.87,241.14,243.93,7962.10349049
2024-11-24 16:00:00+00:00,243.96,250.04,243.62,248.56,3176.46907831
2024-11-24 20:00:00+00:00,248.74,254.38,248.74,252.7,4733.55840071
2024-11-25 00:00:00+00:00,251.98,252.91,245.64,252.01,975.52295109
2024-11-25 04:00:00+00:00,252.29,253.76,251.5,253.15,875.41622337
2024-11-25 08:00:00+00:00,253.76,256.09,251.16,252.05,10734.32147098
2024-11-25 12:00:00+00:00,252.19,252.19,235.33,245.17,15151.38080029
2024-11-25 16:00:00+00:00,245.13,246.02,237.29,239.88,8378.75725949
2024-11-25 20:00:00+00:00,239.84,241.17,231.59,234.53,12936.17666728
2024-11-26 00:00:00+00:00,234.21,239.8,233.9,238.28,4851.04896287
2024-11-26 04:00:00+00:00,237.67,239.97,235.14,236.54,1104.1069813
2024-11-26 08:00:00+00:00,235.94,236.62,222.15,227.99,12796.87724644
2024-11-26 12:00:00+00:00,227.74,232.69,226.07,227.62,4752.11734747
2024-11-26 16:00:00+00:00,227.58,232.51,223.73,229.17,6718.11365552
2024-11-26 20:00:00+00:00,229.31,232.33,227.76,231.47,2372.5042416
2024-11-27 00:00:00+00:00,230.8,234.18,228.67,232.02,3178.10214895
2024-11-27 04:00:00+00:00,231.67,235.19,227.95,234.63,1457.73233463
2024-11-27 08:00:00+00:00,234.42,237.43,233.02,235.44,6319.08804578
2024-11-27 12:00:00+00:00,235.27,241.08,232.87,240.91,5994.79619123
2024-11-27 16:00:00+00:00,240.82,241.17,238.1,239.1,2731.35021439
2024-11-27 20:00:00+00:00,239.29,243.37,239.02,242.15,2815.37466277
2024-11-28 00:00:00+00:00,241.95,245.29,238.27,240.34,6352.5554524
2024-11-28 04:00:00+00:00,239.84,241.2,236.91,237.76,1093.93783469
2024-11-28 08:00:00+00:00,238.32,239.12,234.72,237.13,1299.48912745
2024-11-28 12:00:00+00:00,236.91,237.9,233.08,233.2,1162.35264096
2024-11-28 16:00:00+00:00,233.43,237.37,233.43,235.76,1214.97794515
2024-11-28 20:00:00+00:00,235.65,238.51,235.3,237.76,1859.48911104
2024-11-29 00:00:00+00:00,238.0,243.06,236.9,241.8,1075.70951342
2024-11-29 04:00:00+00:00,242.41,242.41,237.96,237.96,860.70633586
2024-11-29 08:00:00+00:00,238.68,245.68,238.57,245.53,1697.61312994
2024-11-29 12:00:00+00:00,245.5,247.0,242.62,243.77,2790.19677427
2024-11-29 16:00:00+00:00,243.99,244.67,240.27,241.5,2014.3590232899999
2024-11-29 20:00:00+00:00,241.54,245.78,241.35,243.67,1705.76552138
2024-11-30 00:00:00+00:00,243.43,243.43,239.37,243.25,2527.40592471
2024-11-30 04:00:00+00:00,243.13,245.26,242.05,244.39,2561.48793841
2024-11-30 08:00:00+00:00,244.55,245.6,240.49,241.49,2343.58546535
2024-11-30 12:00:00+00:00,241.67,243.22,238.96,239.95,5713.70224877
2024-11-30 16:00:00+00:00,240.2,240.57,239.14,240.26,1513.04463198
2024-11-30 20:00:00+00:00,240.13,241.65,237.83,237.88,3687.22852032
2024-12-01 00:00:00+00:00,237.83,240.14,234.68,235.98,3015.87952595
2024-12-01 04:00:00+00:00,235.74,237.16,235.24,235.88,1324.6128295199999
2024-12-01 08:00:00+00:00,236.09,239.05,235.92,237.54,1367.16178697
2024-12-01 12:00:00+00:00,237.4,239.54,236.74,238.61,1091.79531233
2024-12-01 16:00:00+00:00,239.11,239.71,235.3,236.66,2660.41615911
2024-12-01 20:00:00+00:00,236.61,239.39,234.68,236.83,2986.71086504
2024-12-02 00:00:00+00:00,237.12,238.41,228.41,228.84,11400.28232612
2024-12-02 04:00:00+00:00,228.81,231.13,226.21,228.96,5909.25020243
2024-12-02 08:00:00+00:00,228.74,228.89,223.33,225.24,9480.192673990001
2024-12-02 12:00:00+00:00,224.97,229.75,222.04,229.75,9164.49940301
2024-12-02 16:00:00+00:00,229.58,230.14,220.69,224.12,13673.56792127
2024-12-02 20:00:00+00:00,224.12,226.05,221.43,226.05,5927.73292421
2024-12-03 00:00:00+00:00,225.88,229.5,223.52,228.22,3769.19090101
2024-12-03 04:00:00+00:00,228.17,231.11,225.51,227.49,5463.96741908
2024-12-03 08:00:00+00:00,227.29,228.63,223.39,225.75,6334.80224101
2024-12-03 12:00:00+00:00,225.67,226.5,215.57,223.33,15815.84459089
2024-12-03 16:00:00+00:00,223.5,228.77,220.64,228.77,6570.47003948
2024-12-03 20:00:00+00:00,228.05,239.65,228.05,234.45,35143.53402363
2024-12-04 00:00:00+00:00,234.27,240.78,234.27,237.95,4942.61111051
2024-12-04 04:00:00+00:00,237.95,241.0,236.38,236.98,3576.75528581
2024-12-04 08:00:00+00:00,237.24,238.02,235.43,236.36,4675.30859728
2024-12-04 12:00:00+00:00,236.35,236.35,230.36,233.71,4592.20094482
2024-12-04 16:00:00+00:00,233.94,234.17,225.09,233.15,10460.95022244
2024-12-04 20:00:00+00:00,232.97,236.49,226.08,229.27,3577.46072709
2024-12-05 00:00:00+00:00,229.5,238.52,223.38,233.01,13564.01223226
2024-12-05 04:00:00+00:00,233.06,238.15,231.56,234.06,3097.66876791
2024-12-05 08:00:00+00:00,234.44,242.49,233.92,241.97,10412.76669983
2024-12-05 12:00:00+00:00,241.89,244.87,236.32,239.34,7601.20212937
2024-12-05 16:00:00+00:00,239.58,242.92,232.46,233.49,6431.04399396
2024-12-05 20:00:00+00:00,232.9,240.44,224.45,235.88,26995.39805319
2024-12-06 00:00:00+00:00,235.61,246.46,234.35,241.77,10294.2093328
2024-12-06 04:00:00+00:00,242.04,242.75,237.79,239.35,981.36853084
2024-12-06 08:00:00+00:00,239.36,240.35,233.95,234.45,2434.27189976
2024-12-06 12:00:00+00:00,234.07,240.02,231.19,238.18,4557.53307567
2024-12-06 16:00:00+00:00,238.42,240.67,237.48,240.0,2447.84425189
2024-12-06 20:00:00+00:00,239.71,240.73,235.42,236.91,4163.80087919
2024-12-07 00:00:00+00:00,236.97,237.44,234.4,235.31,1960.96492907
2024-12-07 04:00:00+00:00,234.65,236.8,234.65,236.51,607.0669211000001
2024-12-07 08:00:00+00:00,236.64,239.54,235.33,238.81,1581.50386893
2024-12-07 12:00:00+00:00,238.41,243.34,237.75,241.09,1295.22790233
2024-12-07 16:00:00+00:00,241.43,242.8,239.27,241.98,2750.32932056
2024-12-07 20:00:00+00:00,241.92,243.71,238.27,238.37,2222.28915155
2024-12-08 00:00:00+00:00,238.24,241.65,237.8,241.22,312.14081774
2024-12-08 04:00:00+00:00,240.68,241.22,236.9,237.82,1229.96159051
2024-12-08 08:00:00+00:00,238.01,238.01,233.52,236.13,4945.34278438
2024-12-08 12:00:00+00:00,235.91,237.88,234.93,237.65,577.8040418100001
2024-12-08 16:00:00+00:00,237.86,237.89,234.33,236.87,954.4926840100001
2024-12-08 20:00:00+00:00,236.47,237.88,234.99,237.35,366.5362556
2024-12-09 00:00:00+00:00,237.17,237.2,230.56,232.04,4747.46781419
2024-12-09 04:00:00+00:00,231.93,233.0,228.69,232.02,3104.19173153
2024-12-09 08:00:00+00:00,231.96,232.08,225.69,226.29,4871.80837239
2024-12-09 12:00:00+00:00,226.26,231.73,223.34,224.5,7535.37862272
2024-12-09 16:00:00+00:00,224.36,226.27,222.0,222.02,10894.43388742
2024-12-09 20:00:00+00:00,222.38,225.89,201.65,216.89,26684.1928149
2024-12-10 00:00:00+00:00,216.76,221.2,207.35,215.89,9256.4460505
2024-12-10 04:00:00+00:00,215.61,218.69,212.34,217.57,3690.62448122
2024-12-10 08:00:00+00:00,217.52,218.75,215.41,216.57,3298.70678534
2024-12-10 12:00:00+00:00,216.58,218.88,206.57,206.79,12248.62612962
2024-12-10 16:00:00+00:00,206.73,212.91,203.6,212.45,9899.41232603
2024-12-10 20:00:00+00:00,212.34,216.58,211.62,214.06,2296.25061247
2024-12-11 00:00:00+00:00,213.85,219.59,211.72,219.59,3257.33278192
2024-12-11 04:00:00+00:00,219.62,220.55,217.24,218.81,4370.25308688
2024-12-11 08:00:00+00:00,218.94,225.43,218.59,225.24,6932.16426178
2024-12-11 12:00:00+00:00,225.47,230.34,224.35,228.61,8939.47509217
2024-12-11 16:00:00+00:00,228.72,230.52,227.36,229.64,3192.45154783
2024-12-11 20:00:00+00:00,230.02,230.52,226.71,227.33,817.12720873
2024-12-12 00:00:00+00:00,226.84,231.84,225.89,229.75,5857.17212943
2024-12-12 04:00:00+00:00,230.32,232.77,228.95,229.98,6529.97649616
2024-12-12 08:00:00+00:00,230.0,233.42,228.38,229.12,11464.58194994
2024-12-12 12:00:00+00:00,229.62,233.08,228.7,231.11,1762.64896143
2024-12-12 16:00:00+00:00,231.34,234.6,226.39,226.99,3393.82031812
2024-12-12 20:00:00+00:00,227.49,229.73,225.71,227.03,1968.32582344
2024-12-13 00:00:00+00:00,227.16,228.4,224.31,227.69,1745.08267471
2024-12-13 04:00:00+00:00,227.46,227.46,223.32,224.87,1327.92025683
2024-12-13 08:00:00+00:00,224.85,227.0,224.15,225.83,262.5715038
2024-12-13 12:00:00+00:00,226.03,226.62,220.77,221.45,5993.97131413
2024-12-13 16:00:00+00:00,221.05,223.65,220.65,223.15,2218.9224693
2024-12-13 20:00:00+00:00,223.29,224.83,222.95,224.82,1396.08099808
2024-12-14 00:00:00+00:00,224.42,226.9,223.62,226.0,784.62725751
2024-12-14 04:00:00+00:00,226.04,227.27,225.12,225.87,1075.04221977
2024-12-14 08:00:00+00:00,225.99,226.52,224.15,224.15,271.50832875
2024-12-14 12:00:00+00:00,224.42,224.42,220.41,222.38,1774.51243303
2024-12-14 16:00:00+00:00,222.36,222.36,216.74,217.99,3446.26172752
2024-12-14 20:00:00+00:00,217.94,220.66,215.13,219.64,811.6686475
2024-12-15 00:00:00+00:00,219.61,221.56,218.93,219.44,1864.61430817
2024-12-15 04:00:00+00:00,219.28,221.72,215.63,217.26,1695.4736456800001
2024-12-15 08:00:00+00:00,217.32,220.0,216.56,218.32,921.93109294
2024-12-15 12:00:00+00:00,218.43,221.27,217.46,220.86,2640.68064081
2024-12-15 16:00:00+00:00,220.86,222.43,220.48,221.32,1085.63019178
2024-12-15 20:00:00+00:00,221.11,225.11,216.22,224.36,3671.87145855
2024-12-16 00:00:00+00:00,224.43,227.17,220.36,221.14,2874.19075464
2024-12-16 04:00:00+00:00,221.0,223.67,220.54,222.44,790.27594953
2024-12-16 08:00:00+00:00,222.99,223.1,213.5,214.26,5250.77654091
2024-12-16 12:00:00+00:00,213.72,217.68,213.07,216.63,6089.71284395
2024-12-16 16:00:00+00:00,216.67,221.42,216.67,218.22,4741.28128511
2024-12-16 20:00:00+00:00,217.9,218.74,215.7,216.08,1278.32545399
2024-12-17 00:00:00+00:00,215.98,216.28,211.37,215.29,5769.35387574
2024-12-17 04:00:00+00:00,215.29,216.19,212.91,215.4,1460.84608654
2024-12-17 08:00:00+00:00,215.46,223.51,215.46,221.49,6645.27147423
2024-12-17 12:00:00+00:00,221.68,227.23,216.8,220.3,3398.48842142
2024-12-17 16:00:00+00:00,220.16,228.6,219.81,227.17,4076.80204419
2024-12-17 20:00:00+00:00,227.77,228.23,221.61,222.54,2481.91623845
2024-12-18 00:00:00+00:00,223.14,225.7,217.0,217.4,1805.83689945
2024-12-18 04:00:00+00:00,217.18,218.42,213.61,215.81,7491.52266196
2024-12-18 08:00:00+00:00,215.75,218.73,215.28,217.68,1904.9881601700001
2024-12-18 12:00:00+00:00,217.93,218.54,214.7,217.54,2700.20142801
2024-12-18 16:00:00+00:00,217.0,217.97,211.58,211.71,5636.40998999
2024-12-18 20:00:00+00:00,211.87,212.59,204.8,206.99,29312.81185743
2024-12-19 00:00:00+00:00,206.55,209.29,200.04,209.0,8918.69902095
2024-12-19 04:00:00+00:00,208.74,212.31,207.33,212.28,1951.6167973
2024-12-19 08:00:00+00:00,211.64,211.73,208.14,210.6,4323.02226391
2024-12-19 12:00:00+00:00,210.63,211.04,202.84,205.58,13657.595945519999
2024-12-19 16:00:00+00:00,205.29,206.86,187.07,191.52,31227.63667837
2024-12-19 20:00:00+00:00,191.84,198.07,187.62,194.04,11004.62813462
2024-12-20 00:00:00+00:00,194.54,199.56,191.81,196.39,6623.78029691
2024-12-20 04:00:00+00:00,196.23,197.29,188.14,191.26,6605.38340591
2024-12-20 08:00:00+00:00,191.23,191.39,175.63,176.51,30863.19416547
2024-12-20 12:00:00+00:00,176.15,191.44,176.09,189.83,11009.38922787
2024-12-20 16:00:00+00:00,189.78,193.25,188.48,191.62,4249.28417362
2024-12-20 20:00:00+00:00,191.36,194.57,188.22,194.57,2332.75296369
2024-12-21 00:00:00+00:00,194.56,196.73,193.16,194.26,2272.6531689500002
2024-12-21 04:00:00+00:00,194.46,201.9,194.46,198.98,9846.494723400001
2024-12-21 08:00:00+00:00,198.7,198.7,192.31,193.0,8687.77000149
2024-12-21 12:00:00+00:00,192.87,192.87,183.47,186.78,12851.47445091
2024-12-21 16:00:00+00:00,186.5,187.55,178.42,181.46,11191.70100055
2024-12-21 20:00:00+00:00,181.58,183.55,178.69,181.16,3825.47740991
2024-12-22 00:00:00+00:00,181.52,183.93,179.96,182.7,2362.04442866
2024-12-22 04:00:00+00:00,182.59,184.78,177.84,184.46,5999.07607431
2024-12-22 08:00:00+00:00,184.46,187.03,184.05,187.03,1225.39916518
2024-12-22 12:00:00+00:00,187.07,187.84,179.22,182.07,4488.47105494
2024-12-22 16:00:00+00:00,181.62,184.04,178.03,178.27,3432.90363464
2024-12-22 20:00:00+00:00,178.8,182.38,177.25,180.47,1142.12456712
2024-12-23 00:00:00+00:00,180.02,187.32,176.65,186.31,6865.70950724
2024-12-23 04:00:00+00:00,186.3,187.74,180.22,182.14,4972.33283633
2024-12-23 08:00:00+00:00,182.1,186.58,182.04,183.62,5270.75271966
2024-12-23 12:00:00+00:00,183.62,185.84,181.0,181.0,3425.21742894
2024-12-23 16:00:00+00:00,181.49,189.7,181.23,187.51,4916.42988858
2024-12-23 20:00:00+00:00,187.95,193.62,187.01,190.25,5956.32750585
2024-12-24 00:00:00+00:00,190.17,190.32,186.26,190.0,438.51427888
2024-12-24 04:00:00+00:00,189.53,191.96,189.31,191.48,734.08838722
2024-12-24 08:00:00+00:00,191.58,194.0,190.74,193.14,1125.15508816
2024-12-24 12:00:00+00:00,193.21,199.16,191.51,198.02,5314.13809161
2024-12-24 16:00:00+00:00,197.87,198.84,195.46,195.66,9735.67694168
2024-12-24 20:00:00+00:00,195.72,198.09,193.65,197.11,3970.49099638
2024-12-25 00:00:00+00:00,196.92,201.84,196.57,200.06,9704.94529691
2024-12-25 04:00:00+00:00,199.66,200.66,197.91,198.16,936.7263208
2024-12-25 08:00:00+00:00,198.3,200.55,195.12,195.65,3367.84370271
2024-12-25 12:00:00+00:00,196.34,199.38,195.71,198.29,984.01142993
2024-12-25 16:00:00+00:00,198.77,199.41,196.38,199.14,1264.9727121600001
2024-12-25 20:00:00+00:00,199.71,200.34,195.67,197.54,1240.5391938
2024-12-26 00:00:00+00:00,197.87,199.72,195.69,196.64,1147.61235744
2024-12-26 04:00:00+00:00,195.62,195.87,193.38,194.01,2782.54547528
2024-12-26 08:00:00+00:00,193.68,193.68,188.62,189.96,5429.67058631
2024-12-26 12:00:00+00:00,189.96,190.25,188.0,188.91,1508.42581087
2024-12-26 16:00:00+00:00,188.81,190.95,187.66,189.43,2850.6432111
2024-12-26 20:00:00+00:00,189.5,190.19,186.85,188.65,5194.62870406
2024-12-27 00:00:00+00:00,189.1,190.42,188.0,189.51,446.93440195
2024-12-27 04:00:00+00:00,190.34,191.25,185.91,187.1,407.98910001
2024-12-27 08:00:00+00:00,188.13,194.55,188.06,191.17,948.73540968
2024-12-27 12:00:00+00:00,191.37,191.42,183.57,184.4,2212.21695758
2024-12-27 16:00:00+00:00,184.5,187.52,183.09,187.27,693.99079026
2024-12-27 20:00:00+00:00,186.92,186.92,183.54,184.46,970.02359415
2024-12-28 00:00:00+00:00,184.62,186.15,184.25,185.24,318.38109553
2024-12-28 04:00:00+00:00,185.13,186.36,184.53,185.34,380.28494091
2024-12-28 08:00:00+00:00,185.74,187.66,185.37,187.66,342.69179915
2024-12-28 12:00:00+00:00,187.58,191.51,186.82,190.21,946.82945334
2024-12-28 16:00:00+00:00,190.64,195.56,190.24,194.07,791.05552359
2024-12-28 20:00:00+00:00,194.38,196.41,193.07,195.75,2011.4944189
2024-12-29 00:00:00+00:00,195.94,196.04,192.92,195.13,1921.87703952
2024-12-29 04:00:00+00:00,194.93,197.6,194.42,196.37,633.88005865
2024-12-29 08:00:00+00:00,196.17,197.36,195.38,196.51,423.58913629
2024-12-29 12:00:00+00:00,196.94,197.79,193.5,195.66,1441.6198507
2024-12-29 16:00:00+00:00,195.44,195.44,192.4,193.15,657.91232576
2024-12-29 20:00:00+00:00,192.51,192.77,188.89,190.39,1094.30310461
2024-12-30 00:00:00+00:00,190.25,194.65,189.61,191.35,3522.67665774
2024-12-30 04:00:00+00:00,191.52,193.63,189.77,192.31,953.35333741
2024-12-30 08:00:00+00:00,192.33,193.96,191.75,193.49,1074.37852171
2024-12-30 12:00:00+00:00,193.48,194.66,186.26,187.72,2435.77009921
2024-12-30 16:00:00+00:00,187.48,196.41,186.17,196.34,3072.11533239
2024-12-30 20:00:00+00:00,196.58,196.63,189.6,191.66,1505.5890697
2024-12-31 00:00:00+00:00,191.63,192.47,188.76,190.2,994.2140677
2024-12-31 04:00:00+00:00,190.24,190.93,188.43,190.37,673.07130269
2024-12-31 08:00:00+00:00,190.98,195.12,190.8,194.01,1428.06338737
2024-12-31 12:00:00+00:00,194.36,198.94,193.18,198.94,3472.11171402
2024-12-31 16:00:00+00:00,198.26,199.48,193.64,193.71,5370.52116487
2024-12-31 20:00:00+00:00,194.06,195.0,189.67,189.75,5879.38559548
2025-01-01 00:00:00+00:00,190.0,192.78,190.0,190.71,3618.72244576
2025-01-01 04:00:00+00:00,190.53,190.78,189.65,190.4,2103.6068438
2025-01-01 08:00:00+00:00,190.39,192.13,188.56,191.62,2948.0403601900002
2025-01-01 12:00:00+00:00,192.04,192.38,189.8,192.13,4571.1761724
2025-01-01 16:00:00+00:00,192.52,194.19,189.66,193.38,1673.63062977
2025-01-01 20:00:00+00:00,193.61,195.65,193.5,194.43,691.64460154
2025-01-02 00:00:00+00:00,194.87,199.87,193.59,198.84,6672.39049798
2025-01-02 04:00:00+00:00,199.27,207.07,198.98,206.32,11553.72903237
2025-01-02 08:00:00+00:00,206.48,209.02,206.23,208.78,2874.50722427
2025-01-02 12:00:00+00:00,208.86,210.43,205.77,206.95,5464.71535446
2025-01-02 16:00:00+00:00,206.97,209.19,204.85,206.57,3664.8976961500002
2025-01-02 20:00:00+00:00,206.83,208.36,205.46,207.91,457.42033919
2025-01-03 00:00:00+00:00,208.56,208.56,205.73,208.18,639.20337771
2025-01-03 04:00:00+00:00,207.87,210.02,207.27,208.24,2091.02410846
2025-01-03 08:00:00+00:00,207.79,215.16,207.79,214.84,7815.18732086
2025-01-03 12:00:00+00:00,214.68,219.01,212.47,217.77,6932.73475562
2025-01-03 16:00:00+00:00,217.75,219.86,216.65,217.1,2632.75904218
2025-01-03 20:00:00+00:00,216.67,217.92,215.98,217.92,1522.65182149
2025-01-04 00:00:00+00:00,217.78,218.12,215.82,216.96,1395.9442514
2025-01-04 04:00:00+00:00,216.92,217.84,215.81,216.81,277.82914078
2025-01-04 08:00:00+00:00,216.4,216.77,214.63,216.77,2139.26293777
2025-01-04 12:00:00+00:00,216.55,217.68,213.84,214.52,1003.4592581
2025-01-04 16:00:00+00:00,214.43,215.79,213.87,215.33,547.86116112
2025-01-04 20:00:00+00:00,215.66,217.26,215.58,216.77,2821.2456026
2025-01-05 00:00:00+00:00,216.64,218.9,215.5,217.77,2069.74854167
2025-01-05 04:00:00+00:00,218.24,219.0,216.25,216.85,911.66842522
2025-01-05 08:00:00+00:00,216.43,216.51,213.03,214.14,913.76113841
2025-01-05 12:00:00+00:00,213.72,214.64,211.82,213.71,1785.17581882
2025-01-05 16:00:00+00:00,213.63,214.42,211.53,212.79,2507.68359897
2025-01-05 20:00:00+00:00,213.02,214.63,212.82,213.61,705.62429927
2025-01-06 00:00:00+00:00,213.8,217.0,211.74,215.66,1509.64553369
2025-01-06 04:00:00+00:00,216.03,216.76,214.16,215.45,3367.3061613
2025-01-06 08:00:00+00:00,215.75,216.37,213.61,216.37,441.34698985
2025-01-06 12:00:00+00:00,216.49,222.04,216.0,221.52,3421.54574441
2025-01-06 16:00:00+00:00,221.58,223.22,217.61,220.54,2939.44346968
2025-01-06 20:00:00+00:00,220.24,220.65,217.69,218.5,781.90840673
2025-01-07 00:00:00+00:00,218.2,219.19,216.43,217.3,2077.27809755
2025-01-07 04:00:00+00:00,217.04,217.04,215.68,216.14,259.48550916
2025-01-07 08:00:00+00:00,216.12,216.79,213.12,214.09,3412.5524093
2025-01-07 12:00:00+00:00,214.18,214.33,205.57,208.04,10225.15931314
2025-01-07 16:00:00+00:00,207.62,209.3,203.8,204.62,5309.95088312
2025-01-07 20:00:00+00:00,204.55,204.76,201.91,202.22,2264.07739496
2025-01-08 00:00:00+00:00,202.77,203.32,197.12,198.81,4618.05943446
2025-01-08 04:00:00+00:00,199.1,199.76,193.61,195.93,3721.56999598
2025-01-08 08:00:00+00:00,196.31,198.03,194.83,195.61,3220.60675727
2025-01-08 12:00:00+00:00,195.37,199.6,195.35,197.94,5035.27832458
2025-01-08 16:00:00+00:00,198.23,198.23,189.0,194.65,13432.00948147
2025-01-08 20:00:00+00:00,194.81,198.33,194.04,197.84,2929.18124253
2025-01-09 00:00:00+00:00,197.9,199.3,194.48,194.7,3404.73768864
2025-01-09 04:00:00+00:00,194.53,195.81,190.37,190.49,2162.78515252
2025-01-09 08:00:00+00:00,190.65,193.13,189.47,191.6,4572.63298174
2025-01-09 12:00:00+00:00,191.1,193.27,185.72,192.9,5803.02310061
2025-01-09 16:00:00+00:00,192.36,192.97,186.1,186.24,5451.28947875
2025-01-09 20:00:00+00:00,186.66,187.88,182.46,185.45,3250.41315868
2025-01-10 00:00:00+00:00,185.93,189.86,185.63,189.59,3179.19208588
2025-01-10 04:00:00+00:00,189.63,193.39,189.0,192.36,5561.01259001
2025-01-10 08:00:00+00:00,192.5,193.09,191.59,192.27,1216.64841142
2025-01-10 12:00:00+00:00,192.09,192.09,184.0,187.45,6675.14863723
2025-01-10 16:00:00+00:00,187.39,192.36,184.26,190.44,7212.68104734
2025-01-10 20:00:00+00:00,190.42,190.7,187.03,187.71,3542.81807057
2025-01-11 00:00:00+00:00,188.0,188.99,185.79,186.58,1795.40438453
2025-01-11 04:00:00+00:00,186.72,187.39,185.34,186.15,1972.24817746
2025-01-11 08:00:00+00:00,186.62,186.95,184.44,186.72,3481.27762873
2025-01-11 12:00:00+00:00,187.01,188.56,186.23,187.25,998.71495999
2025-01-11 16:00:00+00:00,187.42,188.21,185.96,187.97,2589.14178602
2025-01-11 20:00:00+00:00,187.94,192.01,187.74,188.39,2824.2892116900002
2025-01-12 00:00:00+00:00,188.15,188.86,186.89,187.52,405.95528454
2025-01-12 04:00:00+00:00,187.51,187.57,185.86,186.9,1749.84545066
2025-01-12 08:00:00+00:00,186.78,187.2,185.43,186.93,3760.88069781
2025-01-12 12:00:00+00:00,186.66,190.99,186.66,190.94,2318.6799228200002
2025-01-12 16:00:00+00:00,190.4,190.85,188.86,189.06,574.17408465
2025-01-12 20:00:00+00:00,189.26,190.06,186.75,188.66,2150.81659055
2025-01-13 00:00:00+00:00,188.55,192.0,184.55,185.2,4859.62717847
2025-01-13 04:00:00+00:00,185.18,187.12,181.78,182.5,9224.48854869
2025-01-13 08:00:00+00:00,182.37,182.41,175.51,175.66,9078.48713663
2025-01-13 12:00:00+00:00,175.72,180.63,169.25,179.16,18362.39940016
2025-01-13 16:00:00+00:00,179.1,179.96,174.85,177.96,1185.39081681
2025-01-13 20:00:00+00:00,177.96,184.09,177.07,183.02,5158.23407224
2025-01-14 00:00:00+00:00,183.04,184.91,182.11,184.51,6755.85371857
2025-01-14 04:00:00+00:00,184.62,187.15,184.59,185.85,3315.76306147
2025-01-14 08:00:00+00:00,185.87,190.32,185.87,187.28,2970.40909856
2025-01-14 12:00:00+00:00,187.29,190.41,185.86,187.1,5532.82084503
2025-01-14 16:00:00+00:00,187.0,188.07,186.1,187.25,1429.6037505
2025-01-14 20:00:00+00:00,187.3,189.1,186.13,187.76,903.09150397
2025-01-15 00:00:00+00:00,187.76,189.94,187.32,189.93,1064.45295315
2025-01-15 04:00:00+00:00,189.94,190.99,188.69,190.18,791.23083596
2025-01-15 08:00:00+00:00,190.25,190.93,186.15,187.12,1686.5522492
2025-01-15 12:00:00+00:00,187.21,198.14,186.29,196.67,16152.04393698
2025-01-15 16:00:00+00:00,196.75,202.38,196.75,202.0,7382.13941375
2025-01-15 20:00:00+00:00,202.08,205.93,202.08,205.92,7489.68841879
2025-01-16 00:00:00+00:00,205.91,206.13,201.31,201.83,2097.76098063
2025-01-16 04:00:00+00:00,201.89,203.32,201.44,202.85,3509.0899986599998
2025-01-16 08:00:00+00:00,202.86,212.46,198.17,212.46,8470.675089370001
2025-01-16 12:00:00+00:00,212.51,216.89,205.58,208.98,21608.46014634
2025-01-16 16:00:00+00:00,209.02,215.38,208.91,214.22,3422.59650803
2025-01-16 20:00:00+00:00,214.21,214.48,208.61,211.1,1898.39861751
2025-01-17 00:00:00+00:00,211.11,215.25,210.06,210.86,4952.62895408
2025-01-17 04:00:00+00:00,210.87,213.6,210.87,213.1,4348.33206387
2025-01-17 08:00:00+00:00,213.18,219.52,213.18,218.72,6022.64501647
2025-01-17 12:00:00+00:00,218.65,221.84,216.16,218.52,7093.6458788
2025-01-17 16:00:00+00:00,218.52,221.68,215.65,217.16,6254.13723634
2025-01-17 20:00:00+00:00,217.13,221.23,216.43,219.42,7996.08251876
2025-01-18 00:00:00+00:00,219.42,228.45,217.37,220.59,15956.79357431
2025-01-18 04:00:00+00:00,220.72,237.86,219.84,232.77,29648.45109171
2025-01-18 08:00:00+00:00,232.73,244.52,230.75,238.75,20506.49140345
2025-01-18 12:00:00+00:00,238.88,259.8,238.85,257.61,16756.3624639
2025-01-18 16:00:00+00:00,257.61,270.33,242.56,255.41,39893.80734835
2025-01-18 20:00:00+00:00,255.45,264.52,247.34,261.82,11787.6106168
2025-01-19 00:00:00+00:00,261.82,264.91,252.29,255.55,9500.25635876
2025-01-19 04:00:00+00:00,255.64,277.85,254.28,271.6,29619.53520137
2025-01-19 08:00:00+00:00,271.62,295.1,266.74,285.97,45141.16226401
2025-01-19 12:00:00+00:00,285.81,289.37,263.36,270.51,27479.53734301
2025-01-19 16:00:00+00:00,270.47,275.24,263.87,269.32,11285.4229211
2025-01-19 20:00:00+00:00,269.51,278.17,238.0,252.24,58717.23532798
2025-01-20 00:00:00+00:00,252.24,252.51,229.88,241.45,31199.6600586
2025-01-20 04:00:00+00:00,241.5,264.11,239.0,261.75,14143.69957119
2025-01-20 08:00:00+00:00,261.72,272.85,256.66,260.52,11127.8918443
2025-01-20 12:00:00+00:00,260.52,261.69,250.13,253.91,13627.02711307
2025-01-20 16:00:00+00:00,254.31,256.58,235.0,246.33,29577.19777143
2025-01-20 20:00:00+00:00,246.28,250.58,241.42,242.02,9965.71311397
2025-01-21 00:00:00+00:00,242.08,244.81,232.11,238.01,22654.14308407
2025-01-21 04:00:00+00:00,237.62,238.94,230.16,236.84,11235.96646261
2025-01-21 08:00:00+00:00,236.62,242.0,235.59,239.51,6737.26820886
2025-01-21 12:00:00+00:00,239.55,244.8,235.91,240.93,18520.25314982
2025-01-21 16:00:00+00:00,240.91,259.89,240.01,253.32,13171.45034349
2025-01-21 20:00:00+00:00,253.33,255.75,246.77,250.34,5279.78651925
2025-01-22 00:00:00+00:00,250.3,257.1,248.54,253.9,6011.60345636
2025-01-22 04:00:00+00:00,254.14,259.59,252.49,258.51,3630.12297011
2025-01-22 08:00:00+00:00,258.51,258.77,252.01,257.49,6330.36886144
2025-01-22 12:00:00+00:00,257.58,264.82,254.25,257.28,21656.26999405
2025-01-22 16:00:00+00:00,257.26,266.27,253.53,265.32,11171.78389971
2025-01-22 20:00:00+00:00,265.44,272.0,255.68,257.48,20659.21320783
2025-01-23 00:00:00+00:00,257.39,258.27,246.36,248.75,7299.80231319
2025-01-23 04:00:00+00:00,248.7,250.44,245.0,249.26,3337.8079435
2025-01-23 08:00:00+00:00,249.27,249.64,242.35,244.25,6246.38065951
2025-01-23 12:00:00+00:00,244.16,254.59,242.25,249.15,10609.54736215
2025-01-23 16:00:00+00:00,249.27,256.0,245.59,246.97,4817.84581181
2025-01-23 20:00:00+00:00,247.06,258.46,243.98,253.13,12888.50454058
2025-01-24 00:00:00+00:00,253.2,256.36,247.27,252.44,6599.43322016
2025-01-24 04:00:00+00:00,252.31,264.15,250.83,259.69,6009.63352955
2025-01-24 08:00:00+00:00,259.73,267.1,259.73,266.85,10752.86009219
2025-01-24 12:00:00+00:00,267.1,270.02,261.0,262.29,7320.4291248
2025-01-24 16:00:00+00:00,262.33,265.27,260.59,261.88,2170.988448
2025-01-24 20:00:00+00:00,261.92,262.17,252.59,253.18,6023.32155596
2025-01-25 00:00:00+00:00,253.18,253.56,248.16,252.76,1927.20456912
2025-01-25 04:00:00+00:00,252.73,252.73,246.47,247.06,7014.37462239
2025-01-25 08:00:00+00:00,247.11,250.55,246.43,249.99,3011.10751367
2025-01-25 12:00:00+00:00,249.95,254.5,248.24,254.0,2579.41257686
2025-01-25 16:00:00+00:00,253.79,260.79,253.25,258.39,2988.63165358
2025-01-25 20:00:00+00:00,258.44,259.59,255.9,256.19,1281.41350209
2025-01-26 00:00:00+00:00,256.35,259.6,253.71,258.2,4324.0473516
2025-01-26 04:00:00+00:00,258.2,260.06,257.43,258.83,1579.98633607
2025-01-26 08:00:00+00:00,258.82,258.82,252.93,255.5,2360.97166168
2025-01-26 12:00:00+00:00,255.59,257.36,253.4,254.68,1017.83926759
2025-01-26 16:00:00+00:00,254.52,257.34,254.04,256.31,3324.29780585
2025-01-26 20:00:00+00:00,256.27,256.47,240.62,240.75,9346.52961277
2025-01-27 00:00:00+00:00,240.5,242.75,233.0,236.03,9909.73257564
2025-01-27 04:00:00+00:00,235.91,235.91,222.04,227.64,28389.20543135
2025-01-27 08:00:00+00:00,227.55,228.0,220.98,226.02,3943.94939438
2025-01-27 12:00:00+00:00,225.95,237.95,224.0,233.88,13736.16073915
2025-01-27 16:00:00+00:00,233.88,236.03,224.29,226.68,5671.98583788
2025-01-27 20:00:00+00:00,226.72,238.23,226.72,235.43,4774.27098209
2025-01-28 00:00:00+00:00,235.43,237.99,233.56,237.01,2127.34949141
2025-01-28 04:00:00+00:00,237.08,244.14,237.08,239.03,5420.97858392
2025-01-28 08:00:00+00:00,239.07,239.86,235.98,238.63,1280.58254569
2025-01-28 12:00:00+00:00,238.6,240.53,234.05,237.47,2442.3410122
2025-01-28 16:00:00+00:00,237.59,237.86,230.59,232.43,1918.25854972
2025-01-28 20:00:00+00:00,232.38,232.77,225.42,227.36,5762.41966394
2025-01-29 00:00:00+00:00,227.28,232.1,227.04,231.44,589.87459569
2025-01-29 04:00:00+00:00,231.43,234.78,230.0,234.48,2011.09452684
2025-01-29 08:00:00+00:00,234.49,235.9,230.3,231.91,1255.00120332
2025-01-29 12:00:00+00:00,231.91,231.93,226.08,228.4,4247.92231994
2025-01-29 16:00:00+00:00,228.38,235.73,222.75,231.77,5582.41867905
2025-01-29 20:00:00+00:00,231.77,238.56,227.72,228.29,6467.93614697
2025-01-30 00:00:00+00:00,228.29,241.13,227.06,240.41,4218.40667492
2025-01-30 04:00:00+00:00,240.48,242.1,237.38,238.9,2808.74019665
2025-01-30 08:00:00+00:00,238.91,241.96,238.29,241.78,771.7281588
2025-01-30 12:00:00+00:00,241.9,244.8,239.28,241.28,3848.88364204
2025-01-30 16:00:00+00:00,241.37,243.36,239.06,241.26,3875.55670334
2025-01-30 20:00:00+00:00,241.26,242.12,238.42,238.42,6330.52718305
2025-01-31 00:00:00+00:00,238.39,239.04,235.23,235.9,1389.02969598
2025-01-31 04:00:00+00:00,235.84,238.38,234.94,235.81,3068.5322701
2025-01-31 08:00:00+00:00,235.79,239.12,234.41,238.88,2118.70728501
2025-01-31 12:00:00+00:00,238.81,241.85,236.25,240.19,3560.96073563
2025-01-31 16:00:00+00:00,240.13,240.13,230.41,230.65,3660.06831097
2025-01-31 20:00:00+00:00,230.53,231.92,228.48,231.84,2233.90634486
2025-02-01 00:00:00+00:00,231.84,234.18,230.79,231.54,1523.65011131
2025-02-01 04:00:00+00:00,231.54,233.16,230.05,230.71,2047.34557049
2025-02-01 08:00:00+00:00,230.72,231.01,226.5,228.18,3136.5880715
2025-02-01 12:00:00+00:00,228.18,229.61,225.12,226.41,2543.68773765
2025-02-01 16:00:00+00:00,226.41,227.72,221.14,221.88,3876.2555255800003
2025-02-01 20:00:00+00:00,221.85,221.85,212.92,213.0,8078.73041334
2025-02-02 00:00:00+00:00,213.08,218.87,206.97,207.07,9225.97456716
2025-02-02 04:00:00+00:00,207.2,214.17,206.97,211.83,2530.08193704
2025-02-02 08:00:00+00:00,211.83,215.83,207.8,208.66,7596.48064717
2025-02-02 12:00:00+00:00,208.66,214.1,208.3,212.05,2569.18082936
2025-02-02 16:00:00+00:00,212.05,212.05,194.79,203.05,33092.016809579996
2025-02-02 20:00:00+00:00,203.05,206.36,192.48,203.13,29859.34145012
2025-02-03 00:00:00+00:00,203.2,203.53,176.0,198.1,91273.59534837
2025-02-03 04:00:00+00:00,197.89,199.97,189.4,199.55,15461.9436815
2025-02-03 08:00:00+00:00,199.43,202.35,193.7,198.81,14007.22481242
2025-02-03 12:00:00+00:00,198.88,209.8,189.91,207.06,37301.73591004
2025-02-03 16:00:00+00:00,207.02,215.18,203.6,215.18,12569.87676583
2025-02-03 20:00:00+00:00,214.81,218.53,209.82,216.22,17691.80501356
2025-02-04 00:00:00+00:00,216.17,219.75,213.94,215.56,4156.7108397599995
2025-02-04 04:00:00+00:00,215.54,215.99,202.11,204.23,17989.344688010002
2025-02-04 08:00:00+00:00,204.43,210.62,202.49,207.6,6861.57915808
2025-02-04 12:00:00+00:00,207.61,216.79,207.61,215.43,17574.61292511
2025-02-04 16:00:00+00:00,215.95,218.17,208.43,208.43,15774.31469885
2025-02-04 20:00:00+00:00,208.37,210.36,202.5,206.72,23191.8365075
2025-02-05 00:00:00+00:00,206.66,209.3,205.1,207.32,10476.31997163
2025-02-05 04:00:00+00:00,207.33,208.11,203.5,204.99,5066.05827108
2025-02-05 08:00:00+00:00,205.0,206.77,202.91,206.41,2819.87565127
2025-02-05 12:00:00+00:00,206.41,207.4,201.42,201.64,6828.79433769
2025-02-05 16:00:00+00:00,201.7,202.01,196.45,199.44,6996.03955149
2025-02-05 20:00:00+00:00,199.55,200.62,195.22,196.21,3879.19491224
2025-02-06 00:00:00+00:00,196.22,201.26,196.22,200.74,3537.09938164
2025-02-06 04:00:00+00:00,200.74,204.1,200.35,202.25,6505.4542930200005
2025-02-06 08:00:00+00:00,202.25,203.0,198.99,200.47,3674.83225418
2025-02-06 12:00:00+00:00,200.47,200.78,190.79,191.32,9048.567483069999
2025-02-06 16:00:00+00:00,191.26,193.13,188.78,190.09,8279.66198505
2025-02-06 20:00:00+00:00,190.06,194.9,187.65,189.79,5139.2235457
2025-02-07 00:00:00+00:00,189.81,196.19,189.48,193.48,5849.91059548
2025-02-07 04:00:00+00:00,193.49,195.56,189.51,192.76,1606.91500817
2025-02-07 08:00:00+00:00,192.74,198.68,192.03,198.66,3906.91332519
2025-02-07 12:00:00+00:00,198.61,203.59,195.93,198.11,16930.11967188
2025-02-07 16:00:00+00:00,198.2,199.16,194.83,195.44,8124.03751686
2025-02-07 20:00:00+00:00,195.46,195.56,188.25,192.22,8756.93916575
2025-02-08 00:00:00+00:00,192.22,194.38,191.61,193.16,6647.06451601
2025-02-08 04:00:00+00:00,193.1,193.37,189.88,192.89,2118.27165759
2025-02-08 08:00:00+00:00,192.93,195.01,191.79,194.59,2615.27826933
2025-02-08 12:00:00+00:00,194.52,196.6,192.96,193.48,1077.62320372
2025-02-08 16:00:00+00:00,193.52,198.43,193.4,197.11,1402.21741584
2025-02-08 20:00:00+00:00,197.12,201.02,197.04,199.7,2260.42879575
2025-02-09 00:00:00+00:00,199.65,207.16,198.84,207.1,4646.76332212
2025-02-09 04:00:00+00:00,207.14,207.43,204.11,204.16,2473.12057346
2025-02-09 08:00:00+00:00,204.16,204.78,201.52,201.69,4637.41810208
2025-02-09 12:00:00+00:00,201.58,202.99,196.68,200.85,2650.29179743
2025-02-09 16:00:00+00:00,200.84,202.27,198.03,199.23,1031.61107019
2025-02-09 20:00:00+00:00,199.15,201.07,193.98,200.65,17611.00977469
2025-02-10 00:00:00+00:00,200.68,205.22,196.13,202.19,10213.85975802
2025-02-10 04:00:00+00:00,202.19,204.78,200.19,203.08,5797.80062486
2025-02-10 08:00:00+00:00,203.05,206.12,202.95,204.86,8335.11827089
2025-02-10 12:00:00+00:00,204.81,209.28,201.8,203.34,10659.11226145
2025-02-10 16:00:00+00:00,203.34,204.58,201.31,201.53,2797.44637967
2025-02-10 20:00:00+00:00,201.57,202.95,199.62,200.75,5811.59305284
2025-02-11 00:00:00+00:00,200.66,204.91,200.21,201.49,2851.79743573
2025-02-11 04:00:00+00:00,201.46,206.32,201.38,204.72,3044.27322408
2025-02-11 08:00:00+00:00,204.77,206.09,201.61,203.55,4136.4297625
2025-02-11 12:00:00+00:00,203.54,203.54,197.87,199.64,4341.82838829
2025-02-11 16:00:00+00:00,199.64,200.29,195.42,196.05,5203.57643072
2025-02-11 20:00:00+00:00,195.98,199.76,195.92,198.37,1485.26012992
2025-02-12 00:00:00+00:00,198.37,198.76,194.33,194.45,3101.86931116
2025-02-12 04:00:00+00:00,194.58,196.44,193.45,195.66,2159.75616783
2025-02-12 08:00:00+00:00,195.57,198.1,195.53,197.68,717.57425609
2025-02-12 12:00:00+00:00,197.69,198.85,188.88,192.36,13392.09921708
2025-02-12 16:00:00+00:00,192.3,196.82,189.74,193.86,3181.53603545
2025-02-12 20:00:00+00:00,193.93,198.7,193.46,196.94,1807.2099408
2025-02-13 00:00:00+00:00,196.96,197.99,195.26,197.99,3909.62090841
2025-02-13 04:00:00+00:00,198.05,198.37,192.87,193.2,1740.13450015
2025-02-13 08:00:00+00:00,193.08,193.6,191.38,192.04,900.79502018
2025-02-13 12:00:00+00:00,192.1,193.21,189.17,192.18,3196.74653501
2025-02-13 16:00:00+00:00,192.14,194.85,190.39,192.98,3169.17486488
2025-02-13 20:00:00+00:00,193.02,195.71,193.02,194.69,1768.64509029
2025-02-14 00:00:00+00:00,194.69,197.7,194.43,197.35,1016.89146906
2025-02-14 04:00:00+00:00,197.38,197.59,195.19,196.92,241.99518201
2025-02-14 08:00:00+00:00,196.88,201.63,196.68,199.89,1646.95213055
2025-02-14 12:00:00+00:00,199.84,202.28,196.61,200.97,4347.48853874
2025-02-14 16:00:00+00:00,200.98,205.2,199.15,201.57,4527.09354634
2025-02-14 20:00:00+00:00,201.57,202.22,198.18,199.53,2023.5698751099999
2025-02-15 00:00:00+00:00,199.45,200.23,196.79,198.42,722.43299395
2025-02-15 04:00:00+00:00,198.42,198.78,195.35,196.06,1013.1781008199999
2025-02-15 08:00:00+00:00,196.05,196.74,194.04,194.84,1197.19419744
2025-02-15 12:00:00+00:00,194.85,196.14,193.46,194.6,2733.26282549
2025-02-15 16:00:00+00:00,194.6,195.07,193.38,194.16,270.73521811
2025-02-15 20:00:00+00:00,194.2,195.01,192.69,194.6,2042.96523757
2025-02-16 00:00:00+00:00,194.56,195.64,193.15,194.67,2056.38500019
2025-02-16 04:00:00+00:00,194.69,196.25,192.5,192.82,496.48742515
2025-02-16 08:00:00+00:00,192.87,194.02,192.27,193.72,766.75452367
2025-02-16 12:00:00+00:00,193.72,193.81,189.29,190.5,5183.82117332
2025-02-16 16:00:00+00:00,190.48,191.31,187.61,189.36,6513.88365857
2025-02-16 20:00:00+00:00,189.35,189.84,186.48,188.54,7368.83325874
2025-02-17 00:00:00+00:00,188.53,189.85,185.61,186.7,3299.37073971
2025-02-17 04:00:00+00:00,186.64,186.69,181.13,181.76,12602.19451221
2025-02-17 08:00:00+00:00,181.66,185.64,181.13,184.47,4685.6755944
2025-02-17 12:00:00+00:00,184.54,187.12,179.9,180.56,26874.14229293
2025-02-17 16:00:00+00:00,180.55,181.36,175.02,177.41,8049.42241713
2025-02-17 20:00:00+00:00,177.36,181.51,177.36,177.83,6215.59678095
2025-02-18 00:00:00+00:00,177.77,179.37,175.84,178.27,2194.53862496
2025-02-18 04:00:00+00:00,178.24,178.24,164.29,165.97,18742.2792201
2025-02-18 08:00:00+00:00,166.09,171.11,163.55,169.07,11735.63687942
2025-02-18 12:00:00+00:00,168.98,171.69,164.79,166.2,5190.12775902
2025-02-18 16:00:00+00:00,166.22,167.38,161.25,165.54,7375.55835837
2025-02-18 20:00:00+00:00,165.54,170.03,164.29,169.64,22210.06598007
2025-02-19 00:00:00+00:00,169.65,171.11,166.89,167.88,7003.94088316
2025-02-19 04:00:00+00:00,167.86,170.17,164.09,169.38,3462.05192785
2025-02-19 08:00:00+00:00,169.43,174.56,168.83,174.2,12278.16432566
2025-02-19 12:00:00+00:00,174.23,174.38,168.52,169.96,7350.46920819
2025-02-19 16:00:00+00:00,170.0,173.7,168.48,169.02,2076.84452521
2025-02-19 20:00:00+00:00,168.95,170.15,166.68,169.25,4331.51713443
2025-02-20 00:00:00+00:00,169.28,173.06,168.02,172.81,2434.28024475
2025-02-20 04:00:00+00:00,172.77,175.23,171.24,172.08,1086.1983773
2025-02-20 08:00:00+00:00,172.1,175.44,171.29,174.25,8469.97652377
2025-02-20 12:00:00+00:00,174.25,176.82,171.72,171.78,3622.32704485
2025-02-20 16:00:00+00:00,171.77,175.73,171.53,175.21,4036.45591117
2025-02-20 20:00:00+00:00,175.23,176.65,173.47,176.27,3531.93476651
2025-02-21 00:00:00+00:00,176.27,176.63,173.31,173.47,1617.0709729
2025-02-21 04:00:00+00:00,173.52,177.01,173.52,175.99,2572.3695249
2025-02-21 08:00:00+00:00,176.06,180.41,176.06,177.47,4395.50455926
2025-02-21 12:00:00+00:00,177.47,180.71,170.86,173.39,7922.34066758
2025-02-21 16:00:00+00:00,173.41,175.8,168.56,168.66,5953.32073054
2025-02-21 20:00:00+00:00,168.66,170.12,167.41,169.21,1796.6268555
2025-02-22 00:00:00+00:00,169.22,173.0,168.52,170.71,1414.27877075
2025-02-22 04:00:00+00:00,170.62,172.99,170.41,172.02,1731.06628675
2025-02-22 08:00:00+00:00,172.03,174.45,171.65,173.89,1230.11155305
2025-02-22 12:00:00+00:00,173.89,174.82,172.86,174.51,1109.61718046
2025-02-22 16:00:00+00:00,174.51,174.87,172.73,172.84,1015.53289182
2025-02-22 20:00:00+00:00,172.88,173.76,172.21,172.34,271.10438316
2025-02-23 00:00:00+00:00,172.32,172.55,170.52,170.83,206.46466807
2025-02-23 04:00:00+00:00,170.83,173.26,170.29,173.1,357.05631637
2025-02-23 08:00:00+00:00,173.1,173.1,169.75,169.89,4340.88537393
2025-02-23 12:00:00+00:00,169.88,170.11,166.95,167.01,798.0663693
2025-02-23 16:00:00+00:00,167.05,168.9,166.21,167.91,26110.34478432
2025-02-23 20:00:00+00:00,167.91,169.1,166.66,168.17,1157.28374397
2025-02-24 00:00:00+00:00,168.27,169.86,160.93,161.28,20334.58877645
2025-02-24 04:00:00+00:00,161.33,161.98,157.53,161.34,12905.58707765
2025-02-24 08:00:00+00:00,161.3,161.3,155.75,159.6,6416.1896902299995
2025-02-24 12:00:00+00:00,159.54,160.59,151.03,153.15,10448.79828019
2025-02-24 16:00:00+00:00,152.86,155.48,147.97,150.36,11042.85643865
2025-02-24 20:00:00+00:00,150.37,152.88,137.88,142.37,51997.63827815
2025-02-25 00:00:00+00:00,142.31,144.85,138.74,139.3,20695.86787106
2025-02-25 04:00:00+00:00,139.26,142.21,133.88,137.13,62962.91429312
2025-02-25 08:00:00+00:00,137.03,141.71,132.32,141.59,22914.41351462
2025-02-25 12:00:00+00:00,141.47,142.21,134.89,139.23,14729.43018507
2025-02-25 16:00:00+00:00,139.13,145.83,138.34,145.67,13723.70937025
2025-02-25 20:00:00+00:00,145.68,147.29,143.61,144.57,5422.25710731
2025-02-26 00:00:00+00:00,144.56,145.54,142.01,143.71,3198.89438918
2025-02-26 04:00:00+00:00,143.7,144.98,139.97,140.54,3959.9155619499998
2025-02-26 08:00:00+00:00,140.54,142.41,138.37,138.41,3180.71716258
2025-02-26 12:00:00+00:00,138.4,140.94,135.13,139.53,15599.66276463
2025-02-26 16:00:00+00:00,139.56,140.12,131.16,132.4,36497.18297928
2025-02-26 20:00:00+00:00,132.4,138.23,131.43,135.69,11241.76276523
2025-02-27 00:00:00+00:00,135.69,139.32,135.32,139.03,7673.40087593
2025-02-27 04:00:00+00:00,138.97,143.22,137.46,141.38,5809.7110947
2025-02-27 08:00:00+00:00,141.38,142.81,139.7,140.83,2282.56705947
2025-02-27 12:00:00+00:00,140.84,141.78,136.56,139.9,8527.24500893
2025-02-27 16:00:00+00:00,139.97,140.32,136.01,136.56,2473.49514741
2025-02-27 20:00:00+00:00,136.6,138.49,135.01,138.13,1982.33306786
2025-02-28 00:00:00+00:00,138.13,138.26,127.66,128.02,26203.67800744
2025-02-28 04:00:00+00:00,128.04,129.86,125.9,128.91,15898.63419937
2025-02-28 08:00:00+00:00,128.88,134.94,128.34,133.86,14549.06995609
2025-02-28 12:00:00+00:00,133.86,148.2,133.46,145.98,47830.08082958
2025-02-28 16:00:00+00:00,146.05,147.66,144.24,146.74,10498.20607828
2025-02-28 20:00:00+00:00,146.74,149.22,145.09,148.59,4174.81308921
2025-03-01 00:00:00+00:00,148.63,151.39,146.03,146.18,17872.51531231
2025-03-01 04:00:00+00:00,146.12,147.6,142.68,142.9,4155.20412077
2025-03-01 08:00:00+00:00,142.9,144.62,140.07,140.77,4793.51518044
2025-03-01 12:00:00+00:00,140.77,142.05,139.06,140.88,7584.24515608
2025-03-01 16:00:00+00:00,140.84,141.94,139.33,141.02,3176.13441614
2025-03-01 20:00:00+00:00,141.06,144.25,140.38,144.16,10757.37713194
2025-03-02 00:00:00+00:00,144.18,146.34,143.29,144.35,7329.29871989
2025-03-02 04:00:00+00:00,144.31,145.59,142.75,144.25,3205.74505085
2025-03-02 08:00:00+00:00,144.25,145.26,143.01,144.05,2158.77649066
2025-03-02 12:00:00+00:00,144.05,164.09,140.54,157.99,19435.19269966
2025-03-02 16:00:00+00:00,157.99,181.47,157.99,173.19,116456.54797495
2025-03-02 20:00:00+00:00,173.22,180.0,172.76,179.7,15307.05730138
2025-03-03 00:00:00+00:00,179.75,180.21,168.64,170.29,12575.15895768
2025-03-03 04:00:00+00:00,170.24,170.94,160.29,162.72,16376.02820981
2025-03-03 08:00:00+00:00,162.7,163.76,157.43,161.56,11283.06485615
2025-03-03 12:00:00+00:00,161.56,167.5,154.56,158.12,26747.80235435
2025-03-03 16:00:00+00:00,158.2,159.93,140.72,142.25,45911.13738396
2025-03-03 20:00:00+00:00,142.3,145.35,139.65,142.55,19192.61223446
2025-03-04 00:00:00+00:00,142.51,145.39,133.0,136.78,28371.96934356
2025-03-04 04:00:00+00:00,136.67,140.0,135.94,136.32,8695.60923748
2025-03-04 08:00:00+00:00,136.37,138.88,134.98,137.42,11443.59121829
2025-03-04 12:00:00+00:00,137.42,143.72,133.12,138.89,38129.77504274
2025-03-04 16:00:00+00:00,138.92,145.12,131.12,143.56,36527.7999343
2025-03-04 20:00:00+00:00,143.57,147.31,142.0,145.16,15034.15092889
2025-03-05 00:00:00+00:00,145.13,145.85,142.17,142.17,4318.04861216
2025-03-05 04:00:00+00:00,142.18,144.43,141.25,143.34,9160.68468685
2025-03-05 08:00:00+00:00,143.34,150.05,143.18,147.62,19344.9875124
2025-03-05 12:00:00+00:00,147.51,149.83,140.72,141.87,26224.16077861
2025-03-05 16:00:00+00:00,142.0,146.95,140.56,145.14,9859.52144761
2025-03-05 20:00:00+00:00,145.2,147.1,144.49,146.74,10272.38539345
2025-03-06 00:00:00+00:00,146.66,151.0,144.99,149.04,8436.81656564
2025-03-06 04:00:00+00:00,149.07,151.0,147.99,148.97,12459.57373019
2025-03-06 08:00:00+00:00,149.0,153.23,148.7,152.0,13401.17877087
2025-03-06 12:00:00+00:00,152.03,152.14,145.46,149.35,19611.4919961
2025-03-06 16:00:00+00:00,149.35,149.75,142.81,143.93,4575.28001242
2025-03-06 20:00:00+00:00,143.83,146.14,143.61,143.63,3629.51421256
2025-03-07 00:00:00+00:00,143.66,145.85,135.49,141.06,20821.12723365
2025-03-07 04:00:00+00:00,141.08,144.93,140.99,144.64,9112.43320285
2025-03-07 08:00:00+00:00,144.65,146.52,143.0,143.85,10558.48305503
2025-03-07 12:00:00+00:00,143.89,148.3,142.12,145.24,20070.23138694
2025-03-07 16:00:00+00:00,145.19,151.24,141.66,146.66,16959.17751762
2025-03-07 20:00:00+00:00,146.62,147.78,137.91,139.68,19798.31956686
2025-03-08 00:00:00+00:00,139.66,141.41,138.16,140.08,2489.44674818
2025-03-08 04:00:00+00:00,140.08,141.36,138.76,139.21,1174.45299547
2025-03-08 08:00:00+00:00,139.12,139.56,137.16,137.89,1227.97016958
2025-03-08 12:00:00+00:00,137.96,139.11,136.51,137.65,883.50817538
2025-03-08 16:00:00+00:00,137.63,139.31,135.75,138.87,2926.94232207
2025-03-08 20:00:00+00:00,138.89,138.99,136.77,137.41,658.00373684
2025-03-09 00:00:00+00:00,137.4,138.98,136.99,138.49,3140.8464037
2025-03-09 04:00:00+00:00,138.43,140.4,138.29,140.13,1417.7392399
2025-03-09 08:00:00+00:00,140.19,140.29,136.15,136.76,2536.49475971
2025-03-09 12:00:00+00:00,136.82,136.85,130.34,130.67,8623.76903269
2025-03-09 16:00:00+00:00,130.66,131.9,126.26,129.68,16785.65052156
2025-03-09 20:00:00+00:00,129.63,131.02,125.75,126.82,21120.51097663
2025-03-10 00:00:00+00:00,126.87,129.4,124.51,126.92,9195.71411516
2025-03-10 04:00:00+00:00,126.97,129.53,126.9,128.39,1817.18421369
2025-03-10 08:00:00+00:00,128.47,131.85,126.31,130.23,4564.06844295
2025-03-10 12:00:00+00:00,130.31,131.21,120.8,122.3,21649.3019556
2025-03-10 16:00:00+00:00,122.31,122.68,115.79,120.13,25531.39618347
2025-03-10 20:00:00+00:00,119.96,120.64,117.95,118.6,16497.8857102
2025-03-11 00:00:00+00:00,118.63,122.17,112.55,120.37,39172.71626442
2025-03-11 04:00:00+00:00,120.37,124.34,120.22,123.42,7465.00331775
2025-03-11 08:00:00+00:00,123.42,126.1,123.42,125.04,12740.77786821
2025-03-11 12:00:00+00:00,125.13,126.53,118.94,125.28,37913.59050609
2025-03-11 16:00:00+00:00,125.24,128.65,123.19,128.41,19029.55173298
2025-03-11 20:00:00+00:00,128.42,128.42,125.38,125.63,10399.69076311
2025-03-12 00:00:00+00:00,125.63,127.29,122.75,122.75,1503.79067478
2025-03-12 04:00:00+00:00,122.8,123.76,121.59,123.55,7741.7875471
2025-03-12 08:00:00+00:00,123.5,127.06,123.26,127.06,6245.02453893
2025-03-12 12:00:00+00:00,127.1,131.67,123.38,124.88,21350.69377014
2025-03-12 16:00:00+00:00,124.86,126.58,123.77,125.42,11717.80935025
2025-03-12 20:00:00+00:00,125.4,127.37,124.34,126.92,10527.76669803
2025-03-13 00:00:00+00:00,126.91,127.65,125.03,125.23,1474.66751758
2025-03-13 04:00:00+00:00,125.23,125.62,123.36,124.48,1618.84346713
2025-03-13 08:00:00+00:00,124.49,128.33,123.98,127.17,6999.84547809
2025-03-13 12:00:00+00:00,127.17,129.08,124.04,124.54,12208.78503506
2025-03-13 16:00:00+00:00,124.48,124.56,121.38,121.71,6075.94245584
2025-03-13 20:00:00+00:00,121.71,124.56,121.13,123.68,3640.75635066
2025-03-14 00:00:00+00:00,123.66,125.65,123.27,124.75,1206.05915685
2025-03-14 04:00:00+00:00,124.75,125.83,124.71,125.03,96.92363431999999
2025-03-14 08:00:00+00:00,124.97,126.82,124.97,126.49,16805.11496849
2025-03-14 12:00:00+00:00,126.48,133.94,125.9,132.4,24917.02651184
2025-03-14 16:00:00+00:00,132.45,134.98,131.21,134.66,7530.5466885
2025-03-14 20:00:00+00:00,134.62,136.36,132.71,133.83,9863.0619854
2025-03-15 00:00:00+00:00,133.84,135.6,133.28,135.41,3951.55657234
2025-03-15 04:00:00+00:00,135.48,135.69,133.12,133.21,10452.31127235
2025-03-15 08:00:00+00:00,133.22,133.93,132.77,133.72,459.8822721
2025-03-15 12:00:00+00:00,133.69,136.07,133.47,135.46,3198.06810218
2025-03-15 16:00:00+00:00,135.46,136.88,133.92,134.73,2921.18494576
2025-03-15 20:00:00+00:00,134.79,136.74,134.69,136.09,1935.53285983
2025-03-16 00:00:00+00:00,136.2,137.04,134.48,135.82,2586.23106568
2025-03-16 04:00:00+00:00,135.82,136.5,134.09,134.91,1596.7491503
2025-03-16 08:00:00+00:00,134.91,135.26,130.07,130.16,9550.01173463
2025-03-16 12:00:00+00:00,130.21,131.05,127.85,129.16,2635.24770823
2025-03-16 16:00:00+00:00,129.12,131.47,126.35,127.17,13021.87830214
2025-03-16 20:00:00+00:00,127.14,127.98,125.55,126.4,2933.27420218
2025-03-17 00:00:00+00:00,126.36,129.46,126.21,129.31,3384.8288195
2025-03-17 04:00:00+00:00,129.32,129.69,126.87,129.53,1594.4833593
2025-03-17 08:00:00+00:00,129.47,129.79,128.74,129.43,960.91674684
2025-03-17 12:00:00+00:00,129.43,130.47,125.89,127.76,15161.88859784
2025-03-17 16:00:00+00:00,127.76,130.86,127.03,130.12,7036.57030264
2025-03-17 20:00:00+00:00,130.15,130.15,128.04,128.36,390.32800279
2025-03-18 00:00:00+00:00,128.37,128.37,123.77,124.47,5826.07688407
2025-03-18 04:00:00+00:00,124.42,125.46,123.63,125.46,3912.9114425
2025-03-18 08:00:00+00:00,125.46,126.2,123.47,123.84,1555.11884953
2025-03-18 12:00:00+00:00,123.81,124.03,122.08,122.81,9796.44087614
2025-03-18 16:00:00+00:00,122.81,124.79,122.79,124.52,5056.90478908
2025-03-18 20:00:00+00:00,124.59,125.97,123.87,125.63,3846.84145561
2025-03-19 00:00:00+00:00,125.63,126.95,124.49,126.83,1642.390224
2025-03-19 04:00:00+00:00,126.83,127.06,125.74,125.96,765.13786272
2025-03-19 08:00:00+00:00,125.99,129.76,125.99,128.99,8459.64506827
2025-03-19 12:00:00+00:00,128.99,133.04,127.27,132.6,15227.44269432
2025-03-19 16:00:00+00:00,132.6,134.45,128.66,133.25,16112.75020478
2025-03-19 20:00:00+00:00,133.27,136.29,133.27,135.64,6593.32681809
2025-03-20 00:00:00+00:00,135.71,136.25,133.12,134.21,816.35250132
2025-03-20 04:00:00+00:00,134.21,135.12,133.11,134.28,668.90203547
2025-03-20 08:00:00+00:00,134.28,134.76,130.61,130.85,4667.33006934
2025-03-20 12:00:00+00:00,130.89,132.45,128.61,129.1,5497.84655489
2025-03-20 16:00:00+00:00,129.0,129.6,126.82,128.04,2260.80132172
2025-03-20 20:00:00+00:00,128.03,128.56,127.41,127.66,485.47497062
2025-03-21 00:00:00+00:00,127.65,129.16,127.52,128.1,577.44568466
2025-03-21 04:00:00+00:00,128.1,128.82,127.6,128.21,883.50833922
2025-03-21 08:00:00+00:00,128.19,129.17,125.94,126.56,2732.4331796
2025-03-21 12:00:00+00:00,126.55,127.87,125.56,126.14,1603.46038225
2025-03-21 16:00:00+00:00,126.13,129.85,125.01,128.35,10330.54373833
2025-03-21 20:00:00+00:00,128.35,130.26,127.75,128.66,593.58325085
2025-03-22 00:00:00+00:00,128.66,129.51,127.92,129.0,1750.02167257
2025-03-22 04:00:00+00:00,128.99,129.79,128.74,128.87,119.68971492
2025-03-22 08:00:00+00:00,128.92,132.05,128.92,130.46,1780.80251967
2025-03-22 12:00:00+00:00,130.69,130.69,128.78,129.51,5693.70448333
2025-03-22 16:00:00+00:00,129.24,130.46,129.14,130.04,2798.26596942
2025-03-22 20:00:00+00:00,130.08,130.08,128.33,128.63,858.15491055
2025-03-23 00:00:00+00:00,128.63,130.93,128.41,130.93,995.26909958
2025-03-23 04:00:00+00:00,130.98,131.65,129.96,131.37,1038.57840482
2025-03-23 08:00:00+00:00,131.37,134.23,131.17,133.22,5931.77504081
2025-03-23 12:00:00+00:00,133.22,133.88,132.48,132.6,7253.7932986099995
2025-03-23 16:00:00+00:00,132.65,132.84,130.67,130.9,2404.20572939
2025-03-23 20:00:00+00:00,130.9,133.04,130.51,133.04,1204.31311769
2025-03-24 00:00:00+00:00,133.03,138.7,132.36,138.39,5582.56402195
2025-03-24 04:00:00+00:00,138.42,139.48,138.07,139.27,4058.2302665
2025-03-24 08:00:00+00:00,139.27,144.27,138.9,143.55,4595.62918198
2025-03-24 12:00:00+00:00,143.62,145.04,142.48,143.47,2990.17915819
2025-03-24 16:00:00+00:00,143.44,143.62,141.47,142.97,2547.63145141
2025-03-24 20:00:00+00:00,142.93,143.8,139.88,141.28,4497.8328459
2025-03-25 00:00:00+00:00,141.16,142.46,138.4,138.75,2380.40312552
2025-03-25 04:00:00+00:00,138.75,140.41,138.39,139.65,1887.86453617
2025-03-25 08:00:00+00:00,139.65,143.66,139.65,142.41,5824.15846852
2025-03-25 12:00:00+00:00,142.41,147.67,141.29,145.5,12355.12023609
2025-03-25 16:00:00+00:00,145.56,146.38,143.9,145.26,1925.51338377
2025-03-25 20:00:00+00:00,145.28,146.38,142.81,143.9,8550.10515537
2025-03-26 00:00:00+00:00,143.92,144.81,141.84,142.07,2041.7070900200001
2025-03-26 04:00:00+00:00,142.0,145.03,141.97,144.78,3450.58680416
2025-03-26 08:00:00+00:00,144.78,145.6,144.08,144.77,1595.54292993
2025-03-26 12:00:00+00:00,144.77,145.18,139.33,139.57,10492.37362029
2025-03-26 16:00:00+00:00,139.56,140.39,136.48,137.75,3079.46497781
2025-03-26 20:00:00+00:00,137.72,138.72,136.27,137.65,3428.04513278
2025-03-27 00:00:00+00:00,137.65,140.43,137.12,140.1,1111.96882065
2025-03-27 04:00:00+00:00,140.17,140.25,138.2,139.1,973.4850432
2025-03-27 08:00:00+00:00,139.1,139.43,137.34,137.6,2374.87009185
2025-03-27 12:00:00+00:00,137.56,139.99,135.82,138.0,2219.73317334
2025-03-27 16:00:00+00:00,138.0,139.84,137.56,139.19,1921.07128738
2025-03-27 20:00:00+00:00,139.24,140.04,138.33,138.55,237.12610717
2025-03-28 00:00:00+00:00,138.55,139.14,136.32,137.02,3711.93298641
2025-03-28 04:00:00+00:00,136.97,137.43,131.7,131.88,4134.99237509
2025-03-28 08:00:00+00:00,131.88,132.86,130.54,132.12,3844.57195348
2025-03-28 12:00:00+00:00,132.06,132.39,129.34,130.27,6930.96619983
2025-03-28 16:00:00+00:00,130.25,130.54,129.4,129.64,874.82980263
2025-03-28 20:00:00+00:00,129.67,130.64,128.06,129.74,7774.79240109
2025-03-29 00:00:00+00:00,129.74,130.76,126.9,129.14,7354.78255214
2025-03-29 04:00:00+00:00,129.11,129.34,125.8,126.67,3279.5582443
2025-03-29 08:00:00+00:00,126.65,127.29,124.69,125.5,3852.72003527
2025-03-29 12:00:00+00:00,125.5,127.04,125.3,126.55,4069.19828916
2025-03-29 16:00:00+00:00,126.57,126.94,124.0,125.48,3350.62290103
2025-03-29 20:00:00+00:00,125.48,125.61,123.0,124.84,5491.92680566
2025-03-30 00:00:00+00:00,124.83,126.86,123.86,126.0,555.74611329
2025-03-30 04:00:00+00:00,126.02,126.78,125.5,125.71,4090.88194109
2025-03-30 08:00:00+00:00,125.74,126.64,124.78,125.27,3460.31772582
2025-03-30 12:00:00+00:00,125.29,125.79,123.46,125.07,2817.97492915
2025-03-30 16:00:00+00:00,125.11,127.3,123.13,126.14,5672.64110396
2025-03-30 20:00:00+00:00,126.14,126.63,123.38,124.99,2878.68464735
2025-03-31 00:00:00+00:00,125.04,127.75,122.96,124.77,4408.13784839
2025-03-31 04:00:00+00:00,124.81,127.01,124.61,125.61,5700.25511124
2025-03-31 08:00:00+00:00,126.61,126.82,123.25,124.52,1125.69774983
2025-03-31 12:00:00+00:00,124.45,127.99,123.47,126.97,11328.25512455
2025-03-31 16:00:00+00:00,126.97,127.44,123.99,125.37,3419.30065564
2025-03-31 20:00:00+00:00,125.39,126.34,124.72,124.72,6185.81053706
2025-04-01 00:00:00+00:00,124.7,126.8,123.92,126.2,1226.59663277
2025-04-01 04:00:00+00:00,126.21,126.88,125.79,126.76,587.08160679
2025-04-01 08:00:00+00:00,126.79,130.0,126.79,127.58,5623.26354545
2025-04-01 12:00:00+00:00,127.6,130.49,124.79,129.25,14374.44663555
2025-04-01 16:00:00+00:00,129.3,129.59,125.52,126.78,8302.01348002
2025-04-01 20:00:00+00:00,126.79,127.44,125.37,126.7,6427.56474743
2025-04-02 00:00:00+00:00,126.69,126.93,124.12,124.29,4955.10955428
2025-04-02 04:00:00+00:00,124.28,124.94,123.5,124.51,1847.0771031
2025-04-02 08:00:00+00:00,124.47,126.6,124.29,125.61,8171.01126496
2025-04-02 12:00:00+00:00,125.62,130.99,125.1,130.3,16704.00724466
2025-04-02 16:00:00+00:00,130.31,131.64,129.18,131.37,9634.6311249
2025-04-02 20:00:00+00:00,131.48,136.0,117.15,117.36,32282.25561275
2025-04-03 00:00:00+00:00,117.36,120.88,116.27,119.76,14302.47195756
2025-04-03 04:00:00+00:00,119.76,120.72,117.84,118.69,5146.90245317
2025-04-03 08:00:00+00:00,118.67,119.11,115.16,115.75,15115.4928238
2025-04-03 12:00:00+00:00,115.69,115.9,112.23,114.27,9319.38017907
2025-04-03 16:00:00+00:00,114.2,115.95,113.31,115.39,3037.86565646
2025-04-03 20:00:00+00:00,115.32,117.46,115.11,117.15,1957.31663572
2025-04-04 00:00:00+00:00,117.14,117.35,114.66,115.45,440.80188255
2025-04-04 04:00:00+00:00,115.44,118.32,114.8,118.08,2158.12389642
2025-04-04 08:00:00+00:00,118.1,119.88,113.29,114.51,9688.38528344
2025-04-04 12:00:00+00:00,114.47,120.83,113.92,118.58,30279.63480615
2025-04-04 16:00:00+00:00,118.6,123.84,118.2,122.62,19285.07147978
2025-04-04 20:00:00+00:00,122.55,123.94,121.73,122.77,1187.90436049
2025-04-05 00:00:00+00:00,122.77,122.78,120.63,120.73,1163.90396531
2025-04-05 04:00:00+00:00,120.73,121.26,120.2,121.02,1940.19793631
2025-04-05 08:00:00+00:00,121.04,121.9,119.87,120.26,10309.81598627
2025-04-05 12:00:00+00:00,120.27,120.32,117.24,117.59,3563.19066416
2025-04-05 16:00:00+00:00,117.6,119.41,117.6,118.69,2652.68563804
2025-04-05 20:00:00+00:00,118.71,120.58,118.52,120.4,7067.52487227
2025-04-06 00:00:00+00:00,120.36,121.17,119.51,119.99,889.21666834
2025-04-06 04:00:00+00:00,120.0,120.57,118.82,119.13,1827.5303975
2025-04-06 08:00:00+00:00,119.16,120.03,118.21,118.65,1799.18959595
2025-04-06 12:00:00+00:00,118.61,118.79,114.29,114.94,18240.4387278
2025-04-06 16:00:00+00:00,114.92,115.14,106.22,108.17,39101.21975497
2025-04-06 20:00:00+00:00,108.05,108.49,103.9,106.02,16738.96684937
2025-04-07 00:00:00+00:00,105.88,107.74,102.2,103.3,10306.65565652
2025-04-07 04:00:00+00:00,103.3,103.65,95.261,97.131,34482.27716986
2025-04-07 08:00:00+00:00,97.17,102.49,96.95,100.2,17193.94148253
2025-04-07 12:00:00+00:00,100.23,112.79,99.706,106.62,41389.47116227
2025-04-07 16:00:00+00:00,106.53,107.9,103.53,105.8,25893.81176869
2025-04-07 20:00:00+00:00,105.73,109.27,105.73,106.96,6561.94582743
2025-04-08 00:00:00+00:00,106.96,112.6,106.77,111.37,8446.42900076
2025-04-08 04:00:00+00:00,111.38,112.21,108.09,108.78,2092.93365052
2025-04-08 08:00:00+00:00,108.76,111.77,107.29,111.58,3655.83122553
2025-04-08 12:00:00+00:00,111.68,112.15,106.8,107.22,17452.95512018
2025-04-08 16:00:00+00:00,107.13,107.25,102.97,104.14,17424.29115453
2025-04-08 20:00:00+00:00,104.15,106.41,103.78,105.48,7821.62970212
2025-04-09 00:00:00+00:00,105.71,106.51,101.37,103.18,10659.69719553
2025-04-09 04:00:00+00:00,103.17,107.82,103.1,107.42,9596.66583986
2025-04-09 08:00:00+00:00,107.42,108.17,102.76,103.26,22515.71147247
2025-04-09 12:00:00+00:00,103.39,107.34,102.26,106.49,16324.2174209
2025-04-09 16:00:00+00:00,106.39,120.64,106.26,118.86,37850.02774229
2025-04-09 20:00:00+00:00,118.94,120.34,118.14,118.99,4280.87537973
2025-04-10 00:00:00+00:00,119.05,119.22,114.44,115.42,1700.49079771
2025-04-10 04:00:00+00:00,115.45,116.86,114.0,114.69,2139.361413
2025-04-10 08:00:00+00:00,114.75,115.05,113.38,113.93,1481.12207685
2025-04-10 12:00:00+00:00,113.88,115.61,109.38,109.62,18009.61091694
2025-04-10 16:00:00+00:00,109.68,111.82,108.33,111.21,7128.31578767
2025-04-10 20:00:00+00:00,111.21,113.26,111.21,112.71,2887.37654329
2025-04-11 00:00:00+00:00,112.68,115.69,112.09,115.36,6404.57811259
2025-04-11 04:00:00+00:00,115.3,117.64,114.93,116.49,2145.29783913
2025-04-11 08:00:00+00:00,116.53,119.2,115.86,117.87,3874.72507975
2025-04-11 12:00:00+00:00,117.88,121.44,117.52,119.83,18262.87521575
2025-04-11 16:00:00+00:00,119.83,121.97,118.63,120.75,3135.50675681
2025-04-11 20:00:00+00:00,120.8,122.53,119.97,121.34,1617.30364963
2025-04-12 00:00:00+00:00,121.41,122.1,119.4,120.11,894.67074051
2025-04-12 04:00:00+00:00,120.08,124.49,119.78,124.18,5945.00133718
2025-04-12 08:00:00+00:00,124.13,125.46,124.0,124.55,1288.63312039
2025-04-12 12:00:00+00:00,124.54,131.56,124.37,130.35,8119.78660914
2025-04-12 16:00:00+00:00,130.45,131.45,128.17,130.66,3173.19349502
2025-04-12 20:00:00+00:00,130.72,133.85,130.64,132.19,6301.57614777
2025-04-13 00:00:00+00:00,132.24,133.81,130.88,131.85,3553.21223784
2025-04-13 04:00:00+00:00,131.74,131.89,128.16,128.43,2513.00170933
2025-04-13 08:00:00+00:00,128.42,131.46,128.1,129.72,2448.28690315
2025-04-13 12:00:00+00:00,129.78,130.3,126.75,128.65,3693.36328287
2025-04-13 16:00:00+00:00,128.71,132.51,127.05,128.09,3164.94005965
2025-04-13 20:00:00+00:00,128.1,129.71,125.34,128.26,6316.87875141
2025-04-14 00:00:00+00:00,128.32,135.94,127.98,131.61,4470.45049185
2025-04-14 04:00:00+00:00,131.63,134.19,131.15,132.16,2035.90952863
2025-04-14 08:00:00+00:00,132.28,133.93,131.48,133.42,2888.16663046
2025-04-14 12:00:00+00:00,133.43,134.67,128.05,128.65,8453.82710889
2025-04-14 16:00:00+00:00,128.7,131.9,128.11,131.04,3058.69117187
2025-04-14 20:00:00+00:00,131.04,131.11,128.62,129.35,1168.27868535
2025-04-15 00:00:00+00:00,129.36,130.68,127.73,130.55,2401.81150349
2025-04-15 04:00:00+00:00,130.49,132.14,129.72,131.49,638.49504101
2025-04-15 08:00:00+00:00,131.44,133.8,131.43,132.13,3055.96209905
2025-04-15 12:00:00+00:00,132.14,134.36,129.1,129.55,4361.39429423
2025-04-15 16:00:00+00:00,129.56,130.59,127.27,127.91,1169.112923
2025-04-15 20:00:00+00:00,127.91,128.53,125.81,126.09,2323.57285169
2025-04-16 00:00:00+00:00,126.11,127.25,124.8,126.45,2084.62028545
2025-04-16 04:00:00+00:00,126.38,126.62,124.44,124.81,949.68213788
2025-04-16 08:00:00+00:00,124.7,126.54,123.53,126.14,1337.44684561
2025-04-16 12:00:00+00:00,126.16,129.61,124.46,128.31,4493.022059
2025-04-16 16:00:00+00:00,128.37,133.7,124.85,132.46,14841.60081829
2025-04-16 20:00:00+00:00,132.41,133.56,130.8,131.37,2211.02497885
2025-04-17 00:00:00+00:00,131.27,132.56,129.5,129.79,1068.73996436
2025-04-17 04:00:00+00:00,129.78,135.49,129.62,134.19,2384.4678738000002
2025-04-17 08:00:00+00:00,134.19,134.91,132.43,133.07,2881.03082441
2025-04-17 12:00:00+00:00,133.07,134.39,130.59,133.29,4479.14029468
2025-04-17 16:00:00+00:00,133.38,136.18,131.95,132.97,3462.43210551
2025-04-17 20:00:00+00:00,133.04,135.11,133.04,134.67,994.05991032
2025-04-18 00:00:00+00:00,134.69,135.8,133.66,134.36,1203.10480828
2025-04-18 04:00:00+00:00,134.42,134.8,133.14,134.66,571.71344721
2025-04-18 08:00:00+00:00,134.75,135.25,133.41,134.07,1449.00803866
2025-04-18 12:00:00+00:00,134.08,134.94,132.4,132.76,1351.67440894
2025-04-18 16:00:00+00:00,132.76,134.28,132.62,134.01,112.11078736
2025-04-18 20:00:00+00:00,134.03,134.17,132.2,134.13,253.55022716
2025-04-19 00:00:00+00:00,133.59,140.99,133.44,138.65,2292.71320287
2025-04-19 04:00:00+00:00,138.59,138.98,137.69,138.63,609.71820144
2025-04-19 08:00:00+00:00,138.64,139.71,138.35,138.61,1675.7761733
2025-04-19 12:00:00+00:00,138.62,140.32,138.35,138.86,2168.61066516
2025-04-19 16:00:00+00:00,138.77,139.29,137.48,138.56,706.60395342
2025-04-19 20:00:00+00:00,138.5,139.65,138.24,139.64,358.83834314
2025-04-20 00:00:00+00:00,139.66,141.73,139.25,140.84,3532.12457164
2025-04-20 04:00:00+00:00,140.86,141.35,138.48,139.41,398.41120784000003
2025-04-20 08:00:00+00:00,139.35,139.53,135.57,136.11,4231.45149954
2025-04-20 12:00:00+00:00,136.05,137.6,135.37,135.67,721.60351951
2025-04-20 16:00:00+00:00,135.64,136.95,135.48,136.95,346.01863722
2025-04-20 20:00:00+00:00,136.93,138.14,136.11,137.6,569.72844108
2025-04-21 00:00:00+00:00,137.62,142.9,137.49,138.99,4327.38595293
2025-04-21 04:00:00+00:00,139.08,141.49,139.02,139.84,651.02690117
2025-04-21 08:00:00+00:00,139.99,140.79,138.22,138.82,680.60041053
2025-04-21 12:00:00+00:00,138.85,139.96,136.69,138.35,10935.46679842
2025-04-21 16:00:00+00:00,138.29,138.73,133.83,136.97,4298.70582279
2025-04-21 20:00:00+00:00,136.92,137.29,135.36,136.64,807.00492352
2025-04-22 00:00:00+00:00,136.77,139.63,134.74,139.24,2384.07951431
2025-04-22 04:00:00+00:00,139.18,140.48,138.38,140.0,1184.06129175
2025-04-22 08:00:00+00:00,140.06,140.58,138.89,140.27,1306.32865298
2025-04-22 12:00:00+00:00,140.35,145.36,140.02,145.15,6012.44633813
2025-04-22 16:00:00+00:00,145.35,147.51,143.43,144.18,2224.03131617
2025-04-22 20:00:00+00:00,144.19,150.04,143.39,148.72,5599.8715358
2025-04-23 00:00:00+00:00,148.73,149.34,147.17,149.07,1176.95505801
2025-04-23 04:00:00+00:00,149.17,152.17,148.54,151.67,5554.2833746100005
2025-04-23 08:00:00+00:00,151.46,153.5,150.93,151.94,6527.25842593
2025-04-23 12:00:00+00:00,151.95,154.12,148.6,151.35,7890.90432546
2025-04-23 16:00:00+00:00,151.42,152.25,148.87,150.09,2538.12138128
2025-04-23 20:00:00+00:00,150.14,151.72,149.88,151.1,1094.0393005
2025-04-24 00:00:00+00:00,151.1,151.33,147.65,147.75,557.35919819
2025-04-24 04:00:00+00:00,147.81,149.08,147.11,147.15,885.23587316
2025-04-24 08:00:00+00:00,147.2,147.65,145.39,147.65,2165.97657845
2025-04-24 12:00:00+00:00,147.59,151.38,147.18,149.29,4068.54300735
2025-04-24 16:00:00+00:00,149.4,152.3,148.86,151.56,1553.42133618
2025-04-24 20:00:00+00:00,151.62,152.96,150.12,152.51,2033.78756845
2025-04-25 00:00:00+00:00,152.52,154.56,150.62,151.76,1945.04500433
2025-04-25 04:00:00+00:00,151.73,155.0,150.91,154.8,1495.23806442
2025-04-25 08:00:00+00:00,154.91,155.0,153.05,154.66,1310.17531529
2025-04-25 12:00:00+00:00,154.81,156.9,152.27,152.95,8204.56135021
2025-04-25 16:00:00+00:00,153.03,153.27,150.67,151.48,2359.31578038
2025-04-25 20:00:00+00:00,151.49,152.51,150.03,150.92,6921.36501894
2025-04-26 00:00:00+00:00,150.97,153.15,150.97,151.42,250.54287767
2025-04-26 04:00:00+00:00,151.35,152.34,150.04,151.44,485.17590421
2025-04-26 08:00:00+00:00,151.52,152.28,148.2,148.57,4386.90321448
2025-04-26 12:00:00+00:00,148.63,149.69,148.02,149.56,1080.27736143
2025-04-26 16:00:00+00:00,149.51,149.6,148.57,149.37,267.93383811
2025-04-26 20:00:00+00:00,149.39,149.74,148.46,149.26,977.58400336
2025-04-27 00:00:00+00:00,149.34,150.45,146.16,147.62,1270.51096489
2025-04-27 04:00:00+00:00,147.62,147.97,145.73,147.54,684.10547511
2025-04-27 08:00:00+00:00,147.58,148.8,147.58,148.08,237.34955503
2025-04-27 12:00:00+00:00,148.07,149.86,147.16,149.14,736.60070421
2025-04-27 16:00:00+00:00,149.14,150.27,148.39,150.04,511.54546901
2025-04-27 20:00:00+00:00,150.06,150.06,147.99,148.08,416.91645628
2025-04-28 00:00:00+00:00,148.07,149.6,144.89,148.7,3719.0239979
2025-04-28 04:00:00+00:00,148.76,151.56,148.74,151.24,2215.51209323
2025-04-28 08:00:00+00:00,151.25,153.38,149.26,151.65,14926.309122569999
2025-04-28 12:00:00+00:00,151.7,151.83,145.75,146.39,4464.85032681
2025-04-28 16:00:00+00:00,146.32,148.96,145.64,148.65,1040.37017041
2025-04-28 20:00:00+00:00,148.5,148.51,146.88,147.91,285.17471351
2025-04-29 00:00:00+00:00,147.92,149.24,147.13,147.58,527.78823556
2025-04-29 04:00:00+00:00,147.58,149.02,145.7,149.02,985.31268634
2025-04-29 08:00:00+00:00,149.05,149.59,147.87,149.12,944.14197896
2025-04-29 12:00:00+00:00,149.18,149.33,147.06,148.07,2155.48150933
2025-04-29 16:00:00+00:00,148.13,150.38,147.76,149.31,1174.95814843
2025-04-29 20:00:00+00:00,149.37,149.57,145.26,146.61,3907.72251351
2025-04-30 00:00:00+00:00,146.6,148.82,145.4,148.41,2844.88455988
2025-04-30 04:00:00+00:00,148.47,148.53,146.33,146.54,341.23733375
2025-04-30 08:00:00+00:00,146.64,148.02,146.22,147.98,627.12368171
2025-04-30 12:00:00+00:00,147.91,148.01,140.77,142.45,13570.12723735
2025-04-30 16:00:00+00:00,142.42,146.32,141.64,145.79,1566.5776131
2025-04-30 20:00:00+00:00,145.82,148.21,145.64,147.8,1884.7007029
2025-05-01 00:00:00+00:00,147.88,149.73,147.83,148.79,1604.99995041
2025-05-01 04:00:00+00:00,148.89,150.35,148.22,150.02,1311.71700455
2025-05-01 08:00:00+00:00,150.12,152.52,149.74,151.89,1169.57876563
2025-05-01 12:00:00+00:00,151.89,154.0,150.79,151.95,6003.22127694
2025-05-01 16:00:00+00:00,151.97,152.89,150.13,150.29,2033.70280928
2025-05-01 20:00:00+00:00,150.33,150.96,149.94,150.9,3226.1540856
2025-05-02 00:00:00+00:00,150.92,151.67,150.15,150.74,1431.29119322
2025-05-02 04:00:00+00:00,150.74,151.0,148.47,148.57,1441.2282561
2025-05-02 08:00:00+00:00,148.57,150.76,148.5,150.76,1860.50643554
2025-05-02 12:00:00+00:00,150.73,151.86,149.34,149.9,4148.26781024
2025-05-02 16:00:00+00:00,150.0,151.39,147.86,148.16,1038.57454933
2025-05-02 20:00:00+00:00,148.09,148.71,147.39,148.03,448.01134093
2025-05-03 00:00:00+00:00,148.04,149.01,147.62,148.39,648.8028713
2025-05-03 04:00:00+00:00,148.45,148.54,147.58,148.25,501.01545601
2025-05-03 08:00:00+00:00,148.04,148.47,147.0,147.44,4290.04686464
2025-05-03 12:00:00+00:00,147.46,149.12,147.46,148.56,1875.52897609
2025-05-03 16:00:00+00:00,148.57,148.57,146.04,147.6,2309.72338651
2025-05-03 20:00:00+00:00,147.55,148.0,146.89,147.06,841.77994496
2025-05-04 00:00:00+00:00,147.05,147.85,145.77,145.86,1332.24731711
2025-05-04 04:00:00+00:00,145.85,146.72,145.5,145.62,1012.62502021
2025-05-04 08:00:00+00:00,145.87,146.28,145.09,145.77,3046.11450831
2025-05-04 12:00:00+00:00,145.74,147.52,145.35,147.14,1507.2938122
2025-05-04 16:00:00+00:00,147.36,148.15,146.37,146.46,1890.25124285
2025-05-04 20:00:00+00:00,146.7,147.41,144.1,144.52,10487.82425042
2025-05-05 00:00:00+00:00,144.2,145.87,143.13,145.43,8014.9484189800005
2025-05-05 04:00:00+00:00,145.37,147.77,145.37,147.24,1564.1725308100001
2025-05-05 08:00:00+00:00,147.28,147.32,144.07,144.67,12569.31561758
2025-05-05 12:00:00+00:00,144.52,145.72,143.7,143.93,2007.48500111
2025-05-05 16:00:00+00:00,144.25,147.42,144.21,146.8,4545.33244947
2025-05-05 20:00:00+00:00,146.9,147.97,145.38,146.96,498.97162014
2025-05-06 00:00:00+00:00,147.02,147.02,144.15,144.75,298.41264987
2025-05-06 04:00:00+00:00,144.85,146.15,144.78,145.52,556.13360075
2025-05-06 08:00:00+00:00,145.42,145.42,142.42,142.91,1561.4889425
2025-05-06 12:00:00+00:00,143.21,144.2,141.79,143.45,907.95747611
2025-05-06 16:00:00+00:00,143.26,145.51,142.74,145.09,1433.48580877
2025-05-06 20:00:00+00:00,145.08,147.42,143.81,146.87,1489.55568872
2025-05-07 00:00:00+00:00,147.27,149.62,145.73,146.4,1813.96962599
2025-05-07 04:00:00+00:00,146.57,147.46,145.65,147.46,462.13095993
2025-05-07 08:00:00+00:00,147.47,148.25,147.22,147.77,274.66989374999997
2025-05-07 12:00:00+00:00,147.64,147.72,145.7,145.91,941.68527942
2025-05-07 16:00:00+00:00,145.59,147.41,145.0,145.95,4657.75408296
2025-05-07 20:00:00+00:00,145.96,148.4,145.71,147.47,951.09516323
2025-05-08 00:00:00+00:00,147.5,151.18,147.5,150.46,760.80580546
2025-05-08 04:00:00+00:00,151.0,152.04,150.22,151.68,2727.33645145
2025-05-08 08:00:00+00:00,151.65,155.21,151.65,154.65,1792.52095787
2025-05-08 12:00:00+00:00,154.68,163.0,154.37,160.14,17620.66677715
2025-05-08 16:00:00+00:00,160.48,161.08,158.87,160.62,2571.11941092
2025-05-08 20:00:00+00:00,160.67,164.49,160.02,164.49,18873.90631092
2025-05-09 00:00:00+00:00,164.55,164.55,161.58,161.58,521.78920197
2025-05-09 04:00:00+00:00,161.43,166.79,161.21,165.24,9167.70096372
2025-05-09 08:00:00+00:00,165.15,176.0,164.41,172.38,32302.09365416
2025-05-09 12:00:00+00:00,172.23,173.3,167.62,170.84,4119.20762964
2025-05-09 16:00:00+00:00,170.86,172.5,168.65,171.78,1880.79221411
2025-05-09 20:00:00+00:00,171.89,173.77,171.2,172.83,1685.22749509
2025-05-10 00:00:00+00:00,172.82,175.15,170.8,171.69,2043.87636669
2025-05-10 04:00:00+00:00,171.51,172.5,169.89,172.46,2075.53900985
2025-05-10 08:00:00+00:00,172.28,173.25,168.72,168.84,1801.03199826
2025-05-10 12:00:00+00:00,169.07,171.84,169.07,170.9,1168.07455331
2025-05-10 16:00:00+00:00,170.83,180.95,170.83,171.99,27524.11964616
2025-05-10 20:00:00+00:00,172.09,178.64,171.4,177.7,2896.07736042
2025-05-11 00:00:00+00:00,177.79,180.0,173.0,175.89,8384.09878551
2025-05-11 04:00:00+00:00,175.97,177.64,172.32,172.85,2552.4282452
2025-05-11 08:00:00+00:00,172.88,174.86,172.67,174.6,409.0805834
2025-05-11 12:00:00+00:00,174.62,175.0,169.43,169.76,2892.05210175
2025-05-11 16:00:00+00:00,170.38,173.41,169.35,172.55,2688.5897051800002
2025-05-11 20:00:00+00:00,172.44,173.47,171.25,172.85,392.12674001
2025-05-12 00:00:00+00:00,173.47,176.77,171.96,174.68,3412.23914077
2025-05-12 04:00:00+00:00,174.87,179.62,173.68,176.0,8300.13363729
2025-05-12 08:00:00+00:00,175.92,176.9,173.8,174.05,3311.93840927
2025-05-12 12:00:00+00:00,174.51,181.26,174.15,174.15,8070.57669233
2025-05-12 16:00:00+00:00,174.45,176.69,168.32,171.1,4043.19405613
2025-05-12 20:00:00+00:00,171.21,174.87,171.21,174.49,1254.01634291
2025-05-13 00:00:00+00:00,174.49,174.49,167.2,167.2,2865.85436748
2025-05-13 04:00:00+00:00,167.0,172.27,166.34,171.64,1418.88845486
2025-05-13 08:00:00+00:00,171.75,175.18,171.23,173.98,1226.8527958
2025-05-13 12:00:00+00:00,173.84,176.23,172.51,176.08,7619.49111996
2025-05-13 16:00:00+00:00,175.95,184.41,175.84,182.13,16142.75831155
2025-05-13 20:00:00+00:00,182.13,184.79,180.84,183.78,2137.22091461
2025-05-14 00:00:00+00:00,183.35,184.83,179.12,180.11,1896.74393851
2025-05-14 04:00:00+00:00,180.12,183.82,179.98,181.78,1294.71859458
2025-05-14 08:00:00+00:00,181.73,182.41,177.74,181.54,1874.77715536
2025-05-14 12:00:00+00:00,180.95,181.68,175.6,177.16,1225.46056972
2025-05-14 16:00:00+00:00,177.36,177.55,173.42,177.12,3926.40923235
2025-05-14 20:00:00+00:00,177.12,177.59,175.46,176.65,990.4801489
2025-05-15 00:00:00+00:00,176.7,178.15,174.14,174.17,534.78954721
2025-05-15 04:00:00+00:00,174.0,175.15,169.77,170.38,7920.15862399
2025-05-15 08:00:00+00:00,170.26,173.0,168.81,171.08,3956.32614024
2025-05-15 12:00:00+00:00,171.17,172.75,167.05,172.43,3863.1294161
2025-05-15 16:00:00+00:00,172.23,174.4,167.89,169.68,3191.24981865
2025-05-15 20:00:00+00:00,169.78,170.63,166.93,168.93,11542.06915422
2025-05-16 00:00:00+00:00,169.36,173.42,168.89,172.42,6274.93945118
2025-05-16 04:00:00+00:00,172.85,173.19,171.34,172.23,2116.98036227
2025-05-16 08:00:00+00:00,172.23,174.09,169.51,172.75,1182.7694313700001
2025-05-16 12:00:00+00:00,172.5,174.0,170.95,172.16,5245.33208385
2025-05-16 16:00:00+00:00,172.27,172.41,169.82,171.34,1738.10194084
2025-05-16 20:00:00+00:00,171.38,171.38,166.52,167.37,4168.79360562
2025-05-17 00:00:00+00:00,167.33,168.45,164.12,168.45,2872.44572277
2025-05-17 04:00:00+00:00,168.01,170.01,167.36,168.5,4629.97663828
2025-05-17 08:00:00+00:00,168.48,169.2,166.87,167.74,447.78419541
2025-05-17 12:00:00+00:00,167.27,168.02,165.94,167.49,878.47200397
2025-05-17 16:00:00+00:00,167.32,167.45,164.49,165.14,1342.83250952
2025-05-17 20:00:00+00:00,165.28,167.93,164.5,165.93,1667.35989626
2025-05-18 00:00:00+00:00,166.3,167.82,166.01,166.94,1199.83378453
2025-05-18 04:00:00+00:00,167.1,170.48,167.1,170.48,526.32567221
2025-05-18 08:00:00+00:00,170.96,171.88,170.67,170.95,1055.33488373
2025-05-18 12:00:00+00:00,170.68,176.46,170.17,176.12,6610.74576288
2025-05-18 16:00:00+00:00,176.37,176.63,166.61,167.25,5444.95139509
2025-05-18 20:00:00+00:00,166.56,174.19,164.58,173.21,7710.19891504
2025-05-19 00:00:00+00:00,173.5,173.94,165.05,165.36,1595.51072117
2025-05-19 04:00:00+00:00,165.02,166.62,159.49,161.88,5651.68835542
2025-05-19 08:00:00+00:00,161.65,162.64,160.44,162.33,2016.4595271
2025-05-19 12:00:00+00:00,162.07,164.56,160.21,164.33,1552.73142746
2025-05-19 16:00:00+00:00,164.2,167.14,162.87,166.45,8053.10106412
2025-05-19 20:00:00+00:00,166.45,167.59,165.22,166.79,627.02495476
2025-05-20 00:00:00+00:00,167.0,172.94,166.78,169.11,2368.00262537
2025-05-20 04:00:00+00:00,169.37,170.51,167.18,167.18,1357.17770971
2025-05-20 08:00:00+00:00,167.23,167.95,165.42,166.43,743.51216192
2025-05-20 12:00:00+00:00,166.1,167.04,164.64,166.79,910.65751397
2025-05-20 16:00:00+00:00,166.54,168.98,164.54,168.1,3695.41868382
2025-05-20 20:00:00+00:00,168.0,169.23,166.26,168.24,1650.56628096
2025-05-21 00:00:00+00:00,168.45,170.75,166.88,170.04,1416.26650542
2025-05-21 04:00:00+00:00,169.95,171.66,168.4,168.75,2726.43068619
2025-05-21 08:00:00+00:00,168.91,169.47,167.5,169.28,1397.19801507
2025-05-21 12:00:00+00:00,169.08,173.52,168.33,172.22,4167.47525181
2025-05-21 16:00:00+00:00,172.36,174.78,165.67,171.35,4994.7931024399995
2025-05-21 20:00:00+00:00,171.19,175.89,169.13,173.71,2505.96313612
2025-05-22 00:00:00+00:00,173.6,177.37,172.78,176.96,2959.1918287
2025-05-22 04:00:00+00:00,177.08,178.64,175.36,178.64,4801.42134151
2025-05-22 08:00:00+00:00,178.74,180.72,177.1,178.37,1475.35902384
2025-05-22 12:00:00+00:00,178.41,179.75,177.15,178.78,1946.03752248
2025-05-22 16:00:00+00:00,178.92,180.21,177.48,177.56,441.15595047
2025-05-22 20:00:00+00:00,177.8,179.72,177.18,179.46,450.58974870000003
2025-05-23 00:00:00+00:00,179.5,185.21,179.31,185.11,2485.76016929
2025-05-23 04:00:00+00:00,184.9,184.9,179.95,182.37,807.52420379
2025-05-23 08:00:00+00:00,182.58,187.4,177.18,177.26,3591.76577502
2025-05-23 12:00:00+00:00,177.08,183.57,173.18,180.54,7957.79173048
2025-05-23 16:00:00+00:00,180.69,181.92,178.29,178.98,14096.87508083
2025-05-23 20:00:00+00:00,179.11,179.13,173.28,173.76,1661.76336187
2025-05-24 00:00:00+00:00,173.79,175.78,172.51,174.73,853.1929689
2025-05-24 04:00:00+00:00,174.42,176.05,173.43,173.75,3806.28622633
2025-05-24 08:00:00+00:00,174.14,178.29,172.95,176.91,1398.15846029
2025-05-24 12:00:00+00:00,176.84,176.87,175.0,176.11,3535.08063652
2025-05-24 16:00:00+00:00,176.22,177.55,175.2,176.86,3054.67994798
2025-05-24 20:00:00+00:00,176.96,177.5,175.19,175.56,1288.09140374
2025-05-25 00:00:00+00:00,175.59,176.46,170.18,173.58,2958.41352587
2025-05-25 04:00:00+00:00,173.02,174.02,171.66,172.04,537.61634777
2025-05-25 08:00:00+00:00,172.06,172.07,169.77,171.33,679.51018975
2025-05-25 12:00:00+00:00,171.73,172.2,169.0,169.89,1372.7978278799999
2025-05-25 16:00:00+00:00,169.43,172.67,169.06,172.44,1409.25393258
2025-05-25 20:00:00+00:00,172.3,175.67,171.11,175.49,1677.80789907
2025-05-26 00:00:00+00:00,175.65,177.45,174.98,176.68,1640.16304194
2025-05-26 04:00:00+00:00,176.81,178.77,176.43,178.01,1896.93668191
2025-05-26 08:00:00+00:00,178.01,178.2,176.4,177.8,1165.11475645
2025-05-26 12:00:00+00:00,177.54,178.67,176.05,177.74,1598.0089248
2025-05-26 16:00:00+00:00,177.75,177.98,173.47,174.13,10682.21305846
2025-05-26 20:00:00+00:00,173.9,176.06,173.9,174.68,941.20813877
2025-05-27 00:00:00+00:00,175.0,175.52,171.55,174.02,667.84030139
2025-05-27 04:00:00+00:00,173.65,175.65,172.49,175.3,969.70242202
2025-05-27 08:00:00+00:00,175.57,177.06,175.09,176.66,961.6382313
2025-05-27 12:00:00+00:00,176.86,179.18,175.13,178.32,11466.66359366
2025-05-27 16:00:00+00:00,178.26,179.13,177.42,177.43,714.12593581
2025-05-27 20:00:00+00:00,177.22,178.27,175.55,176.62,1606.95720412
2025-05-28 00:00:00+00:00,176.61,177.26,174.2,175.09,1652.64166495
2025-05-28 04:00:00+00:00,174.86,175.13,173.49,174.11,1140.65760508
2025-05-28 08:00:00+00:00,174.01,174.29,172.85,174.01,2202.8355404
2025-05-28 12:00:00+00:00,174.36,174.88,168.82,169.61,7748.61747583
2025-05-28 16:00:00+00:00,169.79,171.92,169.14,169.16,535.08130228
2025-05-28 20:00:00+00:00,169.23,172.24,169.23,172.13,572.31608869
2025-05-29 00:00:00+00:00,171.93,175.23,171.26,173.54,2150.24568874
2025-05-29 04:00:00+00:00,173.77,173.83,170.22,172.4,1255.9268648
2025-05-29 08:00:00+00:00,172.23,173.27,171.79,172.81,1240.00032125
2025-05-29 12:00:00+00:00,172.71,172.71,169.12,170.13,1859.82995428
2025-05-29 16:00:00+00:00,169.7,170.27,166.14,166.99,8756.47102788
2025-05-29 20:00:00+00:00,166.7,168.24,166.05,166.57,1230.53923129
2025-05-30 00:00:00+00:00,166.62,167.29,160.14,165.02,4864.72297836
2025-05-30 04:00:00+00:00,164.91,165.73,162.66,162.99,688.76313087
2025-05-30 08:00:00+00:00,162.57,164.13,161.38,163.78,3194.06398262
2025-05-30 12:00:00+00:00,163.82,163.83,160.12,161.08,8443.98006512
2025-05-30 16:00:00+00:00,160.68,161.66,156.2,160.99,5593.79444422
2025-05-30 20:00:00+00:00,160.71,160.89,155.33,156.0,1813.57200385
2025-05-31 00:00:00+00:00,156.64,157.18,152.22,154.11,2071.22521499
2025-05-31 04:00:00+00:00,153.89,155.71,153.14,155.16,393.94064894
2025-05-31 08:00:00+00:00,154.93,155.27,152.8,153.03,1130.24743469
2025-05-31 12:00:00+00:00,152.91,156.83,152.91,155.65,951.53908352
2025-05-31 16:00:00+00:00,155.63,157.86,155.63,157.52,770.49879533
2025-05-31 20:00:00+00:00,157.34,157.96,156.42,156.42,673.92024517
2025-06-01 00:00:00+00:00,156.42,156.56,153.62,154.77,663.21320787
2025-06-01 04:00:00+00:00,154.66,155.96,154.3,154.3,152.51076756
2025-06-01 08:00:00+00:00,154.18,154.18,150.71,152.23,1269.36044954
2025-06-01 12:00:00+00:00,151.68,154.5,150.7,154.24,504.35753143
2025-06-01 16:00:00+00:00,154.21,156.67,153.57,155.87,1857.43145712
2025-06-01 20:00:00+00:00,155.36,157.86,155.22,157.65,277.10082996
2025-06-02 00:00:00+00:00,157.48,158.82,155.61,156.16,628.03595056
2025-06-02 04:00:00+00:00,155.5,156.71,154.89,155.47,433.19371506
2025-06-02 08:00:00+00:00,155.65,156.42,153.07,153.5,1479.11791126
2025-06-02 12:00:00+00:00,153.42,154.43,151.82,153.11,2681.68057451
2025-06-02 16:00:00+00:00,153.2,155.1,151.88,152.72,1715.41592949
2025-06-02 20:00:00+00:00,153.02,157.15,153.02,156.96,886.5609217699999
2025-06-03 00:00:00+00:00,156.79,162.19,156.58,159.39,2955.73150286
2025-06-03 04:00:00+00:00,159.0,160.1,158.27,159.94,246.47841689
2025-06-03 08:00:00+00:00,159.61,161.52,158.24,160.63,479.85702476
2025-06-03 12:00:00+00:00,160.5,163.38,159.5,162.17,5969.21225741
2025-06-03 16:00:00+00:00,161.71,161.86,160.17,160.61,1737.93281308
2025-06-03 20:00:00+00:00,160.56,160.56,154.17,155.26,1907.22464915
2025-06-04 00:00:00+00:00,155.17,157.51,154.16,156.98,1192.87432567
2025-06-04 04:00:00+00:00,156.55,156.94,155.72,156.35,811.15926843
2025-06-04 08:00:00+00:00,156.4,157.79,155.59,156.02,1661.66677995
2025-06-04 12:00:00+00:00,156.15,157.86,154.61,156.98,4006.38476904
2025-06-04 16:00:00+00:00,156.86,157.34,155.15,155.51,688.40723948
2025-06-04 20:00:00+00:00,155.17,155.35,152.86,153.04,819.72909088
2025-06-05 00:00:00+00:00,153.37,154.29,152.93,153.71,429.24563868
2025-06-05 04:00:00+00:00,153.47,153.83,151.93,152.38,2751.83811136
2025-06-05 08:00:00+00:00,152.56,152.9,151.3,152.29,1583.49014385
2025-06-05 12:00:00+00:00,152.1,154.29,148.62,151.0,8403.44258077
2025-06-05 16:00:00+00:00,150.94,151.04,144.39,146.3,6418.26224856
2025-06-05 20:00:00+00:00,146.25,146.71,141.78,144.75,6725.5292354
2025-06-06 00:00:00+00:00,144.48,147.02,144.48,147.02,881.74523518
2025-06-06 04:00:00+00:00,147.13,148.41,147.02,147.58,1021.01056682
2025-06-06 08:00:00+00:00,147.5,149.76,147.5,149.5,1620.92373374
2025-06-06 12:00:00+00:00,149.57,152.49,149.57,151.09,1253.77926664
2025-06-06 16:00:00+00:00,151.19,151.59,148.68,149.3,836.7459496
2025-06-06 20:00:00+00:00,148.97,150.05,147.9,147.9,250.68641181
2025-06-07 00:00:00+00:00,147.89,149.8,147.15,149.8,406.05657895
2025-06-07 04:00:00+00:00,149.58,152.94,149.24,152.37,944.29135555
2025-06-07 08:00:00+00:00,152.74,152.79,151.43,151.64,224.82745137
2025-06-07 12:00:00+00:00,151.65,152.55,150.99,151.04,269.79724902
2025-06-07 16:00:00+00:00,151.6,151.6,150.37,150.81,824.75596645
2025-06-07 20:00:00+00:00,150.79,151.61,150.03,150.28,283.84973799
2025-06-08 00:00:00+00:00,150.09,150.42,149.3,150.21,368.20423654
2025-06-08 04:00:00+00:00,150.05,150.57,149.31,149.32,332.91944262
2025-06-08 08:00:00+00:00,149.52,149.74,147.92,149.66,863.46399863
2025-06-08 12:00:00+00:00,149.8,151.32,149.34,150.82,961.1030937200001
2025-06-08 16:00:00+00:00,150.9,154.68,150.9,154.54,1125.52064608
2025-06-08 20:00:00+00:00,154.75,155.46,152.32,152.32,918.93351011
2025-06-09 00:00:00+00:00,152.71,153.2,151.0,151.59,114.00343787999999
2025-06-09 04:00:00+00:00,151.78,151.99,149.79,150.97,382.65288738
2025-06-09 08:00:00+00:00,151.0,156.76,150.69,155.61,7885.6025914
2025-06-09 12:00:00+00:00,155.64,155.87,153.24,155.45,7970.94712485
2025-06-09 16:00:00+00:00,155.2,156.98,155.13,155.95,2923.19919899
2025-06-09 20:00:00+00:00,155.96,161.69,155.96,161.14,3231.43742087
2025-06-10 00:00:00+00:00,161.04,161.83,158.78,159.34,2403.47290762
2025-06-10 04:00:00+00:00,159.34,159.42,157.46,158.36,1710.36333932
2025-06-10 08:00:00+00:00,158.74,161.15,157.26,161.15,505.90893351
2025-06-10 12:00:00+00:00,161.25,161.84,156.28,158.03,4934.74594108
2025-06-10 16:00:00+00:00,158.33,165.36,157.19,163.4,5289.66122089
2025-06-10 20:00:00+00:00,163.51,165.44,162.89,164.97,1876.16127312
2025-06-11 00:00:00+00:00,164.86,167.25,163.39,166.55,2187.90052195
2025-06-11 04:00:00+00:00,166.52,166.79,164.4,166.65,456.18015524
2025-06-11 08:00:00+00:00,166.84,166.87,164.05,164.48,2213.59136237
2025-06-11 12:00:00+00:00,164.48,168.16,163.44,167.16,6548.64350209
2025-06-11 16:00:00+00:00,167.21,167.27,162.45,162.48,2347.4499323
2025-06-11 20:00:00+00:00,162.43,163.82,159.09,160.96,4340.9803356
2025-06-12 00:00:00+00:00,160.75,161.19,159.29,160.12,1992.17021131
2025-06-12 04:00:00+00:00,159.87,160.35,158.27,158.8,434.77463549
2025-06-12 08:00:00+00:00,158.87,159.83,157.48,157.66,721.81994786
2025-06-12 12:00:00+00:00,157.78,160.48,156.61,157.07,2863.42753405
2025-06-12 16:00:00+00:00,157.27,160.46,154.59,154.86,3826.58279759
2025-06-12 20:00:00+00:00,154.67,155.27,152.1,152.71,1602.53946877
2025-06-13 00:00:00+00:00,152.09,152.09,140.9,145.3,7537.16216672
2025-06-13 04:00:00+00:00,144.8,145.22,142.59,144.95,3771.30380096
2025-06-13 08:00:00+00:00,145.0,146.39,143.6,145.28,48568.85602389
2025-06-13 12:00:00+00:00,145.18,147.61,143.9,146.84,2218.96887367
2025-06-13 16:00:00+00:00,147.66,148.47,144.3,145.1,1137.82210145
2025-06-13 20:00:00+00:00,145.23,148.92,144.9,148.65,2448.96627546
2025-06-14 00:00:00+00:00,148.37,148.73,146.62,146.73,982.40888428
2025-06-14 04:00:00+00:00,146.81,147.24,145.69,146.32,618.32314056
2025-06-14 08:00:00+00:00,146.22,146.22,145.04,145.75,1227.78017634
2025-06-14 12:00:00+00:00,145.85,146.0,144.12,144.68,973.5039329800001
2025-06-14 16:00:00+00:00,144.63,145.18,143.1,143.69,629.65851931
2025-06-14 20:00:00+00:00,143.61,145.18,142.19,144.84,1435.57783506
2025-06-15 00:00:00+00:00,144.9,146.21,144.84,145.97,1724.21218233
2025-06-15 04:00:00+00:00,145.99,148.35,145.99,146.11,925.11836327
2025-06-15 08:00:00+00:00,146.15,146.89,144.46,146.49,1397.99027505
2025-06-15 12:00:00+00:00,146.49,153.13,146.49,151.01,9981.10227954
2025-06-15 16:00:00+00:00,151.15,153.68,150.45,152.31,1250.65722567
2025-06-15 20:00:00+00:00,152.22,153.15,148.47,153.15,2388.64276392
2025-06-16 00:00:00+00:00,153.11,157.52,151.33,155.88,1333.27017552
2025-06-16 04:00:00+00:00,155.81,158.07,155.75,157.21,715.67541353
2025-06-16 08:00:00+00:00,157.43,157.44,155.06,156.66,2757.52602634
2025-06-16 12:00:00+00:00,156.83,157.8,154.57,156.58,4420.22910445
2025-06-16 16:00:00+00:00,157.48,158.82,157.09,157.42,565.02273866
2025-06-16 20:00:00+00:00,157.95,157.95,150.53,150.83,4782.36676606
2025-06-17 00:00:00+00:00,150.38,153.96,147.73,153.27,1854.0080872
2025-06-17 04:00:00+00:00,153.51,154.33,152.54,152.76,1539.64213155
2025-06-17 08:00:00+00:00,152.7,152.78,150.29,150.57,2108.26612242
2025-06-17 12:00:00+00:00,150.36,151.46,146.57,147.67,1474.25186936
2025-06-17 16:00:00+00:00,147.67,150.48,145.84,148.83,3069.72159928
2025-06-17 20:00:00+00:00,148.92,149.27,146.57,147.87,2351.3582365800003
2025-06-18 00:00:00+00:00,147.83,149.27,146.81,148.56,845.0659275099999
2025-06-18 04:00:00+00:00,148.48,149.39,147.05,147.94,862.77588755
2025-06-18 08:00:00+00:00,148.16,148.47,145.55,146.5,934.59674301
2025-06-18 12:00:00+00:00,146.57,146.89,144.08,145.89,2810.2260285
2025-06-18 16:00:00+00:00,145.8,146.61,143.88,144.89,2240.09932519
2025-06-18 20:00:00+00:00,145.02,147.98,144.19,146.6,826.2110017
2025-06-19 00:00:00+00:00,146.6,147.96,145.21,146.76,908.14867334
2025-06-19 04:00:00+00:00,146.33,147.19,145.21,145.21,361.90188408
2025-06-19 08:00:00+00:00,145.52,146.52,145.01,145.3,207.32359808
2025-06-19 12:00:00+00:00,145.0,145.49,143.1,143.44,1429.64348433
2025-06-19 16:00:00+00:00,143.45,146.16,143.44,145.66,1112.22089143
2025-06-19 20:00:00+00:00,145.96,147.5,145.24,147.19,911.95695251
2025-06-20 00:00:00+00:00,147.16,147.62,145.62,145.62,254.8837609
2025-06-20 04:00:00+00:00,145.59,147.8,144.51,147.58,1346.99419714
2025-06-20 08:00:00+00:00,147.52,148.78,147.2,148.47,1754.82809385
2025-06-20 12:00:00+00:00,148.16,148.16,142.55,142.87,2785.61648094
2025-06-20 16:00:00+00:00,142.94,142.94,135.83,139.95,5687.4860337
2025-06-20 20:00:00+00:00,139.95,141.75,138.81,140.22,7672.37243843
2025-06-21 00:00:00+00:00,140.12,141.4,139.7,140.95,450.0500257
2025-06-21 04:00:00+00:00,140.9,140.97,140.07,140.76,2057.73012022
2025-06-21 08:00:00+00:00,141.04,142.74,140.6,142.48,401.39398774
2025-06-21 12:00:00+00:00,142.42,142.42,139.35,140.4,1271.54940191
2025-06-21 16:00:00+00:00,140.31,141.17,137.39,137.41,1141.35425707
2025-06-21 20:00:00+00:00,137.53,138.93,131.2,135.48,10042.35495365
2025-06-22 00:00:00+00:00,135.85,137.65,133.47,135.18,1821.58881554
2025-06-22 04:00:00+00:00,135.36,136.55,134.77,134.82,3001.8866644
2025-06-22 08:00:00+00:00,135.0,135.41,132.24,132.81,3503.3555691
2025-06-22 12:00:00+00:00,133.36,133.9,126.76,128.76,9750.15742269
2025-06-22 16:00:00+00:00,129.12,131.43,128.6,129.35,2202.24094967
2025-06-22 20:00:00+00:00,129.47,132.81,126.29,131.82,7337.3357492
2025-06-23 00:00:00+00:00,131.92,133.72,131.84,132.74,5961.15027209
2025-06-23 04:00:00+00:00,132.89,135.13,132.89,134.56,2404.38503722
2025-06-23 08:00:00+00:00,134.71,135.07,133.42,134.44,597.3879009
2025-06-23 12:00:00+00:00,134.24,137.68,133.14,133.75,10401.86616561
2025-06-23 16:00:00+00:00,133.74,140.29,130.92,140.07,22341.99469829
2025-06-23 20:00:00+00:00,139.99,147.06,139.52,144.7,3727.2669445
2025-06-24 00:00:00+00:00,144.84,144.92,142.59,143.56,1078.33782883
2025-06-24 04:00:00+00:00,143.42,146.89,143.33,144.06,2268.28997736
2025-06-24 08:00:00+00:00,144.34,145.7,143.19,144.76,639.58688138
2025-06-24 12:00:00+00:00,144.81,145.75,143.63,144.34,980.52033413
2025-06-24 16:00:00+00:00,144.56,146.65,142.93,143.7,707.03926078
2025-06-24 20:00:00+00:00,143.82,146.02,143.82,146.02,289.63743688
2025-06-25 00:00:00+00:00,145.81,147.02,145.33,145.73,626.55731975
2025-06-25 04:00:00+00:00,145.62,147.47,145.19,147.09,489.15331229000003
2025-06-25 08:00:00+00:00,146.73,146.77,145.06,146.36,421.84824864
2025-06-25 12:00:00+00:00,145.82,147.81,143.24,143.71,8593.35535029
2025-06-25 16:00:00+00:00,143.67,144.63,142.89,144.59,4570.80815065
2025-06-25 20:00:00+00:00,144.68,145.44,142.35,143.53,753.91003172
2025-06-26 00:00:00+00:00,143.56,148.0,143.47,145.83,1655.75245915
2025-06-26 04:00:00+00:00,145.85,145.98,144.1,145.21,1179.27259631
2025-06-26 08:00:00+00:00,145.27,145.64,143.22,143.69,4404.01992367
2025-06-26 12:00:00+00:00,143.67,143.94,141.55,143.09,1507.51256627
2025-06-26 16:00:00+00:00,143.13,143.18,141.06,142.29,562.06114883
2025-06-26 20:00:00+00:00,142.28,143.92,138.72,139.07,1779.82217747
2025-06-27 00:00:00+00:00,139.02,141.58,137.28,141.46,3544.0558277
2025-06-27 04:00:00+00:00,141.45,142.2,140.27,140.38,899.1952062
2025-06-27 08:00:00+00:00,140.39,142.78,140.39,142.19,6229.51933928
2025-06-27 12:00:00+00:00,142.21,143.85,141.17,143.54,2994.4427868000002
2025-06-27 16:00:00+00:00,143.63,144.67,140.21,141.85,4280.63457328
2025-06-27 20:00:00+00:00,141.82,143.28,141.65,142.18,248.91246618
2025-06-28 00:00:00+00:00,142.12,143.5,141.27,143.46,4508.02202036
2025-06-28 04:00:00+00:00,143.4,146.68,143.21,146.58,1087.09862081
2025-06-28 08:00:00+00:00,146.64,147.57,145.65,147.18,1835.5353044400001
2025-06-28 12:00:00+00:00,147.17,148.63,146.01,148.15,2307.26359703
2025-06-28 16:00:00+00:00,148.15,152.66,148.1,150.7,9358.7810812
2025-06-28 20:00:00+00:00,150.77,151.33,150.05,150.81,1260.39714877
2025-06-29 00:00:00+00:00,150.88,151.02,149.52,149.63,589.59940347
2025-06-29 04:00:00+00:00,149.53,150.29,149.41,150.2,123.78259681
2025-06-29 08:00:00+00:00,150.36,152.15,150.06,151.68,1709.93723221
2025-06-29 12:00:00+00:00,151.61,152.49,150.74,150.86,1546.06600881
2025-06-29 16:00:00+00:00,150.85,152.18,149.8,151.16,538.87502852
2025-06-29 20:00:00+00:00,151.19,154.7,150.31,153.36,4746.68357837
2025-06-30 00:00:00+00:00,153.37,154.08,151.39,151.86,2300.61224022
2025-06-30 04:00:00+00:00,151.85,151.95,149.73,150.64,2421.4514935
2025-06-30 08:00:00+00:00,150.63,150.97,149.53,150.4,601.82827994
2025-06-30 12:00:00+00:00,150.4,160.1,149.83,157.96,7736.26318843
2025-06-30 16:00:00+00:00,158.03,158.62,155.55,158.0,3759.97379723
2025-06-30 20:00:00+00:00,157.97,157.97,154.8,154.99,1310.68291973
2025-07-01 00:00:00+00:00,155.06,155.82,153.35,154.03,1358.76584439
2025-07-01 04:00:00+00:00,154.03,154.03,149.16,150.35,1971.09407068
2025-07-01 08:00:00+00:00,150.34,150.34,148.63,149.02,2405.91129374
2025-07-01 12:00:00+00:00,149.05,149.44,146.61,147.55,3306.72757521
2025-07-01 16:00:00+00:00,147.53,148.63,145.68,145.85,1476.41220686
2025-07-01 20:00:00+00:00,145.79,147.27,145.18,147.17,744.14980417
2025-07-02 00:00:00+00:00,147.16,149.44,146.17,149.16,243.53340668
2025-07-02 04:00:00+00:00,149.16,150.15,148.65,149.37,334.67427998
2025-07-02 08:00:00+00:00,149.38,150.18,148.74,148.8,361.49810824
2025-07-02 12:00:00+00:00,148.8,151.75,147.46,151.5,3686.57666479
2025-07-02 16:00:00+00:00,151.57,153.81,150.66,153.3,5803.38827149
2025-07-02 20:00:00+00:00,153.32,154.64,152.22,152.5,1215.46911593
2025-07-03 00:00:00+00:00,152.53,154.28,152.1,153.7,444.81938861
2025-07-03 04:00:00+00:00,153.71,156.11,153.5,155.88,2025.93727782
2025-07-03 08:00:00+00:00,155.88,156.52,154.5,154.87,941.9212296
2025-07-03 12:00:00+00:00,154.77,155.65,150.1,150.39,2639.05686944
2025-07-03 16:00:00+00:00,150.37,152.17,150.3,152.06,714.38207988
2025-07-03 20:00:00+00:00,152.07,153.42,152.07,152.56,347.2554199
2025-07-04 00:00:00+00:00,152.57,153.32,151.22,151.96,342.09945874
2025-07-04 04:00:00+00:00,151.96,153.98,150.57,150.76,2522.32647867
2025-07-04 08:00:00+00:00,150.67,151.1,149.28,150.44,317.89134395
2025-07-04 12:00:00+00:00,150.43,151.35,146.55,146.83,9610.90038022
2025-07-04 16:00:00+00:00,146.86,147.17,145.5,146.95,390.69294333
2025-07-04 20:00:00+00:00,146.89,148.55,146.69,147.94,794.27121443
2025-07-05 00:00:00+00:00,147.88,148.59,147.42,147.91,341.31215506
2025-07-05 04:00:00+00:00,147.96,148.63,146.94,148.02,489.21720204999997
2025-07-05 08:00:00+00:00,148.03,148.73,147.11,148.43,1938.46124453
2025-07-05 12:00:00+00:00,148.45,148.84,147.3,147.3,857.70671987
2025-07-05 16:00:00+00:00,147.29,147.41,146.14,147.08,2409.62905095
2025-07-05 20:00:00+00:00,147.08,148.13,146.68,147.74,1604.39072942
2025-07-06 00:00:00+00:00,147.73,147.84,147.07,147.5,357.66775983
2025-07-06 04:00:00+00:00,147.5,148.62,147.3,148.08,756.64907697
2025-07-06 08:00:00+00:00,148.09,148.15,147.0,148.15,2031.88211936
2025-07-06 12:00:00+00:00,148.15,152.15,148.13,151.66,4383.31749147
2025-07-06 16:00:00+00:00,151.69,153.28,150.88,151.42,1772.94246788
2025-07-06 20:00:00+00:00,151.48,154.0,151.48,152.11,2714.3187854
2025-07-07 00:00:00+00:00,152.12,153.04,150.47,152.13,274.18907824
2025-07-07 04:00:00+00:00,152.13,152.6,151.12,152.54,286.29083341
2025-07-07 08:00:00+00:00,152.54,153.71,152.03,153.09,619.44274937
2025-07-07 12:00:00+00:00,153.04,153.52,151.23,151.34,2143.56072695
2025-07-07 16:00:00+00:00,151.34,151.71,148.94,149.24,2184.12160782
2025-07-07 20:00:00+00:00,149.19,149.19,147.91,149.06,206.35424675000002
2025-07-08 00:00:00+00:00,149.06,150.22,148.12,148.89,3835.28542758
2025-07-08 04:00:00+00:00,148.88,149.91,148.47,149.81,651.82001026
2025-07-08 08:00:00+00:00,149.81,151.81,149.8,151.52,4282.0000852
2025-07-08 12:00:00+00:00,151.5,153.0,150.01,150.03,5139.84278546
2025-07-08 16:00:00+00:00,150.04,152.97,149.59,151.79,4671.33705071
2025-07-08 20:00:00+00:00,151.8,152.04,150.18,151.77,4830.63574864
2025-07-09 00:00:00+00:00,151.82,152.46,151.31,151.5,3748.00030481
2025-07-09 04:00:00+00:00,151.52,154.0,150.81,153.16,2372.75781015
2025-07-09 08:00:00+00:00,153.18,154.51,152.55,153.93,694.25164436
2025-07-09 12:00:00+00:00,153.93,155.72,153.05,154.21,1996.28378126
2025-07-09 16:00:00+00:00,154.21,157.8,153.47,157.37,3361.42687647
2025-07-09 20:00:00+00:00,157.38,158.03,155.62,157.28,1193.84061478
2025-07-10 00:00:00+00:00,157.27,159.49,156.15,157.49,1035.8803983
2025-07-10 04:00:00+00:00,157.52,158.74,156.91,158.1,583.6330837
2025-07-10 08:00:00+00:00,158.1,159.35,157.49,157.81,1009.11461663
2025-07-10 12:00:00+00:00,157.81,158.59,155.94,156.66,966.33920405
2025-07-10 16:00:00+00:00,156.66,161.0,156.43,159.37,10375.1654222
2025-07-10 20:00:00+00:00,159.36,165.25,159.26,164.2,3908.11978744
2025-07-11 00:00:00+00:00,164.25,165.27,162.16,165.22,1168.74233302
2025-07-11 04:00:00+00:00,165.17,166.63,163.06,163.12,1868.55629071
2025-07-11 08:00:00+00:00,163.22,165.06,163.22,163.85,629.66912852
2025-07-11 12:00:00+00:00,163.86,168.19,161.85,162.27,4062.31966487
2025-07-11 16:00:00+00:00,162.34,164.71,161.35,164.24,1395.70029801
2025-07-11 20:00:00+00:00,164.38,164.39,159.38,162.68,724.61077385
2025-07-12 00:00:00+00:00,162.72,163.65,161.69,163.18,206.30015666
2025-07-12 04:00:00+00:00,163.22,163.48,161.88,162.98,350.78824615999997
2025-07-12 08:00:00+00:00,163.02,163.13,161.21,161.21,983.10221352
2025-07-12 12:00:00+00:00,161.23,161.44,157.56,157.9,4567.98661653
2025-07-12 16:00:00+00:00,157.93,160.57,157.78,160.51,1147.66461804
2025-07-12 20:00:00+00:00,160.53,160.79,158.91,160.47,1488.87149368
2025-07-13 00:00:00+00:00,160.52,161.58,160.14,161.08,196.51019325
2025-07-13 04:00:00+00:00,161.08,162.4,160.98,162.4,1213.08929692
2025-07-13 08:00:00+00:00,162.43,162.47,161.42,161.78,731.58492583
2025-07-13 12:00:00+00:00,161.77,163.86,161.7,161.87,915.37173727
2025-07-13 16:00:00+00:00,161.87,163.19,160.45,162.37,670.75268987
2025-07-13 20:00:00+00:00,162.37,162.79,159.51,160.93,828.06198745
2025-07-14 00:00:00+00:00,160.93,167.93,160.56,166.93,890.98644066
2025-07-14 04:00:00+00:00,166.92,168.53,165.32,167.2,6568.38405753
2025-07-14 08:00:00+00:00,167.24,167.96,166.02,166.56,4851.2589331399995
2025-07-14 12:00:00+00:00,166.46,168.45,163.0,163.81,5456.146652
2025-07-14 16:00:00+00:00,163.84,165.2,162.46,164.19,1555.35295072
2025-07-14 20:00:00+00:00,164.12,164.12,161.78,162.26,611.70948346
2025-07-15 00:00:00+00:00,162.25,162.78,158.22,159.14,1508.47382094
2025-07-15 04:00:00+00:00,159.13,160.84,158.37,159.62,1130.49746056
2025-07-15 08:00:00+00:00,159.61,160.22,158.56,160.02,752.48337156
2025-07-15 12:00:00+00:00,160.01,162.28,157.39,160.54,4468.16493069
2025-07-15 16:00:00+00:00,160.63,163.76,160.16,160.32,1432.29680963
2025-07-15 20:00:00+00:00,160.45,164.37,159.97,164.1,296.53339469
2025-07-16 00:00:00+00:00,164.12,165.36,161.83,162.72,2080.60357291
2025-07-16 04:00:00+00:00,162.71,164.81,162.09,164.03,1350.71905032
2025-07-16 08:00:00+00:00,164.32,167.58,164.04,166.7,2709.24890424
2025-07-16 12:00:00+00:00,166.7,168.82,165.62,168.46,4396.83021224
2025-07-16 16:00:00+00:00,168.56,174.65,168.56,174.43,6777.1691101100005
2025-07-16 20:00:00+00:00,174.23,176.02,172.48,173.74,2149.74876429
2025-07-17 00:00:00+00:00,173.81,174.83,168.79,169.58,3747.33903812
2025-07-17 04:00:00+00:00,169.58,174.03,169.33,173.95,1094.3220187699999
2025-07-17 08:00:00+00:00,174.05,178.07,172.74,176.17,2752.15015048
2025-07-17 12:00:00+00:00,176.29,177.47,172.76,174.15,2324.40085668
2025-07-17 16:00:00+00:00,174.13,175.46,171.29,173.09,3593.74820117
2025-07-17 20:00:00+00:00,173.23,177.48,171.55,175.89,3358.75565879
2025-07-18 00:00:00+00:00,175.9,181.26,175.38,180.9,5317.96903459
2025-07-18 04:00:00+00:00,180.91,184.78,180.11,181.1,6654.49173
2025-07-18 08:00:00+00:00,181.11,182.16,177.21,178.52,1853.44333998
2025-07-18 12:00:00+00:00,178.55,182.12,175.1,177.15,14884.35386592
2025-07-18 16:00:00+00:00,177.17,179.21,176.27,177.16,756.78989614
2025-07-18 20:00:00+00:00,177.13,177.61,173.44,177.39,3377.25547727
2025-07-19 00:00:00+00:00,177.39,177.74,174.1,177.51,1283.6811863
2025-07-19 04:00:00+00:00,177.51,178.0,176.18,177.07,8270.8630342
2025-07-19 08:00:00+00:00,177.04,177.72,175.53,176.6,561.05266584
2025-07-19 12:00:00+00:00,176.6,177.77,174.9,177.34,1287.77216959
2025-07-19 16:00:00+00:00,177.34,178.04,176.18,176.98,772.39404345
2025-07-19 20:00:00+00:00,177.0,178.51,175.16,177.01,665.55838385
2025-07-20 00:00:00+00:00,177.03,180.63,176.44,178.09,7872.60402798
2025-07-20 04:00:00+00:00,178.09,178.67,177.1,177.93,401.82244807
2025-07-20 08:00:00+00:00,178.03,181.76,178.03,180.38,6364.5220067
2025-07-20 12:00:00+00:00,180.33,183.06,179.97,181.91,8909.81169013
2025-07-20 16:00:00+00:00,181.91,183.55,180.26,182.01,1734.0363579
2025-07-20 20:00:00+00:00,182.02,182.24,177.9,181.47,1884.60447725
2025-07-21 00:00:00+00:00,181.44,186.94,178.33,186.69,13611.80247107
2025-07-21 04:00:00+00:00,186.71,190.94,185.13,190.03,6621.82598745
2025-07-21 08:00:00+00:00,190.01,192.91,189.8,191.4,14983.29715434
2025-07-21 12:00:00+00:00,191.4,199.27,190.05,196.78,12569.47461869
2025-07-21 16:00:00+00:00,196.8,197.27,193.14,194.62,4511.88190216
2025-07-21 20:00:00+00:00,194.61,197.6,193.67,195.64,1352.91497124
2025-07-22 00:00:00+00:00,195.64,204.54,193.92,200.0,9729.70832907
2025-07-22 04:00:00+00:00,200.12,201.11,194.08,198.03,5946.30379133
2025-07-22 08:00:00+00:00,197.95,200.09,194.28,199.99,4727.53852583
2025-07-22 12:00:00+00:00,199.98,205.0,197.06,201.85,22992.60705139
2025-07-22 16:00:00+00:00,201.81,204.12,198.56,199.01,2952.13899698
2025-07-22 20:00:00+00:00,198.93,206.26,198.46,205.73,2228.78363073
2025-07-23 00:00:00+00:00,205.71,205.71,201.04,201.37,1386.6797476
2025-07-23 04:00:00+00:00,201.38,202.25,199.01,199.54,838.07823336
2025-07-23 08:00:00+00:00,199.52,199.99,196.33,197.65,3001.83200316
2025-07-23 12:00:00+00:00,197.64,197.76,188.0,192.81,25138.45568374
2025-07-23 16:00:00+00:00,192.81,193.0,186.35,188.44,2090.33099676
2025-07-23 20:00:00+00:00,188.41,190.24,184.4,189.61,2209.04446001
2025-07-24 00:00:00+00:00,189.58,192.1,188.79,190.16,366.19168417000003
2025-07-24 04:00:00+00:00,190.29,190.35,179.49,184.35,2378.08862879
2025-07-24 08:00:00+00:00,184.34,187.16,183.33,186.68,3040.76931301
2025-07-24 12:00:00+00:00,186.68,191.86,183.71,188.67,4213.55990959
2025-07-24 16:00:00+00:00,188.71,190.12,185.2,188.25,2228.92582041
2025-07-24 20:00:00+00:00,188.17,189.13,182.3,182.93,3480.32148863
2025-07-25 00:00:00+00:00,182.88,183.54,175.86,177.86,8471.62169023
2025-07-25 04:00:00+00:00,177.8,179.85,176.01,177.71,2547.96581369
2025-07-25 08:00:00+00:00,177.62,182.14,177.13,181.32,2396.34124165
2025-07-25 12:00:00+00:00,181.42,181.96,176.42,178.34,1549.48836257
2025-07-25 16:00:00+00:00,178.32,182.96,177.65,182.44,706.38565957
2025-07-25 20:00:00+00:00,182.44,186.47,182.35,186.47,4550.64644398
2025-07-26 00:00:00+00:00,186.96,187.0,184.62,186.19,414.52809899
2025-07-26 04:00:00+00:00,186.18,187.19,185.88,186.62,252.63156573
2025-07-26 08:00:00+00:00,186.63,189.83,186.63,187.89,1433.49414644
2025-07-26 12:00:00+00:00,187.91,188.62,186.34,187.67,230.90349179
2025-07-26 16:00:00+00:00,187.68,187.92,185.31,186.65,383.3955628
2025-07-26 20:00:00+00:00,186.66,186.82,184.63,185.03,945.05998571
2025-07-27 00:00:00+00:00,185.04,187.7,184.8,187.4,694.51638134
2025-07-27 04:00:00+00:00,187.4,188.45,186.91,187.42,106.82212852
2025-07-27 08:00:00+00:00,187.43,188.62,186.44,187.16,4888.55748367
2025-07-27 12:00:00+00:00,187.15,187.4,185.19,186.62,744.24814439
2025-07-27 16:00:00+00:00,186.64,189.9,186.25,187.15,2099.172456
2025-07-27 20:00:00+00:00,187.15,190.81,186.77,188.86,882.39469519
2025-07-28 00:00:00+00:00,188.81,193.94,188.02,193.57,1840.54146599
2025-07-28 04:00:00+00:00,193.57,195.39,192.0,192.56,8973.550112160001
2025-07-28 08:00:00+00:00,192.56,193.54,190.97,192.2,1414.35858994
2025-07-28 12:00:00+00:00,192.2,193.57,186.94,187.49,2517.05316263
2025-07-28 16:00:00+00:00,187.49,188.09,183.8,185.52,1848.7760318599999
2025-07-28 20:00:00+00:00,185.55,185.75,182.52,183.29,2226.72653787
2025-07-29 00:00:00+00:00,183.25,185.0,181.13,184.66,1442.64674257
2025-07-29 04:00:00+00:00,184.65,186.75,183.62,186.21,590.13414746
2025-07-29 08:00:00+00:00,186.21,186.63,182.53,183.13,517.96914939
2025-07-29 12:00:00+00:00,183.1,185.03,179.56,181.07,2944.74856219
2025-07-29 16:00:00+00:00,181.07,182.73,178.63,181.42,3066.30282293
2025-07-29 20:00:00+00:00,181.4,182.18,179.57,181.71,898.92790433
2025-07-30 00:00:00+00:00,181.72,182.63,179.26,182.01,396.54226012
2025-07-30 04:00:00+00:00,181.98,182.69,179.69,181.05,384.59604769
2025-07-30 08:00:00+00:00,181.07,181.68,176.79,177.52,1985.67954052
2025-07-30 12:00:00+00:00,177.53,180.79,176.98,179.41,8159.74348717
2025-07-30 16:00:00+00:00,179.44,180.33,170.78,176.39,11048.33895831
2025-07-30 20:00:00+00:00,176.38,178.31,175.1,177.98,2513.97130469
2025-07-31 00:00:00+00:00,178.01,180.74,177.98,180.49,367.58319858
2025-07-31 04:00:00+00:00,180.49,181.84,180.17,181.51,9530.62876758
2025-07-31 08:00:00+00:00,181.51,182.84,180.49,180.96,4292.54033651
2025-07-31 12:00:00+00:00,180.96,181.04,175.55,177.74,7936.86653998
2025-07-31 16:00:00+00:00,177.56,179.9,175.0,175.51,7351.36371224
2025-07-31 20:00:00+00:00,175.51,175.83,171.75,172.2,3919.63816548
2025-08-01 00:00:00+00:00,172.36,172.4,167.71,171.41,40746.58425058
2025-08-01 04:00:00+00:00,171.41,171.41,168.34,169.61,2733.57541697
2025-08-01 08:00:00+00:00,169.55,169.55,166.57,169.41,4647.56000054
2025-08-01 12:00:00+00:00,169.35,170.5,164.79,168.71,7191.09827955
2025-08-01 16:00:00+00:00,168.71,169.87,165.26,166.55,3162.60788508
2025-08-01 20:00:00+00:00,166.53,166.85,159.43,162.96,7826.14051695
2025-08-02 00:00:00+00:00,162.94,165.2,162.81,164.58,2677.50887824
2025-08-02 04:00:00+00:00,164.58,165.5,162.21,164.76,1101.04529963
2025-08-02 08:00:00+00:00,164.73,165.39,162.58,164.92,4512.14076852
2025-08-02 12:00:00+00:00,164.84,165.09,161.31,161.82,4876.14196281
2025-08-02 16:00:00+00:00,161.85,162.42,156.12,157.75,5791.76510302
2025-08-02 20:00:00+00:00,157.75,159.93,157.42,158.8,999.71083284
2025-08-03 00:00:00+00:00,158.77,161.33,156.63,161.26,810.64885264
2025-08-03 04:00:00+00:00,161.25,161.87,160.33,161.63,340.942724
2025-08-03 08:00:00+00:00,161.64,163.22,161.04,161.81,3691.03189864
2025-08-03 12:00:00+00:00,161.81,162.59,160.78,162.4,1729.33096231
2025-08-03 16:00:00+00:00,162.38,162.99,161.51,161.88,1060.24068443
2025-08-03 20:00:00+00:00,161.94,163.32,161.06,162.18,7340.05959017
2025-08-04 00:00:00+00:00,162.18,165.17,161.64,163.34,11528.05704144
2025-08-04 04:00:00+00:00,163.3,163.62,161.6,163.33,659.86556036
2025-08-04 08:00:00+00:00,163.3,164.35,161.99,162.5,721.51756502
2025-08-04 12:00:00+00:00,162.56,167.0,162.42,165.7,7434.28946707
2025-08-04 16:00:00+00:00,165.7,169.91,165.25,165.79,1849.3136717099999
2025-08-04 20:00:00+00:00,165.77,169.85,165.49,169.73,1018.34545828
2025-08-05 00:00:00+00:00,169.74,170.02,167.8,168.12,1149.45867509
2025-08-05 04:00:00+00:00,168.07,169.3,166.03,166.34,864.22149389
2025-08-05 08:00:00+00:00,166.32,171.71,165.89,171.03,2284.00758583
2025-08-05 12:00:00+00:00,171.05,171.05,163.24,163.83,9732.17916024
2025-08-05 16:00:00+00:00,163.89,164.97,162.4,162.81,2707.18234056
2025-08-05 20:00:00+00:00,162.81,164.55,161.46,164.17,5604.99624577
2025-08-06 00:00:00+00:00,164.17,164.17,161.29,161.97,4431.94892101
2025-08-06 04:00:00+00:00,161.93,164.81,161.41,164.38,3809.89684825
2025-08-06 08:00:00+00:00,164.4,164.73,163.02,164.38,421.19179955
2025-08-06 12:00:00+00:00,164.4,169.63,162.87,169.36,4863.96667576
2025-08-06 16:00:00+00:00,169.33,170.09,167.57,168.85,6176.90108882
2025-08-06 20:00:00+00:00,169.12,169.12,167.65,168.35,407.95035939
2025-08-07 00:00:00+00:00,168.33,169.15,167.0,167.14,718.2523751
2025-08-07 04:00:00+00:00,167.1,170.51,167.08,170.21,7730.39087776
2025-08-07 08:00:00+00:00,170.22,173.59,169.32,173.06,14729.69168786
2025-08-07 12:00:00+00:00,173.08,173.3,169.97,170.65,3100.30896557
2025-08-07 16:00:00+00:00,170.65,172.01,167.24,171.96,6682.73365804
2025-08-07 20:00:00+00:00,171.98,175.62,171.81,175.62,2378.30417109
2025-08-08 00:00:00+00:00,175.61,175.97,173.34,174.78,68526.87697295
2025-08-08 04:00:00+00:00,174.79,178.02,173.98,177.32,9908.15474824
2025-08-08 08:00:00+00:00,177.35,178.13,175.22,177.93,8327.36209337
2025-08-08 12:00:00+00:00,177.91,179.24,174.42,175.42,5445.11465803
2025-08-08 16:00:00+00:00,175.51,179.75,175.45,178.51,5383.29992725
2025-08-08 20:00:00+00:00,178.65,178.92,176.81,176.91,2476.05355496
2025-08-09 00:00:00+00:00,176.92,179.0,176.92,177.41,422.0496653
2025-08-09 04:00:00+00:00,177.41,182.15,177.21,180.66,9502.99943336
2025-08-09 08:00:00+00:00,180.67,183.37,180.59,180.84,5787.94611731
2025-08-09 12:00:00+00:00,180.84,182.51,178.98,180.11,3737.54551695
2025-08-09 16:00:00+00:00,180.15,182.73,179.48,182.16,605.4380686
2025-08-09 20:00:00+00:00,182.16,183.46,179.84,180.06,1323.89133161
2025-08-10 00:00:00+00:00,180.07,185.93,179.99,185.02,2521.41754189
2025-08-10 04:00:00+00:00,185.01,186.19,178.0,179.07,8568.21701884
2025-08-10 08:00:00+00:00,179.04,181.09,177.7,180.05,7561.74476877
2025-08-10 12:00:00+00:00,180.09,182.42,178.78,181.77,5999.4836118700005
2025-08-10 16:00:00+00:00,181.72,183.41,181.46,183.02,1782.27055438
2025-08-10 20:00:00+00:00,183.06,184.0,181.37,182.91,4851.81574467
2025-08-11 00:00:00+00:00,182.89,185.86,181.44,185.28,5834.99354834
2025-08-11 04:00:00+00:00,185.28,186.76,183.03,183.11,2005.30854129
2025-08-11 08:00:00+00:00,183.09,184.62,178.46,179.21,7912.82535553
2025-08-11 12:00:00+00:00,179.2,180.5,177.45,180.16,15745.71171042
2025-08-11 16:00:00+00:00,180.2,181.79,175.79,176.86,11431.24731456
2025-08-11 20:00:00+00:00,176.77,176.94,173.67,175.02,7330.1914296
2025-08-12 00:00:00+00:00,175.01,176.82,174.92,175.68,1032.05424211
2025-08-12 04:00:00+00:00,175.67,176.69,173.69,175.96,6134.85828863
2025-08-12 08:00:00+00:00,175.98,176.53,173.83,175.34,2147.06930467
2025-08-12 12:00:00+00:00,175.34,182.0,174.91,181.77,9138.87778011
2025-08-12 16:00:00+00:00,181.76,191.07,180.89,190.74,23014.05938344
2025-08-12 20:00:00+00:00,190.69,193.62,189.71,191.66,6942.17195784
2025-08-13 00:00:00+00:00,191.58,199.2,191.4,197.58,7357.66184824
2025-08-13 04:00:00+00:00,197.57,199.74,195.0,198.36,13164.79931298
2025-08-13 08:00:00+00:00,198.43,202.32,197.48,200.74,7970.5180543
2025-08-13 12:00:00+00:00,200.74,204.44,194.31,197.26,6897.11770588
2025-08-13 16:00:00+00:00,197.27,201.99,196.97,201.99,4263.78713263
2025-08-13 20:00:00+00:00,202.0,202.74,199.77,202.7,2721.1360248
2025-08-14 00:00:00+00:00,201.3,208.78,199.8,207.69,10327.66977872
2025-08-14 04:00:00+00:00,207.65,209.49,204.0,205.59,12694.28635079
2025-08-14 08:00:00+00:00,205.64,205.78,201.78,203.47,6702.35459573
2025-08-14 12:00:00+00:00,203.45,205.14,187.0,194.9,39079.38767753
2025-08-14 16:00:00+00:00,194.85,195.54,190.49,193.0,7568.3352333699995
2025-08-14 20:00:00+00:00,192.98,193.29,187.77,192.67,1725.28944486
2025-08-15 00:00:00+00:00,192.67,195.78,192.25,195.41,14070.48158735
2025-08-15 04:00:00+00:00,195.4,198.23,194.67,197.15,1576.28117735
2025-08-15 08:00:00+00:00,197.15,197.73,193.94,194.5,2955.63475966
2025-08-15 12:00:00+00:00,194.49,196.11,184.69,185.84,16816.89355394
2025-08-15 16:00:00+00:00,185.8,187.07,183.68,184.17,5471.83932169
2025-08-15 20:00:00+00:00,184.17,188.6,183.68,186.09,1208.57165069
2025-08-16 00:00:00+00:00,186.05,188.59,185.67,187.38,2758.0063332199998
2025-08-16 04:00:00+00:00,187.39,189.88,186.48,189.35,919.38583158
2025-08-16 08:00:00+00:00,189.37,189.45,185.64,185.92,559.03550997
2025-08-16 12:00:00+00:00,185.98,189.66,185.45,188.99,1636.3455897
2025-08-16 16:00:00+00:00,188.96,189.59,187.39,188.99,939.45720003
2025-08-16 20:00:00+00:00,188.99,190.21,188.25,189.9,1394.87069256
2025-08-17 00:00:00+00:00,189.89,192.12,187.71,191.88,2856.97340829
2025-08-17 04:00:00+00:00,191.88,193.73,191.67,192.15,6691.20356208
2025-08-17 08:00:00+00:00,192.14,193.87,191.91,193.75,3211.7853280599998
2025-08-17 12:00:00+00:00,193.77,195.63,192.22,195.62,4427.70305973
2025-08-17 16:00:00+00:00,195.62,195.95,190.51,191.33,2837.93471755
2025-08-17 20:00:00+00:00,191.35,193.57,191.14,191.22,3583.29913645
2025-08-18 00:00:00+00:00,191.17,191.49,182.12,183.03,7080.31028831
2025-08-18 04:00:00+00:00,183.03,183.69,180.39,180.84,2927.74534207
2025-08-18 08:00:00+00:00,180.85,182.14,180.26,181.66,4054.93647781
2025-08-18 12:00:00+00:00,181.66,183.6,180.81,183.32,2474.68725803
2025-08-18 16:00:00+00:00,183.39,185.89,182.17,183.54,1031.03695092
2025-08-18 20:00:00+00:00,183.48,185.23,182.48,183.17,2298.410109
2025-08-19 00:00:00+00:00,183.17,186.08,178.64,178.85,4495.54783976
2025-08-19 04:00:00+00:00,178.83,180.87,177.76,180.36,3564.38121777
2025-08-19 08:00:00+00:00,180.37,182.96,179.48,182.9,2314.18190711
2025-08-19 12:00:00+00:00,182.89,183.5,177.83,178.25,6113.94446807
2025-08-19 16:00:00+00:00,178.25,179.07,176.15,177.09,4150.6213376
2025-08-19 20:00:00+00:00,177.09,179.83,176.27,176.52,1286.86999184
2025-08-20 00:00:00+00:00,176.54,181.76,176.52,180.94,638.81068186
2025-08-20 04:00:00+00:00,180.9,182.01,180.28,180.85,708.74782465
2025-08-20 08:00:00+00:00,180.83,182.46,178.6,180.52,1379.58549631
2025-08-20 12:00:00+00:00,180.67,185.26,177.82,183.24,5237.44943899
2025-08-20 16:00:00+00:00,183.32,188.22,182.97,187.92,6172.6959711399995
2025-08-20 20:00:00+00:00,188.14,188.22,186.14,188.22,4182.03930643
2025-08-21 00:00:00+00:00,188.21,190.35,185.97,188.79,4935.1500135
2025-08-21 04:00:00+00:00,188.79,188.95,186.31,187.27,331.08409677
2025-08-21 08:00:00+00:00,187.29,187.31,183.87,184.42,4620.56868859
2025-08-21 12:00:00+00:00,184.34,186.66,181.77,181.77,1469.10964175
2025-08-21 16:00:00+00:00,181.9,183.19,180.21,180.49,4477.16109373
2025-08-21 20:00:00+00:00,180.51,182.17,179.88,180.69,720.78430306
2025-08-22 00:00:00+00:00,180.69,183.85,180.42,182.17,660.90324713
2025-08-22 04:00:00+00:00,182.18,184.63,182.15,184.37,3164.96512104
2025-08-22 08:00:00+00:00,184.39,185.34,179.86,179.93,8391.6476395
2025-08-22 12:00:00+00:00,179.95,195.5,177.67,193.75,21560.48151848
2025-08-22 16:00:00+00:00,193.72,199.95,193.72,199.21,15818.09992567
2025-08-22 20:00:00+00:00,199.24,202.45,198.71,200.93,7561.84494834
2025-08-23 00:00:00+00:00,200.92,200.92,195.63,198.5,2939.0674504
2025-08-23 04:00:00+00:00,198.53,208.53,198.53,205.44,13686.53560034
2025-08-23 08:00:00+00:00,205.44,205.74,201.94,202.13,1900.66680762
2025-08-23 12:00:00+00:00,202.14,204.03,200.82,202.91,6089.20659797
2025-08-23 16:00:00+00:00,202.93,204.89,202.62,204.46,6933.62354819
2025-08-23 20:00:00+00:00,204.46,205.12,203.2,204.39,3093.91705125
2025-08-24 00:00:00+00:00,204.42,212.16,204.42,209.43,4134.7979382
2025-08-24 04:00:00+00:00,209.43,210.96,207.02,207.02,569.68380761
2025-08-24 08:00:00+00:00,207.06,209.28,203.99,204.89,5714.75300452
2025-08-24 12:00:00+00:00,204.89,209.4,203.77,206.04,4796.80874013
2025-08-24 16:00:00+00:00,205.97,212.21,201.88,205.16,10006.44903781
2025-08-24 20:00:00+00:00,205.27,207.39,201.48,206.28,6100.44320375
2025-08-25 00:00:00+00:00,206.3,213.7,202.68,209.45,6107.01261676
2025-08-25 04:00:00+00:00,209.65,209.96,199.06,200.09,5580.58150504
2025-08-25 08:00:00+00:00,200.09,200.99,195.36,197.87,11884.56015937
2025-08-25 12:00:00+00:00,197.82,199.93,196.05,196.87,11914.96939952
2025-08-25 16:00:00+00:00,196.9,198.67,191.53,191.8,6431.96250708
2025-08-25 20:00:00+00:00,191.79,192.43,185.93,187.57,8024.52279158
2025-08-26 00:00:00+00:00,187.54,189.62,185.93,187.18,6395.69923062
2025-08-26 04:00:00+00:00,187.18,190.16,187.18,189.19,2469.5184903
2025-08-26 08:00:00+00:00,189.21,190.58,187.08,188.24,2173.43710228
2025-08-26 12:00:00+00:00,188.25,192.74,187.59,191.18,4798.93135373
2025-08-26 16:00:00+00:00,191.19,197.78,191.0,197.75,2358.17218367
2025-08-26 20:00:00+00:00,197.69,198.41,195.89,196.2,1349.28142631
2025-08-27 00:00:00+00:00,196.2,203.09,194.25,202.21,2545.22914452
2025-08-27 04:00:00+00:00,202.39,206.0,201.34,202.7,3512.42402656
2025-08-27 08:00:00+00:00,202.72,205.72,201.96,205.5,1643.41142153
2025-08-27 12:00:00+00:00,205.48,209.45,203.16,209.09,7755.3671311
2025-08-27 16:00:00+00:00,209.22,212.34,206.37,206.67,11823.47502741
2025-08-27 20:00:00+00:00,206.76,209.57,202.98,203.13,6313.84286593
2025-08-28 00:00:00+00:00,203.23,208.59,202.19,208.56,804.82657941
2025-08-28 04:00:00+00:00,208.54,213.54,207.9,213.44,8455.95413238
2025-08-28 08:00:00+00:00,213.46,216.75,211.58,213.39,13797.9288393
2025-08-28 12:00:00+00:00,213.44,217.05,210.62,211.39,2854.9945994199998
2025-08-28 16:00:00+00:00,211.39,214.15,207.36,210.34,3203.12059465
2025-08-28 20:00:00+00:00,210.22,216.04,210.09,214.73,3249.02882635
2025-08-29 00:00:00+00:00,214.73,218.2,212.65,217.35,5483.37282248
2025-08-29 04:00:00+00:00,217.27,218.19,208.35,209.12,6192.86457529
2025-08-29 08:00:00+00:00,209.12,210.35,205.81,207.94,3614.95831091
2025-08-29 12:00:00+00:00,207.94,215.23,204.49,204.94,10463.53421506
2025-08-29 16:00:00+00:00,204.92,205.84,201.76,203.15,6989.18905237
2025-08-29 20:00:00+00:00,203.45,205.77,200.31,205.3,3012.20346396
2025-08-30 00:00:00+00:00,205.43,206.89,201.18,205.9,1535.83599681
2025-08-30 04:00:00+00:00,205.93,207.27,204.73,205.42,810.81429743
2025-08-30 08:00:00+00:00,205.35,205.8,202.1,202.98,3569.26040566
2025-08-30 12:00:00+00:00,202.98,202.98,197.82,201.35,3169.93467045
2025-08-30 16:00:00+00:00,201.34,201.96,200.14,201.56,1286.59258148
2025-08-30 20:00:00+00:00,201.59,203.66,200.12,203.07,1143.24839165
2025-08-31 00:00:00+00:00,203.07,206.93,203.07,205.8,6225.54706981
2025-08-31 04:00:00+00:00,205.82,205.87,203.16,203.89,638.54782746
2025-08-31 08:00:00+00:00,203.89,206.12,202.68,204.02,898.61428271
2025-08-31 12:00:00+00:00,203.97,205.1,201.87,204.89,2744.40220591
2025-08-31 16:00:00+00:00,204.88,206.28,204.03,204.91,1862.75654857
2025-08-31 20:00:00+00:00,204.94,205.97,200.7,200.99,968.51767618
2025-09-01 00:00:00+00:00,200.98,202.69,196.53,198.71,6175.59494297
2025-09-01 04:00:00+00:00,198.7,203.05,196.99,203.05,2703.06373118
2025-09-01 08:00:00+00:00,203.06,204.71,198.76,199.66,2725.19983908
2025-09-01 12:00:00+00:00,199.66,201.35,198.01,198.61,3291.58144869
2025-09-01 16:00:00+00:00,198.67,200.46,197.78,200.46,2986.51486343
2025-09-01 20:00:00+00:00,200.45,200.45,194.61,197.49,4549.17346769
2025-09-02 00:00:00+00:00,197.61,203.5,197.15,202.15,535.96817987
2025-09-02 04:00:00+00:00,202.17,204.72,201.78,202.4,5978.228195
2025-09-02 08:00:00+00:00,202.4,204.69,202.26,202.26,1249.41413453
2025-09-02 12:00:00+00:00,202.25,205.39,197.92,200.53,14712.88265588
2025-09-02 16:00:00+00:00,200.53,207.33,200.05,205.85,4553.18775469
2025-09-02 20:00:00+00:00,205.84,209.92,205.27,209.92,4443.68929287
2025-09-03 00:00:00+00:00,209.92,212.25,207.79,210.4,7495.957992
2025-09-03 04:00:00+00:00,210.39,210.71,208.29,209.61,1086.98742683
2025-09-03 08:00:00+00:00,209.66,211.59,208.46,210.79,2849.7489433
2025-09-03 12:00:00+00:00,210.79,213.26,209.28,211.79,1683.74443122
2025-09-03 16:00:00+00:00,211.77,212.19,209.17,210.68,774.07640309
2025-09-03 20:00:00+00:00,210.68,211.06,208.82,211.06,358.58410318
2025-09-04 00:00:00+00:00,211.07,212.19,207.79,208.42,267.91631214
2025-09-04 04:00:00+00:00,208.44,208.81,206.1,207.07,751.77908699
2025-09-04 08:00:00+00:00,207.06,209.01,206.99,207.62,299.63666916
2025-09-04 12:00:00+00:00,207.59,208.7,203.79,204.21,1334.72247156
2025-09-04 16:00:00+00:00,204.19,205.42,202.33,202.6,1187.65053982
2025-09-04 20:00:00+00:00,202.53,205.06,202.36,202.67,713.82359752
2025-09-05 00:00:00+00:00,202.67,204.29,201.33,203.82,338.14728792
2025-09-05 04:00:00+00:00,203.82,208.54,203.37,208.18,457.47487498
2025-09-05 08:00:00+00:00,208.18,208.21,204.93,207.0,485.31988464
2025-09-05 12:00:00+00:00,206.99,210.24,201.92,203.77,19571.45344883
2025-09-05 16:00:00+00:00,203.79,205.8,202.27,205.64,4109.55371544
2025-09-05 20:00:00+00:00,205.63,205.95,203.01,203.3,1917.52857255
2025-09-06 00:00:00+00:00,203.28,204.34,203.03,203.84,703.50337506
2025-09-06 04:00:00+00:00,203.84,203.84,202.12,202.86,485.45386308999997
2025-09-06 08:00:00+00:00,202.86,203.41,201.92,202.23,1026.19865686
2025-09-06 12:00:00+00:00,202.23,202.68,201.27,201.38,377.81900279
2025-09-06 16:00:00+00:00,201.38,202.66,199.79,200.09,2283.163278
2025-09-06 20:00:00+00:00,200.1,201.35,200.09,200.24,2313.10393769
2025-09-07 00:00:00+00:00,200.25,203.27,200.21,202.92,399.87133745
2025-09-07 04:00:00+00:00,202.93,203.49,202.48,203.12,405.59251372
2025-09-07 08:00:00+00:00,203.14,204.04,202.86,203.76,1677.88061788
2025-09-07 12:00:00+00:00,203.86,205.37,203.16,205.13,778.21868577
2025-09-07 16:00:00+00:00,205.13,205.37,201.66,203.12,294.3389538
2025-09-07 20:00:00+00:00,203.1,207.95,202.79,206.52,984.34038342
2025-09-08 00:00:00+00:00,206.51,209.0,205.79,207.76,780.60031368
2025-09-08 04:00:00+00:00,207.76,208.96,206.95,208.09,3422.48226719
2025-09-08 08:00:00+00:00,208.08,215.82,207.62,214.36,11586.62101096
2025-09-08 12:00:00+00:00,214.39,216.47,213.01,214.84,4033.21962649
2025-09-08 16:00:00+00:00,214.84,217.0,213.86,216.01,558.01534131
2025-09-08 20:00:00+00:00,216.03,216.06,213.6,214.11,1048.5842138799999
2025-09-09 00:00:00+00:00,214.11,214.8,210.95,214.69,3326.57969788
2025-09-09 04:00:00+00:00,214.62,219.47,213.9,219.07,11556.63213264
2025-09-09 08:00:00+00:00,219.14,219.35,216.92,217.15,2125.23916841
2025-09-09 12:00:00+00:00,217.04,218.25,211.7,212.99,12205.96156722
2025-09-09 16:00:00+00:00,212.99,216.9,212.99,216.36,3251.30439552
2025-09-09 20:00:00+00:00,216.35,217.76,215.16,217.22,748.74749911
2025-09-10 00:00:00+00:00,217.22,219.9,215.36,219.48,5632.89631272
2025-09-10 04:00:00+00:00,219.48,223.17,218.26,222.57,2744.10729485
2025-09-10 08:00:00+00:00,222.56,222.63,219.1,220.28,720.47684663
2025-09-10 12:00:00+00:00,220.31,225.8,219.94,223.07,15535.01255902
2025-09-10 16:00:00+00:00,223.07,224.0,220.65,221.13,2480.11808258
2025-09-10 20:00:00+00:00,221.14,224.41,221.04,223.91,1108.47470962
2025-09-11 00:00:00+00:00,223.91,225.39,223.01,224.17,2546.50915383
2025-09-11 04:00:00+00:00,224.15,224.15,221.72,223.23,1600.93660071
2025-09-11 08:00:00+00:00,223.2,225.78,222.3,225.03,1684.58409013
2025-09-11 12:00:00+00:00,225.03,228.81,222.93,226.81,3137.9922847
2025-09-11 16:00:00+00:00,226.82,228.22,225.33,226.42,607.37501817
2025-09-11 20:00:00+00:00,226.46,228.78,225.07,228.52,2705.46082554
2025-09-12 00:00:00+00:00,228.53,235.5,228.09,234.92,2675.81763264
2025-09-12 04:00:00+00:00,234.93,239.61,234.17,237.31,4409.91526183
2025-09-12 08:00:00+00:00,237.31,239.09,236.77,238.92,3790.01549824
2025-09-12 12:00:00+00:00,238.91,241.71,237.25,239.31,8438.69337211
2025-09-12 16:00:00+00:00,239.29,241.37,238.01,241.02,1522.67536559
2025-09-12 20:00:00+00:00,240.9,243.83,238.39,241.97,1178.76131589
2025-09-13 00:00:00+00:00,241.97,243.92,240.61,243.59,770.82965775
2025-09-13 04:00:00+00:00,243.57,243.59,241.04,242.37,3819.0481181
2025-09-13 08:00:00+00:00,242.34,243.57,241.27,241.88,350.63787863
2025-09-13 12:00:00+00:00,241.88,242.93,238.0,239.29,1566.81838641
2025-09-13 16:00:00+00:00,239.29,239.49,235.45,238.92,11105.84136664
2025-09-13 20:00:00+00:00,238.91,243.04,238.9,242.45,356.34775563
2025-09-14 00:00:00+00:00,242.44,249.45,242.28,246.78,4027.10093129
2025-09-14 04:00:00+00:00,246.79,248.2,244.45,246.37,948.34784146
2025-09-14 08:00:00+00:00,246.37,248.0,245.69,245.98,1514.22423966
2025-09-14 12:00:00+00:00,246.04,246.65,241.74,243.82,870.22076998
2025-09-14 16:00:00+00:00,243.84,248.43,242.29,242.51,2081.35255691
2025-09-14 20:00:00+00:00,242.49,244.55,239.62,240.29,3681.51608765
2025-09-15 00:00:00+00:00,240.27,243.77,239.88,243.2,1082.92874388
2025-09-15 04:00:00+00:00,243.09,244.48,236.72,238.38,3484.31176043
2025-09-15 08:00:00+00:00,238.44,238.49,232.29,236.89,5879.03391497
2025-09-15 12:00:00+00:00,236.88,238.39,232.44,233.4,1969.96757502
2025-09-15 16:00:00+00:00,233.38,234.89,230.64,233.26,3810.34083463
2025-09-15 20:00:00+00:00,233.25,235.61,233.13,234.81,321.42955291
2025-09-16 00:00:00+00:00,234.81,236.12,233.43,235.53,860.88540025
2025-09-16 04:00:00+00:00,235.54,237.28,233.51,236.07,2633.59880217
2025-09-16 08:00:00+00:00,236.08,237.19,235.18,235.68,2792.94466196
2025-09-16 12:00:00+00:00,235.71,238.24,231.67,238.19,8859.05932797
2025-09-16 16:00:00+00:00,238.09,241.61,236.51,238.11,9243.70800273
2025-09-16 20:00:00+00:00,238.06,239.09,236.77,237.01,1060.76705475
2025-09-17 00:00:00+00:00,237.04,237.94,234.21,234.22,1199.24114244
2025-09-17 04:00:00+00:00,234.24,238.26,233.6,237.86,2984.32161785
2025-09-17 08:00:00+00:00,237.86,237.86,233.97,234.36,1084.86027879
2025-09-17 12:00:00+00:00,234.37,236.14,234.0,234.21,2559.66642003
2025-09-17 16:00:00+00:00,234.21,239.28,232.45,239.02,4525.99015095
2025-09-17 20:00:00+00:00,239.02,246.68,236.19,244.85,6397.02574826
2025-09-18 00:00:00+00:00,244.88,247.84,244.37,246.88,2466.9871018
2025-09-18 04:00:00+00:00,246.88,246.99,242.75,244.72,1731.22615151
2025-09-18 08:00:00+00:00,244.72,247.22,244.51,245.93,1476.59592754
2025-09-18 12:00:00+00:00,245.93,248.95,245.11,248.39,3599.17691866
2025-09-18 16:00:00+00:00,248.39,253.45,247.34,248.29,3994.58508887
2025-09-18 20:00:00+00:00,248.28,249.09,245.99,247.58,6395.44152615
2025-09-19 00:00:00+00:00,247.58,248.47,244.65,245.13,2392.57155154
2025-09-19 04:00:00+00:00,245.09,245.79,243.18,244.09,1076.79131612
2025-09-19 08:00:00+00:00,244.01,244.97,240.48,241.19,3445.26843567
2025-09-19 12:00:00+00:00,241.23,242.69,236.32,237.79,10093.1554126
2025-09-19 16:00:00+00:00,237.78,239.05,235.62,236.44,5114.87564509
2025-09-19 20:00:00+00:00,236.66,239.32,236.52,238.89,816.77083367
2025-09-20 00:00:00+00:00,238.97,240.3,237.91,238.35,273.06049229
2025-09-20 04:00:00+00:00,238.47,240.06,238.27,240.06,220.45854308
2025-09-20 08:00:00+00:00,240.06,240.06,237.33,238.63,631.20922131
2025-09-20 12:00:00+00:00,238.51,241.58,237.61,240.47,1249.35071906
2025-09-20 16:00:00+00:00,240.49,241.39,238.51,238.97,513.19875005
2025-09-20 20:00:00+00:00,238.99,240.67,238.99,239.83,481.89009288
2025-09-21 00:00:00+00:00,239.69,242.08,239.41,242.08,216.47014504
2025-09-21 04:00:00+00:00,242.09,242.1,239.91,240.13,376.92700895999997
2025-09-21 08:00:00+00:00,240.17,240.17,237.51,238.97,607.71631271
2025-09-21 12:00:00+00:00,239.18,240.49,238.09,238.29,1118.05635603
2025-09-21 16:00:00+00:00,238.39,238.69,236.69,238.42,1503.82684635
2025-09-21 20:00:00+00:00,238.21,238.39,235.79,236.66,2666.94974124
2025-09-22 00:00:00+00:00,236.6,237.29,231.16,233.24,8310.37310928
2025-09-22 04:00:00+00:00,233.11,233.5,214.3,222.32,32250.68434541
2025-09-22 08:00:00+00:00,222.25,223.11,219.87,221.84,6337.60469347
2025-09-22 12:00:00+00:00,221.84,224.42,220.43,221.1,3464.96864227
2025-09-22 16:00:00+00:00,221.1,221.8,217.0,217.51,4058.78333162
2025-09-22 20:00:00+00:00,217.2,221.37,216.95,220.75,1380.69067095
2025-09-23 00:00:00+00:00,220.74,221.62,212.76,217.1,1854.67987968
2025-09-23 04:00:00+00:00,217.38,220.69,214.45,219.38,1745.46718335
2025-09-23 08:00:00+00:00,219.56,221.18,218.32,219.84,3434.99190444
2025-09-23 12:00:00+00:00,219.76,220.93,217.75,219.61,1350.86401802
2025-09-23 16:00:00+00:00,219.72,222.16,214.8,215.01,6081.1573197
2025-09-23 20:00:00+00:00,214.82,216.95,213.72,213.72,2227.82275592
2025-09-24 00:00:00+00:00,213.82,216.83,208.18,208.85,6202.94131222
2025-09-24 04:00:00+00:00,208.81,211.73,205.25,210.89,5416.21613667
2025-09-24 08:00:00+00:00,211.01,212.84,210.29,212.64,1297.86376791
2025-09-24 12:00:00+00:00,212.65,216.48,211.79,214.05,438.86678958
2025-09-24 16:00:00+00:00,213.84,215.78,212.86,213.53,2455.26446277
2025-09-24 20:00:00+00:00,213.45,213.58,211.08,211.98,310.6275075
2025-09-25 00:00:00+00:00,211.86,212.77,206.51,207.55,5030.40037013
2025-09-25 04:00:00+00:00,207.67,207.98,203.11,204.58,5668.51136825
2025-09-25 08:00:00+00:00,204.64,206.27,201.23,201.81,12175.59924327
2025-09-25 12:00:00+00:00,201.86,204.49,197.6,201.5,9169.52119989
2025-09-25 16:00:00+00:00,201.55,202.31,193.64,198.5,6051.07762579
2025-09-25 20:00:00+00:00,198.45,199.14,191.78,193.02,5205.19338035
2025-09-26 00:00:00+00:00,193.05,197.74,192.83,196.84,3168.2825527
2025-09-26 04:00:00+00:00,196.74,197.71,194.27,196.53,3507.95794323
2025-09-26 08:00:00+00:00,196.66,197.24,191.29,193.97,5495.64059023
2025-09-26 12:00:00+00:00,193.91,198.44,192.6,196.3,5991.67853294
2025-09-26 16:00:00+00:00,196.32,203.0,196.27,201.16,7347.93319987
2025-09-26 20:00:00+00:00,201.2,205.85,200.13,205.54,2064.58956082
2025-09-27 00:00:00+00:00,205.38,205.94,204.03,204.47,1530.04072805
2025-09-27 04:00:00+00:00,204.32,204.43,202.18,202.54,1397.15830553
2025-09-27 08:00:00+00:00,202.43,202.63,200.36,202.15,938.9269759700001
2025-09-27 12:00:00+00:00,202.13,204.2,201.6,204.1,1703.52531059
2025-09-27 16:00:00+00:00,204.05,204.05,201.37,202.64,1357.92130071
2025-09-27 20:00:00+00:00,202.67,205.31,202.45,203.91,927.53339491
2025-09-28 00:00:00+00:00,204.1,204.49,201.3,201.97,1832.03158654
2025-09-28 04:00:00+00:00,201.76,202.85,200.84,202.61,601.98741709
2025-09-28 08:00:00+00:00,202.73,203.16,199.81,200.39,1173.21546496
2025-09-28 12:00:00+00:00,200.14,204.02,198.72,203.98,3728.76485411
2025-09-28 16:00:00+00:00,204.12,207.04,203.79,206.57,4147.73062264
2025-09-28 20:00:00+00:00,206.8,211.46,206.63,211.33,1424.93027741
2025-09-29 00:00:00+00:00,211.12,211.21,209.33,210.75,383.89117177
2025-09-29 04:00:00+00:00,210.79,211.02,207.92,209.26,1545.81901222
2025-09-29 08:00:00+00:00,209.47,209.97,206.62,207.4,2938.91271897
2025-09-29 12:00:00+00:00,207.4,213.73,205.15,210.37,10441.63510264
2025-09-29 16:00:00+00:00,210.65,213.93,208.23,213.64,4542.84670779
2025-09-29 20:00:00+00:00,213.46,215.04,212.94,213.44,1513.63642112
2025-09-30 00:00:00+00:00,213.1,214.0,210.33,211.14,4412.33831409
2025-09-30 04:00:00+00:00,211.21,212.09,209.0,209.27,1269.77093025
2025-09-30 08:00:00+00:00,209.21,209.29,206.08,207.44,4331.56244234
2025-09-30 12:00:00+00:00,207.49,209.87,205.01,206.25,10042.65772044
2025-09-30 16:00:00+00:00,206.27,209.12,204.51,209.12,5116.33310067
2025-09-30 20:00:00+00:00,209.12,211.03,207.54,208.69,1651.41638735
2025-10-01 00:00:00+00:00,208.79,210.81,206.57,206.75,4018.18807249
2025-10-01 04:00:00+00:00,206.6,210.38,206.51,210.36,3165.67841309
2025-10-01 08:00:00+00:00,210.07,217.97,210.06,217.86,4304.81330313
2025-10-01 12:00:00+00:00,217.93,220.75,217.38,220.3,9313.67261646
2025-10-01 16:00:00+00:00,220.34,221.05,217.7,220.33,5106.32310483
2025-10-01 20:00:00+00:00,220.26,222.89,218.74,222.14,3430.34994727
2025-10-02 00:00:00+00:00,221.97,225.05,219.85,223.88,3623.78178304
2025-10-02 04:00:00+00:00,223.8,226.72,222.61,223.03,12872.08330865
2025-10-02 08:00:00+00:00,223.04,226.62,222.88,225.41,5823.84841909
2025-10-02 12:00:00+00:00,225.29,227.54,222.92,227.18,4868.98998106
2025-10-02 16:00:00+00:00,227.41,233.89,226.42,232.44,13288.67769171
2025-10-02 20:00:00+00:00,232.44,234.9,231.03,234.8,7764.49190225
2025-10-03 00:00:00+00:00,234.7,234.85,230.84,232.17,3217.39334873
2025-10-03 04:00:00+00:00,232.19,233.2,228.0,229.62,2313.92513156
2025-10-03 08:00:00+00:00,229.64,232.46,228.17,230.97,1527.85006958
2025-10-03 12:00:00+00:00,230.89,235.03,227.42,235.0,5441.93509145
2025-10-03 16:00:00+00:00,235.03,236.97,228.88,233.05,6888.91845374
2025-10-03 20:00:00+00:00,233.12,233.83,230.78,232.44,2501.94430267
2025-10-04 00:00:00+00:00,232.89,233.86,228.0,229.1,959.44591349
2025-10-04 04:00:00+00:00,229.32,230.51,228.93,229.19,3560.91654642
2025-10-04 08:00:00+00:00,229.2,229.9,228.06,229.26,1619.00759877
2025-10-04 12:00:00+00:00,229.08,229.74,224.5,224.72,8737.83203338
2025-10-04 16:00:00+00:00,224.91,227.0,224.29,226.83,726.58231605
2025-10-04 20:00:00+00:00,226.86,228.2,226.86,227.96,470.1543498
2025-10-05 00:00:00+00:00,227.84,232.19,226.59,230.91,5807.8470878
2025-10-05 04:00:00+00:00,231.15,236.93,231.15,236.67,12003.68859207
2025-10-05 08:00:00+00:00,236.88,237.38,229.88,232.81,5939.75074415
2025-10-05 12:00:00+00:00,232.58,232.64,228.71,230.23,2459.94040825
2025-10-05 16:00:00+00:00,230.18,231.35,226.82,227.07,10307.7852497
2025-10-05 20:00:00+00:00,227.09,229.18,226.86,228.4,4567.72204897
2025-10-06 00:00:00+00:00,228.4,233.06,227.79,232.17,7602.34089608
2025-10-06 04:00:00+00:00,232.15,234.54,230.24,231.14,4971.63217399
2025-10-06 08:00:00+00:00,231.39,234.03,231.39,233.18,1808.80444937
2025-10-06 12:00:00+00:00,233.29,236.56,232.77,235.64,3771.30561597
2025-10-06 16:00:00+00:00,235.62,237.73,234.17,235.29,8424.59433571
2025-10-06 20:00:00+00:00,235.34,236.0,231.64,232.38,4891.89242997
2025-10-07 00:00:00+00:00,232.35,233.84,231.09,233.84,266.85617024
2025-10-07 04:00:00+00:00,233.84,235.13,229.54,230.92,2085.01049155
2025-10-07 08:00:00+00:00,230.92,231.45,228.51,230.32,1939.57971024
2025-10-07 12:00:00+00:00,230.31,231.47,221.46,223.55,21578.53445514
2025-10-07 16:00:00+00:00,223.35,225.27,220.94,221.87,5839.22101528
2025-10-07 20:00:00+00:00,221.65,224.32,220.0,220.21,3131.65650116
2025-10-08 00:00:00+00:00,220.39,222.8,218.14,218.52,6323.13990338
2025-10-08 04:00:00+00:00,218.4,221.14,217.73,221.12,3369.40682817
2025-10-08 08:00:00+00:00,221.35,222.97,221.06,221.56,3456.30520093
2025-10-08 12:00:00+00:00,221.43,224.15,219.12,221.29,1505.85679701
2025-10-08 16:00:00+00:00,221.27,229.64,220.93,229.56,3067.1133354
2025-10-08 20:00:00+00:00,229.37,229.77,227.56,229.06,3600.27620577
2025-10-09 00:00:00+00:00,229.22,229.67,224.09,226.41,482.17046385
2025-10-09 04:00:00+00:00,226.16,228.84,224.39,224.76,468.1840906
2025-10-09 08:00:00+00:00,224.7,224.83,219.28,223.21,10752.36337152
2025-10-09 12:00:00+00:00,223.21,226.18,218.87,219.21,2477.06705384
2025-10-09 16:00:00+00:00,219.31,220.09,216.81,218.45,11818.89429259
2025-10-09 20:00:00+00:00,218.13,221.81,217.77,221.06,1316.06157084
2025-10-10 00:00:00+00:00,221.19,222.98,219.62,221.79,324.44084222
2025-10-10 04:00:00+00:00,221.88,222.92,218.2,218.3,1342.49018563
2025-10-10 08:00:00+00:00,218.31,221.86,217.67,221.55,603.93994636
2025-10-10 12:00:00+00:00,221.51,224.61,209.67,210.87,20820.71535593
2025-10-10 16:00:00+00:00,210.91,213.37,204.01,205.76,8768.11707162
2025-10-10 20:00:00+00:00,205.76,208.12,164.0,188.39,71510.56767064
2025-10-11 00:00:00+00:00,188.41,191.46,183.07,185.27,27240.58114349
2025-10-11 04:00:00+00:00,185.21,187.24,180.78,183.19,40141.90426665
2025-10-11 08:00:00+00:00,183.31,188.68,181.83,184.1,102138.76622405
2025-10-11 12:00:00+00:00,184.06,185.35,181.27,184.2,23100.76424855
2025-10-11 16:00:00+00:00,184.19,185.03,176.84,177.84,77807.25999941
2025-10-11 20:00:00+00:00,177.95,179.28,173.04,178.04,7152.69986388
2025-10-12 00:00:00+00:00,178.05,178.79,173.67,177.32,4213.38015823
2025-10-12 04:00:00+00:00,177.25,183.33,177.14,182.7,19525.79015373
2025-10-12 08:00:00+00:00,182.85,183.12,180.61,181.21,58935.88955603
2025-10-12 12:00:00+00:00,181.22,192.13,178.69,191.58,21943.80086391
2025-10-12 16:00:00+00:00,191.69,196.83,191.69,196.25,11504.1399087
2025-10-12 20:00:00+00:00,196.26,199.2,193.65,197.51,3626.35234911
2025-10-13 00:00:00+00:00,197.36,200.28,194.78,195.23,6324.66602152
2025-10-13 04:00:00+00:00,195.24,199.86,193.38,197.11,2209.80747097
2025-10-13 08:00:00+00:00,197.02,198.97,190.61,193.01,2707.23666183
2025-10-13 12:00:00+00:00,192.93,197.71,191.62,196.62,4987.03208516
2025-10-13 16:00:00+00:00,196.61,209.0,196.42,207.32,27825.53379623
2025-10-13 20:00:00+00:00,207.33,209.63,207.23,209.13,6132.78325315
2025-10-14 00:00:00+00:00,209.28,211.53,205.45,206.15,13251.8793379
2025-10-14 04:00:00+00:00,206.3,206.3,192.47,194.94,12559.90019002
2025-10-14 08:00:00+00:00,194.59,197.88,191.51,195.67,2194.5783762
2025-10-14 12:00:00+00:00,195.47,202.91,192.02,202.57,8520.14491219
2025-10-14 16:00:00+00:00,202.69,206.64,197.58,198.88,6918.83077276
2025-10-14 20:00:00+00:00,199.17,203.81,198.64,202.78,2253.08728391
2025-10-15 00:00:00+00:00,202.9,206.04,201.59,202.02,2162.32359894
2025-10-15 04:00:00+00:00,201.76,205.71,201.05,205.05,4999.99176736
2025-10-15 08:00:00+00:00,205.09,209.08,202.67,203.15,5217.10892915
2025-10-15 12:00:00+00:00,203.02,205.24,196.66,197.64,12733.24756133
2025-10-15 16:00:00+00:00,197.73,199.02,194.67,195.29,3402.42077784
2025-10-15 20:00:00+00:00,195.11,196.89,192.46,194.16,4399.03528524
2025-10-16 00:00:00+00:00,194.27,196.35,193.53,193.83,702.13643086
2025-10-16 04:00:00+00:00,193.76,195.73,191.82,193.24,2243.52843483
2025-10-16 08:00:00+00:00,193.28,197.39,187.09,197.19,7984.50451164
2025-10-16 12:00:00+00:00,197.14,198.65,187.09,187.97,3105.30584435
2025-10-16 16:00:00+00:00,187.93,192.37,184.2,185.37,9835.03813554
2025-10-16 20:00:00+00:00,185.69,186.46,182.44,185.17,3656.1160616
2025-10-17 00:00:00+00:00,185.01,187.84,184.71,187.51,1747.0186546
2025-10-17 04:00:00+00:00,187.32,187.88,177.93,178.13,4312.34516485
2025-10-17 08:00:00+00:00,178.23,182.92,174.56,181.75,8061.78907423
2025-10-17 12:00:00+00:00,181.74,183.14,176.81,183.14,6561.55313877
2025-10-17 16:00:00+00:00,183.15,185.7,181.97,182.36,7289.59391521
2025-10-17 20:00:00+00:00,182.31,186.34,181.89,182.25,2528.3960507799998
2025-10-18 00:00:00+00:00,182.44,185.84,182.25,185.06,332.26047368
2025-10-18 04:00:00+00:00,185.11,188.89,183.48,186.51,1940.91731847
2025-10-18 08:00:00+00:00,186.56,187.53,185.0,186.38,1036.42445266
2025-10-18 12:00:00+00:00,186.46,187.63,184.44,185.48,568.56910172
2025-10-18 16:00:00+00:00,185.43,186.7,183.8,186.7,556.31815
2025-10-18 20:00:00+00:00,186.63,188.15,186.27,188.04,4292.6397565199995
2025-10-19 00:00:00+00:00,188.04,188.18,185.34,187.36,423.05572224
2025-10-19 04:00:00+00:00,187.38,187.95,185.66,186.27,1713.1078079
2025-10-19 08:00:00+00:00,186.29,190.63,183.64,189.31,5828.64122763
2025-10-19 12:00:00+00:00,189.37,192.0,188.53,191.05,2102.56283179
2025-10-19 16:00:00+00:00,191.07,192.49,188.68,189.25,2016.32050258
2025-10-19 20:00:00+00:00,189.25,190.58,187.23,188.19,2309.9436589
2025-10-20 00:00:00+00:00,188.13,191.81,184.27,191.58,2909.66528936
2025-10-20 04:00:00+00:00,191.81,194.73,191.04,193.45,2089.55746823
2025-10-20 08:00:00+00:00,193.48,194.29,191.39,192.54,531.54096885
2025-10-20 12:00:00+00:00,192.33,193.4,190.9,190.91,846.43449827
2025-10-20 16:00:00+00:00,190.85,190.85,186.17,189.26,5274.49554015
2025-10-20 20:00:00+00:00,189.13,191.5,188.65,190.11,1564.5718259
2025-10-21 00:00:00+00:00,189.9,190.47,185.7,186.01,2314.38623741
2025-10-21 04:00:00+00:00,185.88,185.94,183.16,185.32,2604.54181166
2025-10-21 08:00:00+00:00,185.31,187.03,184.17,186.78,481.90851832
2025-10-21 12:00:00+00:00,186.59,197.37,184.44,196.54,2763.00489184
2025-10-21 16:00:00+00:00,196.81,197.93,192.47,194.22,3238.28457941
2025-10-21 20:00:00+00:00,194.44,194.49,185.63,185.98,2325.94007723
2025-10-22 00:00:00+00:00,185.89,187.7,184.55,185.61,1513.22725497
2025-10-22 04:00:00+00:00,185.61,186.56,183.67,185.31,4198.23174093
2025-10-22 08:00:00+00:00,185.14,186.09,182.45,185.24,2671.3351554
2025-10-22 12:00:00+00:00,185.43,187.09,181.38,183.95,2898.96904147
2025-10-22 16:00:00+00:00,183.96,184.78,177.26,181.1,2606.8553859099998
2025-10-22 20:00:00+00:00,180.1,180.7,177.26,180.18,1692.76721485
2025-10-23 00:00:00+00:00,180.12,183.48,179.85,183.14,398.66383501
2025-10-23 04:00:00+00:00,183.05,188.02,182.94,187.54,943.42858881
2025-10-23 08:00:00+00:00,187.54,189.34,187.43,187.98,498.96048239
2025-10-23 12:00:00+00:00,187.92,192.41,186.64,191.15,1655.07707573
2025-10-23 16:00:00+00:00,191.35,193.53,190.22,191.36,2868.46702016
2025-10-23 20:00:00+00:00,191.35,191.59,188.56,191.34,2434.71901415
2025-10-24 00:00:00+00:00,191.48,193.8,191.11,191.55,917.9343698
2025-10-24 04:00:00+00:00,191.45,194.64,191.1,192.17,1312.56470931
2025-10-24 08:00:00+00:00,192.18,193.4,190.59,192.15,526.86355482
2025-10-24 12:00:00+00:00,192.21,196.75,188.91,189.6,3691.71110925
2025-10-24 16:00:00+00:00,189.64,193.77,189.0,193.07,565.06926016
2025-10-24 20:00:00+00:00,193.16,194.24,193.12,193.73,417.18606327000003
2025-10-25 00:00:00+00:00,193.65,194.58,192.74,193.68,204.50403307000002
2025-10-25 04:00:00+00:00,193.62,194.96,193.62,194.05,512.37755043
2025-10-25 08:00:00+00:00,194.02,195.26,191.33,192.96,685.88218738
2025-10-25 12:00:00+00:00,192.75,194.23,191.92,191.99,443.60759908
2025-10-25 16:00:00+00:00,191.82,194.58,191.57,194.5,263.19848683
2025-10-25 20:00:00+00:00,194.46,194.83,192.85,193.98,4516.85413283
2025-10-26 00:00:00+00:00,193.87,194.31,191.98,192.93,446.34168686
2025-10-26 04:00:00+00:00,192.98,194.28,192.72,193.95,81.77984042
2025-10-26 08:00:00+00:00,193.95,197.79,193.75,197.73,1565.25721222
2025-10-26 12:00:00+00:00,197.75,199.86,196.9,199.55,2662.5750625
2025-10-26 16:00:00+00:00,199.4,199.58,198.22,198.78,485.525941
2025-10-26 20:00:00+00:00,198.64,202.19,196.85,199.99,3369.23350274
2025-10-27 00:00:00+00:00,199.97,204.95,199.52,204.42,860.00902705
2025-10-27 04:00:00+00:00,204.24,205.4,202.24,202.47,1214.02498309
2025-10-27 08:00:00+00:00,202.38,202.39,198.3,200.15,2198.68722995
2025-10-27 12:00:00+00:00,199.94,200.5,198.26,200.05,8314.45374463
2025-10-27 16:00:00+00:00,200.14,203.32,199.97,199.97,1154.83492264
2025-10-27 20:00:00+00:00,199.97,200.19,197.57,198.88,1188.78247856
2025-10-28 00:00:00+00:00,198.89,201.94,198.5,201.29,1116.71214629
2025-10-28 04:00:00+00:00,201.07,202.89,198.69,202.5,1999.9738784200001
2025-10-28 08:00:00+00:00,202.36,203.89,199.29,199.69,2107.24403508
2025-10-28 12:00:00+00:00,199.62,203.0,196.65,198.82,4816.61933878
2025-10-28 16:00:00+00:00,198.66,201.18,194.56,195.29,3946.72923031
2025-10-28 20:00:00+00:00,195.26,195.28,190.49,194.36,6778.19772829
2025-10-29 00:00:00+00:00,194.34,195.12,192.69,194.02,380.89518527
2025-10-29 04:00:00+00:00,194.01,196.23,194.0,196.06,1536.85508268
2025-10-29 08:00:00+00:00,195.88,199.52,194.1,198.93,1672.55668342
2025-10-29 12:00:00+00:00,199.23,201.96,196.76,196.97,2500.07803659
2025-10-29 16:00:00+00:00,196.97,198.83,189.21,192.89,7189.40387306
2025-10-29 20:00:00+00:00,193.21,197.28,192.2,194.34,1688.94325162
2025-10-30 00:00:00+00:00,194.26,198.47,192.58,197.47,1638.72135833
2025-10-30 04:00:00+00:00,197.48,197.48,190.69,196.11,2137.01574816
2025-10-30 08:00:00+00:00,196.04,196.36,191.44,192.21,899.77965273
2025-10-30 12:00:00+00:00,192.23,192.31,184.69,185.14,6522.59674631
2025-10-30 16:00:00+00:00,185.2,186.48,179.02,179.61,4504.16013875
2025-10-30 20:00:00+00:00,179.4,184.96,179.18,184.94,2485.11942619
2025-10-31 00:00:00+00:00,184.84,187.07,184.14,185.43,2675.51396687
2025-10-31 04:00:00+00:00,185.55,187.23,185.17,185.67,1204.2446037
2025-10-31 08:00:00+00:00,185.52,189.34,184.93,189.11,1313.80627493
2025-10-31 12:00:00+00:00,189.17,190.41,186.38,188.52,2474.18975363
2025-10-31 16:00:00+00:00,188.26,189.25,184.62,188.8,3556.00928405
2025-10-31 20:00:00+00:00,188.72,189.03,186.94,187.51,1519.86993434
2025-11-01 00:00:00+00:00,187.51,187.71,185.94,187.51,957.41798014
2025-11-01 04:00:00+00:00,187.53,187.77,185.36,186.15,510.53021864
2025-11-01 08:00:00+00:00,186.13,186.94,185.68,186.1,781.07465686
2025-11-01 12:00:00+00:00,186.16,186.57,183.9,186.48,1797.6758623
2025-11-01 16:00:00+00:00,186.49,187.13,185.27,186.56,1093.6589150300001
2025-11-01 20:00:00+00:00,186.58,187.15,185.35,186.7,1341.31909083
2025-11-02 00:00:00+00:00,186.64,186.64,185.05,185.54,572.17841431
2025-11-02 04:00:00+00:00,185.54,188.51,185.42,188.08,1297.7030751300001
2025-11-02 08:00:00+00:00,188.02,188.15,184.86,186.56,988.45128806
2025-11-02 12:00:00+00:00,186.37,186.72,183.91,184.13,1205.48270236
2025-11-02 16:00:00+00:00,184.12,184.91,182.26,184.12,1226.71322695
2025-11-02 20:00:00+00:00,184.22,188.19,183.87,188.11,1120.27819333
2025-11-03 00:00:00+00:00,188.11,189.23,177.12,177.92,5727.45230938
2025-11-03 04:00:00+00:00,177.76,179.07,174.54,176.51,8178.67542188
2025-11-03 08:00:00+00:00,176.51,176.96,173.86,175.5,2999.86531342
2025-11-03 12:00:00+00:00,175.52,177.15,165.0,167.02,15274.48535253
2025-11-03 16:00:00+00:00,166.81,171.04,165.86,166.98,4389.22960802
2025-11-03 20:00:00+00:00,167.13,167.34,163.56,166.35,3646.77490843
2025-11-04 00:00:00+00:00,166.19,168.49,164.5,168.01,614.8903731
2025-11-04 04:00:00+00:00,167.99,168.32,156.08,157.12,8527.57418321
2025-11-04 08:00:00+00:00,157.3,162.25,156.65,161.88,4827.92393129
2025-11-04 12:00:00+00:00,161.69,165.16,159.53,161.49,3235.1155492
2025-11-04 16:00:00+00:00,161.5,162.33,152.36,154.68,6474.18642459
2025-11-04 20:00:00+00:00,154.69,155.91,146.1,155.13,7761.00056252
2025-11-05 00:00:00+00:00,155.1,157.5,147.52,156.9,4063.66110865
2025-11-05 04:00:00+00:00,156.89,158.51,155.92,156.77,3208.84857763
2025-11-05 08:00:00+00:00,156.74,157.8,154.08,157.57,836.45516058
2025-11-05 12:00:00+00:00,157.63,160.66,157.08,160.66,3167.52095156
2025-11-05 16:00:00+00:00,160.58,164.04,158.89,162.57,9098.44021189
2025-11-05 20:00:00+00:00,162.74,163.94,161.19,162.52,573.75130057
2025-11-06 00:00:00+00:00,162.46,163.07,159.92,162.76,519.33030389
2025-11-06 04:00:00+00:00,162.54,162.83,158.59,159.18,1934.10148304
2025-11-06 08:00:00+00:00,159.12,160.12,158.0,158.94,1303.66075234
2025-11-06 12:00:00+00:00,159.11,161.67,155.71,156.23,1571.85348127
2025-11-06 16:00:00+00:00,156.17,158.62,154.07,156.94,2103.16571377
2025-11-06 20:00:00+00:00,157.1,157.81,153.6,155.26,826.61568345
2025-11-07 00:00:00+00:00,155.4,158.61,154.43,157.04,515.74958835
2025-11-07 04:00:00+00:00,156.97,158.42,155.43,157.86,861.68965339
2025-11-07 08:00:00+00:00,157.89,158.28,151.99,154.18,3063.01892817
2025-11-07 12:00:00+00:00,154.01,156.48,150.1,155.61,10110.13966234
2025-11-07 16:00:00+00:00,155.6,164.43,154.64,164.25,11776.19374995
2025-11-07 20:00:00+00:00,164.26,164.52,161.66,161.86,3773.8680919
2025-11-08 00:00:00+00:00,161.82,164.97,160.77,162.76,809.70972328
2025-11-08 04:00:00+00:00,162.87,163.79,159.96,161.26,867.24150527
2025-11-08 08:00:00+00:00,161.18,162.5,159.43,159.62,496.7523404
2025-11-08 12:00:00+00:00,159.72,159.88,156.06,156.79,1022.35941102
2025-11-08 16:00:00+00:00,156.84,158.31,156.09,157.66,1131.6545133
2025-11-08 20:00:00+00:00,157.69,158.66,157.51,158.28,10527.64424417
2025-11-09 00:00:00+00:00,158.23,158.4,155.47,156.11,529.77025317
2025-11-09 04:00:00+00:00,156.27,159.75,156.13,159.49,442.60356186
2025-11-09 08:00:00+00:00,159.48,160.04,157.6,158.96,1961.83382714
2025-11-09 12:00:00+00:00,159.3,164.02,158.99,162.67,2116.56632606
2025-11-09 16:00:00+00:00,162.71,166.3,161.33,166.21,2498.79177339
2025-11-09 20:00:00+00:00,166.25,166.58,164.05,164.47,1222.48902481
2025-11-10 00:00:00+00:00,164.51,168.73,163.53,168.32,783.61775835
2025-11-10 04:00:00+00:00,168.22,168.94,166.56,167.34,897.45798207
2025-11-10 08:00:00+00:00,167.46,169.96,166.29,168.28,13130.51817436
2025-11-10 12:00:00+00:00,168.45,170.51,165.29,166.28,5947.80333247
2025-11-10 16:00:00+00:00,166.13,168.53,165.42,167.33,709.94665527
2025-11-10 20:00:00+00:00,167.51,168.58,165.05,167.41,25415.35997842
2025-11-11 00:00:00+00:00,167.56,171.91,166.06,170.17,2933.49497196
2025-11-11 04:00:00+00:00,169.94,170.04,163.72,164.14,4605.3794693
2025-11-11 08:00:00+00:00,164.29,165.04,162.9,163.8,1433.702029
2025-11-11 12:00:00+00:00,163.63,164.48,160.2,161.0,5969.03592253
2025-11-11 16:00:00+00:00,161.0,161.24,157.56,157.56,1655.66048049
2025-11-11 20:00:00+00:00,157.71,157.94,154.3,154.76,2985.37213168
2025-11-12 00:00:00+00:00,154.92,155.71,153.85,154.72,1461.21974038
2025-11-12 04:00:00+00:00,154.69,156.68,154.43,155.15,792.2246787299999
2025-11-12 08:00:00+00:00,155.22,161.2,155.22,160.05,2862.37821353
2025-11-12 12:00:00+00:00,160.05,161.0,155.33,155.69,4186.43431574
2025-11-12 16:00:00+00:00,155.82,156.28,151.22,153.07,3366.8056108
2025-11-12 20:00:00+00:00,153.05,154.61,152.61,153.46,596.32979673
2025-11-13 00:00:00+00:00,153.4,155.99,150.73,154.58,3688.71556224
2025-11-13 04:00:00+00:00,154.56,157.2,153.69,155.31,1803.47940582
2025-11-13 08:00:00+00:00,155.35,156.47,153.83,156.38,2622.63745831
2025-11-13 12:00:00+00:00,156.42,156.92,152.4,153.26,3034.93958269
2025-11-13 16:00:00+00:00,153.09,153.45,142.44,142.64,12496.92130549
2025-11-13 20:00:00+00:00,142.57,146.33,141.28,144.7,18105.06861694
2025-11-14 00:00:00+00:00,144.69,145.75,143.0,144.35,6238.97987386
2025-11-14 04:00:00+00:00,144.2,144.42,138.94,142.74,9125.691098969999
2025-11-14 08:00:00+00:00,142.88,143.12,139.9,140.79,4506.96123423
2025-11-14 12:00:00+00:00,140.64,143.64,135.89,142.1,7784.26186673
2025-11-14 16:00:00+00:00,142.19,144.19,140.72,143.23,2682.1272948
2025-11-14 20:00:00+00:00,143.23,143.32,137.54,139.16,4774.85775905
2025-11-15 00:00:00+00:00,139.18,143.54,139.18,142.75,2569.11765958
2025-11-15 04:00:00+00:00,142.73,143.72,142.05,142.87,996.14227642
2025-11-15 08:00:00+00:00,142.96,143.0,140.23,140.23,3411.33092391
2025-11-15 12:00:00+00:00,140.38,142.53,140.25,141.85,503.71149952
2025-11-15 16:00:00+00:00,141.84,145.03,140.98,141.88,1869.37638438
2025-11-15 20:00:00+00:00,141.79,141.96,138.78,139.69,1478.4378288999999
2025-11-16 00:00:00+00:00,139.62,141.68,137.59,141.68,784.52699479
2025-11-16 04:00:00+00:00,141.69,142.53,141.03,142.53,1668.74936405
2025-11-16 08:00:00+00:00,142.62,143.4,139.73,140.1,678.85356383
2025-11-16 12:00:00+00:00,140.14,140.89,137.43,137.49,2271.09477384
2025-11-16 16:00:00+00:00,137.67,138.67,134.65,137.08,2386.81802152
2025-11-16 20:00:00+00:00,137.11,138.73,135.62,137.6,5288.34864721
2025-11-17 00:00:00+00:00,137.57,140.86,136.57,140.53,1134.32652411
2025-11-17 04:00:00+00:00,140.54,142.02,140.02,141.59,417.66684436
2025-11-17 08:00:00+00:00,141.58,142.97,141.21,142.05,2759.03705796
2025-11-17 12:00:00+00:00,142.13,143.38,137.17,137.29,9694.98514615
2025-11-17 16:00:00+00:00,137.26,137.45,130.0,130.03,4775.20099011
2025-11-17 20:00:00+00:00,129.94,132.4,129.28,131.48,4068.8295873
2025-11-18 00:00:00+00:00,131.28,135.58,129.52,134.99,3585.48096685
2025-11-18 04:00:00+00:00,134.97,138.09,133.05,137.25,5718.72701806
2025-11-18 08:00:00+00:00,137.41,139.37,136.99,138.17,1406.78579433
2025-11-18 12:00:00+00:00,138.09,142.27,137.17,140.02,3004.61994155
2025-11-18 16:00:00+00:00,140.01,142.35,139.19,141.71,3078.50597154
2025-11-18 20:00:00+00:00,141.74,142.38,140.0,141.06,630.82801005
2025-11-19 00:00:00+00:00,140.98,143.05,139.63,140.21,822.2012078500001
2025-11-19 04:00:00+00:00,140.12,141.33,137.65,140.84,3813.60768409
2025-11-19 08:00:00+00:00,140.73,141.12,138.72,138.86,561.81735148
2025-11-19 12:00:00+00:00,138.88,139.48,134.67,134.79,1581.24193224
2025-11-19 16:00:00+00:00,134.94,135.68,130.8,131.96,4119.66480034
2025-11-19 20:00:00+00:00,131.94,137.15,131.66,137.15,1554.91410627
2025-11-20 00:00:00+00:00,137.15,144.44,136.6,143.23,4018.58616827
2025-11-20 04:00:00+00:00,143.26,144.86,142.37,143.8,1387.34436127
2025-11-20 08:00:00+00:00,143.82,143.97,141.3,142.21,1272.70685881
2025-11-20 12:00:00+00:00,142.11,143.44,138.49,138.53,838.50594043
2025-11-20 16:00:00+00:00,138.62,138.73,131.36,134.26,3406.79599219
2025-11-20 20:00:00+00:00,134.06,137.05,132.89,134.04,40901.60518776
2025-11-21 00:00:00+00:00,134.06,135.26,131.38,132.98,14143.79329087
2025-11-21 04:00:00+00:00,132.9,133.35,121.45,127.69,9861.55906881
2025-11-21 08:00:00+00:00,127.64,129.55,124.11,124.55,3020.04765288
2025-11-21 12:00:00+00:00,124.52,129.74,121.88,125.58,6414.44763273
2025-11-21 16:00:00+00:00,125.65,130.78,123.82,128.31,3211.30776929
2025-11-21 20:00:00+00:00,128.35,129.49,125.41,128.94,5586.55410155
2025-11-22 00:00:00+00:00,128.95,130.09,127.15,127.42,247.40650266
2025-11-22 04:00:00+00:00,127.36,128.48,125.58,128.02,759.84265987
2025-11-22 08:00:00+00:00,127.86,127.86,125.67,126.92,510.73423361
2025-11-22 12:00:00+00:00,126.91,127.87,125.4,127.42,474.57366586
2025-11-22 16:00:00+00:00,127.23,128.73,127.03,127.42,2531.01511135
2025-11-22 20:00:00+00:00,127.4,129.06,126.36,127.76,223.94236346
2025-11-23 00:00:00+00:00,127.91,131.02,127.85,130.18,907.41953152
2025-11-23 04:00:00+00:00,130.2,132.0,128.39,129.03,3816.35472632
2025-11-23 08:00:00+00:00,129.08,131.42,129.08,130.01,1627.04863649
2025-11-23 12:00:00+00:00,129.94,133.26,129.94,133.18,1383.52288249
2025-11-23 16:00:00+00:00,133.09,133.58,131.13,132.64,852.62384649
2025-11-23 20:00:00+00:00,132.58,133.74,130.85,130.85,623.25691812
2025-11-24 00:00:00+00:00,130.81,134.55,129.58,133.64,4314.08751876
2025-11-24 04:00:00+00:00,133.64,134.07,130.5,130.54,1429.37220143
2025-11-24 08:00:00+00:00,130.46,130.92,128.74,129.87,2952.11683749
2025-11-24 12:00:00+00:00,129.85,132.75,128.82,132.12,1357.15738374
2025-11-24 16:00:00+00:00,132.12,138.13,132.12,137.42,3780.26891815
2025-11-24 20:00:00+00:00,137.45,140.02,137.45,138.8,2577.94789205
2025-11-25 00:00:00+00:00,138.63,139.17,137.54,138.03,738.39245345
2025-11-25 04:00:00+00:00,138.05,139.15,136.49,136.49,819.0113373
2025-11-25 08:00:00+00:00,136.37,136.99,134.99,136.43,1360.07454729
2025-11-25 12:00:00+00:00,136.57,137.1,133.3,135.02,865.94119463
2025-11-25 16:00:00+00:00,135.02,138.13,134.4,136.84,1434.7790935599999
2025-11-25 20:00:00+00:00,136.93,140.51,136.19,139.13,1541.07287593
2025-11-26 00:00:00+00:00,139.14,140.76,138.2,138.4,512.49163302
2025-11-26 04:00:00+00:00,138.44,140.07,138.03,140.07,740.03371175
2025-11-26 08:00:00+00:00,140.0,140.03,136.45,137.08,3796.4118496
2025-11-26 12:00:00+00:00,137.08,138.44,135.71,136.76,2287.2522995
2025-11-26 16:00:00+00:00,136.85,144.66,136.65,144.07,39399.15463308
2025-11-26 20:00:00+00:00,143.97,144.3,142.6,143.22,11423.81777516
2025-11-27 00:00:00+00:00,143.12,144.11,142.26,142.69,14500.00380975
2025-11-27 04:00:00+00:00,142.66,144.29,142.51,143.87,1704.3842104
2025-11-27 08:00:00+00:00,143.86,143.86,141.61,142.13,7911.83995727
2025-11-27 12:00:00+00:00,142.08,142.58,140.84,142.18,4024.42118902
2025-11-27 16:00:00+00:00,142.22,143.17,141.57,142.82,35706.24666849
2025-11-27 20:00:00+00:00,142.73,142.95,140.68,140.98,7724.8619734799995
2025-11-28 00:00:00+00:00,140.98,141.48,138.81,139.86,2203.02254098
2025-11-28 04:00:00+00:00,139.93,140.63,139.13,139.13,753.54535832
2025-11-28 08:00:00+00:00,139.13,142.63,139.13,141.14,1233.94241684
2025-11-28 12:00:00+00:00,141.2,143.66,140.61,141.55,2859.88200377
2025-11-28 16:00:00+00:00,141.75,141.75,136.25,137.71,3919.74837913
2025-11-28 20:00:00+00:00,137.58,138.44,137.0,137.49,457.40965819
2025-11-29 00:00:00+00:00,137.47,138.02,136.92,137.04,793.27331962
2025-11-29 04:00:00+00:00,137.17,137.84,136.5,137.48,277.81927742
2025-11-29 08:00:00+00:00,137.43,137.59,136.65,137.5,1038.59258549
2025-11-29 12:00:00+00:00,137.5,137.79,136.71,137.67,170.18582966
2025-11-29 16:00:00+00:00,137.73,138.16,135.0,135.83,1426.76918119
2025-11-29 20:00:00+00:00,135.8,136.64,135.6,136.13,236.52597598
2025-11-30 00:00:00+00:00,136.1,136.88,135.42,136.52,1304.94771508
2025-11-30 04:00:00+00:00,136.54,136.87,135.74,136.75,98.17401921
2025-11-30 08:00:00+00:00,136.61,137.26,136.39,136.48,317.19189268
2025-11-30 12:00:00+00:00,136.47,140.25,136.47,138.54,1899.31666916
2025-11-30 16:00:00+00:00,138.55,139.93,137.56,137.78,951.99858162
2025-11-30 20:00:00+00:00,137.81,137.97,133.41,133.51,2139.25521272
2025-12-01 00:00:00+00:00,133.64,133.76,126.76,127.28,8066.21840978
2025-12-01 04:00:00+00:00,127.11,127.6,126.0,127.59,5345.94114103
2025-12-01 08:00:00+00:00,127.42,128.13,127.04,127.38,1041.24647479
2025-12-01 12:00:00+00:00,127.34,127.81,123.39,125.35,9113.09184085
2025-12-01 16:00:00+00:00,125.32,125.5,123.54,124.02,2325.52853592
2025-12-01 20:00:00+00:00,124.18,127.59,124.18,126.9,3180.76670831
2025-12-02 00:00:00+00:00,126.82,128.66,126.3,127.45,4422.83805905
2025-12-02 04:00:00+00:00,127.6,128.01,126.68,127.42,764.23436841
2025-12-02 08:00:00+00:00,127.43,128.92,126.23,128.43,2483.98558573
2025-12-02 12:00:00+00:00,128.56,140.47,128.41,138.01,7776.65159081
2025-12-02 16:00:00+00:00,138.09,140.91,137.51,140.24,2641.37841062
2025-12-02 20:00:00+00:00,140.36,140.4,138.39,138.76,635.5513461099999
2025-12-03 00:00:00+00:00,138.78,140.66,137.9,140.38,901.41259683
2025-12-03 04:00:00+00:00,140.47,144.23,140.32,141.86,3888.08613006
2025-12-03 08:00:00+00:00,142.01,142.58,140.81,141.73,711.58658731
2025-12-03 12:00:00+00:00,141.76,143.5,138.94,141.03,2779.80687732
2025-12-03 16:00:00+00:00,141.06,142.26,140.03,141.24,1370.6411546
2025-12-03 20:00:00+00:00,141.21,146.03,140.78,144.61,3218.35756853
2025-12-04 00:00:00+00:00,144.86,146.87,143.82,144.69,2075.53507405
2025-12-04 04:00:00+00:00,144.69,144.88,142.78,143.55,1243.38399703
2025-12-04 08:00:00+00:00,143.4,144.12,142.82,143.16,784.73089449
2025-12-04 12:00:00+00:00,143.19,144.19,141.59,143.47,1900.47402919
2025-12-04 16:00:00+00:00,143.31,143.83,137.86,139.65,2285.26156159
2025-12-04 20:00:00+00:00,139.84,140.5,138.6,139.02,222.8947647
2025-12-05 00:00:00+00:00,139.04,140.18,138.44,138.63,1237.30617632
2025-12-05 04:00:00+00:00,138.72,140.52,137.9,139.66,2136.51522403
2025-12-05 08:00:00+00:00,139.64,139.64,136.14,137.06,1483.0600612
2025-12-05 12:00:00+00:00,136.95,137.18,134.55,134.99,1581.03355078
2025-12-05 16:00:00+00:00,135.06,135.15,130.9,132.59,5138.5849176
2025-12-05 20:00:00+00:00,132.51,133.37,132.05,133.37,550.58665219
2025-12-06 00:00:00+00:00,133.3,134.1,132.95,133.77,151.66055421000002
2025-12-06 04:00:00+00:00,133.74,133.74,132.78,132.81,248.78584318
2025-12-06 08:00:00+00:00,132.79,133.29,132.0,133.28,309.2108876
2025-12-06 12:00:00+00:00,133.25,133.95,132.33,132.93,542.51984537
2025-12-06 16:00:00+00:00,132.92,133.52,131.83,132.06,518.9808226
2025-12-06 20:00:00+00:00,132.21,132.86,131.42,132.36,197.92755279
2025-12-07 00:00:00+00:00,132.21,133.6,132.05,133.52,166.67741952
2025-12-07 04:00:00+00:00,133.46,133.56,132.07,132.12,129.27694007
2025-12-07 08:00:00+00:00,132.11,132.58,131.69,132.31,577.79075318
2025-12-07 12:00:00+00:00,132.5,133.03,127.8,132.17,2810.65420189
2025-12-07 16:00:00+00:00,132.0,136.26,130.62,135.73,2602.23183201
2025-12-07 20:00:00+00:00,135.87,136.35,129.95,132.39,1931.2899819
2025-12-08 00:00:00+00:00,132.14,134.71,131.65,134.42,351.2438557
2025-12-08 04:00:00+00:00,134.43,136.0,134.18,135.84,2427.34365111
2025-12-08 08:00:00+00:00,135.87,139.36,135.79,138.42,2003.26682747
2025-12-08 12:00:00+00:00,138.39,139.31,135.38,135.74,2696.46640149
2025-12-08 16:00:00+00:00,135.66,136.51,133.09,133.69,591.98293501
2025-12-08 20:00:00+00:00,133.63,135.12,132.65,133.31,2166.25974758
2025-12-09 00:00:00+00:00,133.31,134.52,132.61,134.25,1548.9932745199999
2025-12-09 04:00:00+00:00,134.22,134.27,131.95,133.34,653.51175911
2025-12-09 08:00:00+00:00,133.32,133.52,132.3,133.18,286.10571717
2025-12-09 12:00:00+00:00,132.99,138.47,131.83,138.41,1071.51019423
2025-12-09 16:00:00+00:00,138.53,144.85,138.53,142.15,6380.78370148
2025-12-09 20:00:00+00:00,142.14,142.3,136.82,137.93,5008.44148317
2025-12-10 00:00:00+00:00,137.9,138.64,137.29,138.25,2053.48266142
2025-12-10 04:00:00+00:00,138.24,140.21,138.15,139.17,995.59417865
2025-12-10 08:00:00+00:00,139.07,139.81,136.41,137.3,690.59371425
2025-12-10 12:00:00+00:00,137.3,138.17,135.78,136.16,363.94320277
2025-12-10 16:00:00+00:00,136.1,139.51,135.85,138.92,2295.50005524
2025-12-10 20:00:00+00:00,138.64,142.63,135.5,136.33,2354.99893587
2025-12-11 00:00:00+00:00,136.28,136.44,129.18,129.5,1760.61501645
2025-12-11 04:00:00+00:00,129.5,131.54,129.22,131.1,461.69384052
2025-12-11 08:00:00+00:00,130.96,131.45,130.33,131.03,451.37195133
2025-12-11 12:00:00+00:00,131.06,132.86,130.0,131.28,1288.82825136
2025-12-11 16:00:00+00:00,131.22,135.59,130.32,134.01,1541.02760775
2025-12-11 20:00:00+00:00,134.11,137.81,134.11,136.41,2289.10337381
2025-12-12 00:00:00+00:00,136.46,137.99,135.47,137.22,541.78658281
2025-12-12 04:00:00+00:00,137.16,140.15,136.68,139.18,1882.6745329
2025-12-12 08:00:00+00:00,139.15,139.15,137.37,138.69,611.0143225
2025-12-12 12:00:00+00:00,138.73,139.9,133.07,133.61,1759.26713484
2025-12-12 16:00:00+00:00,133.47,133.96,130.51,131.36,2281.88913195
2025-12-12 20:00:00+00:00,131.18,133.09,131.13,132.32,639.03700293
2025-12-13 00:00:00+00:00,132.4,133.07,132.4,132.98,141.1419232
2025-12-13 04:00:00+00:00,132.88,133.03,132.4,133.0,151.67616489
2025-12-13 08:00:00+00:00,133.04,134.29,133.04,133.57,197.74376446
2025-12-13 12:00:00+00:00,133.6,133.77,132.73,133.42,574.97525251
2025-12-13 16:00:00+00:00,133.45,133.86,132.26,132.92,134.95475238
2025-12-13 20:00:00+00:00,132.95,133.32,131.69,133.32,838.8089284499999
2025-12-14 00:00:00+00:00,133.18,133.72,132.88,133.05,470.50831089
2025-12-14 04:00:00+00:00,133.16,133.42,132.25,133.27,366.95197118
2025-12-14 08:00:00+00:00,133.41,133.53,130.18,131.5,3773.49506503
2025-12-14 12:00:00+00:00,131.38,131.89,130.45,130.76,589.46628542
2025-12-14 16:00:00+00:00,130.7,131.5,129.49,130.39,443.86643857
2025-12-14 20:00:00+00:00,130.4,130.78,128.01,129.39,3592.23357
2025-12-15 00:00:00+00:00,129.53,133.25,129.44,131.25,1612.58946103
2025-12-15 04:00:00+00:00,131.21,132.72,131.02,132.44,267.40308297999997
2025-12-15 08:00:00+00:00,132.3,133.04,132.23,132.23,171.34822779
2025-12-15 12:00:00+00:00,132.15,135.39,126.6,127.15,2213.77469405
2025-12-15 16:00:00+00:00,126.97,127.38,123.89,125.23,2415.3001659
2025-12-15 20:00:00+00:00,125.19,128.05,124.1,128.05,1010.5604346
2025-12-16 00:00:00+00:00,127.87,128.24,125.14,126.62,623.44682992
2025-12-16 04:00:00+00:00,126.75,127.61,125.05,125.85,207.04621583
2025-12-16 08:00:00+00:00,125.73,129.15,125.72,128.81,892.52780149
2025-12-16 12:00:00+00:00,128.74,130.22,126.3,129.87,853.44048384
2025-12-16 16:00:00+00:00,129.74,129.74,127.0,127.82,448.08788949
2025-12-16 20:00:00+00:00,127.92,129.63,127.65,129.39,377.1401201
2025-12-17 00:00:00+00:00,129.31,130.01,128.44,128.48,297.00323316
2025-12-17 04:00:00+00:00,128.44,128.76,127.3,128.44,165.04466209
2025-12-17 08:00:00+00:00,128.33,128.33,126.29,127.75,143.34234738
2025-12-17 12:00:00+00:00,127.91,134.21,126.79,127.06,9944.0730267
2025-12-17 16:00:00+00:00,126.88,128.13,121.61,122.61,14234.53878095
2025-12-17 20:00:00+00:00,122.64,123.96,122.22,123.5,2098.67730087
2025-12-18 00:00:00+00:00,123.51,124.36,123.22,123.8,1437.27313224
2025-12-18 04:00:00+00:00,123.84,124.3,122.4,123.01,2874.37653125
2025-12-18 08:00:00+00:00,123.06,124.26,122.64,124.17,4018.27677434
2025-12-18 12:00:00+00:00,124.18,129.15,123.78,127.39,5798.71105567
2025-12-18 16:00:00+00:00,127.51,127.57,117.63,117.72,24801.70184527
2025-12-18 20:00:00+00:00,117.71,120.42,117.14,119.81,4539.64421894
2025-12-19 00:00:00+00:00,119.81,122.63,117.81,121.71,4863.60734269
2025-12-19 04:00:00+00:00,121.61,125.45,121.52,124.61,4223.42643224
2025-12-19 08:00:00+00:00,124.66,125.92,124.06,125.5,1767.8315542
2025-12-19 12:00:00+00:00,125.57,127.77,124.93,125.23,3606.09613472
2025-12-19 16:00:00+00:00,125.17,127.02,123.75,126.34,2499.80285105
2025-12-19 20:00:00+00:00,126.39,128.0,126.23,126.41,2217.60032152
2025-12-20 00:00:00+00:00,126.43,126.61,125.47,126.3,782.59343796
2025-12-20 04:00:00+00:00,126.37,126.81,126.04,126.33,1331.10595986
2025-12-20 08:00:00+00:00,126.37,127.04,126.01,126.64,1082.98660999
2025-12-20 12:00:00+00:00,126.57,126.79,125.6,126.7,1427.15289979
2025-12-20 16:00:00+00:00,126.8,126.83,125.87,126.19,1537.5753798
2025-12-20 20:00:00+00:00,126.19,126.66,125.76,125.97,1153.10526869
2025-12-21 00:00:00+00:00,125.94,126.25,124.83,125.47,1677.27823646
2025-12-21 04:00:00+00:00,125.32,125.68,125.24,125.44,567.77264262
2025-12-21 08:00:00+00:00,125.38,126.88,124.96,125.59,678.78026893
2025-12-21 12:00:00+00:00,125.66,126.19,123.62,125.21,4096.9605266
2025-12-21 16:00:00+00:00,125.13,126.42,124.49,125.75,2395.01369171
2025-12-21 20:00:00+00:00,125.73,126.32,124.83,126.14,1163.71196886
2025-12-22 00:00:00+00:00,126.22,128.61,124.56,126.18,4372.75515957
2025-12-22 04:00:00+00:00,126.14,126.81,125.64,126.46,1176.96437213
2025-12-22 08:00:00+00:00,126.47,127.42,125.56,127.02,2822.7340198
2025-12-22 12:00:00+00:00,127.08,128.8,126.36,128.13,3764.10040947
2025-12-22 16:00:00+00:00,128.22,128.41,124.74,124.74,5278.50673757
2025-12-22 20:00:00+00:00,124.71,126.09,124.28,125.93,2989.87103463
2025-12-23 00:00:00+00:00,125.88,126.94,125.14,125.73,1864.54327433
2025-12-23 04:00:00+00:00,125.64,126.1,123.82,124.14,1721.70882434
2025-12-23 08:00:00+00:00,124.24,125.33,124.03,124.94,3361.12754113
2025-12-23 12:00:00+00:00,124.93,125.01,122.31,123.45,2180.16218411
2025-12-23 16:00:00+00:00,123.31,124.94,122.9,124.02,3510.45467137
2025-12-23 20:00:00+00:00,124.07,125.59,123.49,124.01,1697.16494588
2025-12-24 00:00:00+00:00,124.05,124.29,121.8,122.74,3078.74771552
2025-12-24 04:00:00+00:00,122.64,123.04,120.71,121.36,2469.60999742
2025-12-24 08:00:00+00:00,121.28,122.25,121.19,122.11,1548.84695163
2025-12-24 12:00:00+00:00,122.03,122.91,120.77,122.82,1392.95342839
2025-12-24 16:00:00+00:00,122.76,123.59,121.77,122.91,1482.59275122
2025-12-24 20:00:00+00:00,122.92,123.43,122.49,122.49,1835.06195955
2025-12-25 00:00:00+00:00,122.49,123.18,122.11,122.74,463.86528053
2025-12-25 04:00:00+00:00,122.77,122.88,122.14,122.42,344.90679174
2025-12-25 08:00:00+00:00,122.3,122.67,121.33,121.77,963.12503642
2025-12-25 12:00:00+00:00,121.62,124.09,121.62,123.58,2924.20196096
2025-12-25 16:00:00+00:00,123.68,124.46,122.81,123.51,1679.78713554
2025-12-25 20:00:00+00:00,123.44,123.55,119.8,120.11,3888.86894831
2025-12-26 00:00:00+00:00,119.99,124.37,119.3,122.67,4692.45293234
2025-12-26 04:00:00+00:00,122.55,123.98,121.82,122.74,2228.86612795
2025-12-26 08:00:00+00:00,122.72,124.11,122.29,123.85,5990.02731968
2025-12-26 12:00:00+00:00,123.87,125.1,120.5,121.63,6469.51282259
2025-12-26 16:00:00+00:00,121.8,122.5,121.32,122.3,1528.99827659
2025-12-26 20:00:00+00:00,122.33,122.79,121.96,122.46,1587.69525472
2025-12-27 00:00:00+00:00,122.42,123.86,122.01,123.78,1083.20601445
2025-12-27 04:00:00+00:00,123.8,123.83,122.85,123.32,734.30677744
2025-12-27 08:00:00+00:00,123.33,123.43,122.64,123.19,279.92439198
2025-12-27 12:00:00+00:00,123.21,123.78,122.87,123.42,520.21151756
2025-12-27 16:00:00+00:00,123.53,123.6,122.9,123.29,361.19271483
2025-12-27 20:00:00+00:00,123.45,125.17,123.45,124.92,2977.53447131
2025-12-28 00:00:00+00:00,125.02,125.02,124.03,124.27,303.39795517
2025-12-28 04:00:00+00:00,124.16,124.43,123.75,124.33,310.16745401
2025-12-28 08:00:00+00:00,124.34,124.87,124.09,124.7,1138.01593882
2025-12-28 12:00:00+00:00,124.76,125.07,124.4,124.55,555.26585513
2025-12-28 16:00:00+00:00,124.59,124.85,123.18,123.44,1637.19816322
2025-12-28 20:00:00+00:00,123.38,125.71,123.2,125.46,1522.36491785
2025-12-29 00:00:00+00:00,125.31,130.09,125.08,128.55,6119.08560409
2025-12-29 04:00:00+00:00,128.66,129.1,127.32,127.83,2723.13516709
2025-12-29 08:00:00+00:00,127.96,128.52,125.08,125.16,4447.85478066
2025-12-29 12:00:00+00:00,125.11,125.48,122.37,123.48,8060.77628498
2025-12-29 16:00:00+00:00,123.5,123.97,122.61,123.08,1978.1701635499999
2025-12-29 20:00:00+00:00,123.09,123.6,122.87,123.3,859.4562994
2025-12-30 00:00:00+00:00,123.28,123.91,122.6,123.78,586.13137364
2025-12-30 04:00:00+00:00,123.83,124.31,123.21,123.99,1844.84440143
2025-12-30 08:00:00+00:00,123.99,125.11,123.98,124.28,3935.63078966
2025-12-30 12:00:00+00:00,124.29,125.37,123.51,125.15,4087.23615093
2025-12-30 16:00:00+00:00,125.22,126.56,123.84,124.73,2118.63852451
2025-12-30 20:00:00+00:00,124.76,125.19,123.6,125.08,1926.53505757
2025-12-31 00:00:00+00:00,125.03,126.14,124.48,125.88,1309.17961865
2025-12-31 04:00:00+00:00,125.93,126.15,125.47,126.06,728.91196968
2025-12-31 08:00:00+00:00,126.07,126.88,125.49,126.81,1256.3635269
2025-12-31 12:00:00+00:00,126.74,127.42,125.12,125.65,2427.58037245
2025-12-31 16:00:00+00:00,125.65,125.78,124.41,124.47,1810.67754157
2025-12-31 20:00:00+00:00,124.54,125.29,123.62,124.74,4449.94611598
2026-01-01 00:00:00+00:00,124.76,125.88,124.69,125.23,1868.91653605
2026-01-01 04:00:00+00:00,125.18,125.35,124.28,124.28,717.74759972
2026-01-01 08:00:00+00:00,124.26,125.31,124.21,125.26,1795.060833
2026-01-01 12:00:00+00:00,125.27,125.29,124.45,125.0,1773.13497526
2026-01-01 16:00:00+00:00,125.05,125.86,124.35,125.8,2661.18324221
2026-01-01 20:00:00+00:00,125.83,127.28,125.36,126.94,1159.5688843
2026-01-02 00:00:00+00:00,126.97,128.0,125.87,127.44,1843.81348409
2026-01-02 04:00:00+00:00,127.56,127.74,126.77,127.15,902.74423005
2026-01-02 08:00:00+00:00,127.18,129.93,127.15,128.19,4700.87232775
2026-01-02 12:00:00+00:00,128.14,129.58,126.85,128.95,5426.97925108
2026-01-02 16:00:00+00:00,128.91,132.24,128.65,131.61,13563.49022628
2026-01-02 20:00:00+00:00,131.69,133.23,130.85,132.29,5623.91577194
2026-01-03 00:00:00+00:00,132.33,133.16,132.09,132.82,2943.04927673
2026-01-03 04:00:00+00:00,132.83,132.89,129.64,130.1,3189.78156161
2026-01-03 08:00:00+00:00,130.02,131.43,129.81,130.69,1171.90659687
2026-01-03 12:00:00+00:00,130.67,132.06,130.5,131.39,2008.03599317
2026-01-03 16:00:00+00:00,131.4,132.04,131.4,131.68,1581.97290265
2026-01-03 20:00:00+00:00,131.73,133.88,131.27,133.33,3310.9696457
2026-01-04 00:00:00+00:00,133.3,134.82,133.27,134.55,1557.07516492
2026-01-04 04:00:00+00:00,134.5,134.84,133.63,133.76,1863.01127965
2026-01-04 08:00:00+00:00,133.76,134.79,133.13,134.33,1661.6964982
2026-01-04 12:00:00+00:00,134.26,135.22,133.67,134.83,1996.4615643299999
2026-01-04 16:00:00+00:00,134.79,135.42,132.98,133.47,2677.08700376
2026-01-04 20:00:00+00:00,133.46,134.73,133.31,134.05,1601.87051175
2026-01-05 00:00:00+00:00,134.02,137.51,133.86,136.48,2587.65192355
2026-01-05 04:00:00+00:00,136.42,136.58,134.52,135.25,2394.93391372
2026-01-05 08:00:00+00:00,135.25,135.85,134.57,135.56,2232.2065896
2026-01-05 12:00:00+00:00,135.62,136.29,133.02,135.95,4355.64118255
2026-01-05 16:00:00+00:00,135.95,138.58,134.14,138.07,3063.68258783
2026-01-05 20:00:00+00:00,138.01,139.62,137.57,137.72,1410.96934928
2026-01-06 00:00:00+00:00,137.74,138.41,136.72,138.15,1614.54748164
2026-01-06 04:00:00+00:00,138.13,139.81,137.19,137.48,2825.12407743
2026-01-06 08:00:00+00:00,137.46,139.51,137.25,139.27,3624.32621764
2026-01-06 12:00:00+00:00,139.32,143.19,138.53,141.37,12022.48796416
2026-01-06 16:00:00+00:00,141.36,141.78,135.3,137.39,11545.84221636
2026-01-06 20:00:00+00:00,137.38,141.8,137.38,140.93,3156.14780301
2026-01-07 00:00:00+00:00,140.83,141.15,138.4,139.37,3029.75134557
2026-01-07 04:00:00+00:00,139.42,139.51,137.97,139.21,3147.0294761
2026-01-07 08:00:00+00:00,139.18,139.6,136.45,137.96,4844.82479883
2026-01-07 12:00:00+00:00,137.99,138.53,135.31,135.7,4976.46645207
2026-01-07 16:00:00+00:00,135.7,136.64,134.45,135.75,2790.46711787
2026-01-07 20:00:00+00:00,135.78,137.02,135.01,136.46,1742.58309629
2026-01-08 00:00:00+00:00,136.36,138.27,135.98,136.71,2299.73554029
2026-01-08 04:00:00+00:00,136.73,138.29,133.79,135.85,5899.26172593
2026-01-08 08:00:00+00:00,135.85,136.18,133.94,134.74,1365.82000474
2026-01-08 12:00:00+00:00,134.74,136.49,132.62,136.4,3951.41503386
2026-01-08 16:00:00+00:00,136.47,139.02,136.28,137.49,4553.11739937
2026-01-08 20:00:00+00:00,137.43,140.01,136.51,138.37,4755.7599576
2026-01-09 00:00:00+00:00,138.39,141.1,137.75,140.73,8454.99764552
2026-01-09 04:00:00+00:00,140.72,141.01,139.42,139.54,1554.17568361
2026-01-09 08:00:00+00:00,139.51,139.51,137.01,138.25,3497.21548957
2026-01-09 12:00:00+00:00,138.24,140.82,136.24,138.81,6475.57637271
2026-01-09 16:00:00+00:00,138.83,140.23,135.43,135.79,3864.71755134
2026-01-09 20:00:00+00:00,135.76,136.41,134.97,135.94,2481.46938964
2026-01-10 00:00:00+00:00,135.92,136.65,135.67,136.14,1661.79447727
2026-01-10 04:00:00+00:00,136.12,136.32,135.74,136.08,501.084306
2026-01-10 08:00:00+00:00,136.12,137.04,136.0,136.58,457.39161362
2026-01-10 12:00:00+00:00,136.61,137.03,136.02,136.41,508.58649812
2026-01-10 16:00:00+00:00,136.46,136.71,135.92,136.24,861.76408189
2026-01-10 20:00:00+00:00,136.22,136.26,135.34,135.86,718.88753835
2026-01-11 00:00:00+00:00,135.86,136.49,135.8,136.26,694.68896936
2026-01-11 04:00:00+00:00,136.23,136.44,135.88,136.19,1016.55568111
2026-01-11 08:00:00+00:00,136.17,136.88,136.1,136.5,601.89264408
2026-01-11 12:00:00+00:00,136.56,139.48,136.51,138.39,2560.26699104
2026-01-11 16:00:00+00:00,138.41,141.54,138.41,139.41,5524.99678402
2026-01-11 20:00:00+00:00,139.38,139.69,137.42,139.65,2979.98550351
2026-01-12 00:00:00+00:00,139.65,144.32,138.85,142.47,7875.11347455
2026-01-12 04:00:00+00:00,142.48,143.29,141.26,141.34,2535.60279494
2026-01-12 08:00:00+00:00,141.31,141.94,139.0,139.94,5148.43004694
2026-01-12 12:00:00+00:00,139.95,142.65,138.68,142.5,3242.87005539
2026-01-12 16:00:00+00:00,142.46,144.15,140.56,140.92,8851.77868216
2026-01-12 20:00:00+00:00,140.99,141.77,138.3,139.13,3669.23669445
2026-01-13 00:00:00+00:00,139.12,139.48,137.76,138.62,2933.89288457
2026-01-13 04:00:00+00:00,138.63,140.68,138.33,139.93,2790.61714598
2026-01-13 08:00:00+00:00,140.03,143.04,139.99,141.76,3686.89735911
2026-01-13 12:00:00+00:00,141.8,143.69,141.09,143.36,10146.2649698
2026-01-13 16:00:00+00:00,143.44,144.49,142.35,144.04,6519.10946163
2026-01-13 20:00:00+00:00,144.13,148.52,142.93,145.27,17812.78293327
2026-01-14 00:00:00+00:00,145.34,146.35,144.18,146.07,5104.16123289
2026-01-14 04:00:00+00:00,146.06,146.21,143.74,144.66,5788.29791516
2026-01-14 08:00:00+00:00,144.72,145.69,143.45,143.68,4653.92748287
2026-01-14 12:00:00+00:00,143.64,147.46,143.31,146.97,7294.97294552
2026-01-14 16:00:00+00:00,147.04,148.37,145.22,146.59,6557.24005262
2026-01-14 20:00:00+00:00,146.58,147.59,145.67,146.45,6123.16918378
2026-01-15 00:00:00+00:00,146.52,146.52,142.87,143.28,2577.86593609
2026-01-15 04:00:00+00:00,143.19,145.09,143.15,144.9,2763.58542803
2026-01-15 08:00:00+00:00,144.9,145.9,143.88,144.74,2051.91212191
2026-01-15 12:00:00+00:00,144.66,145.5,141.73,143.49,5330.60971085
2026-01-15 16:00:00+00:00,143.41,144.11,140.84,141.49,5002.40403684
2026-01-15 20:00:00+00:00,141.42,142.57,140.97,142.29,1502.79159641
2026-01-16 00:00:00+00:00,142.29,142.69,141.58,141.82,1750.73098219
2026-01-16 04:00:00+00:00,141.82,143.46,141.33,142.79,2432.0055732
2026-01-16 08:00:00+00:00,142.81,143.39,142.56,142.95,1580.78096314
2026-01-16 12:00:00+00:00,142.96,143.67,140.13,140.71,3179.81512857
2026-01-16 16:00:00+00:00,140.62,144.41,140.54,144.09,4330.02494486
2026-01-16 20:00:00+00:00,144.08,145.46,143.48,144.8,4017.53533825
2026-01-17 00:00:00+00:00,144.9,144.9,144.14,144.29,1809.29403776
2026-01-17 04:00:00+00:00,144.26,144.4,143.54,143.56,893.07288201
2026-01-17 08:00:00+00:00,143.57,144.54,143.23,143.92,2766.49377561
2026-01-17 12:00:00+00:00,143.92,144.25,143.52,144.25,2270.09221589
2026-01-17 16:00:00+00:00,144.22,144.47,143.63,144.21,1303.64319335
2026-01-17 20:00:00+00:00,144.19,144.53,143.44,143.73,2336.68924386
2026-01-18 00:00:00+00:00,143.64,143.94,141.82,142.78,6232.37297603
2026-01-18 04:00:00+00:00,142.75,142.98,142.03,142.1,1480.95851556
2026-01-18 08:00:00+00:00,142.05,142.6,141.89,142.33,524.30517053
2026-01-18 12:00:00+00:00,142.32,142.67,141.51,142.0,1622.5046941
2026-01-18 16:00:00+00:00,141.95,143.23,141.75,142.25,3911.71174837
2026-01-18 20:00:00+00:00,142.21,143.0,137.66,137.81,5694.10235046
2026-01-19 00:00:00+00:00,137.66,137.66,130.0,133.91,13467.0767402
2026-01-19 04:00:00+00:00,133.91,134.03,132.71,133.51,3239.01323468
2026-01-19 08:00:00+00:00,133.44,134.33,133.27,134.09,1570.06369773
2026-01-19 12:00:00+00:00,134.06,134.16,133.27,133.55,2267.31437479
2026-01-19 16:00:00+00:00,133.51,134.67,133.46,134.42,1159.92264058
2026-01-19 20:00:00+00:00,134.46,135.12,132.73,133.41,1717.85459855
2026-01-20 00:00:00+00:00,133.44,134.57,133.08,134.24,2285.89978457
2026-01-20 04:00:00+00:00,134.22,134.22,130.59,130.66,3531.56874175
2026-01-20 08:00:00+00:00,130.62,130.74,128.39,128.81,7038.45847722
2026-01-20 12:00:00+00:00,128.83,129.69,127.27,127.84,4671.62508022
2026-01-20 16:00:00+00:00,127.85,128.57,126.3,127.24,3999.36991024
2026-01-20 20:00:00+00:00,127.14,128.07,124.5,125.76,3371.75599969
2026-01-21 00:00:00+00:00,125.83,127.88,125.75,127.6,2175.06069784
2026-01-21 04:00:00+00:00,127.62,128.81,127.51,127.72,987.34755235
2026-01-21 08:00:00+00:00,127.64,128.25,126.92,126.99,1301.70274052
2026-01-21 12:00:00+00:00,127.11,131.12,126.27,130.47,4070.0299173500002
2026-01-21 16:00:00+00:00,130.45,131.64,125.36,131.49,4281.41349841
2026-01-21 20:00:00+00:00,131.55,132.27,129.23,129.57,2939.47949018
2026-01-22 00:00:00+00:00,129.64,130.65,129.6,129.93,913.59177449
2026-01-22 04:00:00+00:00,129.87,130.53,129.81,129.82,363.71842583
2026-01-22 08:00:00+00:00,129.89,130.41,129.4,130.11,1213.44651213
2026-01-22 12:00:00+00:00,130.16,130.94,126.78,127.52,2608.23686445
2026-01-22 16:00:00+00:00,127.51,129.4,126.95,129.29,1799.5757289800001
2026-01-22 20:00:00+00:00,129.25,129.76,128.03,128.47,912.70010379
2026-01-23 00:00:00+00:00,128.51,128.95,128.11,128.75,1320.57728067
2026-01-23 04:00:00+00:00,128.72,129.28,127.25,127.93,959.45123096
2026-01-23 08:00:00+00:00,127.88,128.0,126.95,127.48,687.15618997
2026-01-23 12:00:00+00:00,127.53,128.07,125.36,127.9,1352.88039123
2026-01-23 16:00:00+00:00,127.9,130.17,127.49,128.14,2502.08513893
2026-01-23 20:00:00+00:00,127.97,128.26,126.55,127.5,945.56345294
2026-01-24 00:00:00+00:00,127.44,128.15,127.34,127.97,424.62355383
2026-01-24 04:00:00+00:00,127.89,128.13,127.01,127.14,1104.40537244
2026-01-24 08:00:00+00:00,127.13,127.42,126.95,127.18,1054.94522673
2026-01-24 12:00:00+00:00,127.2,127.41,126.81,126.81,882.74660799
2026-01-24 16:00:00+00:00,126.79,127.48,126.68,127.28,1826.11514765
2026-01-24 20:00:00+00:00,127.37,127.69,127.1,127.13,500.82299143
2026-01-25 00:00:00+00:00,127.2,127.39,126.32,126.63,1876.08286028
2026-01-25 04:00:00+00:00,126.56,126.94,126.37,126.49,729.85306679
2026-01-25 08:00:00+00:00,126.46,127.2,125.96,126.76,1412.26708613
2026-01-25 12:00:00+00:00,126.8,127.14,125.51,125.6,1782.84026259
2026-01-25 16:00:00+00:00,125.49,125.49,117.19,117.96,20748.17979576
2026-01-25 20:00:00+00:00,117.97,119.38,117.44,118.87,11544.03675845
2026-01-26 00:00:00+00:00,118.78,122.77,118.57,121.56,7107.3459279
2026-01-26 04:00:00+00:00,121.57,123.53,121.57,122.88,2854.69560371
2026-01-26 08:00:00+00:00,122.93,123.5,121.8,122.57,2258.75493405
2026-01-26 12:00:00+00:00,122.6,125.22,122.41,123.61,4560.99082911
2026-01-26 16:00:00+00:00,123.74,125.59,123.12,124.41,4893.67824262
2026-01-26 20:00:00+00:00,124.33,125.0,123.56,124.38,1903.22502824
2026-01-27 00:00:00+00:00,124.37,125.26,123.95,124.57,2269.58874041
2026-01-27 04:00:00+00:00,124.69,125.23,124.07,124.6,3853.90203371
2026-01-27 08:00:00+00:00,124.59,124.9,123.69,124.12,1191.87999139
2026-01-27 12:00:00+00:00,124.15,125.06,123.22,125.06,3848.4377234
2026-01-27 16:00:00+00:00,125.19,126.85,123.63,125.96,6497.22527522
2026-01-27 20:00:00+00:00,125.94,127.91,125.84,127.16,5729.20666383
2026-01-28 00:00:00+00:00,127.28,127.46,126.64,126.96,1888.16500372
2026-01-28 04:00:00+00:00,126.92,127.52,126.46,127.09,1340.16887317
2026-01-28 08:00:00+00:00,127.07,128.33,125.92,128.2,3006.40485411
2026-01-28 12:00:00+00:00,128.08,128.23,125.56,126.11,3926.36295117
2026-01-28 16:00:00+00:00,126.12,127.02,125.3,125.98,3235.54189415
2026-01-28 20:00:00+00:00,125.93,126.67,124.79,125.33,3084.56833965
2026-01-29 00:00:00+00:00,125.37,125.47,122.62,123.01,6244.48702883
2026-01-29 04:00:00+00:00,122.96,123.93,122.46,123.73,1982.64289932
2026-01-29 08:00:00+00:00,123.6,123.9,122.69,122.78,3066.49561029
2026-01-29 12:00:00+00:00,122.77,123.19,116.14,117.65,10732.27693295
2026-01-29 16:00:00+00:00,117.58,119.87,115.3,116.69,16882.74396106
2026-01-29 20:00:00+00:00,116.76,117.91,116.49,117.84,5789.57062259
2026-01-30 00:00:00+00:00,117.91,118.15,112.13,114.44,10862.17036476
2026-01-30 04:00:00+00:00,114.43,116.16,113.09,115.87,6046.43680249
2026-01-30 08:00:00+00:00,115.86,117.31,114.78,117.21,5422.96946565
2026-01-30 12:00:00+00:00,117.13,117.71,114.69,116.87,6167.03852253
2026-01-30 16:00:00+00:00,116.83,119.1,114.41,118.26,9490.36796175
2026-01-30 20:00:00+00:00,118.22,118.38,116.55,117.56,7529.40101277
2026-01-31 00:00:00+00:00,117.58,118.64,117.35,118.41,7054.16096913
2026-01-31 04:00:00+00:00,118.42,118.86,117.21,117.39,3607.60315962
2026-01-31 08:00:00+00:00,117.41,117.53,114.13,116.13,9863.58095177
2026-01-31 12:00:00+00:00,116.08,116.27,108.31,108.69,17301.87159234
2026-01-31 16:00:00+00:00,108.86,109.91,96.522,101.82,54088.02958058
2026-01-31 20:00:00+00:00,101.81,106.62,100.49,105.69,13718.99030668
2026-02-01 00:00:00+00:00,105.68,106.48,104.34,105.04,6895.76245669
2026-02-01 04:00:00+00:00,105.04,106.08,103.96,105.32,4656.72737085
2026-02-01 08:00:00+00:00,105.28,106.12,103.66,105.08,6057.50589074
2026-02-01 12:00:00+00:00,105.02,106.72,100.33,101.7,13863.31400415
2026-02-01 16:00:00+00:00,101.75,104.27,100.96,102.0,9588.48255354
2026-02-01 20:00:00+00:00,101.99,102.89,97.842,100.78,14975.58216132
2026-02-02 00:00:00+00:00,100.9,103.21,96.192,100.25,21440.96777291
2026-02-02 04:00:00+00:00,100.29,102.52,97.32,101.49,8506.65419035
2026-02-02 08:00:00+00:00,101.66,103.59,101.52,102.89,7149.29653181
2026-02-02 12:00:00+00:00,102.98,106.23,102.53,104.78,5952.59981705
2026-02-02 16:00:00+00:00,104.72,105.86,103.63,104.06,3994.52394433
2026-02-02 20:00:00+00:00,104.06,105.31,103.47,104.67,2438.10527457
2026-02-03 00:00:00+00:00,104.69,104.77,102.28,104.27,4100.11494925
2026-02-03 04:00:00+00:00,104.25,105.15,103.08,104.68,2340.56984643
2026-02-03 08:00:00+00:00,104.82,105.1,102.61,103.12,3873.26688844
2026-02-03 12:00:00+00:00,103.1,103.7,100.49,102.6,6659.68334632
2026-02-03 16:00:00+00:00,102.54,102.54,96.787,99.16,14162.79428294
2026-02-03 20:00:00+00:00,99.133,102.21,97.49,97.98,17641.89671647
2026-02-04 00:00:00+00:00,97.98,99.77,97.32,99.184,4770.70121508
2026-02-04 04:00:00+00:00,99.2,99.46,96.6,97.979,19682.78941553
2026-02-04 08:00:00+00:00,98.009,98.05,94.709,96.168,16828.45871083
2026-02-04 12:00:00+00:00,96.224,96.81,91.36,92.863,14291.30326818
2026-02-04 16:00:00+00:00,92.82,94.841,90.098,94.57,13259.19443466
2026-02-04 20:00:00+00:00,94.401,94.6,89.49,92.22,5117.72346312
2026-02-05 00:00:00+00:00,92.232,93.01,90.347,91.31,9233.07121738
2026-02-05 04:00:00+00:00,91.231,92.353,89.767,90.628,16852.29803394
2026-02-05 08:00:00+00:00,90.75,93.42,88.817,90.15,7929.53884159
2026-02-05 12:00:00+00:00,90.16,91.419,83.623,84.726,20929.66057062
2026-02-05 16:00:00+00:00,84.755,86.296,81.328,81.77,22596.76290333
2026-02-05 20:00:00+00:00,81.79,82.35,77.7,78.45,25874.95567694
2026-02-06 00:00:00+00:00,78.46,80.37,67.801,76.829,45078.93354049
2026-02-06 04:00:00+00:00,76.69,81.67,76.31,79.672,12963.02543525
2026-02-06 08:00:00+00:00,79.699,82.085,78.8,81.448,27153.86354727
2026-02-06 12:00:00+00:00,81.379,85.284,80.94,84.45,46264.63801613
2026-02-06 16:00:00+00:00,84.51,88.752,83.758,87.168,48803.23015077
2026-02-06 20:00:00+00:00,87.06,89.931,86.681,87.537,6906.02791328
2026-02-07 00:00:00+00:00,87.49,88.469,85.986,88.203,6590.87213845
2026-02-07 04:00:00+00:00,88.06,89.12,84.251,85.402,7505.22841805
2026-02-07 08:00:00+00:00,85.375,85.81,84.601,85.029,5633.25836527
2026-02-07 12:00:00+00:00,84.93,87.224,84.93,86.65,9244.78729752
2026-02-07 16:00:00+00:00,86.66,89.25,86.297,88.38,15258.82631062
2026-02-07 20:00:00+00:00,88.33,89.25,86.946,87.68,4662.02858742
2026-02-08 00:00:00+00:00,87.671,88.287,86.801,86.882,4074.65554456
2026-02-08 04:00:00+00:00,86.887,87.601,86.693,87.461,7069.11134755
2026-02-08 08:00:00+00:00,87.481,89.017,86.523,88.29,7423.97964414
2026-02-08 12:00:00+00:00,88.315,88.91,87.471,87.794,5396.4252424100005
2026-02-08 16:00:00+00:00,87.767,88.658,85.819,88.499,9340.66601882
2026-02-08 20:00:00+00:00,88.391,89.096,86.14,87.028,9458.92794068
2026-02-09 00:00:00+00:00,87.003,88.031,85.88,87.821,6207.01678733
2026-02-09 04:00:00+00:00,87.741,87.741,85.28,85.56,7947.03830505
2026-02-09 08:00:00+00:00,85.551,85.67,82.92,83.42,3797.59431263
2026-02-09 12:00:00+00:00,83.54,85.854,83.54,85.23,4660.50651384
2026-02-09 16:00:00+00:00,85.27,88.729,84.86,88.005,8770.3022735
2026-02-09 20:00:00+00:00,88.0,88.37,86.595,86.85,1376.73769035
2026-02-10 00:00:00+00:00,86.838,87.53,85.29,85.866,2161.05776408
2026-02-10 04:00:00+00:00,85.84,86.68,84.394,84.69,2703.09339215
2026-02-10 08:00:00+00:00,84.74,85.09,83.792,83.792,2796.55877524
2026-02-10 12:00:00+00:00,83.91,85.25,83.27,84.338,4685.55818625
2026-02-10 16:00:00+00:00,84.374,85.202,82.559,83.18,2989.3995398
2026-02-10 20:00:00+00:00,83.21,83.31,81.931,83.08,3006.3060440100003
2026-02-11 00:00:00+00:00,83.107,84.47,82.71,83.399,3333.62988535
2026-02-11 04:00:00+00:00,83.5,83.6,80.352,81.06,2480.64601448
2026-02-11 08:00:00+00:00,81.05,81.529,80.49,81.334,3853.08471225
2026-02-11 12:00:00+00:00,81.33,83.177,78.696,79.77,9525.32339133
2026-02-11 16:00:00+00:00,79.826,80.991,78.136,79.91,7656.51184412
2026-02-11 20:00:00+00:00,79.78,81.175,78.933,79.386,13036.96106702
2026-02-12 00:00:00+00:00,79.42,80.851,79.42,80.701,4945.7667862
2026-02-12 04:00:00+00:00,80.648,81.06,79.577,80.873,2460.7465705
2026-02-12 08:00:00+00:00,80.89,82.303,80.38,82.011,3329.62085322
2026-02-12 12:00:00+00:00,82.03,82.173,80.168,80.18,7572.1799951
2026-02-12 16:00:00+00:00,80.21,80.3,77.15,77.63,7385.79540728
2026-02-12 20:00:00+00:00,77.74,78.629,76.701,78.47,3991.45873595
2026-02-13 00:00:00+00:00,78.52,79.57,77.71,79.097,1678.12137775
2026-02-13 04:00:00+00:00,79.17,79.35,77.974,79.05,1955.91832128
2026-02-13 08:00:00+00:00,79.04,80.703,78.97,80.39,4237.48427947
2026-02-13 12:00:00+00:00,80.405,84.422,79.832,83.3,5752.23085178
2026-02-13 16:00:00+00:00,83.3,85.728,83.03,84.71,8723.53404587
2026-02-13 20:00:00+00:00,84.762,85.228,84.23,84.416,2157.6101009
2026-02-14 00:00:00+00:00,84.366,85.32,84.29,85.104,1777.5369116
2026-02-14 04:00:00+00:00,85.06,85.29,84.364,85.257,1374.53576471
2026-02-14 08:00:00+00:00,85.203,87.343,85.187,87.32,5041.55724243
2026-02-14 12:00:00+00:00,87.323,87.714,86.037,87.435,8419.78935384
2026-02-14 16:00:00+00:00,87.36,88.472,87.049,88.22,4595.58313795
2026-02-14 20:00:00+00:00,88.279,88.935,87.358,88.126,9434.27399325
2026-02-15 00:00:00+00:00,88.08,88.74,87.4,88.64,3883.05716412
2026-02-15 04:00:00+00:00,88.74,91.0,88.44,90.79,19726.54729977
2026-02-15 08:00:00+00:00,90.803,91.286,89.033,89.154,7879.67893272
2026-02-15 12:00:00+00:00,89.22,89.607,86.716,87.483,4181.17413415
2026-02-15 16:00:00+00:00,87.38,87.926,85.28,85.44,5233.18597248
2026-02-15 20:00:00+00:00,85.39,86.751,84.97,86.201,1635.36926171
2026-02-16 00:00:00+00:00,86.1,86.69,84.9,85.199,2610.03785175
2026-02-16 04:00:00+00:00,85.187,85.96,84.56,85.13,1435.29239227
2026-02-16 08:00:00+00:00,85.16,86.337,84.644,85.6,1699.43468464
2026-02-16 12:00:00+00:00,85.59,87.02,82.675,83.315,7546.46232486
2026-02-16 16:00:00+00:00,83.289,85.23,83.19,84.7,6108.9789531
2026-02-16 20:00:00+00:00,84.69,86.76,84.586,86.55,2723.8226446
2026-02-17 00:00:00+00:00,86.559,87.8,85.89,86.487,3278.162815
2026-02-17 04:00:00+00:00,86.442,86.861,85.55,86.57,4082.54518967
2026-02-17 08:00:00+00:00,86.571,86.811,84.859,85.216,1356.21173598
2026-02-17 12:00:00+00:00,85.186,85.611,82.994,83.91,11477.29035478
2026-02-17 16:00:00+00:00,83.91,85.848,83.236,84.97,5736.3021729
2026-02-17 20:00:00+00:00,84.93,85.531,84.656,85.135,2308.6419199
2026-02-18 00:00:00+00:00,85.179,85.59,84.041,85.42,2891.86426648
2026-02-18 04:00:00+00:00,85.41,85.616,84.78,85.35,1180.41699856
2026-02-18 08:00:00+00:00,85.369,86.17,82.931,82.931,3065.1128633
2026-02-18 12:00:00+00:00,82.934,84.113,81.815,83.08,6107.53793195
2026-02-18 16:00:00+00:00,83.099,83.17,80.597,81.091,8089.33577445
2026-02-18 20:00:00+00:00,81.02,81.753,81.02,81.721,31152.67188491
2026-02-19 00:00:00+00:00,81.748,82.17,81.38,81.874,909.76076976
2026-02-19 04:00:00+00:00,81.91,82.77,81.47,82.488,7859.89261493
2026-02-19 08:00:00+00:00,82.475,82.49,81.029,81.343,2009.51478702
2026-02-19 12:00:00+00:00,81.313,81.4,79.71,80.76,5721.28690225
2026-02-19 16:00:00+00:00,80.717,82.281,80.051,82.012,7527.63699663
2026-02-19 20:00:00+00:00,82.061,82.64,81.79,82.582,4088.24640619
2026-02-20 00:00:00+00:00,82.5,83.592,82.42,83.148,5263.34621403
2026-02-20 04:00:00+00:00,83.146,83.996,82.53,83.52,2021.87441127
2026-02-20 08:00:00+00:00,83.571,84.93,83.38,83.659,4660.51340201
2026-02-20 12:00:00+00:00,83.625,84.803,81.874,84.51,10594.94294756
2026-02-20 16:00:00+00:00,84.43,85.56,82.913,84.843,6796.5822616899995
2026-02-20 20:00:00+00:00,84.793,85.29,84.18,84.761,1746.82389949
2026-02-21 00:00:00+00:00,84.701,85.097,84.31,84.431,2161.26364233
2026-02-21 04:00:00+00:00,84.441,84.865,84.07,84.29,930.11684735
2026-02-21 08:00:00+00:00,84.33,85.73,84.309,85.439,2337.14923718
2026-02-21 12:00:00+00:00,85.471,86.805,85.068,86.681,2552.96000904
2026-02-21 16:00:00+00:00,86.729,86.78,85.883,86.28,1413.3642154
2026-02-21 20:00:00+00:00,86.247,86.248,85.2,85.25,1725.63919743
2026-02-22 00:00:00+00:00,85.24,85.63,84.78,85.135,1360.06720516
2026-02-22 04:00:00+00:00,85.17,85.615,84.84,85.29,916.21540795
2026-02-22 08:00:00+00:00,85.29,85.47,84.92,85.289,1085.31376879
2026-02-22 12:00:00+00:00,85.33,85.33,83.02,83.53,3472.56201017
2026-02-22 16:00:00+00:00,83.49,83.692,82.9,83.384,1865.7387794
2026-02-22 20:00:00+00:00,83.367,83.805,82.576,82.85,1487.33741012
2026-02-23 00:00:00+00:00,82.884,82.92,77.35,77.787,12113.22019696
2026-02-23 04:00:00+00:00,77.75,79.843,77.26,79.51,10378.8361865
2026-02-23 08:00:00+00:00,79.49,80.75,78.64,80.184,2898.26843441
2026-02-23 12:00:00+00:00,80.149,81.224,79.33,79.52,5124.87100223
2026-02-23 16:00:00+00:00,79.511,79.91,77.395,78.431,6469.96956277
2026-02-23 20:00:00+00:00,78.36,79.01,77.72,77.995,3652.57767197
2026-02-24 00:00:00+00:00,78.02,78.62,75.897,76.983,6064.31357919
2026-02-24 04:00:00+00:00,76.998,77.42,76.23,76.937,2669.74244112
2026-02-24 08:00:00+00:00,76.909,77.299,76.122,76.866,3210.55824195
2026-02-24 12:00:00+00:00,76.86,77.56,75.76,77.349,6142.58245797
2026-02-24 16:00:00+00:00,77.399,78.611,77.336,78.48,4117.56739467
2026-02-24 20:00:00+00:00,78.53,79.717,78.267,79.051,3410.73279386
2026-02-25 00:00:00+00:00,79.13,83.044,78.85,81.817,8515.86271652
2026-02-25 04:00:00+00:00,81.87,82.51,81.108,82.26,6219.06799846
2026-02-25 08:00:00+00:00,82.31,83.49,82.02,83.468,5406.31676553
2026-02-25 12:00:00+00:00,83.43,86.559,82.977,86.07,15978.75908347
2026-02-25 16:00:00+00:00,86.087,89.72,86.087,89.55,47762.83654066
2026-02-25 20:00:00+00:00,89.55,92.13,87.245,88.2,12108.75056068
2026-02-26 00:00:00+00:00,88.138,89.368,87.72,88.069,5484.36742356
2026-02-26 04:00:00+00:00,88.046,89.16,87.34,87.361,3844.62734785
2026-02-26 08:00:00+00:00,87.47,88.8,86.71,86.916,5528.59963604
2026-02-26 12:00:00+00:00,86.947,88.34,85.399,86.66,6636.40228339
2026-02-26 16:00:00+00:00,86.68,86.808,84.463,86.55,8136.04703187
2026-02-26 20:00:00+00:00,86.541,86.912,85.851,85.984,1987.16135783
2026-02-27 00:00:00+00:00,85.979,87.874,85.29,87.745,4064.27500891
2026-02-27 04:00:00+00:00,87.7,88.323,86.9,87.39,2352.1654263
2026-02-27 08:00:00+00:00,87.385,88.012,83.46,83.68,3974.29212358
2026-02-27 12:00:00+00:00,83.671,83.86,82.089,82.791,3613.52627472
2026-02-27 16:00:00+00:00,82.73,82.77,81.201,81.651,4686.65037899
2026-02-27 20:00:00+00:00,81.648,82.19,80.404,81.981,8532.77484121
2026-02-28 00:00:00+00:00,81.93,82.351,81.67,81.86,1372.68843168
2026-02-28 04:00:00+00:00,81.88,81.999,77.238,78.81,25214.85205251
2026-02-28 08:00:00+00:00,78.78,79.642,77.85,78.84,10902.1887994
2026-02-28 12:00:00+00:00,78.856,81.9,78.671,80.953,29762.12580012
2026-02-28 16:00:00+00:00,80.962,82.96,80.596,82.31,6899.2800958
2026-02-28 20:00:00+00:00,82.264,85.741,82.056,84.474,11764.22344361
2026-03-01 00:00:00+00:00,84.49,88.961,84.374,88.098,10554.46224258
2026-03-01 04:00:00+00:00,88.15,88.33,86.263,86.704,3178.07715513
2026-03-01 08:00:00+00:00,86.711,86.9,84.817,85.3,2850.98066715
2026-03-01 12:00:00+00:00,85.225,86.99,84.626,85.713,3425.66387102
2026-03-01 16:00:00+00:00,85.66,86.15,83.12,83.281,8518.41723133
2026-03-01 20:00:00+00:00,83.27,84.069,81.75,83.624,9342.28085059
2026-03-02 00:00:00+00:00,83.648,86.211,83.51,84.787,8869.44020687
2026-03-02 04:00:00+00:00,84.812,84.84,82.46,82.997,3570.06155348
2026-03-02 08:00:00+00:00,83.019,84.344,82.47,83.929,4763.95598692
2026-03-02 12:00:00+00:00,84.01,89.0,82.85,88.83,12527.84752542
2026-03-02 16:00:00+00:00,88.765,90.365,86.422,87.697,30613.1699395
2026-03-02 20:00:00+00:00,87.641,88.267,86.392,86.59,8827.08603944
2026-03-03 00:00:00+00:00,86.649,87.326,85.3,86.344,7563.28953535
2026-03-03 04:00:00+00:00,86.43,86.84,85.46,85.642,3957.59637985
2026-03-03 08:00:00+00:00,85.59,85.791,83.741,84.238,14697.26955086
2026-03-03 12:00:00+00:00,84.242,85.341,82.512,85.12,11033.42508079
2026-03-03 16:00:00+00:00,85.08,87.336,84.2,85.081,19423.47033863
2026-03-03 20:00:00+00:00,85.08,87.473,84.192,87.04,20465.22088411
2026-03-04 00:00:00+00:00,86.981,88.125,85.22,85.809,7765.62135903
2026-03-04 04:00:00+00:00,85.85,87.52,84.83,87.487,9813.05554455
2026-03-04 08:00:00+00:00,87.477,91.435,87.005,89.776,11771.50690374
2026-03-04 12:00:00+00:00,89.787,93.126,88.705,92.909,21735.47892231
2026-03-04 16:00:00+00:00,92.86,94.01,90.701,93.17,8936.82560026
2026-03-04 20:00:00+00:00,93.29,93.761,90.315,90.916,6138.20986821
2026-03-05 00:00:00+00:00,90.99,91.407,89.611,90.02,6759.01943906
2026-03-05 04:00:00+00:00,90.02,91.302,89.72,90.146,3012.51570091
2026-03-05 08:00:00+00:00,90.2,93.011,89.68,91.814,8190.65450915
2026-03-05 12:00:00+00:00,91.833,92.2,88.811,89.596,6598.427168
2026-03-05 16:00:00+00:00,89.58,89.58,87.897,88.707,5803.68888547
2026-03-05 20:00:00+00:00,88.728,89.82,88.52,88.746,3554.64356513
2026-03-06 00:00:00+00:00,88.78,89.3,87.984,88.388,5596.32890303
2026-03-06 04:00:00+00:00,88.394,88.888,87.505,88.647,5607.11079559
2026-03-06 08:00:00+00:00,88.669,88.672,87.1,87.279,4246.87474162
2026-03-06 12:00:00+00:00,87.182,87.247,83.91,84.626,12889.39211029
2026-03-06 16:00:00+00:00,84.602,85.867,83.631,85.226,5321.1266752
2026-03-06 20:00:00+00:00,85.214,85.442,84.432,84.675,2037.53993132
2026-03-07 00:00:00+00:00,84.706,85.06,84.306,84.555,1942.12252839
2026-03-07 04:00:00+00:00,84.529,84.529,83.879,84.297,2413.04222685
2026-03-07 08:00:00+00:00,84.292,84.9,84.12,84.65,2037.55901233
2026-03-07 12:00:00+00:00,84.64,84.77,83.389,83.749,3564.00687808
2026-03-07 16:00:00+00:00,83.703,84.047,82.3,82.51,3088.30793336
2026-03-07 20:00:00+00:00,82.546,83.31,82.546,83.186,2188.35994419
2026-03-08 00:00:00+00:00,83.21,83.467,82.088,82.33,2568.7649018
2026-03-08 04:00:00+00:00,82.32,83.098,81.728,82.98,2694.57368287
2026-03-08 08:00:00+00:00,82.931,84.047,82.54,82.873,2206.29208445
2026-03-08 12:00:00+00:00,82.765,82.99,81.184,82.006,3865.1170484599998
2026-03-08 16:00:00+00:00,82.034,82.65,81.293,82.48,1384.46706042
2026-03-08 20:00:00+00:00,82.49,82.939,80.272,81.63,3485.33854454
2026-03-09 00:00:00+00:00,81.64,84.464,81.56,83.21,8187.81117399
2026-03-09 04:00:00+00:00,83.218,84.617,82.406,83.18,6261.18730689
2026-03-09 08:00:00+00:00,83.199,84.57,82.96,83.594,4158.8618257
2026-03-09 12:00:00+00:00,83.609,85.75,83.459,85.07,9602.56472202
2026-03-09 16:00:00+00:00,85.11,87.05,84.347,85.989,4558.71221815
2026-03-09 20:00:00+00:00,86.028,86.391,84.886,85.05,6589.99471017
2026-03-10 00:00:00+00:00,84.969,86.96,84.89,85.56,4213.0683544
2026-03-10 04:00:00+00:00,85.64,87.0,85.46,86.77,3454.37522406
2026-03-10 08:00:00+00:00,86.78,87.69,86.591,86.839,5581.07729089
2026-03-10 12:00:00+00:00,86.873,88.63,84.999,88.32,10910.2602064
2026-03-10 16:00:00+00:00,88.371,88.793,85.69,86.035,10736.76763549
2026-03-10 20:00:00+00:00,86.041,86.438,85.02,85.902,7268.04588774
2026-03-11 00:00:00+00:00,85.846,86.3,85.487,85.696,3969.3580886199998
2026-03-11 04:00:00+00:00,85.659,86.9,85.192,85.47,5451.30733249
2026-03-11 08:00:00+00:00,85.469,85.65,84.44,84.58,5352.94438891
2026-03-11 12:00:00+00:00,84.57,87.403,84.39,85.414,12434.85023478
2026-03-11 16:00:00+00:00,85.39,88.11,85.32,87.32,11215.38471629
2026-03-11 20:00:00+00:00,87.301,87.911,86.51,86.612,4043.03724952
2026-03-12 00:00:00+00:00,86.638,86.81,84.735,85.021,4540.3555887
2026-03-12 04:00:00+00:00,84.972,85.92,84.908,85.852,3947.41411437
2026-03-12 08:00:00+00:00,85.859,87.151,85.42,86.83,7798.63992079
2026-03-12 12:00:00+00:00,86.87,87.73,85.19,86.68,12863.4503156
2026-03-12 16:00:00+00:00,86.589,87.117,85.72,86.869,8672.35435044
2026-03-12 20:00:00+00:00,86.879,87.2,85.988,86.814,4444.60215636
2026-03-13 00:00:00+00:00,86.788,91.123,86.74,89.696,18379.43783339
2026-03-13 04:00:00+00:00,89.686,89.726,88.17,88.676,6155.58818337
2026-03-13 08:00:00+00:00,88.6,90.42,88.32,90.31,5724.67256019
2026-03-13 12:00:00+00:00,90.27,92.953,89.335,89.54,16264.29117501
2026-03-13 16:00:00+00:00,89.5,90.137,88.345,88.823,9270.02429574
2026-03-13 20:00:00+00:00,88.831,89.087,87.68,88.15,4196.36898897
2026-03-14 00:00:00+00:00,88.05,88.59,87.82,88.396,4130.04544694
2026-03-14 04:00:00+00:00,88.368,88.681,86.994,87.351,4758.65983437
2026-03-14 08:00:00+00:00,87.33,87.57,86.54,87.005,4216.27368468
2026-03-14 12:00:00+00:00,86.975,87.39,86.669,86.738,3839.87269554
2026-03-14 16:00:00+00:00,86.725,87.13,86.62,86.953,2810.50233115
2026-03-14 20:00:00+00:00,86.936,88.142,86.857,88.0,3392.42398558
2026-03-15 00:00:00+00:00,88.061,88.64,87.57,87.88,3684.19720972
2026-03-15 04:00:00+00:00,87.885,88.64,87.868,88.218,3926.38020953
2026-03-15 08:00:00+00:00,88.238,88.87,88.13,88.547,2148.09248314
2026-03-15 12:00:00+00:00,88.48,88.48,87.35,87.87,2069.75657411
2026-03-15 16:00:00+00:00,87.86,88.75,87.425,88.218,4380.58668104
2026-03-15 20:00:00+00:00,88.171,93.229,87.98,92.381,15793.65146215
2026-03-16 00:00:00+00:00,92.392,93.938,91.17,93.115,11233.81507971
2026-03-16 04:00:00+00:00,93.176,94.255,92.927,93.531,13503.74642109
2026-03-16 08:00:00+00:00,93.555,93.988,92.562,93.698,6642.7814055
2026-03-16 12:00:00+00:00,93.724,95.093,92.356,93.196,16069.89991276
2026-03-16 16:00:00+00:00,93.143,95.46,93.101,95.18,9961.22493893
2026-03-16 20:00:00+00:00,95.171,97.653,95.06,96.125,14708.17544859
2026-03-17 00:00:00+00:00,96.1,96.928,93.709,94.099,10544.7331896
2026-03-17 04:00:00+00:00,94.13,94.603,93.17,94.405,5517.10635284
2026-03-17 08:00:00+00:00,94.405,95.012,93.25,93.669,7633.27063693
2026-03-17 12:00:00+00:00,93.636,95.129,93.141,93.792,9642.5400061
2026-03-17 16:00:00+00:00,93.88,95.569,93.71,94.662,4626.00189039
2026-03-17 20:00:00+00:00,94.63,95.59,94.427,94.607,3533.73244719
2026-03-18 00:00:00+00:00,94.71,95.632,94.09,95.03,3466.17747583
2026-03-18 04:00:00+00:00,95.081,95.081,93.69,93.928,3821.85227382
2026-03-18 08:00:00+00:00,93.956,94.41,91.84,92.002,3758.88679621
2026-03-18 12:00:00+00:00,91.964,91.99,88.603,89.349,10505.28837035
2026-03-18 16:00:00+00:00,89.345,90.83,88.61,89.708,6793.84751295
2026-03-18 20:00:00+00:00,89.711,90.619,88.98,90.066,3975.54322295
2026-03-19 00:00:00+00:00,89.99,91.39,89.789,90.719,4258.59517928
2026-03-19 04:00:00+00:00,90.704,90.705,88.62,89.421,6300.1096199
2026-03-19 08:00:00+00:00,89.411,90.457,89.103,89.603,4981.7372199
2026-03-19 12:00:00+00:00,89.595,89.595,87.18,87.659,7939.80845293
2026-03-19 16:00:00+00:00,87.62,89.309,87.046,88.743,7164.83407925
2026-03-19 20:00:00+00:00,88.7,89.343,88.413,88.889,3921.25049101
2026-03-20 00:00:00+00:00,88.99,89.82,88.88,89.579,2435.95209312
2026-03-20 04:00:00+00:00,89.566,89.763,88.522,89.391,3105.95331604
2026-03-20 08:00:00+00:00,89.408,90.397,88.636,89.184,3497.56265866
2026-03-20 12:00:00+00:00,89.188,89.71,88.516,88.977,6290.65731551
2026-03-20 16:00:00+00:00,89.016,89.24,88.057,88.97,3832.31981316
2026-03-20 20:00:00+00:00,89.102,90.24,88.73,89.832,2523.53683346
2026-03-21 00:00:00+00:00,89.892,90.64,89.75,90.488,2238.9466493
2026-03-21 04:00:00+00:00,90.51,90.82,89.95,90.14,2766.62837104
2026-03-21 08:00:00+00:00,90.099,90.402,89.83,89.939,1940.03268449
2026-03-21 12:00:00+00:00,89.929,90.404,89.433,89.816,5962.04333182
2026-03-21 16:00:00+00:00,89.806,89.99,89.39,89.812,1862.894519
2026-03-21 20:00:00+00:00,89.812,90.41,87.119,87.576,3765.45540841
2026-03-22 00:00:00+00:00,87.34,89.126,86.396,88.694,7260.75830376
2026-03-22 04:00:00+00:00,88.657,89.2,87.672,87.725,4499.0332175
2026-03-22 08:00:00+00:00,87.67,87.732,86.86,86.86,3446.96038861
2026-03-22 12:00:00+00:00,86.874,87.686,86.83,87.581,1891.28102493
2026-03-22 16:00:00+00:00,87.48,87.73,86.548,86.909,2325.36442746
2026-03-22 20:00:00+00:00,86.95,87.209,85.17,86.242,5973.53863656
2026-03-23 00:00:00+00:00,86.249,87.17,85.517,86.412,4521.15847044
2026-03-23 04:00:00+00:00,86.449,87.353,85.142,85.95,6714.97269405
2026-03-23 08:00:00+00:00,86.049,91.974,85.227,88.779,11472.30246093
2026-03-23 12:00:00+00:00,88.9,92.294,88.379,89.914,11338.74494665
2026-03-23 16:00:00+00:00,90.024,91.924,89.44,91.479,8388.88159633
2026-03-23 20:00:00+00:00,91.418,92.02,90.99,91.505,5587.8503694500005
2026-03-24 00:00:00+00:00,91.46,91.716,89.97,90.364,4428.64746582
2026-03-24 04:00:00+00:00,90.38,91.891,89.97,91.72,6481.53990229
2026-03-24 08:00:00+00:00,91.729,92.231,91.13,91.765,8340.58764918
2026-03-24 12:00:00+00:00,91.818,91.86,88.721,89.796,15252.93126039
2026-03-24 16:00:00+00:00,89.7,89.97,88.42,88.511,7775.26912524
2026-03-24 20:00:00+00:00,88.519,91.11,88.481,90.809,8263.57401151
2026-03-25 00:00:00+00:00,90.78,91.911,90.779,91.707,6383.09669449
2026-03-25 04:00:00+00:00,91.676,92.949,91.6,91.74,8184.90789014
2026-03-25 08:00:00+00:00,91.84,91.867,91.84,91.867,1.41999994
2026-03-25 16:00:00+00:00,91.88,91.88,91.88,91.88,0.33950792
2026-03-25 20:00:00+00:00,91.88,91.92,91.251,91.71,2153.77878894
2026-03-26 00:00:00+00:00,91.64,91.95,90.61,91.06,2227.19729046
2026-03-26 04:00:00+00:00,91.001,91.001,88.79,89.068,5244.39494822
2026-03-26 08:00:00+00:00,89.04,89.065,87.44,87.53,4375.43545246
2026-03-26 12:00:00+00:00,87.531,88.197,86.7,87.5,6574.84752382
2026-03-26 16:00:00+00:00,87.48,87.72,85.45,85.462,4717.17895839
2026-03-26 20:00:00+00:00,85.49,87.124,85.46,86.55,6069.44333252
2026-03-27 00:00:00+00:00,86.439,87.03,86.19,86.43,3350.49053902
2026-03-27 04:00:00+00:00,86.393,86.701,85.749,85.908,3766.11078054
2026-03-27 08:00:00+00:00,85.83,86.11,82.647,83.34,10582.37085047
2026-03-27 12:00:00+00:00,83.37,83.979,82.451,83.322,7911.82048161
2026-03-27 16:00:00+00:00,83.316,83.373,81.83,82.758,8744.36584124
2026-03-27 20:00:00+00:00,82.808,83.1,82.356,83.1,2789.10836876
2026-03-28 00:00:00+00:00,83.013,83.05,82.25,82.599,1902.24080946
2026-03-28 04:00:00+00:00,82.589,83.65,82.353,83.597,2647.35306295
2026-03-28 08:00:00+00:00,83.563,83.68,82.7,82.931,3004.03369435
2026-03-28 12:00:00+00:00,82.91,84.319,82.6,83.81,7215.11113769
2026-03-28 16:00:00+00:00,83.81,83.92,83.05,83.28,4642.5667617
2026-03-28 20:00:00+00:00,83.29,83.5,81.736,82.039,4418.41878713
2026-03-29 00:00:00+00:00,82.12,83.208,81.865,82.992,3209.49294131
2026-03-29 04:00:00+00:00,83.001,83.022,82.23,82.45,1771.77651671
2026-03-29 08:00:00+00:00,82.44,82.856,81.961,82.637,1399.22278215
2026-03-29 12:00:00+00:00,82.556,82.65,81.305,81.786,4966.84100615
2026-03-29 16:00:00+00:00,81.789,82.1,81.146,81.649,3170.68548606
2026-03-29 20:00:00+00:00,81.63,82.21,78.965,81.434,8288.25408981
2026-03-30 00:00:00+00:00,81.458,83.89,81.148,83.26,6968.37234452
2026-03-30 04:00:00+00:00,83.306,84.21,83.306,84.0,4782.8301988
2026-03-30 08:00:00+00:00,83.99,84.842,83.562,84.217,7234.4231936099995
2026-03-30 12:00:00+00:00,84.28,84.933,83.62,84.449,7022.62390872
2026-03-30 16:00:00+00:00,84.47,84.47,82.01,82.4,5479.37495169
2026-03-30 20:00:00+00:00,82.359,83.625,82.12,82.427,4177.80774402
2026-03-31 00:00:00+00:00,82.53,84.57,82.12,83.553,4856.92915009
2026-03-31 04:00:00+00:00,83.588,83.87,82.646,83.072,5455.40484023
2026-03-31 08:00:00+00:00,83.079,83.31,80.001,80.825,19010.13055189
2026-03-31 12:00:00+00:00,80.851,82.497,80.369,80.84,13276.44860075
2026-03-31 16:00:00+00:00,80.871,83.416,80.85,82.65,11480.28035618
2026-03-31 20:00:00+00:00,82.679,83.35,82.31,83.14,5520.60487346
2026-04-01 00:00:00+00:00,83.097,83.56,82.45,83.432,3716.40217648
2026-04-01 04:00:00+00:00,83.41,84.68,83.21,83.809,6439.51412489
2026-04-01 08:00:00+00:00,83.9,84.01,83.049,83.339,6506.57154961
2026-04-01 12:00:00+00:00,83.322,83.82,82.419,83.594,11020.08410446
2026-04-01 16:00:00+00:00,83.53,86.553,83.06,83.734,15759.62197945
2026-04-01 20:00:00+00:00,83.79,83.819,80.73,81.03,13859.82536425
2026-04-02 00:00:00+00:00,81.019,81.706,78.3,78.96,12140.92508924
2026-04-02 04:00:00+00:00,78.98,79.601,78.594,79.595,5149.54114265
2026-04-02 08:00:00+00:00,79.558,79.558,78.191,78.286,3619.92545102
2026-04-02 12:00:00+00:00,78.286,79.669,76.684,79.01,15499.61552461
2026-04-02 16:00:00+00:00,78.999,79.81,78.413,78.97,11802.43116163
2026-04-02 20:00:00+00:00,78.956,79.33,78.601,78.82,4669.82014726
2026-04-03 00:00:00+00:00,78.929,79.764,78.848,78.97,3744.35151482
2026-04-03 04:00:00+00:00,78.979,80.1,78.96,79.925,5020.3933823
2026-04-03 08:00:00+00:00,79.913,80.43,79.605,80.158,4009.29398422
2026-04-03 12:00:00+00:00,80.156,80.88,79.12,80.278,5984.06245842
2026-04-03 16:00:00+00:00,80.298,80.63,79.83,80.151,3531.96923232
2026-04-03 20:00:00+00:00,80.1,80.667,79.92,80.329,4029.66752448
2026-04-04 00:00:00+00:00,80.369,80.369,80.028,80.131,3062.56611761
2026-04-04 04:00:00+00:00,80.12,80.481,80.065,80.254,2154.63189135
2026-04-04 08:00:00+00:00,80.3,80.36,79.88,80.171,1979.91386735
2026-04-04 12:00:00+00:00,80.181,81.6,79.576,81.066,7350.44453638
2026-04-04 16:00:00+00:00,81.09,81.307,80.639,80.91,6286.26999567
2026-04-04 20:00:00+00:00,80.826,81.05,80.62,80.825,3034.41724735
2026-04-05 00:00:00+00:00,80.813,80.813,80.352,80.523,2545.18442479
2026-04-05 04:00:00+00:00,80.554,80.56,79.418,79.58,5695.06472091
2026-04-05 08:00:00+00:00,79.547,80.164,79.51,79.853,1573.72708149
2026-04-05 12:00:00+00:00,79.89,80.3,78.456,79.528,5723.8519201
2026-04-05 16:00:00+00:00,79.59,80.19,79.34,79.819,4732.51066418
2026-04-05 20:00:00+00:00,79.809,82.05,79.09,81.852,8687.85403825
2026-04-06 00:00:00+00:00,81.9,82.931,81.63,82.06,8953.9831056
2026-04-06 04:00:00+00:00,82.07,82.369,80.94,81.783,5027.09541556
2026-04-06 08:00:00+00:00,81.808,83.156,81.68,82.399,7516.95620011
2026-04-06 12:00:00+00:00,82.399,82.739,81.714,82.232,4383.51868555
2026-04-06 16:00:00+00:00,82.219,82.413,81.124,81.845,3350.41905273
2026-04-06 20:00:00+00:00,81.846,82.1,79.55,79.991,3468.2731669
2026-04-07 00:00:00+00:00,79.97,80.18,79.343,79.757,3064.59375849
2026-04-07 04:00:00+00:00,79.759,80.11,79.27,79.845,2384.59948872
2026-04-07 08:00:00+00:00,79.842,80.57,78.95,79.21,8797.09283608
2026-04-07 12:00:00+00:00,79.177,79.351,78.338,78.804,12994.38719402
2026-04-07 16:00:00+00:00,78.854,81.77,78.63,81.619,12941.16309725
2026-04-07 20:00:00+00:00,81.627,87.029,81.627,85.54,23442.28629782
2026-04-08 00:00:00+00:00,85.726,85.87,84.271,84.517,6786.17144787
2026-04-08 04:00:00+00:00,84.53,84.99,83.861,84.478,7698.01376331
2026-04-08 08:00:00+00:00,84.49,84.961,84.118,84.381,5801.90686623
2026-04-08 12:00:00+00:00,84.431,84.918,82.5,83.3,8183.92473825
2026-04-08 16:00:00+00:00,83.29,84.07,82.739,83.169,4290.71775361
2026-04-08 20:00:00+00:00,83.171,83.57,82.236,82.566,4158.83184255
2026-04-09 00:00:00+00:00,82.494,82.64,81.67,82.0,4102.04528779
2026-04-09 04:00:00+00:00,81.98,82.43,81.71,82.249,2421.28735794
2026-04-09 08:00:00+00:00,82.23,82.68,82.0,82.113,3580.87533701
2026-04-09 12:00:00+00:00,82.127,83.88,81.381,83.639,8274.76560918
2026-04-09 16:00:00+00:00,83.78,84.634,82.904,84.08,8264.76448882
2026-04-09 20:00:00+00:00,84.091,85.795,83.122,83.302,6594.56190109
2026-04-10 00:00:00+00:00,83.229,83.74,82.67,82.82,4396.23084662
2026-04-10 04:00:00+00:00,82.901,83.55,82.851,82.9,3808.63578454
2026-04-10 08:00:00+00:00,82.883,83.73,82.676,83.5,3939.17317228
2026-04-10 12:00:00+00:00,83.47,85.514,83.338,84.22,5208.62651836
2026-04-10 16:00:00+00:00,84.219,85.45,84.13,85.4,1925.11023509
2026-04-10 20:00:00+00:00,85.413,85.62,84.63,84.746,1590.51471964
2026-04-11 00:00:00+00:00,84.749,84.885,84.321,84.358,450.19359658999997
2026-04-11 04:00:00+00:00,84.44,84.56,83.87,84.27,843.3486032
2026-04-11 08:00:00+00:00,84.196,84.78,83.81,84.228,1464.11657142
2026-04-11 12:00:00+00:00,84.21,84.86,83.834,84.68,1649.30249639
2026-04-11 16:00:00+00:00,84.691,86.25,84.61,86.01,4234.67191699
2026-04-11 20:00:00+00:00,86.029,86.12,84.502,84.899,4851.01960534
2026-04-12 00:00:00+00:00,84.854,84.98,81.887,82.337,4712.50281406
2026-04-12 04:00:00+00:00,82.31,82.5,82.08,82.313,1323.167177
2026-04-12 08:00:00+00:00,82.31,82.38,81.92,82.188,567.73749161
2026-04-12 12:00:00+00:00,82.17,82.513,81.274,81.568,2056.61362805
2026-04-12 16:00:00+00:00,81.54,82.31,81.52,81.948,824.48856212
2026-04-12 20:00:00+00:00,81.973,82.865,81.272,81.483,3812.3688741
2026-04-13 00:00:00+00:00,81.447,82.35,81.38,81.845,892.69948805
2026-04-13 04:00:00+00:00,81.88,82.57,81.5,82.092,1760.97166228
2026-04-13 08:00:00+00:00,82.064,82.242,81.628,81.849,2055.48809082
2026-04-13 12:00:00+00:00,81.812,83.768,81.812,82.69,8599.9204047
2026-04-13 16:00:00+00:00,82.7,84.248,82.34,84.13,6906.4969656
2026-04-13 20:00:00+00:00,84.158,86.83,83.82,86.54,7347.27308663
2026-04-14 00:00:00+00:00,86.67,86.73,85.67,86.018,7664.44429496
2026-04-14 04:00:00+00:00,85.99,86.183,85.45,85.871,4049.57420948
2026-04-14 08:00:00+00:00,85.889,86.52,85.597,85.85,6860.01551979
2026-04-14 12:00:00+00:00,85.807,87.647,85.26,85.96,11313.6376536
2026-04-14 16:00:00+00:00,85.954,86.17,83.76,83.946,7760.8885346
2026-04-14 20:00:00+00:00,83.92,84.15,83.29,83.713,5069.6607095
2026-04-15 00:00:00+00:00,83.681,84.02,83.136,83.432,3711.84445838
2026-04-15 04:00:00+00:00,83.42,83.77,82.64,82.88,3448.42466678
2026-04-15 08:00:00+00:00,82.93,83.678,82.737,83.604,3461.54868438
2026-04-15 12:00:00+00:00,83.607,84.48,83.237,84.02,4616.67119581
2026-04-15 16:00:00+00:00,83.97,85.79,83.9,85.499,8244.03418228
2026-04-15 20:00:00+00:00,85.513,85.58,84.214,84.887,5175.63101385
2026-04-16 00:00:00+00:00,84.918,85.579,84.47,85.296,2214.46441872
2026-04-16 04:00:00+00:00,85.273,85.629,84.999,85.179,2731.69801946
2026-04-16 08:00:00+00:00,85.169,85.504,84.676,85.08,3513.77774143
2026-04-16 12:00:00+00:00,85.083,87.109,83.832,86.656,9843.52867759
2026-04-16 16:00:00+00:00,86.638,90.13,85.638,90.081,15778.80345743
2026-04-16 20:00:00+00:00,90.152,90.43,88.708,89.07,5764.75644423
2026-04-17 00:00:00+00:00,89.08,89.17,87.483,87.761,3267.86329688
2026-04-17 04:00:00+00:00,87.751,88.451,87.376,88.1,3130.65410926
2026-04-17 08:00:00+00:00,88.13,89.46,87.362,88.202,8099.12010467
2026-04-17 12:00:00+00:00,88.24,90.725,87.88,89.922,15023.23079115
2026-04-17 16:00:00+00:00,89.91,90.575,88.907,89.222,5856.05200276
2026-04-17 20:00:00+00:00,89.249,89.452,88.496,88.77,3036.77762595
2026-04-18 00:00:00+00:00,88.75,89.13,88.26,88.31,2160.98100018
2026-04-18 04:00:00+00:00,88.317,88.64,88.18,88.447,1226.30367295
2026-04-18 08:00:00+00:00,88.44,88.5,86.291,86.531,6219.88306061
2026-04-18 12:00:00+00:00,86.551,86.97,86.461,86.78,1392.42639977
2026-04-18 16:00:00+00:00,86.763,86.98,85.8,86.18,1951.46860567
2026-04-18 20:00:00+00:00,86.103,86.44,85.938,86.17,1498.47998467
2026-04-19 00:00:00+00:00,86.13,86.37,85.28,85.612,1712.49719836
2026-04-19 04:00:00+00:00,85.63,85.958,84.411,84.912,4434.9803008
2026-04-19 08:00:00+00:00,84.859,85.7,84.448,85.555,1954.03979458
2026-04-19 12:00:00+00:00,85.632,87.1,85.56,86.36,5232.20230953
2026-04-19 16:00:00+00:00,86.342,86.509,84.89,85.341,3235.21706895
2026-04-19 20:00:00+00:00,85.358,85.36,82.945,83.47,9208.52342211
2026-04-20 00:00:00+00:00,83.46,84.61,83.343,84.61,4213.25607975
2026-04-20 04:00:00+00:00,84.573,85.74,83.77,84.74,3014.79453629
2026-04-20 08:00:00+00:00,84.74,85.42,84.59,85.05,2649.87430003
2026-04-20 12:00:00+00:00,85.04,85.88,84.463,85.869,10948.71869067
2026-04-20 16:00:00+00:00,85.848,86.211,85.28,85.83,3518.28152204
2026-04-20 20:00:00+00:00,85.82,86.22,85.22,85.3,1593.09748296
2026-04-21 00:00:00+00:00,85.318,85.81,85.011,85.171,1767.30130634
2026-04-21 04:00:00+00:00,85.183,85.968,85.04,85.72,1724.01627199
2026-04-21 08:00:00+00:00,85.71,86.384,85.533,85.84,3358.11562781
2026-04-21 12:00:00+00:00,85.853,86.84,85.21,86.041,5342.81871921
2026-04-21 16:00:00+00:00,86.09,86.27,84.32,84.58,5301.37529833
2026-04-21 20:00:00+00:00,84.53,86.124,84.44,86.0,3025.72002539
2026-04-22 00:00:00+00:00,86.07,87.841,86.018,87.27,4000.02131681
2026-04-22 04:00:00+00:00,87.263,88.31,86.99,88.08,7641.1566777
2026-04-22 08:00:00+00:00,88.11,88.87,87.636,88.321,6306.78905845
2026-04-22 12:00:00+00:00,88.329,89.316,88.065,88.201,4796.93678474
2026-04-22 16:00:00+00:00,88.199,88.46,87.15,87.399,2881.21641674
2026-04-22 20:00:00+00:00,87.38,87.715,86.82,86.848,1431.71136488
2026-04-23 00:00:00+00:00,86.93,87.142,85.533,85.8,4497.59445527
2026-04-23 04:00:00+00:00,85.758,86.246,85.511,85.92,2009.20419701
2026-04-23 08:00:00+00:00,85.855,85.961,85.251,85.887,3092.86778463
2026-04-23 12:00:00+00:00,85.87,86.698,85.63,86.41,6184.92174672
2026-04-23 16:00:00+00:00,86.42,86.47,84.58,85.412,4601.55570009
2026-04-23 20:00:00+00:00,85.379,86.28,85.379,86.181,1664.0575612
2026-04-24 00:00:00+00:00,86.221,86.411,85.48,85.76,1768.5850993
2026-04-24 04:00:00+00:00,85.708,85.88,85.22,85.52,2224.9465337
2026-04-24 08:00:00+00:00,85.547,86.303,84.949,86.237,3259.76492987
2026-04-24 12:00:00+00:00,86.25,86.822,85.591,86.562,4063.51828149
2026-04-24 16:00:00+00:00,86.585,86.611,85.987,86.362,2124.52401538
2026-04-24 20:00:00+00:00,86.311,86.96,86.149,86.21,2321.05905876
2026-04-25 00:00:00+00:00,86.201,86.51,86.05,86.459,1236.97707749
2026-04-25 04:00:00+00:00,86.489,86.66,86.144,86.374,2128.1658608
2026-04-25 08:00:00+00:00,86.34,86.815,86.299,86.369,13661.59153293
2026-04-25 12:00:00+00:00,86.32,86.67,86.15,86.24,1169.3576453
2026-04-25 16:00:00+00:00,86.21,86.33,85.553,85.69,2147.52576343
2026-04-25 20:00:00+00:00,85.69,86.173,85.61,86.17,648.91562846
2026-04-26 00:00:00+00:00,86.163,86.456,85.84,85.97,1264.07724868
2026-04-26 04:00:00+00:00,85.97,86.729,85.95,86.64,2824.09375873
2026-04-26 08:00:00+00:00,86.64,86.768,86.44,86.5,493.86558582
2026-04-26 12:00:00+00:00,86.49,86.59,85.948,86.57,2492.55745577
2026-04-26 16:00:00+00:00,86.58,87.309,86.3,86.93,2680.7119534500002
2026-04-26 20:00:00+00:00,86.94,87.355,86.274,86.97,4949.00953654
2026-04-27 00:00:00+00:00,86.961,88.11,86.6,87.78,4725.63023533
2026-04-27 04:00:00+00:00,87.75,87.871,85.28,85.28,5646.10652415
2026-04-27 08:00:00+00:00,85.3,85.634,85.065,85.272,3924.01143308
2026-04-27 12:00:00+00:00,85.27,85.88,83.7,84.19,4124.92798067
2026-04-27 16:00:00+00:00,84.18,84.72,83.889,84.233,3303.4741438300002
2026-04-27 20:00:00+00:00,84.227,84.941,84.148,84.87,1082.57622951
2026-04-28 00:00:00+00:00,84.87,84.97,83.921,84.2,2309.15972774
2026-04-28 04:00:00+00:00,84.21,84.468,83.67,84.03,4143.60455937
2026-04-28 08:00:00+00:00,84.021,84.18,83.323,83.45,2744.55235028
2026-04-28 12:00:00+00:00,83.46,84.01,83.001,83.49,2467.22857523
2026-04-28 16:00:00+00:00,83.45,84.102,83.368,83.977,2627.09330421
2026-04-28 20:00:00+00:00,83.98,84.217,83.65,84.125,2454.43198088
2026-04-29 00:00:00+00:00,84.11,84.771,83.87,84.647,1484.24802346
2026-04-29 04:00:00+00:00,84.65,85.1,84.52,84.74,1965.04808364
2026-04-29 08:00:00+00:00,84.76,85.58,84.4,84.938,5166.92541344
2026-04-29 12:00:00+00:00,84.93,84.93,83.01,83.27,5960.60727144
2026-04-29 16:00:00+00:00,83.245,83.64,81.416,82.195,6886.6358828600005
2026-04-29 20:00:00+00:00,82.238,83.19,82.19,83.06,3097.62841941
2026-04-30 00:00:00+00:00,83.07,84.02,82.723,83.09,3600.86457756
2026-04-30 04:00:00+00:00,83.09,83.36,82.171,83.34,2032.96724807
2026-04-30 08:00:00+00:00,83.37,83.563,82.831,83.02,2162.48713203
2026-04-30 12:00:00+00:00,83.028,83.867,82.719,83.36,2775.25275337
2026-04-30 16:00:00+00:00,83.35,83.44,82.87,83.05,1758.48848991
2026-04-30 20:00:00+00:00,83.03,83.206,82.8,83.08,851.47856873
2026-05-01 00:00:00+00:00,83.07,84.34,83.07,83.89,2051.37600983
2026-05-01 04:00:00+00:00,83.91,84.22,83.68,83.95,3006.47681204
2026-05-01 08:00:00+00:00,83.94,84.278,83.74,84.02,1120.88533719
2026-05-01 12:00:00+00:00,84.03,84.83,83.881,84.46,3796.66788129
2026-05-01 16:00:00+00:00,84.47,84.61,83.773,83.88,2495.85151635
2026-05-01 20:00:00+00:00,83.89,83.91,83.326,83.73,2332.88063427
2026-05-02 00:00:00+00:00,83.74,84.148,83.41,83.78,3806.7347892
2026-05-02 04:00:00+00:00,83.79,83.81,83.506,83.69,1339.02592262
2026-05-02 08:00:00+00:00,83.686,84.112,83.502,83.659,1516.76395685
2026-05-02 12:00:00+00:00,83.66,84.066,83.64,84.01,1751.45579579
2026-05-02 16:00:00+00:00,84.0,84.265,83.92,84.19,2617.08718803
2026-05-02 20:00:00+00:00,84.198,84.92,84.04,84.223,2418.77088622
2026-05-03 00:00:00+00:00,84.24,84.289,83.551,83.64,1713.41534944
2026-05-03 04:00:00+00:00,83.62,83.975,83.539,83.83,1954.48703203
2026-05-03 08:00:00+00:00,83.83,84.152,83.74,83.909,1461.74100159
2026-05-03 12:00:00+00:00,83.91,84.394,83.91,84.1,1700.93066949
2026-05-03 16:00:00+00:00,84.11,84.452,83.96,84.33,1643.50508036
2026-05-03 20:00:00+00:00,84.332,84.94,83.867,83.911,4406.67174709
2026-05-04 00:00:00+00:00,83.89,85.6,83.314,85.38,9815.02034517
2026-05-04 04:00:00+00:00,85.38,85.841,84.5,84.833,5212.25965137
2026-05-04 08:00:00+00:00,84.82,85.143,83.237,83.91,4781.47477057
2026-05-04 12:00:00+00:00,83.91,85.273,83.55,84.437,9298.22790436
2026-05-04 16:00:00+00:00,84.451,85.147,83.989,84.41,4736.01248103
2026-05-04 20:00:00+00:00,84.391,84.5,83.986,84.06,3114.27925931
2026-05-05 00:00:00+00:00,84.04,84.87,83.999,84.73,4014.16572039
2026-05-05 04:00:00+00:00,84.72,85.083,84.51,84.791,5405.88197207
2026-05-05 08:00:00+00:00,84.79,84.938,84.372,84.9,1496.54952461
2026-05-05 12:00:00+00:00,84.91,86.017,84.86,85.43,3867.67349146
2026-05-05 16:00:00+00:00,85.449,86.503,85.009,86.46,4034.59300363
2026-05-05 20:00:00+00:00,86.442,86.91,86.13,86.24,7855.32753738
2026-05-06 00:00:00+00:00,86.23,87.39,86.04,87.25,3944.48138328
2026-05-06 04:00:00+00:00,87.27,87.824,86.598,87.64,4177.52899499
2026-05-06 08:00:00+00:00,87.64,89.95,87.59,89.81,10687.87781408
2026-05-06 12:00:00+00:00,89.815,89.9,87.42,88.91,6155.10179368
2026-05-06 16:00:00+00:00,88.89,89.44,88.421,89.2,5614.03740549
2026-05-06 20:00:00+00:00,89.25,89.566,88.64,89.09,2225.31902091
2026-05-07 00:00:00+00:00,89.1,89.19,87.597,87.71,3465.44943321
2026-05-07 04:00:00+00:00,87.704,90.363,87.65,90.11,3983.64768771
2026-05-07 08:00:00+00:00,90.114,90.19,88.693,89.509,5372.88844431
2026-05-07 12:00:00+00:00,89.5,90.032,87.776,88.28,7151.08980045
2026-05-07 16:00:00+00:00,88.246,89.0,87.959,88.38,6344.84477026
2026-05-07 20:00:00+00:00,88.371,88.758,87.64,88.36,5516.40751133
2026-05-08 00:00:00+00:00,88.41,88.6,87.589,88.19,4252.13481118
2026-05-08 04:00:00+00:00,88.19,88.371,87.64,88.17,3401.05001706
2026-05-08 08:00:00+00:00,88.19,88.74,87.993,88.64,4853.51682103
2026-05-08 12:00:00+00:00,88.632,89.574,88.027,89.549,6505.8217434
2026-05-08 16:00:00+00:00,89.58,92.773,89.32,92.59,14458.20272977
2026-05-08 20:00:00+00:00,92.596,92.69,91.681,92.0,16039.94343349
2026-05-09 00:00:00+00:00,91.981,93.8,91.85,93.62,8563.58965863
2026-05-09 04:00:00+00:00,93.64,94.15,92.829,93.744,7933.64470005
2026-05-09 08:00:00+00:00,93.72,93.932,93.046,93.6,2568.16619952
2026-05-09 12:00:00+00:00,93.59,93.71,92.338,92.97,3695.69088877
2026-05-09 16:00:00+00:00,92.94,93.58,92.662,93.458,4437.56169276
2026-05-09 20:00:00+00:00,93.48,93.532,93.019,93.1,2937.57473102
2026-05-10 00:00:00+00:00,93.1,93.42,92.556,93.35,2420.15693768
2026-05-10 04:00:00+00:00,93.37,93.58,93.17,93.38,1223.8703456800001
2026-05-10 08:00:00+00:00,93.37,95.063,92.882,93.49,5416.33070303
2026-05-10 12:00:00+00:00,93.471,94.686,93.2,94.48,5378.90770032
2026-05-10 16:00:00+00:00,94.51,96.815,94.112,96.44,8567.51988809
2026-05-10 20:00:00+00:00,96.44,96.81,93.388,96.39,13120.44649497
2026-05-11 00:00:00+00:00,96.43,96.61,94.44,94.73,7964.61037981
2026-05-11 04:00:00+00:00,94.71,96.1,94.39,95.28,4730.65026781
2026-05-11 08:00:00+00:00,95.25,95.521,94.522,95.219,4557.53779746
2026-05-11 12:00:00+00:00,95.23,96.76,94.28,96.75,9244.9860762
2026-05-11 16:00:00+00:00,96.71,98.331,96.466,98.17,20206.21536423
2026-05-11 20:00:00+00:00,98.15,98.341,97.03,97.314,4241.33763565
2026-05-12 00:00:00+00:00,97.29,97.599,95.49,96.08,8629.37451096
2026-05-12 04:00:00+00:00,96.088,96.95,95.826,96.05,3505.94276899
2026-05-12 08:00:00+00:00,96.05,96.12,94.59,94.957,8282.69768544
2026-05-12 12:00:00+00:00,94.93,95.49,93.546,93.82,14059.59185529
2026-05-12 16:00:00+00:00,93.8,94.95,93.6,94.89,29546.5201928
2026-05-12 20:00:00+00:00,94.881,94.99,94.224,94.24,1973.134344
2026-05-13 00:00:00+00:00,94.275,95.507,94.023,95.507,4252.89908606
2026-05-13 04:00:00+00:00,95.507,95.968,94.84,95.08,4518.4749243
2026-05-13 08:00:00+00:00,95.09,95.796,94.18,94.296,3486.34963178
2026-05-13 12:00:00+00:00,94.28,94.58,90.26,90.391,18445.529841
2026-05-13 16:00:00+00:00,90.38,91.379,90.38,90.89,8748.18854618
2026-05-13 20:00:00+00:00,90.91,91.3,90.595,91.12,4462.81305048
2026-05-14 00:00:00+00:00,91.16,91.382,89.804,89.883,9568.40887306
2026-05-14 04:00:00+00:00,89.894,91.66,89.829,90.85,7408.89659307
2026-05-14 08:00:00+00:00,90.857,91.24,90.575,90.59,2394.99138291
2026-05-14 12:00:00+00:00,90.55,93.19,90.52,93.14,9476.94335446
2026-05-14 16:00:00+00:00,93.12,93.611,92.267,92.847,8961.6174356
2026-05-14 20:00:00+00:00,92.88,92.96,92.087,92.12,3313.12969106
2026-05-15 00:00:00+00:00,92.1,92.6,91.431,92.01,6715.48326841
2026-05-15 04:00:00+00:00,92.0,92.0,90.217,91.536,7021.14798324
2026-05-15 08:00:00+00:00,91.55,91.582,90.885,91.22,4294.18747461
2026-05-15 12:00:00+00:00,91.21,91.21,88.5,88.99,12252.54611035
2026-05-15 16:00:00+00:00,89.02,90.02,88.755,89.4,6864.62356597
2026-05-15 20:00:00+00:00,89.39,89.45,88.959,89.18,2906.82292489
2026-05-16 00:00:00+00:00,89.17,89.37,88.91,89.0,1626.43955684
2026-05-16 04:00:00+00:00,88.99,89.062,86.68,87.4,10977.71999532
2026-05-16 08:00:00+00:00,87.39,87.57,85.498,86.05,8275.32128939
2026-05-16 12:00:00+00:00,86.04,86.64,85.96,86.44,3794.99965052
2026-05-16 16:00:00+00:00,86.43,86.912,86.313,86.63,2585.8491695000002
2026-05-16 20:00:00+00:00,86.65,86.85,86.411,86.5,800.9170242600001
2026-05-17 00:00:00+00:00,86.52,86.66,85.549,86.48,3522.81378451
2026-05-17 04:00:00+00:00,86.47,87.258,86.43,86.96,1294.28871997
2026-05-17 08:00:00+00:00,86.96,87.22,86.598,86.88,1857.14927461
2026-05-17 12:00:00+00:00,86.89,86.97,85.94,86.42,1399.07745774
2026-05-17 16:00:00+00:00,86.43,86.894,85.97,86.76,1694.93573686
2026-05-17 20:00:00+00:00,86.78,86.921,83.41,85.2,8764.83147671
2026-05-18 00:00:00+00:00,85.2,85.449,84.37,84.79,5068.38980614
2026-05-18 04:00:00+00:00,84.81,85.329,81.287,84.76,12553.39796232
2026-05-18 08:00:00+00:00,84.77,85.296,84.08,84.95,3536.45537713
2026-05-18 12:00:00+00:00,84.97,85.78,83.621,84.19,5449.28563994
2026-05-18 16:00:00+00:00,84.19,85.189,83.501,84.98,4872.07385195
2026-05-18 20:00:00+00:00,85.02,85.77,84.8,85.32,956.43116782
2026-05-19 00:00:00+00:00,85.325,85.926,84.604,85.09,680.7212229200001
2026-05-19 04:00:00+00:00,85.041,85.613,84.49,85.51,998.1192383
2026-05-19 08:00:00+00:00,85.51,85.529,84.248,84.38,1172.21901174
2026-05-19 12:00:00+00:00,84.37,85.065,83.7,84.383,5070.6548413
2026-05-19 16:00:00+00:00,84.34,85.0,84.12,84.37,1382.30739764
2026-05-19 20:00:00+00:00,84.389,84.685,84.052,84.327,1608.79266151
2026-05-20 00:00:00+00:00,84.328,84.585,83.88,84.12,2438.16922958
2026-05-20 04:00:00+00:00,84.14,85.11,83.93,84.77,3132.95278538
2026-05-20 08:00:00+00:00,84.78,85.21,84.616,84.74,2303.30046218
2026-05-20 12:00:00+00:00,84.73,86.3,84.224,85.96,7368.80828738
2026-05-20 16:00:00+00:00,86.03,87.111,85.58,86.23,8601.20405746
2026-05-20 20:00:00+00:00,86.221,86.34,85.61,86.19,2064.67246409
2026-05-21 00:00:00+00:00,86.21,87.06,86.157,86.91,3116.94409111
2026-05-21 04:00:00+00:00,86.91,87.272,86.23,86.668,3824.73767255
2026-05-21 08:00:00+00:00,86.67,87.239,85.62,85.62,2685.69345008
2026-05-21 12:00:00+00:00,85.65,86.889,85.331,86.465,4982.34307812
2026-05-21 16:00:00+00:00,86.569,88.0,86.041,87.831,8652.04305423
2026-05-21 20:00:00+00:00,87.84,87.903,87.028,87.335,1532.33554636
2026-05-22 00:00:00+00:00,87.349,87.35,86.602,87.03,1474.8253208400001
2026-05-22 04:00:00+00:00,87.039,87.381,86.502,86.979,2529.23356424
2026-05-22 08:00:00+00:00,86.988,87.519,86.739,87.302,3103.76467571
2026-05-22 12:00:00+00:00,87.348,87.906,86.293,86.761,5974.0774103
2026-05-22 16:00:00+00:00,86.78,87.196,83.85,84.578,8749.68990705
2026-05-22 20:00:00+00:00,84.58,85.32,84.04,84.422,3810.58409149
2026-05-23 00:00:00+00:00,84.46,84.782,84.047,84.711,1629.62903352
2026-05-23 04:00:00+00:00,84.728,84.74,81.5,82.241,7627.80844026
2026-05-23 08:00:00+00:00,82.25,82.52,81.721,82.329,4824.06670213
2026-05-23 12:00:00+00:00,82.328,84.604,82.183,84.157,4125.21114056
2026-05-23 16:00:00+00:00,84.159,85.2,83.99,85.029,4734.02888076
2026-05-23 20:00:00+00:00,85.047,87.5,84.84,85.839,7197.59639002
2026-05-24 00:00:00+00:00,85.844,86.271,85.705,85.831,3150.30211188
2026-05-24 04:00:00+00:00,85.898,86.753,85.667,86.129,4823.87441164
2026-05-24 08:00:00+00:00,86.135,87.039,86.064,86.726,6796.28850962
2026-05-24 12:00:00+00:00,86.74,86.757,84.58,85.364,3075.0829258100002
2026-05-24 16:00:00+00:00,85.377,85.909,85.256,85.472,2429.2316381
2026-05-24 20:00:00+00:00,85.478,85.579,83.75,85.33,5786.87451109
2026-05-25 00:00:00+00:00,85.357,85.85,84.878,85.041,3009.7576758
2026-05-25 04:00:00+00:00,85.049,86.265,85.017,86.056,3278.47358431
2026-05-25 08:00:00+00:00,86.023,86.278,85.798,85.869,1491.7438725
2026-05-25 12:00:00+00:00,85.873,86.588,85.75,86.305,3168.7373626
2026-05-25 16:00:00+00:00,86.324,86.446,85.597,85.689,1926.48957343
2026-05-25 20:00:00+00:00,85.669,85.929,84.763,85.121,3265.62007827
2026-05-26 00:00:00+00:00,85.136,85.153,83.914,84.281,2716.37425627
2026-05-26 04:00:00+00:00,84.286,85.034,84.077,84.429,1475.8731567300001
2026-05-26 08:00:00+00:00,84.439,85.856,84.391,85.251,3604.89903822
2026-05-26 12:00:00+00:00,85.252,86.17,84.078,84.545,5953.5311465
2026-05-26 16:00:00+00:00,84.55,84.6,83.2,83.799,6289.7517963
2026-05-26 20:00:00+00:00,83.792,83.993,83.556,83.721,2958.36168321
2026-05-27 00:00:00+00:00,83.738,84.229,83.542,83.671,2273.15048324
2026-05-27 04:00:00+00:00,83.652,84.215,82.886,84.209,3062.79027959
2026-05-27 08:00:00+00:00,84.219,84.421,83.636,83.962,1763.27408197
2026-05-27 12:00:00+00:00,83.975,84.838,82.971,84.448,6427.77462104
2026-05-27 16:00:00+00:00,84.454,84.729,83.18,83.908,5555.63008581
2026-05-27 20:00:00+00:00,83.925,84.121,82.126,82.436,4247.46191826
2026-05-28 00:00:00+00:00,82.437,82.746,80.5,80.714,7136.99526638
2026-05-28 04:00:00+00:00,80.691,81.26,80.027,81.2,7463.89622707
2026-05-28 08:00:00+00:00,81.21,81.258,80.563,80.855,5579.11555445
2026-05-28 12:00:00+00:00,80.846,81.541,80.0,81.152,10335.70466834
2026-05-28 16:00:00+00:00,81.102,83.03,80.912,82.166,5611.44707249
2026-05-28 20:00:00+00:00,82.179,82.649,81.769,82.111,7435.79566026
2026-05-29 00:00:00+00:00,82.146,82.469,81.493,81.63,1978.82498845
2026-05-29 04:00:00+00:00,81.63,82.474,81.401,82.25,1845.42575758
2026-05-29 08:00:00+00:00,82.229,82.628,81.561,81.771,3550.641882
2026-05-29 12:00:00+00:00,81.771,83.249,80.383,82.549,6072.52227732
2026-05-29 16:00:00+00:00,82.586,83.199,81.581,82.051,5530.28048667
2026-05-29 20:00:00+00:00,82.065,82.388,81.62,82.062,3643.53475649
2026-05-30 00:00:00+00:00,82.128,83.099,81.953,82.658,2676.07735659
2026-05-30 04:00:00+00:00,82.669,82.791,81.87,82.409,3952.39695433
2026-05-30 08:00:00+00:00,82.399,82.578,82.221,82.36,756.30143027
2026-05-30 12:00:00+00:00,82.371,82.919,82.293,82.709,1514.34619493
2026-05-30 16:00:00+00:00,82.72,83.176,82.661,83.009,2924.89377402
2026-05-30 20:00:00+00:00,83.017,83.185,82.5,82.747,1672.90301805
2026-05-31 00:00:00+00:00,82.819,83.429,82.665,83.275,1124.92869084
2026-05-31 04:00:00+00:00,83.275,83.346,82.57,82.706,1783.52268432
2026-05-31 08:00:00+00:00,82.727,83.057,82.5,82.808,1487.12889686
2026-05-31 12:00:00+00:00,82.771,83.149,81.837,81.9,2914.65504574
2026-05-31 16:00:00+00:00,81.9,82.068,81.392,81.66,2234.94076252
2026-05-31 20:00:00+00:00,81.649,82.93,81.649,82.479,2242.15492428
2026-06-01 00:00:00+00:00,82.457,83.131,81.706,82.649,2908.57135039
2026-06-01 04:00:00+00:00,82.638,82.788,80.7,80.736,5858.91578341
2026-06-01 08:00:00+00:00,80.748,81.282,80.468,80.815,3780.71315211
2026-06-01 12:00:00+00:00,80.834,81.069,79.2,79.628,8138.64809155
2026-06-01 16:00:00+00:00,79.629,81.31,79.12,81.2,6155.28675061
2026-06-01 20:00:00+00:00,81.215,81.63,80.314,81.273,3818.03986918
2026-06-02 00:00:00+00:00,81.286,81.287,79.452,80.903,3267.86732867
2026-06-02 04:00:00+00:00,80.903,81.009,79.152,79.663,4172.12317932
2026-06-02 08:00:00+00:00,79.679,79.776,78.799,78.949,4589.35840077
2026-06-02 12:00:00+00:00,78.923,79.239,75.617,76.4,28394.97688324
2026-06-02 16:00:00+00:00,76.4,77.669,74.499,75.531,11194.3049783
2026-06-02 20:00:00+00:00,75.481,76.031,72.696,74.14,13141.29079925
2026-06-03 00:00:00+00:00,74.159,75.048,72.218,72.633,10499.48882748
2026-06-03 04:00:00+00:00,72.661,75.359,72.646,75.209,9977.45411796
2026-06-03 08:00:00+00:00,75.188,75.638,74.668,75.059,5983.72366032
2026-06-03 12:00:00+00:00,75.065,75.295,73.183,73.24,10290.27051348
2026-06-03 16:00:00+00:00,73.255,74.015,71.71,71.899,14382.32805201
2026-06-03 20:00:00+00:00,71.854,73.08,70.851,71.555,12221.28353701
2026-06-04 00:00:00+00:00,71.525,72.022,66.666,71.402,49606.5982029
2026-06-04 04:00:00+00:00,71.401,71.697,69.024,69.05,6914.7909389
2026-06-04 08:00:00+00:00,69.1,69.337,67.33,68.587,25898.59459951
2026-06-04 12:00:00+00:00,68.612,70.562,68.3,69.593,18380.98138182
2026-06-04 16:00:00+00:00,69.58,69.823,68.462,69.056,12941.20268563
2026-06-04 20:00:00+00:00,69.056,69.056,67.531,68.839,16809.34180035
2026-06-05 00:00:00+00:00,68.811,69.06,66.931,67.055,16133.49556091
2026-06-05 04:00:00+00:00,67.071,68.029,63.846,66.095,50407.5204913
2026-06-05 08:00:00+00:00,66.11,66.773,65.021,66.061,18033.46560488
2026-06-05 12:00:00+00:00,66.015,66.325,65.21,65.74,2246.71823019
