timestamp,open,high,low,close,volume
2016-11-05 00:00:00+00:00,708.15,713.88,700.82,708.89,6022.2599656300035
2016-11-06 00:00:00+00:00,709.14,721.61,700.01,713.95,7163.328968670041
2016-11-07 00:00:00+00:00,713.8,713.8,700.02,705.55,3788.6124545300254
2016-11-08 00:00:00+00:00,705.42,717.99,703.0,711.99,9870.580001880071
2016-11-09 00:00:00+00:00,711.98,743.06,708.5,724.54,15100.099573310139
2016-11-10 00:00:00+00:00,723.37,725.0,709.13,714.87,4457.544065070043
2016-11-11 00:00:00+00:00,714.87,719.37,712.03,716.22,4914.198729490022
2016-11-12 00:00:00+00:00,716.61,716.99,700.1,703.57,5914.206991909925
2016-11-13 00:00:00+00:00,703.56,706.47,687.6,703.64,8691.960063930057
2016-11-14 00:00:00+00:00,703.61,709.91,698.76,707.43,6011.546517310056
2016-11-15 00:00:00+00:00,707.44,720.05,707.4,712.17,7936.3304322799895
2016-11-16 00:00:00+00:00,712.0,747.49,710.0,744.98,17948.506714280073
2016-11-17 00:00:00+00:00,744.98,763.85,735.0,740.67,14889.308746890238
2016-11-18 00:00:00+00:00,740.01,759.89,734.5,753.97,6962.710856610069
2016-11-19 00:00:00+00:00,753.91,759.99,740.0,752.9,6044.662876000015
2016-11-20 00:00:00+00:00,752.17,757.0,711.16,729.67,13912.623805400159
2016-11-21 00:00:00+00:00,729.68,740.6,728.08,738.99,7200.785115300063
2016-11-22 00:00:00+00:00,739.0,753.91,733.25,749.85,9485.316539920022
2016-11-23 00:00:00+00:00,749.85,750.91,730.79,742.0,5581.257493390057
2016-11-24 00:00:00+00:00,741.99,744.32,727.61,737.61,6069.217533030181
2016-11-25 00:00:00+00:00,737.67,741.12,730.0,740.36,4062.2591371601047
2016-11-26 00:00:00+00:00,739.77,740.99,720.0,731.19,4490.186855769996
2016-11-27 00:00:00+00:00,731.27,736.19,722.5,724.9,3495.317800630566
2016-11-28 00:00:00+00:00,724.99,734.99,724.99,731.52,4139.058986310415
2016-11-29 00:00:00+00:00,731.52,734.89,728.68,731.05,5649.696318160012
2016-11-30 00:00:00+00:00,731.06,743.14,728.98,739.0,5529.651951590084
2016-12-01 00:00:00+00:00,739.0,756.0,738.8,755.36,13400.312864070085
2016-12-02 00:00:00+00:00,755.42,779.21,755.15,774.88,13415.18994303043
2016-12-03 00:00:00+00:00,774.87,774.87,755.98,765.46,5730.443186380091
2016-12-04 00:00:00+00:00,765.98,769.99,758.82,768.5,4202.675894990003
2016-12-05 00:00:00+00:00,768.5,769.0,744.59,750.62,10067.87220188007
2016-12-06 00:00:00+00:00,750.85,758.5,750.44,757.36,5279.311020490088
2016-12-07 00:00:00+00:00,757.18,774.92,746.16,765.01,10694.954416790059
2016-12-08 00:00:00+00:00,765.02,773.2,762.66,765.01,4751.019449470017
2016-12-09 00:00:00+00:00,765.01,772.72,765.0,770.5,3651.7650705899955
2016-12-10 00:00:00+00:00,770.5,777.77,769.99,772.9,3364.7760004099987
2016-12-11 00:00:00+00:00,773.01,773.73,761.84,770.21,4144.94343010001
2016-12-12 00:00:00+00:00,770.21,785.0,770.21,777.99,6758.339761560031
2016-12-13 00:00:00+00:00,777.99,788.87,762.89,775.0,5581.844002780043
2016-12-14 00:00:00+00:00,775.0,781.16,771.15,774.49,3680.6956905700135
2016-12-15 00:00:00+00:00,774.5,780.12,774.5,777.43,3184.8220299600257
2016-12-16 00:00:00+00:00,777.78,785.06,775.85,784.17,4774.942175750037
2016-12-17 00:00:00+00:00,784.17,793.0,782.93,790.99,6201.337735110012
2016-12-18 00:00:00+00:00,790.99,792.8,784.36,790.21,2432.0011578999965
2016-12-19 00:00:00+00:00,790.18,792.27,787.75,790.59,2153.173420509991
2016-12-20 00:00:00+00:00,790.59,802.33,787.86,797.99,6992.559286220067
2016-12-21 00:00:00+00:00,797.99,830.5,794.95,829.34,16218.640510220468
2016-12-22 00:00:00+00:00,829.33,874.0,825.0,859.2,15249.764403200299
2016-12-23 00:00:00+00:00,859.0,920.0,859.0,918.99,26032.66403869893
2016-12-24 00:00:00+00:00,917.29,919.99,882.41,895.24,7388.143101650057
2016-12-25 00:00:00+00:00,895.31,904.55,858.62,898.0,12044.633193260195
2016-12-26 00:00:00+00:00,898.0,920.0,894.21,906.4,11822.156806280178
2016-12-27 00:00:00+00:00,906.37,940.0,903.51,936.43,9187.271646700205
2016-12-28 00:00:00+00:00,936.42,983.0,935.93,981.7,20822.766421739656
2016-12-29 00:00:00+00:00,981.7,983.0,945.0,974.74,22557.863082500244
2016-12-30 00:00:00+00:00,973.41,974.32,929.5,959.26,19356.95874255995
2016-12-31 00:00:00+00:00,959.19,968.2,945.01,966.58,7156.027717180096
2017-01-01 00:00:00+00:00,966.61,1006.5,961.26,998.99,13441.148975480162
2017-01-02 00:00:00+00:00,999.0,1035.0,994.1,1019.3,21808.63450497015
2017-01-03 00:00:00+00:00,1019.6,1040.0,1013.5,1037.5,14107.95571394017
2017-01-04 00:00:00+00:00,1037.6,1150.0,1036.4,1139.6,53728.83876761936
2017-01-05 00:00:00+00:00,1138.3,1166.0,850.79,1003.2,91204.82486650968
2017-01-06 00:00:00+00:00,1003.8,1025.0,871.0,898.5,57405.14504720025
2017-01-07 00:00:00+00:00,898.2,911.09,815.0,908.0,40602.99825714004
2017-01-08 00:00:00+00:00,908.03,943.6,890.0,915.9,30742.59543248628
2017-01-09 00:00:00+00:00,915.9,916.7,875.0,903.0,16587.343688930578
2017-01-10 00:00:00+00:00,903.01,918.0,895.48,905.76,12138.62205225993
2017-01-11 00:00:00+00:00,905.76,923.66,760.0,779.54,62866.93940117989
2017-01-12 00:00:00+00:00,779.54,831.18,735.0,804.58,35912.53320485809
2017-01-13 00:00:00+00:00,804.58,832.39,775.61,828.12,25872.960626199303
2017-01-14 00:00:00+00:00,827.22,838.54,800.03,815.3,12532.918015939966
2017-01-15 00:00:00+00:00,816.7,823.0,805.03,820.74,5392.398235950108
2017-01-16 00:00:00+00:00,821.16,837.97,813.94,830.1,7652.416470630093
2017-01-17 00:00:00+00:00,830.0,910.8,828.0,903.99,27345.226563979177
2017-01-18 00:00:00+00:00,903.99,913.85,847.23,887.46,21304.10739961927
2017-01-19 00:00:00+00:00,887.49,910.03,883.49,900.29,15082.097289470486
2017-01-20 00:00:00+00:00,901.56,904.99,883.06,895.74,9494.9637827601
2017-01-21 00:00:00+00:00,896.14,931.01,893.89,924.02,12173.618518850193
2017-01-22 00:00:00+00:00,924.3,939.9,892.0,923.72,21843.962795929216
2017-01-23 00:00:00+00:00,923.72,928.87,905.99,908.52,9766.878327090542
2017-01-24 00:00:00+00:00,908.36,927.34,884.2,886.1,20709.835467240213
2017-01-25 00:00:00+00:00,886.45,899.61,884.2,893.35,10476.731170320203
2017-01-26 00:00:00+00:00,893.9,917.64,893.49,915.12,9821.497599120148
2017-01-27 00:00:00+00:00,915.1,922.16,905.0,916.7,10140.89977872014
2017-01-28 00:00:00+00:00,916.98,923.99,915.01,919.43,3614.9613384800145
2017-01-29 00:00:00+00:00,919.48,922.99,910.72,912.55,2700.815994779995
2017-01-30 00:00:00+00:00,912.56,920.89,910.01,917.35,3459.9093773200048
2017-01-31 00:00:00+00:00,917.35,969.4,916.75,966.19,19636.051649708916
2017-02-01 00:00:00+00:00,966.2,985.0,960.1,983.73,11349.862426470367
2017-02-02 00:00:00+00:00,983.75,1010.6,970.1,1007.0,17790.558769140178
2017-02-03 00:00:00+00:00,1007.0,1020.5,986.11,1015.7,18970.002919729195
2017-02-04 00:00:00+00:00,1015.8,1040.0,1001.6,1031.1,17193.358304280096
2017-02-05 00:00:00+00:00,1030.9,1033.0,995.1,1006.6,16188.32220713037
2017-02-06 00:00:00+00:00,1007.0,1026.3,1006.0,1022.6,8898.684434260036
2017-02-07 00:00:00+00:00,1022.8,1056.4,1021.7,1052.1,15185.97338083039
2017-02-08 00:00:00+00:00,1052.5,1070.0,1006.5,1048.8,23087.431815029347
2017-02-09 00:00:00+00:00,1049.0,1078.0,936.34,984.97,59960.08008763097
2017-02-10 00:00:00+00:00,984.97,1002.0,949.36,992.0,24479.886429389473
2017-02-11 00:00:00+00:00,992.02,1009.0,984.01,1000.1,9333.992870000216
2017-02-12 00:00:00+00:00,1000.0,1005.8,992.33,996.01,4334.144181889869
2017-02-13 00:00:00+00:00,996.0,1004.8,974.22,996.5,9050.852295590203
2017-02-14 00:00:00+00:00,996.52,1019.0,988.6,1013.3,12201.416590230201
2017-02-15 00:00:00+00:00,1013.4,1018.2,1002.3,1013.9,5612.053352990078
2017-02-16 00:00:00+00:00,1013.9,1045.8,1013.9,1038.5,11260.04584229025
2017-02-17 00:00:00+00:00,1037.2,1067.4,1033.1,1056.2,16170.489651520278
2017-02-18 00:00:00+00:00,1056.9,1071.1,1053.1,1059.7,7148.619405270154
2017-02-19 00:00:00+00:00,1059.1,1066.0,1045.0,1056.2,6437.650123280087
2017-02-20 00:00:00+00:00,1056.3,1110.0,1040.1,1091.2,13291.40598501029
2017-02-21 00:00:00+00:00,1091.8,1134.0,1085.0,1129.6,24501.723010539277
2017-02-22 00:00:00+00:00,1130.1,1140.0,1106.4,1125.5,14325.964649010311
2017-02-23 00:00:00+00:00,1125.6,1197.0,1116.5,1189.8,26155.646949949394
2017-02-24 00:00:00+00:00,1189.5,1222.4,1110.0,1185.4,48194.734288378844
2017-02-25 00:00:00+00:00,1185.4,1189.9,1131.3,1153.0,16284.702083629873
2017-02-26 00:00:00+00:00,1153.0,1186.1,1130.7,1178.3,11081.046416530222
2017-02-27 00:00:00+00:00,1178.7,1204.0,1170.0,1195.5,11761.462894930091
2017-02-28 00:00:00+00:00,1195.7,1216.0,1176.6,1189.1,17472.57654792011
2017-03-01 00:00:00+00:00,1189.1,1236.4,1186.0,1233.2,22515.143739148574
2017-03-02 00:00:00+00:00,1233.7,1285.9,1212.0,1258.0,30567.995758957102
2017-03-03 00:00:00+00:00,1258.5,1294.9,1256.0,1289.2,22291.041746369672
2017-03-04 00:00:00+00:00,1289.2,1291.9,1240.0,1267.8,15548.989733120263
2017-03-05 00:00:00+00:00,1267.0,1279.9,1245.0,1278.4,9315.379858010065
2017-03-06 00:00:00+00:00,1278.5,1287.8,1268.0,1279.2,9601.03362080023
2017-03-07 00:00:00+00:00,1279.3,1282.0,1185.0,1232.4,42010.773457819516
2017-03-08 00:00:00+00:00,1232.3,1243.6,1142.1,1150.0,46839.64626745023
2017-03-09 00:00:00+00:00,1149.4,1207.6,1136.0,1190.4,24142.69864557883
2017-03-10 00:00:00+00:00,1190.3,1339.9,958.5,1115.4,104909.77170612622
2017-03-11 00:00:00+00:00,1113.0,1196.6,1101.2,1172.4,31258.189322498598
2017-03-12 00:00:00+00:00,1172.5,1232.7,1166.8,1224.4,18976.818175699802
2017-03-13 00:00:00+00:00,1224.4,1247.3,1206.7,1238.5,23066.997955869814
2017-03-14 00:00:00+00:00,1238.5,1258.8,1218.9,1245.0,17971.763241060075
2017-03-15 00:00:00+00:00,1244.4,1263.9,1241.0,1256.2,15839.624741540236
2017-03-16 00:00:00+00:00,1257.1,1259.7,1132.5,1168.6,51470.95183398999
2017-03-17 00:00:00+00:00,1169.1,1169.8,1065.0,1070.4,59231.71537088934
2017-03-18 00:00:00+00:00,1067.8,1097.9,935.11,971.51,87862.73760003965
2017-03-19 00:00:00+00:00,971.63,1059.0,969.4,1016.5,40547.80017335933
2017-03-20 00:00:00+00:00,1016.1,1054.2,1011.0,1040.5,20542.761970179854
2017-03-21 00:00:00+00:00,1040.5,1122.3,1039.0,1115.9,33405.345200809395
2017-03-22 00:00:00+00:00,1115.7,1116.0,985.55,1039.1,41325.119528628216
2017-03-23 00:00:00+00:00,1039.3,1055.0,1018.0,1032.7,19321.73705224012
2017-03-24 00:00:00+00:00,1032.7,1034.6,928.0,942.13,43525.11623354677
2017-03-25 00:00:00+00:00,942.14,981.0,888.2,972.17,46012.43192404001
2017-03-26 00:00:00+00:00,972.17,1006.0,950.1,968.9,33261.237170137356
2017-03-27 00:00:00+00:00,969.0,1046.9,960.1,1042.7,31918.345532458363
2017-03-28 00:00:00+00:00,1042.8,1068.9,1016.2,1044.7,25249.28777687988
2017-03-29 00:00:00+00:00,1044.3,1059.0,1008.5,1041.8,22321.19137680873
2017-03-30 00:00:00+00:00,1041.7,1053.5,1021.2,1041.2,24804.757441717888
2017-03-31 00:00:00+00:00,1041.2,1089.4,1035.0,1081.5,27501.30773206724
2017-04-01 00:00:00+00:00,1081.3,1106.9,1070.0,1093.5,16999.277987839872
2017-04-02 00:00:00+00:00,1093.3,1118.2,1080.9,1107.5,20419.583449848633
2017-04-03 00:00:00+00:00,1107.6,1159.9,1107.5,1150.1,30421.877520930288
2017-04-04 00:00:00+00:00,1150.2,1165.6,1124.0,1145.8,21160.722922040248
2017-04-05 00:00:00+00:00,1145.7,1146.7,1111.2,1140.4,22550.243279629118
2017-04-06 00:00:00+00:00,1140.5,1206.4,1140.3,1191.5,32172.397749899155
2017-04-07 00:00:00+00:00,1191.5,1209.0,1176.7,1196.6,20436.906783469985
2017-04-08 00:00:00+00:00,1196.4,1202.9,1171.0,1188.1,11020.461002710108
2017-04-09 00:00:00+00:00,1188.1,1226.9,1179.4,1215.9,16311.441008300095
2017-04-10 00:00:00+00:00,1216.3,1229.9,1208.0,1220.3,11550.768440050411
2017-04-11 00:00:00+00:00,1220.2,1244.7,1209.1,1235.6,9556.439375790114
2017-04-12 00:00:00+00:00,1236.0,1244.3,1221.0,1227.4,12009.36822367008
2017-04-13 00:00:00+00:00,1227.4,1235.3,1163.3,1186.9,19137.28050399942
2017-04-14 00:00:00+00:00,1189.2,1219.2,1184.0,1206.8,12312.669326570654
2017-04-15 00:00:00+00:00,1206.7,1215.0,1190.0,1193.3,9146.27230828019
2017-04-16 00:00:00+00:00,1194.0,1217.6,1190.1,1212.0,4501.3014011200785
2017-04-17 00:00:00+00:00,1212.5,1247.0,1202.0,1240.0,15156.762211520321
2017-04-18 00:00:00+00:00,1240.0,1274.8,1237.0,1265.4,16135.947209270173
2017-04-19 00:00:00+00:00,1265.2,1272.0,1254.3,1260.5,7585.474460290148
2017-04-20 00:00:00+00:00,1260.5,1326.9,1259.9,1308.5,15619.652942870154
2017-04-21 00:00:00+00:00,1308.5,1333.1,1307.0,1327.0,7996.062820700105
2017-04-22 00:00:00+00:00,1327.0,1354.9,1290.0,1346.4,12373.810204860254
2017-04-23 00:00:00+00:00,1345.4,1359.0,1336.0,1355.2,7747.284952560148
2017-04-24 00:00:00+00:00,1355.3,1359.6,1325.0,1345.0,7914.957403950211
2017-04-25 00:00:00+00:00,1345.0,1378.5,1342.1,1371.1,8274.250318140155
2017-04-26 00:00:00+00:00,1372.1,1411.7,1362.3,1400.0,11805.385004280162
2017-04-27 00:00:00+00:00,1399.3,1449.7,1392.5,1440.3,10395.022921870255
2017-04-28 00:00:00+00:00,1440.5,1447.0,1366.0,1415.6,14015.439509390333
2017-04-29 00:00:00+00:00,1415.9,1439.5,1400.1,1423.6,8767.247284410243
2017-04-30 00:00:00+00:00,1425.4,1443.7,1400.1,1435.0,8518.998919800051
2017-05-01 00:00:00+00:00,1435.3,1560.0,1432.0,1533.0,22304.387760469723
2017-05-02 00:00:00+00:00,1533.0,1604.6,1473.0,1558.5,16733.947597400478
2017-05-03 00:00:00+00:00,1560.0,1627.0,1541.9,1619.0,17068.490279990176
2017-05-04 00:00:00+00:00,1619.6,1702.0,1519.0,1607.1,31487.7339459602
2017-05-05 00:00:00+00:00,1607.2,1665.9,1505.0,1545.1,32641.027046368465
2017-05-06 00:00:00+00:00,1545.0,1605.1,1540.1,1597.0,14017.366899999783
2017-05-07 00:00:00+00:00,1597.0,1632.5,1575.1,1619.9,13909.046775469587
2017-05-08 00:00:00+00:00,1620.0,1715.0,1618.9,1703.5,19909.4718559097
2017-05-09 00:00:00+00:00,1703.4,1815.0,1695.1,1760.0,31202.81048676679
2017-05-10 00:00:00+00:00,1760.0,1817.4,1722.3,1796.9,18622.848445550437
2017-05-11 00:00:00+00:00,1796.1,1908.1,1763.6,1853.9,24389.694941907976
2017-05-12 00:00:00+00:00,1855.0,1864.8,1700.2,1735.0,21397.597524208075
2017-05-13 00:00:00+00:00,1733.7,1825.0,1666.0,1819.5,16604.125800199832
2017-05-14 00:00:00+00:00,1820.6,1852.4,1775.2,1827.3,11331.549394940312
2017-05-15 00:00:00+00:00,1827.3,1830.4,1719.0,1772.0,15744.126195149993
2017-05-16 00:00:00+00:00,1772.0,1795.1,1728.0,1786.2,9553.876843990482
2017-05-17 00:00:00+00:00,1785.4,1894.0,1766.3,1870.0,15843.528665690437
2017-05-18 00:00:00+00:00,1870.0,1954.6,1861.0,1941.5,12907.314442380331
2017-05-19 00:00:00+00:00,1941.9,2000.0,1925.0,1966.5,23001.542772588924
2017-05-20 00:00:00+00:00,1966.5,2072.2,1962.9,2059.3,21690.022393169762
2017-05-21 00:00:00+00:00,2059.3,2099.1,2000.1,2026.6,17221.878675099848
2017-05-22 00:00:00+00:00,2027.0,2222.2,1978.0,2087.3,57242.114596854815
2017-05-23 00:00:00+00:00,2087.3,2264.2,2060.0,2249.6,22521.559138049764
2017-05-24 00:00:00+00:00,2249.2,2444.9,2246.1,2395.5,29621.027843036292
2017-05-25 00:00:00+00:00,2395.5,2690.0,2141.1,2268.1,55155.58771398819
2017-05-26 00:00:00+00:00,2268.2,2477.0,2007.0,2125.9,39695.548035739186
2017-05-27 00:00:00+00:00,2126.0,2210.8,1810.0,1980.2,47142.41211277753
2017-05-28 00:00:00+00:00,1979.9,2194.4,1950.0,2056.9,25758.38871187907
2017-05-29 00:00:00+00:00,2056.8,2249.8,1990.0,2207.4,16457.501961290203
2017-05-30 00:00:00+00:00,2207.0,2265.0,2080.1,2146.7,21448.63349514992
2017-05-31 00:00:00+00:00,2146.8,2241.0,2000.0,2191.8,21235.8053827904
2017-06-01 00:00:00+00:00,2191.60075499,2368.2,2187.3,2312.0,18959.512933680788
2017-06-02 00:00:00+00:00,2311.9,2408.0,2262.8,2405.9,12549.64323152034
2017-06-03 00:00:00+00:00,2404.7,2481.2,2347.6,2461.0,10767.981905930403
2017-06-04 00:00:00+00:00,2461.6,2498.0,2365.0,2488.2,11880.383420390463
2017-06-05 00:00:00+00:00,2488.2,2649.5,2480.0,2636.9,15390.903184740666
2017-06-06 00:00:00+00:00,2636.7,2899.7,2620.0,2844.6,42687.66878994708
2017-06-07 00:00:00+00:00,2844.7,2850.0,2600.1,2644.0,22094.398527049678
2017-06-08 00:00:00+00:00,2644.1,2789.5,2527.0,2781.5,16977.816088951065
2017-06-09 00:00:00+00:00,2783.2,2849.8,2763.9,2809.0,9521.116767050262
2017-06-10 00:00:00+00:00,2809.0,2890.5,2711.1,2806.0,16167.315725080522
2017-06-11 00:00:00+00:00,2810.6,3003.0,2793.4,2941.8,19034.136814978636
2017-06-12 00:00:00+00:00,2938.8,2962.2,2284.4,2569.6,48340.94768841564
2017-06-13 00:00:00+00:00,2569.0,2730.0,2528.1,2677.1,23172.05888391992
2017-06-14 00:00:00+00:00,2677.1,2722.42278245,2280.0,2394.3,34717.77383966856
2017-06-15 00:00:00+00:00,2393.3,2455.0,2046.0,2377.5,55839.12799373947
2017-06-16 00:00:00+00:00,2378.7,2487.0,2257.8,2437.5,22402.387928529228
2017-06-17 00:00:00+00:00,2437.5,2636.9,2368.1,2610.1,16637.617542640048
2017-06-18 00:00:00+00:00,2610.0,2640.0,2420.0,2491.4,19988.156662169993
2017-06-19 00:00:00+00:00,2491.5,2593.9,2480.0,2582.0,13719.3025036201
2017-06-20 00:00:00+00:00,2582.0,2780.0,2568.2,2714.5,20548.879169089767
2017-06-21 00:00:00+00:00,2713.6,2760.0,2572.3,2624.4,24534.64225947912
2017-06-22 00:00:00+00:00,2621.9,2709.0,2554.8,2672.8,15181.549108029756
2017-06-23 00:00:00+00:00,2672.8,2726.0,2652.0,2674.9,8139.412745510101
2017-06-24 00:00:00+00:00,2673.1,2700.0,2452.86920686,2502.6,16770.845452320274
2017-06-25 00:00:00+00:00,2504.9,2595.0,2368.3,2483.3,18137.88200397992
2017-06-26 00:00:00+00:00,2483.0,2510.4,2258.7,2393.6,36367.69575762977
2017-06-27 00:00:00+00:00,2393.5,2524.0,2207.8,2521.2,33486.182337238584
2017-06-28 00:00:00+00:00,2521.2,2566.8,2403.2,2518.2,21827.313647049756
2017-06-29 00:00:00+00:00,2518.5,2537.8,2424.0,2472.4,12961.952367799953
2017-06-30 00:00:00+00:00,2472.3,2511.1,2404.0,2420.6,10401.10293533033
2017-07-01 00:00:00+00:00,2420.6,2441.0,2291.0,2346.2,15078.963517870336
2017-07-02 00:00:00+00:00,2346.1,2476.3,2302.0,2445.1,12034.388468490553
2017-07-03 00:00:00+00:00,2445.1,2587.4,2416.2,2524.0,16140.026722850722
2017-07-04 00:00:00+00:00,2525.7,2628.6,2511.0,2579.9,15748.267754881292
2017-07-05 00:00:00+00:00,2579.9,2619.0,2477.9,2598.6,13534.220901340148
2017-07-06 00:00:00+00:00,2598.5,2607.1,2546.0,2593.2,9831.80500857039
2017-07-07 00:00:00+00:00,2592.9,2598.8,2447.0,2479.3,17684.018760300467
2017-07-08 00:00:00+00:00,2479.4,2542.6,2436.1,2542.0,9695.5666662502
2017-07-09 00:00:00+00:00,2542.0,2555.7,2470.8,2477.9,7783.158003549998
2017-07-10 00:00:00+00:00,2480.5,2499.9,2236.6,2318.3,28087.998054258416
2017-07-11 00:00:00+00:00,2318.3,2375.0,2182.0,2283.8,33052.19044169962
2017-07-12 00:00:00+00:00,2285.5,2397.0,2190.0,2375.6,21670.26048444943
2017-07-13 00:00:00+00:00,2374.2,2400.0,2293.1,2330.1,18420.25303352
2017-07-14 00:00:00+00:00,2330.1,2345.6,2138.0,2206.5,27737.40511138
2017-07-15 00:00:00+00:00,2206.5,2210.1,1975.1,1978.6,41756.10334064
2017-07-16 00:00:00+00:00,1978.5,2051.1,1826.2,1925.0,53021.70937327
2017-07-17 00:00:00+00:00,1925.0,2223.5,1923.2,2220.0,40491.97402145
2017-07-18 00:00:00+00:00,2220.0,2380.2,2139.0,2302.8,44173.71437714
2017-07-19 00:00:00+00:00,2300.4,2400.0,2213.9,2253.4,35723.08734982
2017-07-20 00:00:00+00:00,2253.3,2922.0,2253.3,2865.1,83576.70120792
2017-07-21 00:00:00+00:00,2874.4,2890.0,2615.0,2659.0,57421.33484214
2017-07-22 00:00:00+00:00,2659.7,2917.0,2642.8,2844.7,35233.48963492
2017-07-23 00:00:00+00:00,2844.7,2877.5,2655.0,2750.1,35184.98212472
2017-07-24 00:00:00+00:00,2749.2,2812.0,2707.1,2769.7,20704.17808636
2017-07-25 00:00:00+00:00,2769.7,2790.1,2417.0,2560.9,56100.38383885
2017-07-26 00:00:00+00:00,2560.9,2612.0,2404.0,2527.73811996,34182.49178777
2017-07-27 00:00:00+00:00,2527.73811996,2682.2,2511.0,2664.6,31351.53802505
2017-07-28 00:00:00+00:00,2664.6,2820.0,2655.5,2784.8,40535.16793338
2017-07-29 00:00:00+00:00,2784.9,2794.2,2662.0,2713.1,24269.79377942
2017-07-30 00:00:00+00:00,2713.3,2760.0,2582.9,2748.2,34957.05960447
2017-07-31 00:00:00+00:00,2748.2,2883.5,2694.4,2854.3,27572.20108312
2017-08-01 00:00:00+00:00,2854.1,2902.2,2604.0,2731.3,42307.80919837
2017-08-02 00:00:00+00:00,2731.9,2758.0,2610.0,2702.0,23762.21734343
2017-08-03 00:00:00+00:00,2702.2,2820.0,2698.0,2790.3,16855.03770022
2017-08-04 00:00:00+00:00,2790.4,2876.0,2762.1,2860.0,18994.72100108
2017-08-05 00:00:00+00:00,2860.0,3339.5,2853.3,3252.3,50558.24084609
2017-08-06 00:00:00+00:00,3252.3,3315.5,3155.8,3232.1,16949.87411874
2017-08-07 00:00:00+00:00,3232.0,3440.0,3190.0,3396.0,24533.43663551
2017-08-08 00:00:00+00:00,3395.9,3483.8,3340.0,3415.0,31720.31264697
2017-08-09 00:00:00+00:00,3415.0,3430.0,3235.1,3340.4,26260.31204254
2017-08-10 00:00:00+00:00,3340.3,3447.0,3310.0,3405.0,19129.99938696
2017-08-11 00:00:00+00:00,3404.9,3695.0,3380.0,3643.4,26420.38188547
2017-08-12 00:00:00+00:00,3642.4,3970.1,3589.5,3866.2,37660.6403351
2017-08-13 00:00:00+00:00,3865.7,4190.0,3834.2,4061.6,48212.99471929
2017-08-14 00:00:00+00:00,4061.0,4330.3,3951.0,4320.8,34185.630606830004
2017-08-15 00:00:00+00:00,4321.0,4430.0,3832.5,4151.8,64111.03447992
2017-08-16 00:00:00+00:00,4151.9,4405.0,3925.1,4386.4,35292.3092464
2017-08-17 00:00:00+00:00,4386.3,4492.3,4152.0,4263.0,40307.03720301
2017-08-18 00:00:00+00:00,4262.9,4360.0,3954.0,4090.1,46806.57023528
2017-08-19 00:00:00+00:00,4090.1,4187.0,3907.0,4145.0,41765.2743971
2017-08-20 00:00:00+00:00,4145.1,4199.9,3975.1,4063.1,25124.9456383
2017-08-21 00:00:00+00:00,4059.6,4094.7,3951.0,3998.2,26586.21907274
2017-08-22 00:00:00+00:00,3997.6,4141.9,3599.0,4081.9,61727.79500618
2017-08-23 00:00:00+00:00,4083.9,4255.2,4045.0,4130.2,27484.37736384
2017-08-24 00:00:00+00:00,4130.8,4381.0,4089.9,4322.1,22041.11871118
2017-08-25 00:00:00+00:00,4322.1,4464.2,4250.0,4351.5,27756.98848534
2017-08-26 00:00:00+00:00,4351.4,4364.0,4240.7,4340.4,14795.77225415
2017-08-27 00:00:00+00:00,4341.5,4406.7,4304.4,4332.8,11162.92615586
2017-08-28 00:00:00+00:00,4333.8,4395.5,4175.0,4385.1,21224.24667506
2017-08-29 00:00:00+00:00,4385.2,4648.8,4325.1,4587.1,32703.08252724
2017-08-30 00:00:00+00:00,4587.1,4643.0,4481.0,4568.0,17065.10090642
2017-08-31 00:00:00+00:00,4568.0,4749.9,4566.9,4718.3,18467.69958321
2017-09-01 00:00:00+00:00,4718.2,4936.9,4660.0,4907.7,28785.25415936
2017-09-02 00:00:00+00:00,4909.2,4970.0,4400.1,4532.3,54967.19887223
2017-09-03 00:00:00+00:00,4534.3,4699.9,4331.0,4598.5,33548.78863131
2017-09-04 00:00:00+00:00,4598.0,4611.6,4052.0,4205.0,59087.37648571
2017-09-05 00:00:00+00:00,4207.5,4471.0,3900.1,4375.0,57726.33956084
2017-09-06 00:00:00+00:00,4375.0,4633.7,4352.4,4595.8,38993.89335346
2017-09-07 00:00:00+00:00,4592.6,4675.0,4455.1,4613.7,23131.92973491
2017-09-08 00:00:00+00:00,4613.6,4694.9,4105.0,4304.0,60942.90237479
2017-09-09 00:00:00+00:00,4304.1,4395.2,4151.0,4315.9,31108.57266183
2017-09-10 00:00:00+00:00,4315.4,4330.0,3974.1,4233.9,45876.53276485
2017-09-11 00:00:00+00:00,4233.5,4383.2,4123.0,4198.7,30897.42090881
2017-09-12 00:00:00+00:00,4200.5,4379.0,4050.0,4149.4,40047.82707947
2017-09-13 00:00:00+00:00,4149.4,4160.0,3731.7,3849.7,71503.22762066
2017-09-14 00:00:00+00:00,3849.7,3917.2,3204.7,3235.3,127510.72380643
2017-09-15 00:00:00+00:00,3235.4,3809.0,2980.4,3697.1,183116.68152974
2017-09-16 00:00:00+00:00,3697.0,3875.0,3511.1,3681.5,70752.12868081
2017-09-17 00:00:00+00:00,3679.6,3782.0,3465.1,3666.6,37038.53669509
2017-09-18 00:00:00+00:00,3666.9,4119.0,3666.9,4084.4,58978.69285366
2017-09-19 00:00:00+00:00,4084.3,4114.0,3836.2,3892.2,47749.58338806
2017-09-20 00:00:00+00:00,3892.6,4049.0,3829.0,3872.4,33241.55770899
2017-09-21 00:00:00+00:00,3874.8,3905.0,3560.0,3596.7,56944.211721
2017-09-22 00:00:00+00:00,3600.0,3748.0,3490.0,3602.3,49235.11147446
2017-09-23 00:00:00+00:00,3597.9,3808.7,3555.0,3779.6,25640.09297131
2017-09-24 00:00:00+00:00,3779.3,3783.0,3615.5,3654.7,20883.29400183
2017-09-25 00:00:00+00:00,3654.4,3977.0,3653.7,3930.1,40157.86230585
2017-09-26 00:00:00+00:00,3930.0,3985.0,3838.0,3881.5,21401.21520912
2017-09-27 00:00:00+00:00,3881.7,4229.5,3876.7,4209.7,48624.86920721
2017-09-28 00:00:00+00:00,4207.5,4269.0,4120.0,4190.0,36575.28207875
2017-09-29 00:00:00+00:00,4190.0,4245.0,4024.4,4168.0,38941.76643093
2017-09-30 00:00:00+00:00,4167.6,4397.0,4160.0,4367.1,31498.77009665
2017-10-01 00:00:00+00:00,4367.1,4424.0,4248.6,4404.3,29229.55963961
2017-10-02 00:00:00+00:00,4404.3,4482.0,4359.0,4400.2,29071.34483179
2017-10-03 00:00:00+00:00,4400.2,4439.9,4210.1,4310.6,28542.15680717
2017-10-04 00:00:00+00:00,4309.6,4359.2,4174.3,4215.9,26370.95900433
2017-10-05 00:00:00+00:00,4215.9,4372.3,4133.0,4312.0,25368.41498163
2017-10-06 00:00:00+00:00,4311.9,4425.8,4282.2,4370.0,25931.89802114
2017-10-07 00:00:00+00:00,4370.0,4505.0,4309.0,4435.6,17423.88598883
2017-10-08 00:00:00+00:00,4435.9,4632.4,4416.3,4611.9,29834.38489802
2017-10-09 00:00:00+00:00,4611.8,4879.8,4551.0,4782.3,48928.09769134
2017-10-10 00:00:00+00:00,4782.3,4940.0,4716.4,4777.7,42701.37345587
2017-10-11 00:00:00+00:00,4777.1,4881.4,4715.0,4824.9,28908.1259726
2017-10-12 00:00:00+00:00,4824.9,5445.0,4815.0,5440.0,79502.85493293
2017-10-13 00:00:00+00:00,5440.0,5920.0,5369.4,5636.8,99110.62453184
2017-10-14 00:00:00+00:00,5636.8,5857.4,5564.3,5833.5,36810.98518561
2017-10-15 00:00:00+00:00,5834.9,5877.0,5450.0,5713.9,57475.73977445
2017-10-16 00:00:00+00:00,5712.1,5810.0,5570.0,5764.8,31410.43427206
2017-10-17 00:00:00+00:00,5764.7,5779.0,5511.0,5597.1,31906.14997325
2017-10-18 00:00:00+00:00,5597.2,5597.9,5114.0,5567.0,69045.87052166
2017-10-19 00:00:00+00:00,5568.1,5744.0,5505.5,5694.2,38038.56929783
2017-10-20 00:00:00+00:00,5694.1,6088.4,5603.3,5983.8,61777.29592668
2017-10-21 00:00:00+00:00,5983.7,6199.9,5862.8,6005.1,53487.98776009
2017-10-22 00:00:00+00:00,6005.9,6075.0,5705.0,5981.3,50572.76526313
2017-10-23 00:00:00+00:00,5982.4,6055.0,5621.0,5907.3,67056.95351285
2017-10-24 00:00:00+00:00,5907.3,5907.3,5457.4,5510.0,64024.8670318
2017-10-25 00:00:00+00:00,5510.0,5746.9,5365.3,5724.1,44825.34909819
2017-10-26 00:00:00+00:00,5724.2,5966.6,5667.5,5890.0,42724.28100853
2017-10-27 00:00:00+00:00,5889.9,6020.0,5681.0,5759.7,39712.73376073
2017-10-28 00:00:00+00:00,5759.8,5864.0,5632.0,5720.3,26663.07159007
2017-10-29 00:00:00+00:00,5719.7,6345.0,5660.0,6150.0,61967.82683328
2017-10-30 00:00:00+00:00,6150.0,6239.0,6006.2,6130.0,33217.40463982
2017-10-31 00:00:00+00:00,6127.9,6481.5,6082.5,6455.1,38821.10919356
2017-11-01 00:00:00+00:00,6455.0,6739.9,6344.5,6739.6,57203.78734181
2017-11-02 00:00:00+00:00,6739.2,7350.0,6707.3,7018.8,97337.20072213
2017-11-03 00:00:00+00:00,7018.8,7448.0,6917.0,7132.0,62939.21441725
2017-11-04 00:00:00+00:00,7132.0,7530.0,6930.1,7369.9,48598.07207096
2017-11-05 00:00:00+00:00,7370.0,7598.0,7272.0,7366.7,46299.95494806
2017-11-06 00:00:00+00:00,7365.6,7440.0,6911.0,6956.5,63265.49195175
2017-11-07 00:00:00+00:00,6955.2,7220.0,6948.0,7102.0,37539.62434544
2017-11-08 00:00:00+00:00,7102.1,7899.9,6977.4,7446.1,97303.17504447
2017-11-09 00:00:00+00:00,7446.0,7450.0,7000.0,7126.4,50139.52313385
2017-11-10 00:00:00+00:00,7126.4,7324.0,6405.0,6541.2,88416.47311226
2017-11-11 00:00:00+00:00,6545.0,6789.0,6163.2,6302.7,72841.28594997
2017-11-12 00:00:00+00:00,6299.0,6469.6,5400.2,5810.7,172712.47105986
2017-11-13 00:00:00+00:00,5810.0,6682.0,5780.0,6476.5,110443.62309468
2017-11-14 00:00:00+00:00,6476.6,6689.5,6301.0,6590.0,49482.76029047
2017-11-15 00:00:00+00:00,6590.0,7319.0,6589.9,7265.84095228,71616.02683285
2017-11-16 00:00:00+00:00,7263.5,8020.0,7091.0,7865.2,85873.80990599
2017-11-17 00:00:00+00:00,7867.3,8040.0,7505.0,7675.9,75935.97736376
2017-11-18 00:00:00+00:00,7674.1,7867.8,7412.0,7773.3,40707.78063388
2017-11-19 00:00:00+00:00,7773.2,8130.0,7650.0,8052.7,39114.0810318
2017-11-20 00:00:00+00:00,8052.6,8315.0,7925.0,8248.8,38281.50492472
2017-11-21 00:00:00+00:00,8249.0,8380.0,7755.6,8096.9,71852.37085306
2017-11-22 00:00:00+00:00,8096.8,8310.0,8055.0,8230.0,28861.36763085
2017-11-23 00:00:00+00:00,8230.1,8268.0,7970.0,7977.1,32131.52906014
2017-11-24 00:00:00+00:00,7977.73459081,8352.1,7871.0,8191.7,42835.906591
2017-11-25 00:00:00+00:00,8189.5,8770.0,8131.6,8753.4,44275.60759255
2017-11-26 00:00:00+00:00,8753.6,9495.0,8746.9,9305.1,67602.72955089
2017-11-27 00:00:00+00:00,9306.6,9771.0,9231.0,9723.6,66630.21890773
2017-11-28 00:00:00+00:00,9722.9,9999.0,9580.8,9892.1,47105.99712416
2017-11-29 00:00:00+00:00,9895.2,11441.0,9000.0,9766.1,182839.74930587
2017-11-30 00:00:00+00:00,9766.1,10542.0,8801.0,9907.0,129048.05557505
2017-12-01 00:00:00+00:00,9907.0,10950.0,9370.1,10860.0,84144.85318579
2017-12-02 00:00:00+00:00,10861.0,11190.0,10621.0,10880.0,49703.71905393
2017-12-03 00:00:00+00:00,10881.0,11874.0,10161.0,11162.0,93064.39457651
2017-12-04 00:00:00+00:00,11161.0,11600.0,10718.0,11599.0,63775.71081872
2017-12-05 00:00:00+00:00,11598.0,11961.0,11405.0,11592.0,48903.69405379
2017-12-06 00:00:00+00:00,11591.0,13599.0,11590.0,13509.0,83645.05680739
2017-12-07 00:00:00+00:00,13509.0,16649.0,13139.0,16609.0,141223.19309259
2017-12-08 00:00:00+00:00,16608.0,17171.0,13722.0,15822.0,124038.7915975
2017-12-09 00:00:00+00:00,15843.0,16300.0,13010.0,14661.0,77819.3270952
2017-12-10 00:00:00+00:00,14679.0,15741.0,12730.63686141,14960.0,107144.81058982
2017-12-11 00:00:00+00:00,14939.0,17450.0,14927.0,16753.0,78076.86384992
2017-12-12 00:00:00+00:00,16753.0,17579.0,16210.0,16972.0,52085.93457029
2017-12-13 00:00:00+00:00,16968.0,17293.0,15632.0,16171.0,62874.06664855
2017-12-14 00:00:00+00:00,16176.0,16999.0,15851.0,16384.0,45731.17445601
2017-12-15 00:00:00+00:00,16384.0,18111.0,16349.0,17569.0,63123.65764636
2017-12-16 00:00:00+00:00,17569.0,19550.0,17050.0,19210.0,48267.95066408
2017-12-17 00:00:00+00:00,19209.0,19891.0,18622.0,18960.0,51803.97212888
2017-12-18 00:00:00+00:00,18956.0,19175.0,18010.0,18928.0,53568.53299659
2017-12-19 00:00:00+00:00,18924.0,18987.0,16400.0,17345.0,66651.94721902
2017-12-20 00:00:00+00:00,17344.0,17709.0,15500.0,16425.0,82156.93475162
2017-12-21 00:00:00+00:00,16425.0,17333.0,14801.0,15645.0,65594.82857517
2017-12-22 00:00:00+00:00,15645.0,15842.42999525,10700.0,13173.0,178636.96590219
2017-12-23 00:00:00+00:00,13173.0,14999.0,12521.0,14035.0,59929.24368394
2017-12-24 00:00:00+00:00,14036.0,14050.0,11600.0,13477.0,72382.27824946
2017-12-25 00:00:00+00:00,13503.0,14278.0,12675.0,13633.0,45609.51553933
2017-12-26 00:00:00+00:00,13634.0,16060.0,13531.0,15680.0,63432.82131218
2017-12-27 00:00:00+00:00,15680.0,16494.0,14454.0,15375.0,54988.92117595
2017-12-28 00:00:00+00:00,15374.0,15468.0,13145.0,14323.0,72902.77821839
2017-12-29 00:00:00+00:00,14324.0,15131.0,13826.0,14304.0,47997.44310277
2017-12-30 00:00:00+00:00,14304.0,14417.0,11651.0,12384.0,75442.16785566
2017-12-31 00:00:00+00:00,12385.0,14210.0,12166.0,13769.0,43270.25129356
2018-01-01 00:00:00+00:00,13763.0,13893.0,12777.0,13376.0,29564.92955226
2018-01-02 00:00:00+00:00,13375.0,15500.0,12795.0,14722.0,56192.95272942
2018-01-03 00:00:00+00:00,14717.0,15428.83091885,14500.0,15150.0,38358.37345226
2018-01-04 00:00:00+00:00,15150.0,15422.15785315,14060.0,15159.0,46479.98264264
2018-01-05 00:00:00+00:00,15159.0,17105.0,14725.0,16911.0,54627.60106518
2018-01-06 00:00:00+00:00,16912.0,17252.0,16251.0,17169.0,29616.48524759
2018-01-07 00:00:00+00:00,17165.0,17178.0,15712.0,16215.35727958,30838.08496089
2018-01-08 00:00:00+00:00,16213.0,16329.0,13755.0,14906.0,64952.71702253
2018-01-09 00:00:00+00:00,14911.0,15355.0,14122.0,14425.0,43436.35912279
2018-01-10 00:00:00+00:00,14429.0,14901.0,13300.0,14900.0,57332.64613851
2018-01-11 00:00:00+00:00,14900.0,14999.0,12639.0,13254.0,71695.39341684
2018-01-12 00:00:00+00:00,13253.0,14100.0,12751.0,13794.0,37423.47346585
2018-01-13 00:00:00+00:00,13790.0,14580.0,13750.0,14199.0,29006.20195027
2018-01-14 00:00:00+00:00,14192.0,14393.0,12874.34212454,13558.0,35602.02327452
2018-01-15 00:00:00+00:00,13554.0,14356.0,13300.0,13601.0,33507.90572265
2018-01-16 00:00:00+00:00,13602.0,13617.0,9940.0,11065.0,131832.52144202
2018-01-17 00:00:00+00:00,11065.0,11497.0,9231.1,11108.0,132246.81650434
2018-01-18 00:00:00+00:00,11113.0,11904.0,10515.0,11030.0,85205.02453748
2018-01-19 00:00:00+00:00,11031.0,11900.0,10647.0,11476.0,48550.29998555
2018-01-20 00:00:00+00:00,11477.0,13017.0,11407.0,12731.0,46302.63241255
2018-01-21 00:00:00+00:00,12731.0,12732.0,11015.0,11514.0,53624.38681432
2018-01-22 00:00:00+00:00,11513.0,11900.0,10009.0,10779.0,66353.71775118
2018-01-23 00:00:00+00:00,10779.0,11427.0,9900.0,10811.0,63851.92778121
2018-01-24 00:00:00+00:00,10812.0,11557.88958366,10430.0,11391.0,43857.62788588
2018-01-25 00:00:00+00:00,11390.0,11734.0,10845.0,11147.0,34411.83155151
2018-01-26 00:00:00+00:00,11147.0,11700.0,10276.0,11070.0,56747.00561351
2018-01-27 00:00:00+00:00,11069.0,11689.0,10800.0,11458.0,34400.30046139
2018-01-28 00:00:00+00:00,11458.0,12190.0,11390.0,11828.0,29622.62450128
2018-01-29 00:00:00+00:00,11835.0,11975.0,11070.0,11217.81768538,25648.29835264
2018-01-30 00:00:00+00:00,11217.81768538,11250.0,9860.4,10171.0,61285.95988124
2018-01-31 00:00:00+00:00,10171.0,10414.0,9760.0,10267.0,43232.31052511
2018-02-01 00:00:00+00:00,10268.0,10336.0,8941.0,9181.0,78778.32009414
2018-02-02 00:00:00+00:00,9181.0,9213.0,7960.0,8890.9,123340.81540421
2018-02-03 00:00:00+00:00,8890.0,9499.0,8180.0,9225.06926588,51910.03301381
2018-02-04 00:00:00+00:00,9223.9,9410.0,7809.0,8185.2,74417.19860811
2018-02-05 00:00:00+00:00,8185.2,8380.0,6651.0,6946.6,131291.80006036
2018-02-06 00:00:00+00:00,6948.6,7880.0,6000.0,7678.8,192767.51589836
2018-02-07 00:00:00+00:00,7677.2,8488.9,7175.1,7586.9,106698.95836063
2018-02-08 00:00:00+00:00,7585.0,8648.9,7565.0,8239.7,77616.13731753
2018-02-09 00:00:00+00:00,8239.8,8750.0,7724.9,8678.1,63038.20332767
2018-02-10 00:00:00+00:00,8679.1,9074.9,8151.3,8563.0,68145.76424786
2018-02-11 00:00:00+00:00,8563.0,8570.0,7851.0,8069.3,52226.57572134
2018-02-12 00:00:00+00:00,8070.7,9000.0,8069.57681296,8902.9,51386.55107161
2018-02-13 00:00:00+00:00,8902.8,8952.9,8313.52192073,8511.6,39510.97625897
2018-02-14 00:00:00+00:00,8512.1,9489.0,8512.1,9455.5,50355.10445747
2018-02-15 00:00:00+00:00,9452.8,10176.0,9338.0,9996.0,67559.44509757
2018-02-16 00:00:00+00:00,9996.0,10271.0,9670.0,10162.0,43868.12020493
2018-02-17 00:00:00+00:00,10161.0,11084.0,10049.0,11062.0,52814.53068791
2018-02-18 00:00:00+00:00,11062.0,11250.0,10122.0,10400.0,69821.77417197
2018-02-19 00:00:00+00:00,10399.0,11250.0,10308.0,11172.0,50701.38956789
2018-02-20 00:00:00+00:00,11172.0,11788.0,11100.0,11211.0,60919.59904305
2018-02-21 00:00:00+00:00,11212.0,11239.0,10200.0,10450.0,76960.8730687
2018-02-22 00:00:00+00:00,10451.0,10915.0,9740.0,9826.5,71231.4916942
2018-02-23 00:00:00+00:00,9826.4,10395.0,9583.1,10144.0,59075.59463978
2018-02-24 00:00:00+00:00,10143.0,10500.0,9350.3,9666.3,55697.19406067
2018-02-25 00:00:00+00:00,9665.6,9840.0,9280.4,9583.0,30561.64547224
2018-02-26 00:00:00+00:00,9579.0,10439.0,9359.9,10320.0,45959.25163133
2018-02-27 00:00:00+00:00,10321.0,10888.0,10125.0,10582.0,39700.54163029
2018-02-28 00:00:00+00:00,10583.0,11065.0,10261.0,10315.0,43849.4721757
2018-03-01 00:00:00+00:00,10314.0,11095.0,10210.0,10908.0,33869.22445966
2018-03-02 00:00:00+00:00,10920.0,11189.0,10762.0,11024.0,28855.828629480002
2018-03-03 00:00:00+00:00,11025.0,11530.0,11025.0,11454.95955159,30650.73751883
2018-03-04 00:00:00+00:00,11454.0,11549.0,11050.0,11500.0,28076.33766207
2018-03-05 00:00:00+00:00,11500.0,11700.0,11356.0,11402.0,27673.45862513
2018-03-06 00:00:00+00:00,11402.0,11411.0,10567.0,10720.0,44204.34909731
2018-03-07 00:00:00+00:00,10719.0,10899.0,9400.0,9910.6,75229.1298207
2018-03-08 00:00:00+00:00,9910.5,10112.0,9025.0,9300.0,67737.89183319
2018-03-09 00:00:00+00:00,9300.0,9428.0,8342.0,9216.2,98209.14736199
2018-03-10 00:00:00+00:00,9216.1,9506.4,8670.9,8769.9,52532.10288514
2018-03-11 00:00:00+00:00,8772.5,9729.0,8428.0,9527.7,70479.03366867
2018-03-12 00:00:00+00:00,9525.9,9900.0,8770.0,9130.2,67584.63439057
2018-03-13 00:00:00+00:00,9130.2,9482.4,8822.0,9135.2,61535.84281184
2018-03-14 00:00:00+00:00,9136.0,9439.6,7916.0,8176.0,78853.59717725
2018-03-15 00:00:00+00:00,8175.6,8418.0,7665.1,8250.1,82546.4115633
2018-03-16 00:00:00+00:00,8249.5,8604.5,7902.0,8250.0,56404.93713158
2018-03-17 00:00:00+00:00,8250.0,8367.0,7728.1,7845.0,48918.44713816
2018-03-18 00:00:00+00:00,7838.6,8300.0,7240.0,8200.3,88941.82113808
2018-03-19 00:00:00+00:00,8200.3,8717.0,8085.7,8600.2,73251.92027749
2018-03-20 00:00:00+00:00,8600.2,9040.0,8305.1,8899.7,54284.58176604
2018-03-21 00:00:00+00:00,8899.8,9177.5,8752.0,8888.2,42887.78508745
2018-03-22 00:00:00+00:00,8888.3,9095.92211691,8450.0,8699.3,54388.37095067
2018-03-23 00:00:00+00:00,8697.5,8917.6,8271.1,8914.4,44941.30622512
2018-03-24 00:00:00+00:00,8917.2,9050.3,8460.0,8522.6,44193.74054593
2018-03-25 00:00:00+00:00,8521.6,8674.4,8364.8,8445.0,30645.03282707
2018-03-26 00:00:00+00:00,8445.1,8499.1,7835.9,8131.12312438,56392.58119403
2018-03-27 00:00:00+00:00,8134.0,8210.0,7716.6,7784.6,50399.25537628
2018-03-28 00:00:00+00:00,7784.7,8120.2,7702.1,7936.0,35076.69583199
2018-03-29 00:00:00+00:00,7936.1,7973.0,6883.0,7094.0,77417.33236497
2018-03-30 00:00:00+00:00,7094.0,7269.0,6533.0,6840.4,108209.35704737
2018-03-31 00:00:00+00:00,6840.4,7222.0,6780.06217933,6925.4,68024.05162901
2018-04-01 00:00:00+00:00,6925.3,7035.1,6425.1,6816.6,54925.64706135
2018-04-02 00:00:00+00:00,6816.7,7132.0,6769.4,7053.3,45018.58755877
2018-04-03 00:00:00+00:00,7053.4,7509.7,7019.9,7405.6,49859.14696603
2018-04-04 00:00:00+00:00,7405.6,7422.0,6670.0,6786.0,53718.82875797
2018-04-05 00:00:00+00:00,6785.9,6938.0,6564.9,6769.0,45852.05082436
2018-04-06 00:00:00+00:00,6770.4,6864.0,6500.2,6610.0,42142.63100791
2018-04-07 00:00:00+00:00,6610.3,7080.0,6599.9,6892.6,40604.30992209
2018-04-08 00:00:00+00:00,6892.62150518,7127.0,6883.0,7023.9,29326.29649253
2018-04-09 00:00:00+00:00,7023.9,7189.0,6611.0,6770.1,75966.61404985
2018-04-10 00:00:00+00:00,6770.1,6897.4,6650.0,6837.1,26152.80687197
2018-04-11 00:00:00+00:00,6836.1,7017.4,6794.0,6943.1,29543.21336051
2018-04-12 00:00:00+00:00,6943.1,8087.0,6753.0,7912.0,94578.84574316
2018-04-13 00:00:00+00:00,7911.9,8240.0,7739.1,7886.9,59903.05842061
2018-04-14 00:00:00+00:00,7889.2,8185.0,7820.5,8005.90324308,26520.47168413
2018-04-15 00:00:00+00:00,8007.13719858,8458.8,7997.2,8357.5,31903.36342454
2018-04-16 00:00:00+00:00,8357.4,8415.5,7900.3,8056.2,37557.99053678
2018-04-17 00:00:00+00:00,8056.2,8185.0,7823.0,7888.9,28238.53189988
2018-04-18 00:00:00+00:00,7888.9,8237.2,7870.5,8171.0,29561.23299016
2018-04-19 00:00:00+00:00,8172.7,8297.4,8032.2,8273.0,29215.2810937
2018-04-20 00:00:00+00:00,8273.6,8937.5,8219.0,8865.4,50910.48764688
2018-04-21 00:00:00+00:00,8863.3,9069.0,8616.0,8912.5,39569.36259725
2018-04-22 00:00:00+00:00,8912.4,9048.2,8751.08522139,8791.4,31444.63142715
2018-04-23 00:00:00+00:00,8791.4,9011.0,8769.0,8940.0,23257.40469698
2018-04-24 00:00:00+00:00,8940.3,9745.0,8929.9,9646.8,60351.4363934
2018-04-25 00:00:00+00:00,9646.9,9767.4,8765.1,8869.2,74563.78705265
2018-04-26 00:00:00+00:00,8867.4,9308.0,8652.2,9269.9,43219.8251838
2018-04-27 00:00:00+00:00,9268.9,9381.1,8888.6,8920.1,30153.53624396
2018-04-28 00:00:00+00:00,8920.1,9500.0,8750.0,9345.7,45082.68295707
2018-04-29 00:00:00+00:00,9345.3,9565.1,9180.0,9400.0,27317.18897012
2018-04-30 00:00:00+00:00,9400.0,9450.0,9100.0,9240.6,23272.44121328
2018-05-01 00:00:00+00:00,9240.6,9247.3,8817.97469512,9068.2,25618.29910968
2018-05-02 00:00:00+00:00,9071.3,9279.9,8968.3,9236.4,20183.06924246
2018-05-03 00:00:00+00:00,9236.4,9875.0,9161.0,9759.0,36486.07108191
2018-05-04 00:00:00+00:00,9759.0,9848.0,9542.5,9703.0,24541.75830006
2018-05-05 00:00:00+00:00,9703.0,9990.0,9685.0,9861.2,29515.17033612
2018-05-06 00:00:00+00:00,9861.3,9964.0,9454.0,9658.7,26926.62708883
2018-05-07 00:00:00+00:00,9658.6,9677.9,9182.7,9370.0,25777.51751859
2018-05-08 00:00:00+00:00,9370.0,9471.0,9045.3,9184.7,25856.47976709
2018-05-09 00:00:00+00:00,9184.8,9375.8,8980.0,9318.2,22806.838093630002
2018-05-10 00:00:00+00:00,9318.2,9393.9,9003.0,9018.0,23656.32064121
2018-05-11 00:00:00+00:00,9018.0,9018.1,8333.8,8412.4,54491.37206262
2018-05-12 00:00:00+00:00,8412.4,8631.7,8204.40576219,8470.8,36656.11285429
2018-05-13 00:00:00+00:00,8471.4,8760.0,8318.3,8683.6,22901.02790398
2018-05-14 00:00:00+00:00,8683.5,8884.5,8271.0,8670.8,37154.66777466
2018-05-15 00:00:00+00:00,8670.8,8855.7,8415.0,8467.5,26208.30282469
2018-05-16 00:00:00+00:00,8468.3,8492.7,8100.0,8336.1,32761.81738899
2018-05-17 00:00:00+00:00,8336.0,8482.2,7982.5,8054.3,25198.75333045
2018-05-18 00:00:00+00:00,8054.8,8277.2,7925.0,8238.9,23441.86359754
2018-05-19 00:00:00+00:00,8239.0,8468.0,8140.2,8231.0,14145.51584136
2018-05-20 00:00:00+00:00,8230.9,8597.9,8171.5,8523.7,15500.06161263
2018-05-21 00:00:00+00:00,8523.7,8644.0,8309.1,8399.6,17243.42785131
2018-05-22 00:00:00+00:00,8393.4,8408.28483299,7943.3,7977.85004461,20533.75166684
2018-05-23 00:00:00+00:00,7977.5,8020.0,7402.7,7494.8,41682.56642389
2018-05-24 00:00:00+00:00,7494.75035778,7729.83193573,7260.0,7576.7,38874.00093748
2018-05-25 00:00:00+00:00,7576.7,7654.1,7318.2,7456.7,25874.77784019
2018-05-26 00:00:00+00:00,7457.0,7624.1,7281.0,7327.7,13810.01732345
2018-05-27 00:00:00+00:00,7328.3,7425.4,7211.1,7339.7,16174.92718596
2018-05-28 00:00:00+00:00,7339.6,7437.7,7062.3,7097.9,26677.86919628
2018-05-29 00:00:00+00:00,7097.8,7536.0,7040.0,7465.2,27898.86827943
2018-05-30 00:00:00+00:00,7465.3,7560.0,7270.5,7375.12085307,22083.1286555
2018-05-31 00:00:00+00:00,7375.2,7599.7,7338.0,7485.8,19464.90994361
2018-06-01 00:00:00+00:00,7485.9,7599.8,7329.18847938,7521.0,19041.11552011
2018-06-02 00:00:00+00:00,7521.1,7698.8,7441.5,7638.1,17363.61246282
2018-06-03 00:00:00+00:00,7638.0,7779.0,7600.0,7718.0,13796.12597233
2018-06-04 00:00:00+00:00,7718.1,7764.0,7451.1,7488.3,18132.68188151
2018-06-05 00:00:00+00:00,7488.4,7675.0,7372.0,7621.9,16741.56378202
2018-06-06 00:00:00+00:00,7622.2,7700.0,7491.7,7654.0,18269.76321759
2018-06-07 00:00:00+00:00,7654.0,7756.3,7624.7,7688.9,11037.50621419
2018-06-08 00:00:00+00:00,7689.0,7697.0,7543.6,7615.1,12198.64324961
2018-06-09 00:00:00+00:00,7615.2,7685.0,7450.0,7498.5,7242.26022178
2018-06-10 00:00:00+00:00,7498.5,7498.6,6618.9,6758.0,57822.89152512
2018-06-11 00:00:00+00:00,6757.9,6899.0,6629.7,6873.3,22377.74129318
2018-06-12 00:00:00+00:00,6873.4,6873.4,6436.1,6543.9,32008.31280289
2018-06-13 00:00:00+00:00,6543.9,6611.7,6107.87718467,6295.1,45577.5818617
2018-06-14 00:00:00+00:00,6295.0,6736.52103872,6269.5,6633.7,33064.78236384
2018-06-15 00:00:00+00:00,6633.8,6659.0,6300.2,6385.0,21286.50090833
2018-06-16 00:00:00+00:00,6386.0,6559.7,6330.0,6485.9,13697.17619407
2018-06-17 00:00:00+00:00,6489.0,6573.0,6424.8,6438.4,9441.01666592
2018-06-18 00:00:00+00:00,6443.0,6849.7,6370.76958739,6709.2,26388.77690252
2018-06-19 00:00:00+00:00,6709.2,6848.2,6655.0,6735.5,17375.77019893
2018-06-20 00:00:00+00:00,6734.8,6825.0,6560.0,6760.4,18710.81266634
2018-06-21 00:00:00+00:00,6760.4,6788.8,6679.3,6715.2,10651.51052388
2018-06-22 00:00:00+00:00,6715.2,6731.0,5910.8,6042.6,55250.23591312
2018-06-23 00:00:00+00:00,6042.6,6259.0,6013.0,6151.92764906,20704.40327842
2018-06-24 00:00:00+00:00,6152.0,6249.7,5755.0,6148.0390596,45503.78957212
2018-06-25 00:00:00+00:00,6148.1,6341.0,6068.5,6246.6,27914.04128798
2018-06-26 00:00:00+00:00,6249.1,6280.8,6050.2,6073.4,18843.10466423
2018-06-27 00:00:00+00:00,6073.4,6192.7,5984.9,6133.08668215,18270.22724176
2018-06-28 00:00:00+00:00,6133.08668215,6170.9,5822.3,5848.1,17949.126096
2018-06-29 00:00:00+00:00,5850.0,6302.0,5780.0,6208.1,33933.19090224
2018-06-30 00:00:00+00:00,6208.2,6545.5,6195.2,6391.5,23879.20965955
2018-07-01 00:00:00+00:00,6391.6,6439.9,6260.0,6349.7,11380.24355273
2018-07-02 00:00:00+00:00,6349.3,6681.2,6275.0,6617.6,26915.25482506
2018-07-03 00:00:00+00:00,6617.2,6675.2,6470.5,6509.0,17272.5256209
2018-07-04 00:00:00+00:00,6509.3,6784.9,6414.1,6590.0,22494.26066353
2018-07-05 00:00:00+00:00,6589.9,6704.7,6423.4,6531.3,23150.04261631
2018-07-06 00:00:00+00:00,6532.4,6641.78437543,6451.9,6602.2,14951.20398901
2018-07-07 00:00:00+00:00,6602.2,6839.4,6511.0,6761.8,15296.13130813
2018-07-08 00:00:00+00:00,6761.7,6801.9,6666.1,6707.0,13709.87022745
2018-07-09 00:00:00+00:00,6707.0,6820.0,6616.6,6666.9,16304.25057021
2018-07-10 00:00:00+00:00,6667.0,6685.8,6260.1,6301.8,28022.17128845
2018-07-11 00:00:00+00:00,6301.8,6407.9,6286.3,6377.8,16406.84890675
2018-07-12 00:00:00+00:00,6377.7,6377.7,6079.9,6249.0,24995.95419557
2018-07-13 00:00:00+00:00,6249.0,6339.9,6125.0,6220.0,20085.52601281
2018-07-14 00:00:00+00:00,6219.7,6320.0,6179.2,6250.0,8904.96079449
2018-07-15 00:00:00+00:00,6250.0,6389.0,6230.3,6347.2,10997.92007258
2018-07-16 00:00:00+00:00,6347.2,6750.0,6327.1,6729.2,31001.88370638
2018-07-17 00:00:00+00:00,6729.2,7483.9,6666.0,7319.8,48125.1686294
2018-07-18 00:00:00+00:00,7319.8,7588.0,7246.5,7379.4,39618.93100468
2018-07-19 00:00:00+00:00,7379.7,7560.0,7281.4,7473.5,22194.1907799
2018-07-20 00:00:00+00:00,7473.5,7685.2,7273.1,7333.1,32744.68094293
2018-07-21 00:00:00+00:00,7333.1,7459.0,7221.0,7403.4,11412.43123891
2018-07-22 00:00:00+00:00,7403.3,7575.0,7329.1,7397.6,17184.04306544
2018-07-23 00:00:00+00:00,7398.7,7820.0,7374.0,7719.8,47519.83553537
2018-07-24 00:00:00+00:00,7718.9,8506.7,7690.0,8390.0,64736.6298672
2018-07-25 00:00:00+00:00,8389.9,8488.1,8073.0,8178.4,36972.15077733
2018-07-26 00:00:00+00:00,8175.6,8323.1,7869.6,7939.0,32809.57622714
2018-07-27 00:00:00+00:00,7939.0,8291.0,7815.08505617,8188.0,34223.94888331
2018-07-28 00:00:00+00:00,8187.9,8262.0,8055.0,8235.6,13681.6212255
2018-07-29 00:00:00+00:00,8235.7,8313.3,8123.0,8221.0,10190.34115538
2018-07-30 00:00:00+00:00,8220.1,8301.7283857,7861.2,8179.5,37580.30736231
2018-07-31 00:00:00+00:00,8178.9,8178.9,7664.8977045,7731.3,43560.67997661
2018-08-01 00:00:00+00:00,7737.9,7756.1,7440.2,7606.0,30739.38633855
2018-08-02 00:00:00+00:00,7606.6,7713.0,7450.0,7535.2,17747.41208629
2018-08-03 00:00:00+00:00,7533.3,7533.3,7282.1,7420.0,30882.54226465
2018-08-04 00:00:00+00:00,7420.3,7492.2,6928.8,7013.21565493,31717.81919556
2018-08-05 00:00:00+00:00,7013.21567835,7090.0,6890.0,7025.8,17680.66564559
2018-08-06 00:00:00+00:00,7025.2,7153.6,6847.0,6941.2,18120.47113438
2018-08-07 00:00:00+00:00,6941.3,7150.0,6677.0,6718.8,32246.21704777
2018-08-08 00:00:00+00:00,6718.7,6720.1,6128.2,6280.7,53882.16435117
2018-08-09 00:00:00+00:00,6280.7,6628.0,6183.0,6533.6,33388.96116206
2018-08-10 00:00:00+00:00,6533.6,6573.8,6010.0,6146.7,43498.80326315
2018-08-11 00:00:00+00:00,6147.1,6499.5,6008.1,6233.1,37125.25317464
2018-08-12 00:00:00+00:00,6233.1,6499.0,6162.0,6313.9,23052.41984224
2018-08-13 00:00:00+00:00,6313.9,6548.3,6137.6,6251.9,32330.83409617
2018-08-14 00:00:00+00:00,6251.9,6251.9,5858.6,6189.0,52699.45449514
2018-08-15 00:00:00+00:00,6189.0,6647.6,6180.00532947,6270.2,66221.75457258
2018-08-16 00:00:00+00:00,6270.2,6476.7,6212.9,6315.6,25144.38523021
2018-08-17 00:00:00+00:00,6314.6,6592.9,6290.0,6584.04649746,26770.07872818
2018-08-18 00:00:00+00:00,6585.9,6619.5,6300.0,6391.2,19731.247824860002
2018-08-19 00:00:00+00:00,6391.1,6550.3,6309.3,6485.1,15354.06077899
2018-08-20 00:00:00+00:00,6485.1,6524.0,6230.0,6255.9,31723.09333823
2018-08-21 00:00:00+00:00,6255.9,6526.2,6245.0,6479.1,29502.96302149
2018-08-22 00:00:00+00:00,6480.6,6899.0,6250.3,6363.8,58965.95637272
2018-08-23 00:00:00+00:00,6363.8,6566.63554152,6350.0,6527.2,19945.67148007
2018-08-24 00:00:00+00:00,6527.2,6728.6,6451.0,6693.6,20203.72476298
2018-08-25 00:00:00+00:00,6693.3,6799.7,6670.0,6732.9,16877.246823640002
2018-08-26 00:00:00+00:00,6733.0,6789.0,6557.0,6707.0,16762.38073037
2018-08-27 00:00:00+00:00,6707.0,6942.2,6652.7,6909.4,24210.36747249
2018-08-28 00:00:00+00:00,6909.5,7127.9,6872.0,7079.9,30066.23846971
2018-08-29 00:00:00+00:00,7079.7,7139.4,6924.26926081,7039.0,19976.74975784
2018-08-30 00:00:00+00:00,7039.0020077,7060.0,6802.1,6986.0,24594.18385269
2018-08-31 00:00:00+00:00,6986.1,7100.0,6881.6,7014.6,19124.18541091
2018-09-01 00:00:00+00:00,7013.5,7269.9,7011.3,7197.4,21397.10480916
2018-09-02 00:00:00+00:00,7197.5,7429.2,7135.3,7300.0,44681.53808284
2018-09-03 00:00:00+00:00,7300.1,7369.0,7200.0,7267.8,22308.27099887
2018-09-04 00:00:00+00:00,7267.6,7415.4,7246.2,7358.9,20838.9735275
2018-09-05 00:00:00+00:00,7358.9,7404.0,6700.0,6704.0,55776.25998054
2018-09-06 00:00:00+00:00,6704.0,6731.3,6302.2,6516.1,53002.51715838
2018-09-07 00:00:00+00:00,6516.0,6549.5,6322.8,6397.0,20748.83818417
2018-09-08 00:00:00+00:00,6397.0,6475.5,6119.5,6184.944416,21852.7537752
2018-09-09 00:00:00+00:00,6185.0,6458.9,6140.5,6239.9,16462.59491812
2018-09-10 00:00:00+00:00,6240.0,6373.6771888,6219.0,6314.9,14490.24858972
2018-09-11 00:00:00+00:00,6314.9,6399.6,6170.0,6290.9,16610.20964301
2018-09-12 00:00:00+00:00,6292.3,6355.0,6202.8,6332.41672182,16194.122673240001
2018-09-13 00:00:00+00:00,6334.2,6528.4,6333.4,6489.0,19246.7465317
2018-09-14 00:00:00+00:00,6489.1,6596.5,6355.2,6480.1,16375.39628121
2018-09-15 00:00:00+00:00,6480.2,6572.2,6465.6,6512.8,8359.64217691
2018-09-16 00:00:00+00:00,6512.8,6520.6,6370.2,6498.4,8728.54934508
2018-09-17 00:00:00+00:00,6498.5,6543.3,6202.8,6252.0,23545.71896513
2018-09-18 00:00:00+00:00,6251.9,6384.0,6228.1,6335.4,16082.08007503
2018-09-19 00:00:00+00:00,6334.5,6549.9,6100.0,6390.9,29900.60492905
2018-09-20 00:00:00+00:00,6392.7,6584.0,6340.0,6493.9074816,16688.38643048
2018-09-21 00:00:00+00:00,6493.94240058,6790.5,6473.8,6762.1,36993.67158762
2018-09-22 00:00:00+00:00,6761.8,6840.9,6502.2,6723.0,18261.03841301
2018-09-23 00:00:00+00:00,6723.1,6785.9,6661.5,6710.0,8513.9874463
2018-09-24 00:00:00+00:00,6710.03023581,6721.7,6555.0,6585.1,17766.50651821
2018-09-25 00:00:00+00:00,6585.0,6585.1,6328.0,6442.8,20238.00132181
2018-09-26 00:00:00+00:00,6442.70984901,6558.0,6382.5,6462.4,13811.66757362
2018-09-27 00:00:00+00:00,6462.3,6745.0,6436.7,6691.2,18368.03319086
2018-09-28 00:00:00+00:00,6691.4,6826.41966538,6541.9,6635.2,27892.96665576
2018-09-29 00:00:00+00:00,6635.1,6635.1,6454.2,6597.3,17305.62689609
2018-09-30 00:00:00+00:00,6597.2,6662.8,6529.6,6622.4,8494.15367217
2018-10-01 00:00:00+00:00,6622.3,6660.0,6500.0,6601.9,10358.01159668
2018-10-02 00:00:00+00:00,6602.0,6644.7,6467.9,6527.5,12037.34795378
2018-10-03 00:00:00+00:00,6530.1,6555.1,6424.6,6503.2,14574.47382217
2018-10-04 00:00:00+00:00,6503.1,6648.8,6495.2,6590.4,11474.39056433
2018-10-05 00:00:00+00:00,6591.1,6741.4366438,6506.6,6639.9,12447.96376063
2018-10-06 00:00:00+00:00,6639.9,6648.2,6563.7,6595.2,5805.93011072
2018-10-07 00:00:00+00:00,6595.1,6640.4,6525.0,6609.4,5815.84752757
2018-10-08 00:00:00+00:00,6609.4,6730.0,6585.9,6673.2,12698.95429863
2018-10-09 00:00:00+00:00,6673.3,6682.0,6605.0,6663.0,8062.04705402
2018-10-10 00:00:00+00:00,6663.0,6663.1,6513.52952635,6630.07445752,13830.60692353
2018-10-11 00:00:00+00:00,6630.0,6630.07445752,6220.4,6251.9,41613.89121917
2018-10-12 00:00:00+00:00,6251.9,6353.4,6220.3,6291.9,10404.9017863
2018-10-13 00:00:00+00:00,6292.0,6333.7,6280.3,6326.5,5818.15127352
2018-10-14 00:00:00+00:00,6326.4,6399.3,6302.5,6336.4,11230.37375956
2018-10-15 00:00:00+00:00,6336.4,7788.0,6294.6,6742.0,85004.09013966
2018-10-16 00:00:00+00:00,6742.0,6897.6,6669.1,6754.2,15664.78024732
2018-10-17 00:00:00+00:00,6754.2,6794.0,6674.3,6736.0,8881.72240553
2018-10-18 00:00:00+00:00,6735.6,6779.9,6566.7,6613.2,12537.27772909
2018-10-19 00:00:00+00:00,6613.3,6639.5,6518.2,6525.1,11238.91666536
2018-10-20 00:00:00+00:00,6524.3,6611.0,6511.0,6581.5,4647.7118996
2018-10-21 00:00:00+00:00,6586.7,6660.8,6581.2,6590.9,4419.77909688
2018-10-22 00:00:00+00:00,6590.053594,6627.9,6535.1,6567.3,6072.66381619
2018-10-23 00:00:00+00:00,6567.3,6591.6,6525.3,6550.0,8864.25252889
2018-10-24 00:00:00+00:00,6550.0,6626.3,6536.0,6554.1,8522.94129783
2018-10-25 00:00:00+00:00,6554.09671891,6568.7,6462.9,6528.0,8712.49773075
2018-10-26 00:00:00+00:00,6528.1,6597.4,6511.0,6531.47722621,7424.57685252
2018-10-27 00:00:00+00:00,6531.5,6560.0,6476.9,6500.2,6970.88364137
2018-10-28 00:00:00+00:00,6500.1,6513.88357334,6451.0,6490.1,6843.47914282
2018-10-29 00:00:00+00:00,6490.17717293,6512.0,6320.8,6346.5,19574.109039080002
2018-10-30 00:00:00+00:00,6346.5706824,6383.6,6302.0,6330.1,10740.01514596
2018-10-31 00:00:00+00:00,6330.1,6419.8,6242.1,6368.3871592,9959.01651063
2018-11-01 00:00:00+00:00,6368.4,6443.9,6352.90247884,6406.1,9158.8072002
2018-11-02 00:00:00+00:00,6406.2,6456.1,6389.9,6427.0,8076.8256268
2018-11-03 00:00:00+00:00,6427.0,6432.4,6323.0,6389.1,11439.56311664
2018-11-04 00:00:00+00:00,6389.2,6529.4,6357.9,6491.7,8995.17774531
2018-11-05 00:00:00+00:00,6491.8,6500.6,6435.3,6470.2,4814.66368565
2018-11-06 00:00:00+00:00,6470.10159871,6527.7,6447.4,6522.2,7316.03711808
2018-11-07 00:00:00+00:00,6520.1,6615.0,6511.0,6572.9,10726.80109009
2018-11-08 00:00:00+00:00,6573.0,6585.0,6460.0,6475.3,11620.28919248
2018-11-09 00:00:00+00:00,6479.5,6504.4,6385.0,6418.7,10457.6712687
2018-11-10 00:00:00+00:00,6418.6,6469.3,6414.4,6431.1,3253.04931152
2018-11-11 00:00:00+00:00,6431.1,6459.9,6357.8,6447.9,7342.79990858
2018-11-12 00:00:00+00:00,6448.0,6481.0,6418.8,6446.9,7299.40396274
2018-11-13 00:00:00+00:00,6446.99331314,6501.1,6397.1,6459.0694273,10131.99635021
2018-11-14 00:00:00+00:00,6459.0694273,6485.8,5678.0,5922.4,69298.52905989
2018-11-15 00:00:00+00:00,5922.31371947,5940.0,5432.0,5749.6,49912.96671128
2018-11-16 00:00:00+00:00,5749.6,5777.5,5530.92446993,5655.7,18454.63552446
2018-11-17 00:00:00+00:00,5655.7,5661.1,5569.1,5628.3,7999.3839047
2018-11-18 00:00:00+00:00,5626.7,5745.6,5620.9,5659.5,9551.96875045
2018-11-19 00:00:00+00:00,5659.5,5659.5,4855.0,4920.7,74205.93797092
2018-11-20 00:00:00+00:00,4920.7,5056.26569276,4303.5,4571.0,117312.44063274
2018-11-21 00:00:00+00:00,4570.9,4787.3,4412.3,4662.7,44377.02039069
2018-11-22 00:00:00+00:00,4664.7,4723.7,4342.1,4369.6,28885.33565437
2018-11-23 00:00:00+00:00,4370.7,4495.0,4210.0,4422.7,36101.64169775
2018-11-24 00:00:00+00:00,4422.8,4529.0,3819.4,3929.9,51143.02495781
2018-11-25 00:00:00+00:00,3928.4,4233.2,3657.6,4089.1,82180.1499526
2018-11-26 00:00:00+00:00,4086.5,4207.1,3695.5,3864.1,64117.27258253
2018-11-27 00:00:00+00:00,3863.9,3959.40864054,3684.1,3882.7,46272.69825637
2018-11-28 00:00:00+00:00,3883.4,4447.6,3882.9,4305.0,65259.12625498
2018-11-29 00:00:00+00:00,4305.0,4488.0,4167.2,4321.9,41125.26147183
2018-11-30 00:00:00+00:00,4323.3,4368.8,3950.0,4039.5,42453.78265813
2018-12-01 00:00:00+00:00,4038.5,4340.0,3964.5,4241.3,27504.18001921
2018-12-02 00:00:00+00:00,4241.35765523,4369.8,4113.0,4173.0,24479.40365474
2018-12-03 00:00:00+00:00,4172.9457484,4189.8,3830.1,3901.2,36855.83412366
2018-12-04 00:00:00+00:00,3903.0,4135.9,3785.5,3981.9,33692.11082713
2018-12-05 00:00:00+00:00,3982.2,4000.77105811,3750.0,3772.9,28429.76217334
2018-12-06 00:00:00+00:00,3771.4,3922.7,3503.0,3531.0,58288.29511648
2018-12-07 00:00:00+00:00,3531.0,3630.0,3277.6,3460.0,74094.33395142
2018-12-08 00:00:00+00:00,3460.1,3800.1,3316.1,3506.0,39086.81725527
2018-12-09 00:00:00+00:00,3506.0,3789.0,3465.4,3642.3,25081.11312013
2018-12-10 00:00:00+00:00,3642.1,3709.7,3475.8,3523.0,22610.48019075
2018-12-11 00:00:00+00:00,3523.2,3551.5,3381.8,3435.2813778,24048.15052396
2018-12-12 00:00:00+00:00,3435.2,3617.4,3415.0,3535.6,20930.78079168
2018-12-13 00:00:00+00:00,3535.7,3547.1,3317.0,3354.3,22248.78627842
2018-12-14 00:00:00+00:00,3354.3,3395.2,3224.0,3281.7,28559.12702574
2018-12-15 00:00:00+00:00,3281.7,3324.2,3215.2,3283.4,17889.93798464
2018-12-16 00:00:00+00:00,3282.3,3383.0,3276.2,3301.5,19106.50200439
2018-12-17 00:00:00+00:00,3300.1,3744.8,3280.0,3625.0,35727.82574485
2018-12-18 00:00:00+00:00,3623.9,3799.9,3546.9,3780.8,29430.99808194
2018-12-19 00:00:00+00:00,3780.7,4043.0,3756.0,3810.0,55272.47553144
2018-12-20 00:00:00+00:00,3810.0,4299.0,3780.1,4214.5,65871.46861935
2018-12-21 00:00:00+00:00,4214.5,4300.0,3902.0,3976.0,43526.8235756
2018-12-22 00:00:00+00:00,3976.2,4166.0,3919.3,4135.0,19530.57495368
2018-12-23 00:00:00+00:00,4135.1,4216.0,4033.0,4071.7,24473.41822204
2018-12-24 00:00:00+00:00,4072.6,4384.0,4069.0,4140.7,38002.89161712
2018-12-25 00:00:00+00:00,4140.7,4155.0,3812.1,3909.7,33727.40475193
2018-12-26 00:00:00+00:00,3909.6,3990.0,3812.1,3930.0,19130.7744517
2018-12-27 00:00:00+00:00,3930.0,3968.8,3686.0,3712.0,23614.3245731
2018-12-28 00:00:00+00:00,3714.1,4095.0,3696.3,4036.7,26917.8670826
2018-12-29 00:00:00+00:00,4036.8,4099.7,3859.3,3894.0,18707.06449848
2018-12-30 00:00:00+00:00,3893.9,4003.8,3838.9,3977.3,17733.65093712
2018-12-31 00:00:00+00:00,3978.5,3986.9,3771.0,3830.5,15793.32422087
2019-01-01 00:00:00+00:00,3832.6286242,3987.0,3788.1,3963.1,13848.34675163
2019-01-02 00:00:00+00:00,3963.0,4083.470676,3917.9,4048.8,19437.7279894
2019-01-03 00:00:00+00:00,4049.0,4056.64433109,3875.1,3924.3,10748.08371228
2019-01-04 00:00:00+00:00,3923.2,3986.0,3850.1,3954.9,13228.66046469
2019-01-05 00:00:00+00:00,3954.9,4014.9,3901.0,3911.9,14873.96222452
2019-01-06 00:00:00+00:00,3911.8,4218.0,3887.5,4168.4,25179.73225654
2019-01-07 00:00:00+00:00,4169.2,4197.0,4044.9,4113.9,11253.19772953
2019-01-08 00:00:00+00:00,4113.9,4215.8,4056.0,4100.0,18726.5284933
2019-01-09 00:00:00+00:00,4100.0,4168.9,4010.0,4083.3,20629.09743813
2019-01-10 00:00:00+00:00,4083.3,4143.3,3687.2,3712.8,35020.069459
2019-01-11 00:00:00+00:00,3712.8,3777.8,3666.6,3714.8,13129.89632289
2019-01-12 00:00:00+00:00,3715.4,3734.0,3666.6,3702.0,9295.71358201
2019-01-13 00:00:00+00:00,3702.0,3729.0,3570.0,3591.0,12590.77346096
2019-01-14 00:00:00+00:00,3590.9,3799.4,3580.0,3749.3,14836.12276868
2019-01-15 00:00:00+00:00,3749.3,3780.87473393,3623.1,3654.3,13323.05379345
2019-01-16 00:00:00+00:00,3653.3,3759.89484429,3642.3589356,3673.6,13227.45774956
2019-01-17 00:00:00+00:00,3675.4,3725.0,3606.2,3722.5,10869.94619333
2019-01-18 00:00:00+00:00,3722.5,3723.9,3652.38836809,3675.7,5656.10881239
2019-01-19 00:00:00+00:00,3675.7,3882.0,3673.9,3762.3,13391.46766526
2019-01-20 00:00:00+00:00,3762.9,3796.9,3543.0,3586.1,20626.51085872
2019-01-21 00:00:00+00:00,3586.1,3620.1,3548.3,3579.4,10813.62088037
2019-01-22 00:00:00+00:00,3579.4,3682.14145688,3462.0,3639.1,18083.69897146
2019-01-23 00:00:00+00:00,3639.1,3677.0,3591.2,3622.3,7971.47952346
2019-01-24 00:00:00+00:00,3621.3,3671.4,3589.45182488,3652.70510422,7867.68982879
2019-01-25 00:00:00+00:00,3652.8,3663.5,3580.0,3628.9,7377.5780389
2019-01-26 00:00:00+00:00,3628.9,3750.0,3622.9,3631.2,13005.57137831
2019-01-27 00:00:00+00:00,3631.2,3645.7,3541.0,3597.1,11448.5096157
2019-01-28 00:00:00+00:00,3597.1,3597.9,3445.3,3501.88592973,17023.73763896
2019-01-29 00:00:00+00:00,3501.1,3517.5,3422.0,3477.9,10466.25750145
2019-01-30 00:00:00+00:00,3478.0,3550.0,3451.2,3529.6,12580.21003153
2019-01-31 00:00:00+00:00,3529.7,3574.80983774,3482.0,3503.8,8572.2863711
2019-02-01 00:00:00+00:00,3503.8,3559.0,3460.0,3534.7705232,10041.09893455
2019-02-02 00:00:00+00:00,3534.9,3581.0,3498.75973167,3564.2,10889.80625456
2019-02-03 00:00:00+00:00,3564.3,3566.8,3470.1,3501.73867085,7874.5480983
2019-02-04 00:00:00+00:00,3501.73867085,3522.7,3475.3,3490.4687417,5213.21623762
2019-02-05 00:00:00+00:00,3490.4687417,3517.5,3475.1,3513.0,4590.39905608
2019-02-06 00:00:00+00:00,3513.20366088,3520.99742772,3405.32458599,3451.9,13172.09035179
2019-02-07 00:00:00+00:00,3451.9,3462.3,3417.1,3438.4,4815.21186134
2019-02-08 00:00:00+00:00,3438.4,3800.0,3425.3,3724.0,31163.47741733
2019-02-09 00:00:00+00:00,3724.1,3740.0,3685.7,3718.3,6552.23606375
2019-02-10 00:00:00+00:00,3718.4,3753.5,3661.0,3747.7,10041.31858707
2019-02-11 00:00:00+00:00,3747.7,3750.0,3672.0,3681.08053546,7797.03223491
2019-02-12 00:00:00+00:00,3681.0,3728.0,3645.0,3694.2,11337.37699122
2019-02-13 00:00:00+00:00,3694.1,3742.39039255,3631.0,3666.1,11761.18194993
2019-02-14 00:00:00+00:00,3666.05085673,3682.87483504,3640.0,3656.7,7532.91144799
2019-02-15 00:00:00+00:00,3656.7,3719.0,3642.8,3670.1,7806.98811909
2019-02-16 00:00:00+00:00,3670.0,3726.7,3664.0,3676.44566949,7515.70483955
2019-02-17 00:00:00+00:00,3676.44566949,3790.0,3655.0,3735.5,14075.68111925
2019-02-18 00:00:00+00:00,3735.5,4021.0,3723.6,3978.1,37616.38136373
2019-02-19 00:00:00+00:00,3977.4,4083.5,3936.0,3989.9,24303.19229648
2019-02-20 00:00:00+00:00,3989.8,4070.0,3963.0,4055.0,15256.90732287
2019-02-21 00:00:00+00:00,4055.0,4145.0,3918.5,4008.8,15483.04516107
2019-02-22 00:00:00+00:00,4009.6,4074.0,3987.5,4058.3,14206.28026416
2019-02-23 00:00:00+00:00,4058.3,4255.0,4013.8,4212.2,21530.96570761
2019-02-24 00:00:00+00:00,4212.2,4282.4,3812.0,3831.3,36095.05016405
2019-02-25 00:00:00+00:00,3831.4,3966.5,3830.0,3921.8,10406.15612118
2019-02-26 00:00:00+00:00,3921.7,3934.1,3862.8,3896.8,5112.69969848
2019-02-27 00:00:00+00:00,3896.8,3934.0,3761.2,3900.1,12033.32506018
2019-02-28 00:00:00+00:00,3899.9,3988.0,3875.0,3894.0,12096.66631299
2019-03-01 00:00:00+00:00,3893.1,3949.0,3893.0,3914.0,4758.42170141
2019-03-02 00:00:00+00:00,3913.7,3924.0,3838.89411809,3913.0,5114.60897238
2019-03-03 00:00:00+00:00,3913.0,3925.0,3855.0,3885.0,2877.99800951
2019-03-04 00:00:00+00:00,3884.9,3911.1,3767.0,3800.3,10185.49022998
2019-03-05 00:00:00+00:00,3800.1,3968.7,3786.1,3951.6,10796.72638702
2019-03-06 00:00:00+00:00,3951.6,3986.5,3910.9,3951.4,6590.84499627
2019-03-07 00:00:00+00:00,3951.5,3997.4,3933.32843157,3964.4,7640.46908769
2019-03-08 00:00:00+00:00,3964.4,4021.0,3850.0,3940.5,9360.44906454
2019-03-09 00:00:00+00:00,3940.5,4046.2,3933.9,4017.33129524,7381.72010915
2019-03-10 00:00:00+00:00,4017.2,4017.2,3959.4479162,4000.0,4674.11237098
2019-03-11 00:00:00+00:00,3998.6,4009.2,3920.1,3949.1,6609.55860023
2019-03-12 00:00:00+00:00,3949.3,3979.5,3895.2,3954.1,7625.99903409
2019-03-13 00:00:00+00:00,3954.1,3972.6,3925.1,3946.2,5531.00602251
2019-03-14 00:00:00+00:00,3945.5,4004.0,3869.3,3948.3,8303.48813976
2019-03-15 00:00:00+00:00,3948.7,4011.0,3948.4,4003.2,6737.58548732
2019-03-16 00:00:00+00:00,4003.2,4166.8,4003.1,4088.0382664,13944.79260524
2019-03-17 00:00:00+00:00,4088.1,4089.8,4041.1,4068.9,3392.82321589
2019-03-18 00:00:00+00:00,4068.9,4120.0,4034.02380303,4073.7,3679.86716697
2019-03-19 00:00:00+00:00,4073.7,4120.0,4055.15050072,4104.59328854,5548.93072968
2019-03-20 00:00:00+00:00,4104.5,4136.5,4072.7,4127.16189623,7817.30146944
2019-03-21 00:00:00+00:00,4127.16189623,4146.9,4004.0,4044.8,11825.08244491
2019-03-22 00:00:00+00:00,4044.9,4070.6,4034.9,4045.2,4835.95805668
2019-03-23 00:00:00+00:00,4045.14604641,4084.0,4028.4,4063.2,4367.96676293
2019-03-24 00:00:00+00:00,4063.1,4063.1,4011.0,4041.4,3364.27047312
2019-03-25 00:00:00+00:00,4041.4,4049.9,3939.0,3970.0,6717.13981601
2019-03-26 00:00:00+00:00,3970.0,3996.0,3943.8,3992.7,5092.13989196
2019-03-27 00:00:00+00:00,3992.7,4109.9,3979.3,4102.5,7933.53295978
2019-03-28 00:00:00+00:00,4102.6,4114.4,4064.0,4092.56783507,6215.26892752
2019-03-29 00:00:00+00:00,4092.56783507,4197.2,4082.3,4179.0,8647.40072507
2019-03-30 00:00:00+00:00,4179.1,4210.0,4112.0,4165.10362609,6635.07409196
2019-03-31 00:00:00+00:00,4165.10362609,4182.9,4152.8,4167.5,2271.73949652
2019-04-01 00:00:00+00:00,4167.5,4224.6,4124.0,4196.80421298,7005.66186408
2019-04-02 00:00:00+00:00,4196.9,5106.9060781,4187.4,4922.1,54148.25888931
2019-04-03 00:00:00+00:00,4922.2,5335.5,4842.2,4978.0,44293.02019615
2019-04-04 00:00:00+00:00,4977.9,5100.0,4834.0032346,4938.9,15415.82950616
2019-04-05 00:00:00+00:00,4939.3,5132.5,4929.5,5083.0,11362.75487465
2019-04-06 00:00:00+00:00,5084.0,5280.0,4960.2,5091.1,14204.21807948
2019-04-07 00:00:00+00:00,5091.1,5321.6,5075.0,5238.0,9951.59934068
2019-04-08 00:00:00+00:00,5238.9,5373.9,5138.6,5312.4,17816.93767317
2019-04-09 00:00:00+00:00,5312.3425602,5312.4,5170.0,5216.3,11902.33692328
2019-04-10 00:00:00+00:00,5217.1,5488.0,5193.5,5310.1,15781.01749947
2019-04-11 00:00:00+00:00,5310.1,5342.1,4952.4,5059.0,19430.17186758
2019-04-12 00:00:00+00:00,5062.00687231,5134.9,4934.7,5114.0,9220.70737032
2019-04-13 00:00:00+00:00,5114.1,5163.0,5070.2,5103.7,5208.71645551
2019-04-14 00:00:00+00:00,5103.8502618,5211.9,5054.8,5194.4,4145.70305095
2019-04-15 00:00:00+00:00,5194.3,5218.6,4977.0,5042.78720109,9522.67193927
2019-04-16 00:00:00+00:00,5042.7,5256.7,5029.6,5234.4,8376.54554532
2019-04-17 00:00:00+00:00,5234.4,5300.0,5206.8,5254.5,9284.13151515
2019-04-18 00:00:00+00:00,5254.5,5340.0,5251.0,5310.86393314,9040.38754774
2019-04-19 00:00:00+00:00,5310.8,5376.0,5220.0,5314.1,6307.09569834
2019-04-20 00:00:00+00:00,5314.1,5404.84614183,5283.9,5340.03926547,6482.20856176
2019-04-21 00:00:00+00:00,5340.06626381,5368.0,5255.0,5321.9,6153.65084029
2019-04-22 00:00:00+00:00,5320.3,5459.5,5276.5,5417.8,11951.60392077
2019-04-23 00:00:00+00:00,5417.9,5647.4,5387.5,5546.1,18768.59723523
2019-04-24 00:00:00+00:00,5547.0,5690.0,5407.1,5479.6,16533.95319566
2019-04-25 00:00:00+00:00,5479.6,5558.0,5055.0,5215.6,21494.08550121
2019-04-26 00:00:00+00:00,5215.6,5525.0,5172.7,5410.9,21534.88858042
2019-04-27 00:00:00+00:00,5410.8,5458.0,5351.0,5401.9,4566.88450632
2019-04-28 00:00:00+00:00,5401.8,5545.7,5401.7,5486.8,7767.6547079
2019-04-29 00:00:00+00:00,5483.3,5518.0,5365.0,5480.1,7811.59365172
2019-04-30 00:00:00+00:00,5480.0,5612.0,5451.5,5599.52273017,7442.8264899
2019-05-01 00:00:00+00:00,5599.52273017,5655.0,5577.5,5629.5,5537.05042588
2019-05-02 00:00:00+00:00,5629.6,5784.3,5611.1,5723.8,11075.8368328
2019-05-03 00:00:00+00:00,5736.6,6150.0,5702.29694186,6017.0,19480.28183518
2019-05-04 00:00:00+00:00,6019.9,6189.9903581,5863.4,6098.1,9437.42259102
2019-05-05 00:00:00+00:00,6098.1649927,6112.3,5956.0,6041.4021233,5815.53348677
2019-05-06 00:00:00+00:00,6041.4021233,6102.0,5901.0,6027.9,6477.39950895
2019-05-07 00:00:00+00:00,6028.9,6325.0,6028.9,6100.0,11990.22369015
2019-05-08 00:00:00+00:00,6103.8,6230.0,6007.8,6201.5,8222.18279599
2019-05-09 00:00:00+00:00,6201.8,6344.0,6153.4575144,6262.0,9682.27718866
2019-05-10 00:00:00+00:00,6262.0,6522.2,6212.2,6438.7,14493.48955268
2019-05-11 00:00:00+00:00,6438.7,7279.0,6438.7,7125.1,37945.37174068
2019-05-12 00:00:00+00:00,7125.1,7448.0,6858.0,6983.4,31958.82528419
2019-05-13 00:00:00+00:00,6980.2,8050.0,6879.9649408,7770.7,36467.14132655
2019-05-14 00:00:00+00:00,7770.7,8194.1,7651.0,7951.9,29342.89533348
2019-05-15 00:00:00+00:00,7951.9,8209.0,7832.45175911,8136.6341756,19036.43866675
2019-05-16 00:00:00+00:00,8132.5,8352.3,7700.1,7859.7,22313.8762668
2019-05-17 00:00:00+00:00,7860.4,7910.0,6999.9105737,7417.9,29021.92287556
2019-05-18 00:00:00+00:00,7421.7,7518.0,7207.6,7260.1,9319.33096968
2019-05-19 00:00:00+00:00,7260.0,8269.2,7249.34672701,8188.3,23458.30829652
2019-05-20 00:00:00+00:00,8185.10102918,8188.0,7600.1,7990.6,16901.81605768
2019-05-21 00:00:00+00:00,7985.1,8094.0,7814.8,7931.71147491,7692.99194632
2019-05-22 00:00:00+00:00,7931.71147491,8039.9,7500.0,7620.0,10794.67784198
2019-05-23 00:00:00+00:00,7620.0,7957.3,7436.4,7871.9,10552.95591937
2019-05-24 00:00:00+00:00,7876.8,8158.6,7784.5,7990.0,10926.32057561
2019-05-25 00:00:00+00:00,7990.3,8135.2,7950.0,8055.0,4336.17944267
2019-05-26 00:00:00+00:00,8055.0,8828.0,7877.93890221,8729.87136565,20158.16631553
2019-05-27 00:00:00+00:00,8729.8,8958.3,8650.0,8806.1,17561.87195154
2019-05-28 00:00:00+00:00,8806.1,8846.9,8517.4,8738.1,11139.56638082
2019-05-29 00:00:00+00:00,8738.1,8796.5,8455.0,8678.0,10304.6408121
2019-05-30 00:00:00+00:00,8679.7,9109.0,8005.0,8270.0,20289.85411138
2019-05-31 00:00:00+00:00,8269.9,8550.0,8099.9,8532.66591125,10929.80629901
2019-06-01 00:00:00+00:00,8533.11384961,8625.7,8451.0,8547.0,5457.31448292
2019-06-02 00:00:00+00:00,8546.9,8825.0,8540.0,8740.1,6243.25263946
2019-06-03 00:00:00+00:00,8740.0,8740.1,8032.0,8099.2,18662.44376719
2019-06-04 00:00:00+00:00,8099.2,8099.2,7501.52785992,7692.9,28124.34053556
2019-06-05 00:00:00+00:00,7692.9,7936.5,7593.9,7789.3,10825.49630634
2019-06-06 00:00:00+00:00,7789.3,7873.5,7455.0,7824.7,7553.39309031
2019-06-07 00:00:00+00:00,7815.3,8150.0,7762.9,7999.4,13456.91582945
2019-06-08 00:00:00+00:00,7999.9,8068.0,7800.1,7924.0,4772.31246907
2019-06-09 00:00:00+00:00,7924.0,7963.3,7497.9,7633.3,6830.13942396
2019-06-10 00:00:00+00:00,7633.3,8048.1,7513.2,8018.8,8903.84373159
2019-06-11 00:00:00+00:00,8018.7544992,8049.0,7711.0,7905.5,6526.84616842
2019-06-12 00:00:00+00:00,7905.4,8250.0,7821.0,8174.0,9144.94452831
2019-06-13 00:00:00+00:00,8174.1,8333.0,8026.0,8227.4,8889.61669612
2019-06-14 00:00:00+00:00,8227.4,8719.9,8161.7,8689.1,12713.63852327
2019-06-15 00:00:00+00:00,8689.1,8930.0,8607.2,8856.0,9399.94799689
2019-06-16 00:00:00+00:00,8856.0,9395.5,8801.0,8985.9,20909.8775668
2019-06-17 00:00:00+00:00,8985.9,9490.0,8985.9,9354.3,14168.46532358
2019-06-18 00:00:00+00:00,9352.5,9376.8,8945.0,9095.0,10598.61778311
2019-06-19 00:00:00+00:00,9094.4,9340.0,9062.0,9305.9,5765.53374889
2019-06-20 00:00:00+00:00,9305.9,9624.0,9241.0,9557.1,10592.87044766
2019-06-21 00:00:00+00:00,9557.2,10250.0,9557.2,10213.03996049,22297.62477523
2019-06-22 00:00:00+00:00,10223.0,11232.0,10080.0,10744.0,36677.46309612
2019-06-23 00:00:00+00:00,10744.0,11369.0,10572.0,10913.0,18589.93964857
2019-06-24 00:00:00+00:00,10909.0,11136.0,10560.0,11069.0,14402.62450501
2019-06-25 00:00:00+00:00,11069.648093,11780.0,10802.0,11737.0,21853.7659364
2019-06-26 00:00:00+00:00,11737.0,13764.0,11684.45046273,12876.0,55241.713209865586
2019-06-27 00:00:00+00:00,12876.0,13242.0,10388.0,11198.92190146,47606.087400462595
2019-06-28 00:00:00+00:00,11198.0,12417.0,10799.0,12338.0,31983.52263338087
2019-06-29 00:00:00+00:00,12337.0,12338.0,11354.0,11920.0,20428.971023028316
2019-06-30 00:00:00+00:00,11921.0,12234.0,10668.0,10809.0,19105.144520123566
2019-07-01 00:00:00+00:00,10800.0,11231.0,10088.0,10640.0,24903.2784965909
2019-07-02 00:00:00+00:00,10641.0,10965.0,9728.2,10885.0,28825.462968014614
2019-07-03 00:00:00+00:00,10884.0,12025.0,10876.0,11982.0,28089.778838832342
2019-07-04 00:00:00+00:00,11983.0,12065.0,11055.0,11162.485686,19843.20644282899
2019-07-05 00:00:00+00:00,11162.0,11452.0,10776.0,11003.0,16366.157029017055
2019-07-06 00:00:00+00:00,10999.0,11720.0,10961.0,11281.0,12208.08575541915
2019-07-07 00:00:00+00:00,11276.0,11620.0,11110.0,11485.0,8423.294244036528
2019-07-08 00:00:00+00:00,11485.0,12383.0,11310.0,12301.0,17838.61547820568
2019-07-09 00:00:00+00:00,12301.52190528,12814.64784556,12102.0,12558.0,19166.993046789194
2019-07-10 00:00:00+00:00,12564.0,13174.0,11529.0,12093.0,36055.91658955496
2019-07-11 00:00:00+00:00,12093.0,12093.20135337,10970.0,11340.0,21451.453679513317
2019-07-12 00:00:00+00:00,11340.0,11900.0,11099.0,11765.0,12247.8982874
2019-07-13 00:00:00+00:00,11765.10527017,11803.0,10805.0,11312.0,14722.69125074
2019-07-14 00:00:00+00:00,11312.0,11400.0,10122.0,10204.0,22495.76148986
2019-07-15 00:00:00+00:00,10199.0,11058.0,9880.0,10820.87573461,21438.16620214
2019-07-16 00:00:00+00:00,10820.0,11011.0,9352.0,9423.8,26182.07387684
2019-07-17 00:00:00+00:00,9420.0,9975.0,9084.7,9682.6,23128.15016171
2019-07-18 00:00:00+00:00,9686.1,10752.0,9260.6,10622.0,28829.01022448
2019-07-19 00:00:00+00:00,10622.0137754,10760.0,10118.0,10518.0,13155.63027303
2019-07-20 00:00:00+00:00,10517.58324013,11098.0,10370.0,10740.0,12131.43744168
2019-07-21 00:00:00+00:00,10740.0,10812.0,10298.0,10569.43491181,8247.37818017
2019-07-22 00:00:00+00:00,10570.0,10690.0,10052.0,10328.0,10903.75495343
2019-07-23 00:00:00+00:00,10330.88093683,10330.88093683,9820.0,9859.0,9766.29494047
2019-07-24 00:00:00+00:00,9859.0,9922.55144967,9534.05177698,9768.96811218,11574.75755505
2019-07-25 00:00:00+00:00,9773.0,10188.0,9733.3,9890.1,9222.08076596
2019-07-26 00:00:00+00:00,9889.98495235,9899.0,9650.2,9840.3,5116.22858012
2019-07-27 00:00:00+00:00,9840.36745434,10199.0,9296.0,9469.0,11774.25217655
2019-07-28 00:00:00+00:00,9465.6,9628.0,9101.4,9519.0,7754.39956059
2019-07-29 00:00:00+00:00,9519.0,9738.3,9376.7,9507.0,5696.48724957
2019-07-30 00:00:00+00:00,9503.0,9747.76671,9380.0,9588.99676375,5188.09845512
2019-07-31 00:00:00+00:00,9588.9,10120.0,9575.49379853,10088.0,7939.39798213
2019-08-01 00:00:00+00:00,10087.98969503,10500.0,9875.0,10400.0,7699.36379769
2019-08-02 00:00:00+00:00,10400.0,10659.0,10331.0,10520.0,8439.87873054
2019-08-03 00:00:00+00:00,10519.0,10917.0,10506.0,10822.0,7421.473594
2019-08-04 00:00:00+00:00,10822.0,11060.0,10514.0,10973.0,9280.21057575
2019-08-05 00:00:00+00:00,10973.0,11939.0,10973.0,11824.0,16130.53127869
2019-08-06 00:00:00+00:00,11828.0,12325.0,11249.0,11472.0,19339.467628630002
2019-08-07 00:00:00+00:00,11471.20065,12153.0,11385.0,11999.0,13658.90010528
2019-08-08 00:00:00+00:00,11999.0,12130.0,11550.0,12050.0,10988.14552463
2019-08-09 00:00:00+00:00,12050.0,12097.0,11703.0,11891.0,7808.28743736
2019-08-10 00:00:00+00:00,11891.0,12011.0,11208.0,11311.40028487,9023.81106403
2019-08-11 00:00:00+00:00,11311.0,11615.0,11129.0,11565.357744,5494.66919569
2019-08-12 00:00:00+00:00,11575.0,11585.0,11260.0,11404.0,3201.4259753
2019-08-13 00:00:00+00:00,11411.0,11468.0,10800.0,10904.01068603,9004.00070497
2019-08-14 00:00:00+00:00,10906.0,10909.0,9966.0,10064.558229,14507.83851046
2019-08-15 00:00:00+00:00,10067.0,10471.0,9522.0,10324.265494,17368.17966885
2019-08-16 00:00:00+00:00,10324.0,10568.0,9777.0,10369.0,12890.55656975
2019-08-17 00:00:00+00:00,10369.00204593,10494.70238424,10004.0,10228.0,4885.63998835
2019-08-18 00:00:00+00:00,10231.0,10533.0,10086.0,10332.192078,3901.85390471
2019-08-19 00:00:00+00:00,10328.434234,10964.0,10280.0,10938.0,7375.38019863
2019-08-20 00:00:00+00:00,10938.0,10993.0,10584.0,10792.13576002,5830.91975682
2019-08-21 00:00:00+00:00,10793.0,10825.0,9824.0,10146.95441589,11793.40483293
2019-08-22 00:00:00+00:00,10146.0,10255.0,9787.0,10117.0,6533.30404457
2019-08-23 00:00:00+00:00,10116.0,10466.0,10047.0,10408.0,6391.24399499
2019-08-24 00:00:00+00:00,10408.0,10427.0,9893.8,10154.0,5409.27540947
2019-08-25 00:00:00+00:00,10155.0,10350.0,9805.8,10132.0,5207.27736806
2019-08-26 00:00:00+00:00,10133.0,10675.0,10133.0,10377.0,8979.04620731
2019-08-27 00:00:00+00:00,10377.0,10395.0,10021.0,10184.0,4518.47246489
2019-08-28 00:00:00+00:00,10189.0,10370.0,9570.0,9727.4,10406.37604326
2019-08-29 00:00:00+00:00,9727.6,9729.7,9358.2,9509.4,7081.07803894
2019-08-30 00:00:00+00:00,9509.5,9725.0,9380.4,9601.0,3754.77640186
2019-08-31 00:00:00+00:00,9600.7,9715.0,9471.9,9623.9,2754.0959011200002
2019-09-01 00:00:00+00:00,9617.8,9868.0,9555.0,9779.1,2874.08149481
2019-09-02 00:00:00+00:00,9779.1,10474.0,9754.56718098,10388.0,11140.300192
2019-09-03 00:00:00+00:00,10388.0,10766.0,10291.0,10641.0,10739.36535758
2019-09-04 00:00:00+00:00,10641.04817556,10849.0,10410.0,10590.0,6254.72308921
2019-09-05 00:00:00+00:00,10591.0,10663.0,10481.64244548,10582.92652081,3012.41430648
2019-09-06 00:00:00+00:00,10579.0,10933.0,10208.0,10305.0,11278.19783621
2019-09-07 00:00:00+00:00,10311.0,10582.0,10306.0,10489.0,3376.30614229
2019-09-08 00:00:00+00:00,10490.0,10599.0,10241.90944816,10415.0,3505.55885029
2019-09-09 00:00:00+00:00,10412.0,10557.0,10118.0,10317.0,5201.53303373
2019-09-10 00:00:00+00:00,10317.363817,10399.0,9959.0,10121.0,4211.66529481
2019-09-11 00:00:00+00:00,10121.75849382,10300.0,9814.0,10175.0,4355.86695745
2019-09-12 00:00:00+00:00,10175.0,10488.0,10064.0,10452.0,4402.71457761
2019-09-13 00:00:00+00:00,10450.0,10475.0,10155.0,10374.0,4501.81303183
2019-09-14 00:00:00+00:00,10384.0,10488.0,10255.0,10380.0,3157.74265392
2019-09-15 00:00:00+00:00,10381.0,10403.0,10275.0,10321.0,1885.6285794
2019-09-16 00:00:00+00:00,10321.97636977,10404.0,10091.0,10290.0,5515.60687192
2019-09-17 00:00:00+00:00,10289.49629127,10308.0,10163.0,10214.08319674,2944.73433784
2019-09-18 00:00:00+00:00,10216.0,10278.0,10111.0,10185.0,3339.17191254
2019-09-19 00:00:00+00:00,10184.97069252,10487.0,9655.0,10301.0,9766.20759473
2019-09-20 00:00:00+00:00,10300.768691,10340.0,10104.0,10197.0,2514.16347485
2019-09-21 00:00:00+00:00,10197.99421167,10199.0,9942.9,10013.0,2979.88388402
2019-09-22 00:00:00+00:00,10012.456212,10105.0,9880.7,10055.0,2753.46679225
2019-09-23 00:00:00+00:00,10059.0,10077.0,9610.3,9702.6,5489.73040839
2019-09-24 00:00:00+00:00,9708.5,9795.0,8100.0,8538.7,34869.18936608
2019-09-25 00:00:00+00:00,8536.98431152,8773.6,8262.0,8475.3,12773.96302908
2019-09-26 00:00:00+00:00,8472.0,8493.07282992,7796.6,8105.9,15418.99302226
2019-09-27 00:00:00+00:00,8105.9,8309.8,7906.3,8213.4,7469.15589624
2019-09-28 00:00:00+00:00,8213.4,8390.0,8032.1,8238.2,5448.66037286
2019-09-29 00:00:00+00:00,8238.2,8260.2,7930.0,8090.0,6143.57880321
2019-09-30 00:00:00+00:00,8090.0,8385.0,7733.3,8331.13524644,10919.90168886
2019-10-01 00:00:00+00:00,8337.34811911,8539.3,8228.0,8334.9,5835.93129998
2019-10-02 00:00:00+00:00,8333.67958178,8420.0,8193.0,8414.8772103,3449.86707431
2019-10-03 00:00:00+00:00,8414.8772103,8440.0,8084.1,8261.1,3716.23972709
2019-10-04 00:00:00+00:00,8260.5,8264.9,8032.7,8170.0,3051.67351222
2019-10-05 00:00:00+00:00,8170.1,8210.8,8040.0,8162.5,3327.5512383
2019-10-06 00:00:00+00:00,8163.2,8183.23540584,7806.7,7883.0,5857.57227204
2019-10-07 00:00:00+00:00,7882.6,8366.1,7793.2,8227.0,8149.94723034
2019-10-08 00:00:00+00:00,8226.9,8362.0,8132.7,8205.0,3466.84346322
2019-10-09 00:00:00+00:00,8205.0,8719.2,8146.55980111,8607.5,8392.43741424
2019-10-10 00:00:00+00:00,8607.4,8683.9,8472.0,8596.0,4319.92257317
2019-10-11 00:00:00+00:00,8596.0,8815.3,8253.0,8278.2,6078.77656871
2019-10-12 00:00:00+00:00,8278.4,8423.7,8270.5,8319.6,1707.70646064
2019-10-13 00:00:00+00:00,8320.3,8477.96534398,8160.4,8304.9,4042.57348547
2019-10-14 00:00:00+00:00,8304.9,8428.2,8227.3,8369.9648501,2540.53832557
2019-10-15 00:00:00+00:00,8369.9648501,8439.7,8100.0,8191.1,3276.54047254
2019-10-16 00:00:00+00:00,8191.1,8204.3,7960.0,8016.0,7077.38095353
2019-10-17 00:00:00+00:00,8016.1,8150.5326571,7949.3,8092.3,2811.80766712
2019-10-18 00:00:00+00:00,8092.3,8135.11397057,7860.0,7987.3,5300.35145403
2019-10-19 00:00:00+00:00,7989.1,8119.5,7927.0,7992.9,3511.19965694
2019-10-20 00:00:00+00:00,7993.0,8337.0,7921.6,8260.7,4866.6220712800005
2019-10-21 00:00:00+00:00,8260.7,8371.3,8181.8,8243.8,3420.45992308
2019-10-22 00:00:00+00:00,8243.8806926,8333.0,8034.9,8054.3,3851.3730258
2019-10-23 00:00:00+00:00,8054.0,8074.5,7333.4,7493.7,12982.85663459
2019-10-24 00:00:00+00:00,7493.7,7529.0,7367.9,7453.0,5804.04138743
2019-10-25 00:00:00+00:00,7453.1,8803.1,7426.0,8679.1,17096.47880214
2019-10-26 00:00:00+00:00,8678.8,10480.0,8661.8518214,9270.9,32057.68092297
2019-10-27 00:00:00+00:00,9274.9,9823.86430734,9121.2,9571.8,11105.29732283
2019-10-28 00:00:00+00:00,9573.9,9948.9,9216.8,9225.7,8992.94215642
2019-10-29 00:00:00+00:00,9229.2,9559.80072846,9100.0,9445.5,6727.59142814
2019-10-30 00:00:00+00:00,9446.9,9446.9,9035.0,9184.3,5047.69580549
2019-10-31 00:00:00+00:00,9184.4,9467.1,8982.1,9185.6,5668.14046139
2019-11-01 00:00:00+00:00,9186.6,9333.0,9085.5577764,9289.0,4090.95705993
2019-11-02 00:00:00+00:00,9288.4,9429.5,9251.50119619,9332.1,3657.49109114
2019-11-03 00:00:00+00:00,9332.2,9400.6,9100.0,9222.4,3616.53932035
2019-11-04 00:00:00+00:00,9223.0,9645.0,9152.0,9440.0,7470.0597828
2019-11-05 00:00:00+00:00,9441.2,9504.09548235,9185.1,9339.7,3412.6666629
2019-11-06 00:00:00+00:00,9337.19572,9475.0,9278.0,9352.8,3469.75747056
2019-11-07 00:00:00+00:00,9354.9295,9387.1,9051.6,9209.2,3746.1431351
2019-11-08 00:00:00+00:00,9212.5,9252.9,8681.0,8782.3,7864.40438304
2019-11-09 00:00:00+00:00,8782.3,8896.0,8734.8,8828.04720425,1958.39039443
2019-11-10 00:00:00+00:00,8828.04720425,9250.0,8764.0,9069.7,4635.78686933
2019-11-11 00:00:00+00:00,9069.7,9108.5,8616.5,8737.71515942,4243.05003964
2019-11-12 00:00:00+00:00,8737.71515942,8910.0,8602.0,8830.0,3504.6630025
2019-11-13 00:00:00+00:00,8830.0,8849.9,8730.3,8801.1,1340.10028215
2019-11-14 00:00:00+00:00,8800.99369654,8817.4,8600.0,8655.7,3304.67593606
2019-11-15 00:00:00+00:00,8655.4,8800.0,8420.1,8495.83262528,5184.16675492
2019-11-16 00:00:00+00:00,8495.8,8577.0,8440.1,8523.5,1534.6109471299999
2019-11-17 00:00:00+00:00,8523.4,8699.5,8404.4,8537.3,2837.15367335
2019-11-18 00:00:00+00:00,8537.0,8537.0,8117.0,8219.5,6362.43660724
2019-11-19 00:00:00+00:00,8219.5,8245.53052527,8051.7,8164.9,3703.8972421
2019-11-20 00:00:00+00:00,8164.9,8257.8,8081.0,8126.4,2060.18583228
2019-11-21 00:00:00+00:00,8126.4,8155.9,7500.0,7671.1,9890.61993828
2019-11-22 00:00:00+00:00,7671.1,7766.0,6819.2,7317.2,19368.41530127
2019-11-23 00:00:00+00:00,7318.6,7385.0,7141.0,7352.6,4626.89050391
2019-11-24 00:00:00+00:00,7352.7,7372.0,6922.0,6965.3,8576.35608923
2019-11-25 00:00:00+00:00,6965.2,7414.4,6618.0,7162.8,18517.18653203
2019-11-26 00:00:00+00:00,7162.8,7386.3,7047.2,7198.3,5197.47942672
2019-11-27 00:00:00+00:00,7198.6,7689.0,6878.2,7549.3,13895.62700653
2019-11-28 00:00:00+00:00,7547.3,7690.0,7415.0,7460.8,4302.7005309
2019-11-29 00:00:00+00:00,7460.7,7933.4,7450.0,7796.6,7279.60305758
2019-11-30 00:00:00+00:00,7796.6,7861.6,7492.0,7599.8823169,4974.18851876
2019-12-01 00:00:00+00:00,7599.3,7600.1,7288.6,7450.1,6332.7004248700005
2019-12-02 00:00:00+00:00,7450.04707791,7467.3,7206.4,7350.25736,4628.57147872
2019-12-03 00:00:00+00:00,7350.25736,7454.6,7287.0,7336.02376319,2297.90981507
2019-12-04 00:00:00+00:00,7336.0,7890.0,7129.0,7238.3,11723.6030484
2019-12-05 00:00:00+00:00,7239.4,7530.9,7191.0,7440.0,4785.98602868
2019-12-06 00:00:00+00:00,7440.0,7661.8,7350.0,7588.3,5714.48897892
2019-12-07 00:00:00+00:00,7584.7,7669.8,7516.7,7543.2,1724.38837205
2019-12-08 00:00:00+00:00,7543.1,7620.0,7433.6,7564.6,4300.36168837
2019-12-09 00:00:00+00:00,7564.6,7748.7,7306.2,7379.52142186,6556.87776181
2019-12-10 00:00:00+00:00,7379.52142186,7434.6,7200.0,7254.6,3640.21357381
2019-12-11 00:00:00+00:00,7254.6,7312.0,7169.0,7230.72229344,3124.7080789
2019-12-12 00:00:00+00:00,7230.8,7369.0188921,7132.8,7224.0,5640.15053042
2019-12-13 00:00:00+00:00,7224.1,7332.0,7218.7,7283.2,2901.56609731
2019-12-14 00:00:00+00:00,7283.2,7290.5,7032.6,7100.8,3411.30434483
2019-12-15 00:00:00+00:00,7100.8,7224.8,7043.9,7152.7,3562.90214534
2019-12-16 00:00:00+00:00,7152.7,7196.0,6900.0,6926.6,13417.83009933
2019-12-17 00:00:00+00:00,6926.8,6972.0,6620.0,6667.1,12656.31332305
2019-12-18 00:00:00+00:00,6667.0681032,7482.2,6477.0,7326.2,13752.71016785
2019-12-19 00:00:00+00:00,7326.2,7417.1,7079.7,7181.8,5430.84308582
2019-12-20 00:00:00+00:00,7181.7701988,7249.0,7116.8,7212.92590776,5703.23987872
2019-12-21 00:00:00+00:00,7213.0,7215.1,7136.5,7166.4,2281.85065142
2019-12-22 00:00:00+00:00,7166.4,7541.4,7159.6,7535.1,3620.89450408
2019-12-23 00:00:00+00:00,7535.9,7715.1,7282.4,7347.4,7082.31909885
2019-12-24 00:00:00+00:00,7347.4,7445.0,7182.1,7276.9,4254.62113215
2019-12-25 00:00:00+00:00,7276.9,7294.2,7113.2,7220.1,3361.83404018
2019-12-26 00:00:00+00:00,7220.053366,7465.0,7181.8,7232.4,4715.48411984
2019-12-27 00:00:00+00:00,7231.6,7300.0,7113.3,7287.0,3996.64722714
2019-12-28 00:00:00+00:00,7287.0,7390.0,7279.2,7334.4,2731.06071133
2019-12-29 00:00:00+00:00,7334.4,7551.6,7311.6,7413.6,2494.48720595
2019-12-30 00:00:00+00:00,7416.1,7421.7,7201.29026477,7260.9,4088.9581586
2019-12-31 00:00:00+00:00,7260.9,7333.0,7161.3,7208.3,2992.68613293
2020-01-01 00:00:00+00:00,7208.2,7285.1,7185.4,7212.7,2071.05604595
2020-01-02 00:00:00+00:00,7212.395985,7225.8,6963.0,6989.4,4849.33844669
2020-01-03 00:00:00+00:00,6989.4,7444.9,6909.3,7371.2,6681.66874052
2020-01-04 00:00:00+00:00,7371.1,7422.0,7297.3,7369.83176114,4265.71285464
2020-01-05 00:00:00+00:00,7370.3,7509.9,7315.8,7364.6,4450.63547483
2020-01-06 00:00:00+00:00,7363.9,7785.0,7358.0,7757.9,8541.27969512
2020-01-07 00:00:00+00:00,7759.5,8210.3,7741.9,8154.1,12355.97377472
2020-01-08 00:00:00+00:00,8158.3,8442.0,7877.6,8036.8,11756.80045611
2020-01-09 00:00:00+00:00,8036.8,8036.8,7756.0,7817.4514653,4671.29012564
2020-01-10 00:00:00+00:00,7817.4,8185.9,7675.8,8184.5,7857.9180030200005
2020-01-11 00:00:00+00:00,8180.3,8282.4,7991.8,8013.7,4254.51762488
2020-01-12 00:00:00+00:00,8013.63408437,8174.7,7951.7,8174.7,3207.41767775
2020-01-13 00:00:00+00:00,8174.6670523,8199.7,8053.6,8095.8,2593.23954615
2020-01-14 00:00:00+00:00,8095.8,8829.0,8095.8,8772.6,16573.65972765
2020-01-15 00:00:00+00:00,8771.0,8873.0,8560.1,8807.7,8779.11954403
2020-01-16 00:00:00+00:00,8807.7,8839.9,8579.8,8720.6,5311.58250504
2020-01-17 00:00:00+00:00,8719.54720583,9000.0,8674.2,8875.4,9692.87415905
2020-01-18 00:00:00+00:00,8875.5,8965.0,8791.12468089,8891.6,3460.77284892
2020-01-19 00:00:00+00:00,8891.5,9169.5,8450.0,8698.7,12407.35672898
2020-01-20 00:00:00+00:00,8698.7,8741.1,8519.6,8638.2,4105.40575415
2020-01-21 00:00:00+00:00,8638.2,8787.17417425,8500.0,8734.1,3251.16389954
2020-01-22 00:00:00+00:00,8734.2,8799.9,8580.5,8663.9,2354.22930226
2020-01-23 00:00:00+00:00,8663.8,8670.4,8296.0,8403.56851721,5703.90855399
2020-01-24 00:00:00+00:00,8403.56851721,8523.0,8246.0,8447.12967307,3508.74666982
2020-01-25 00:00:00+00:00,8447.1,8447.2,8280.0,8353.7,2101.66598957
2020-01-26 00:00:00+00:00,8353.7,8631.6,8301.0,8621.5,3518.08289784
2020-01-27 00:00:00+00:00,8621.6,9001.86207428,8585.0,8912.0,6276.878829
2020-01-28 00:00:00+00:00,8912.0570368,9414.0,8911.1,9397.0,9119.89518062
2020-01-29 00:00:00+00:00,9393.67551447,9442.3,9242.2,9300.3,4603.22515537
2020-01-30 00:00:00+00:00,9305.2,9550.0,9122.8,9512.71161782,9020.7746299
2020-01-31 00:00:00+00:00,9512.71161782,9519.9,9220.3,9367.4,4868.45814453
2020-02-01 00:00:00+00:00,9367.5,9476.4,9318.0,9408.0,2534.89130183
2020-02-02 00:00:00+00:00,9409.4,9501.3,9165.0,9352.2,6439.08974277
2020-02-03 00:00:00+00:00,9353.0,9628.6,9247.0,9309.3,6717.98950381
2020-02-04 00:00:00+00:00,9309.2,9359.8,9112.5,9197.4,4069.49633762
2020-02-05 00:00:00+00:00,9197.4,9731.9,9180.2023255,9612.0,10769.12701241
2020-02-06 00:00:00+00:00,9612.1,9860.0,9547.0,9744.90010004,8583.738804
2020-02-07 00:00:00+00:00,9745.0,9860.0,9683.9,9805.2,3703.84268634
2020-02-08 00:00:00+00:00,9805.2,9920.8,9657.8,9877.2,5525.97872617
2020-02-09 00:00:00+00:00,9877.3,10165.0,9871.1,10151.0,9637.91116045
2020-02-10 00:00:00+00:00,10151.93578445,10187.0,9701.0,9851.2,8521.96836298
2020-02-11 00:00:00+00:00,9851.7,10316.0,9720.0,10247.0,8425.2741537
2020-02-12 00:00:00+00:00,10247.0,10460.0,10238.0,10338.0,8707.36085065
2020-02-13 00:00:00+00:00,10338.0,10491.0,10058.0,10222.0,8976.65463806
2020-02-14 00:00:00+00:00,10222.82359378,10373.0,10101.0,10335.0,4127.43243172
2020-02-15 00:00:00+00:00,10335.0,10373.0,9800.0,9900.9,6397.60288513
2020-02-16 00:00:00+00:00,9901.0,10037.0,9651.3,9926.8,6931.63016385
2020-02-17 00:00:00+00:00,9925.3,9969.2,9501.5,9708.0,9300.64272414
2020-02-18 00:00:00+00:00,9712.0,10275.0,9625.8,10184.0,8248.34330105
2020-02-19 00:00:00+00:00,10184.0,10310.0,9290.0,9592.3,13936.96722914
2020-02-20 00:00:00+00:00,9590.8,9699.9,9359.7,9608.1,6497.36311172
2020-02-21 00:00:00+00:00,9609.2,9760.3,9566.8,9692.9,11101.12445238
2020-02-22 00:00:00+00:00,9692.9,9719.0,9565.1,9663.0,1844.44583851
2020-02-23 00:00:00+00:00,9663.0,10001.0,9660.0,9985.0,7322.16782784
2020-02-24 00:00:00+00:00,9985.0,10022.0,9441.2,9674.1,6591.77164856
2020-02-25 00:00:00+00:00,9674.0,9691.9,9251.4,9327.5,8488.33003873
2020-02-26 00:00:00+00:00,9327.4,9385.9,8652.7,8813.2,14585.8037278
2020-02-27 00:00:00+00:00,8807.1,8975.0,8555.0,8825.6,8392.7080767
2020-02-28 00:00:00+00:00,8825.66115173,8908.3,8455.09929552,8728.0,7079.49848295
2020-02-29 00:00:00+00:00,8728.0,8829.0,8557.3,8561.5,2496.91014468
2020-03-01 00:00:00+00:00,8561.4,8775.0,8460.0,8556.7,5391.10657424
2020-03-02 00:00:00+00:00,8556.7,8990.8,8524.62816151,8938.4,5322.09121706
2020-03-03 00:00:00+00:00,8938.6,8940.0,8686.2,8791.1,5324.51374097
2020-03-04 00:00:00+00:00,8792.3,8877.7,8718.4,8788.6,4170.44984814
2020-03-05 00:00:00+00:00,8788.6,9186.5,8788.6,9090.8,5715.98442883
2020-03-06 00:00:00+00:00,9090.0,9199.7,9011.3,9180.6,3138.04299005
2020-03-07 00:00:00+00:00,9180.6,9241.5,8867.4,8919.0,4488.72430692
2020-03-08 00:00:00+00:00,8918.9,8919.0,8043.2,8073.99728926,25592.0034775
2020-03-09 00:00:00+00:00,8073.9,8215.0,7700.0,7967.3,22558.46653578
2020-03-10 00:00:00+00:00,7965.4,8180.0,7776.6,7913.8,10174.46424416
2020-03-11 00:00:00+00:00,7917.9301252,8034.6,7634.8,7969.6,10975.8456232
2020-03-12 00:00:00+00:00,7974.4,8001.7,4607.7,4873.1,116698.05168985
2020-03-13 00:00:00+00:00,4886.0,5973.3,4000.0,5625.7,102821.64605317
2020-03-14 00:00:00+00:00,5620.9,5682.4,5095.0,5218.2,18639.84392061
2020-03-15 00:00:00+00:00,5218.2,5987.0,5133.0,5383.2,22624.20474846
2020-03-16 00:00:00+00:00,5383.2,5388.9,4467.9009243,5058.5,41779.40947088
2020-03-17 00:00:00+00:00,5058.5,5572.8,4956.3,5339.1,19595.85843754
2020-03-18 00:00:00+00:00,5339.1,5487.96366832,5033.0,5416.2,21127.20019235
2020-03-19 00:00:00+00:00,5417.0,6416.7,5264.6,6173.6,31248.3352863
2020-03-20 00:00:00+00:00,6173.9,6929.8,5665.0246058,6206.5,31077.03304621
2020-03-21 00:00:00+00:00,6209.2,6474.7,5882.4,6201.7,12942.29259347
2020-03-22 00:00:00+00:00,6201.8,6410.9,5755.5,5820.09678077,16275.91741269
2020-03-23 00:00:00+00:00,5820.0,6664.3,5677.0,6491.5,19554.6831608
2020-03-24 00:00:00+00:00,6489.7,6840.0,6406.0,6762.09308369,16617.89644742
2020-03-25 00:00:00+00:00,6762.1,6968.0,6430.2,6688.2,13788.85716863
2020-03-26 00:00:00+00:00,6688.29966788,6790.8,6516.0,6751.9,6728.7182611
2020-03-27 00:00:00+00:00,6752.5,6861.4,6256.0,6370.0,11079.80334647
2020-03-28 00:00:00+00:00,6371.9,6371.9,6050.0,6250.0,12963.61054843
2020-03-29 00:00:00+00:00,6249.5,6280.0,5892.6,5892.7,11218.70658346
2020-03-30 00:00:00+00:00,5892.6,6636.0,5880.9,6407.6,12378.55890583
2020-03-31 00:00:00+00:00,6407.6,6536.0,6349.7,6427.68278638,5753.09313213
2020-04-01 00:00:00+00:00,6429.0,6726.5,6180.0,6675.0,11234.4749959
2020-04-02 00:00:00+00:00,6679.5,7283.5,6580.0,6810.7,20104.5807124
2020-04-03 00:00:00+00:00,6811.8,7049.1,6623.3,6740.8,9968.39865963
2020-04-04 00:00:00+00:00,6742.0,7014.0,6660.0,6880.1,7124.3330499
2020-04-05 00:00:00+00:00,6880.6,6917.9,6690.2,6780.2,5652.67664892
2020-04-06 00:00:00+00:00,6780.8,7364.4,6775.1,7340.2,14585.69114306
2020-04-07 00:00:00+00:00,7340.2,7454.3,7088.0,7202.99832851,11993.35282812
2020-04-08 00:00:00+00:00,7201.8,7420.0,7151.64491202,7367.0,8182.42316218
2020-04-09 00:00:00+00:00,7367.1,7370.7,7117.0,7293.7,7754.20710232
2020-04-10 00:00:00+00:00,7293.7,7305.76199669,6756.3,6875.5,15844.60006755
2020-04-11 00:00:00+00:00,6874.3,6957.8,6780.0,6884.5,4068.11318523
2020-04-12 00:00:00+00:00,6884.5,7192.5,6797.6,6919.0,8889.09930425
2020-04-13 00:00:00+00:00,6916.6,6917.0,6571.1,6848.7,12678.37087725
2020-04-14 00:00:00+00:00,6847.30541983,6985.0,6762.6,6874.0,4302.34215197
2020-04-15 00:00:00+00:00,6872.9,6940.6,6620.5,6633.7227701,6006.94443124
2020-04-16 00:00:00+00:00,6633.7227701,7200.0,6500.4,7114.7,17754.64674559
2020-04-17 00:00:00+00:00,7114.7,7160.5,7010.2,7045.8,4680.56258763
2020-04-18 00:00:00+00:00,7045.8054993,7309.7,7031.1,7268.8,5200.81546636
2020-04-19 00:00:00+00:00,7269.0,7285.4,7056.9,7133.3,4738.70085075
2020-04-20 00:00:00+00:00,7133.3,7236.3,6766.0,6837.7,9978.68485058
2020-04-21 00:00:00+00:00,6837.1,6958.8,6770.1,6850.0,6462.76716396
2020-04-22 00:00:00+00:00,6849.9405434,7164.0,6826.1783037,7133.0,5145.54095742
2020-04-23 00:00:00+00:00,7133.0,7773.9,7042.0,7498.9,16382.17175154
2020-04-24 00:00:00+00:00,7499.0,7614.0,7420.1,7508.3,8804.91471287
2020-04-25 00:00:00+00:00,7508.4,7700.0,7450.0,7538.5,5172.52094918
2020-04-26 00:00:00+00:00,7538.6,7697.9,7473.5,7697.9,5323.10997912
2020-04-27 00:00:00+00:00,7697.9,7777.7,7613.4,7777.6033919,6896.32676602
2020-04-28 00:00:00+00:00,7777.7,7777.7,7655.8,7750.7,5624.81706935
2020-04-29 00:00:00+00:00,7750.6,8918.0,7705.1,8778.7,30251.52005367
2020-04-30 00:00:00+00:00,8782.1,9441.90721684,8416.0,8631.81715292,29829.04982383
2020-05-01 00:00:00+00:00,8630.7,9070.0,8626.5,8822.8,7918.29898302
2020-05-02 00:00:00+00:00,8823.0,9004.043244,8756.2,8982.3,5097.22853333
2020-05-03 00:00:00+00:00,8982.4,9198.0,8738.0,8899.8,9765.79842519
2020-05-04 00:00:00+00:00,8901.34819902,8961.8,8517.0,8865.8,9320.33222342
2020-05-05 00:00:00+00:00,8867.5,9124.8,8758.6,9020.1,7716.45989178
2020-05-06 00:00:00+00:00,9020.1,9418.0,8913.56992467,9152.47099343,8729.63282109
2020-05-07 00:00:00+00:00,9150.5,10045.0,9029.0,9979.6,19874.51458376
2020-05-08 00:00:00+00:00,9979.6,10025.0,9705.0,9792.4,12205.17623293
2020-05-09 00:00:00+00:00,9792.3,9900.0,9463.99256,9537.8,8259.43034571
2020-05-10 00:00:00+00:00,9537.7,9559.0,8101.0,8722.2,26516.70657788
2020-05-11 00:00:00+00:00,8721.2,9142.0,8200.0,8555.1,20562.16222507
2020-05-12 00:00:00+00:00,8555.0507848,8968.0,8526.4,8811.4,5653.92157888
2020-05-13 00:00:00+00:00,8811.3,9408.0,8799.5,9312.0,9885.42114334
2020-05-14 00:00:00+00:00,9311.967387,9938.7,9266.2,9790.95415762,12867.68761721
2020-05-15 00:00:00+00:00,9791.0,9848.9,9130.2,9311.2,11340.26978057
2020-05-16 00:00:00+00:00,9307.6,9580.0,9222.0,9387.9520897,4157.69176242
2020-05-17 00:00:00+00:00,9386.0,9883.5,9329.7,9668.2,9663.26208676
2020-05-18 00:00:00+00:00,9668.2,9944.0,9450.0,9714.82516261,9201.53654882
2020-05-19 00:00:00+00:00,9714.9,9878.0,9457.8,9769.4,5587.12465583
2020-05-20 00:00:00+00:00,9770.1,9842.7,9301.0,9502.0,9595.21917999
2020-05-21 00:00:00+00:00,9502.0,9564.1,8815.3,9057.1,11339.88801098
2020-05-22 00:00:00+00:00,9059.2,9269.0,8935.4,9162.4,3832.77249212
2020-05-23 00:00:00+00:00,9162.3448589,9304.0,9072.8,9175.6,2453.125717
2020-05-24 00:00:00+00:00,9176.4,9300.0,8688.0,8710.1,6733.49715849
2020-05-25 00:00:00+00:00,8710.1,8963.7,8620.0,8902.0,5608.75457158
2020-05-26 00:00:00+00:00,8901.1,9013.3,8704.9,8845.5,3944.81212719
2020-05-27 00:00:00+00:00,8845.5,9225.0,8822.2,9210.29871677,5461.63149989
2020-05-28 00:00:00+00:00,9210.3,9630.3,9118.2,9589.3,7632.42847296
2020-05-29 00:00:00+00:00,9587.5,9618.8,9352.0,9426.1,3876.5759255
2020-05-30 00:00:00+00:00,9425.1,9750.0,9323.3,9706.4,6158.32666792
2020-05-31 00:00:00+00:00,9707.1,9707.2,9402.6,9451.1,3691.18204291
2020-06-01 00:00:00+00:00,9451.1,10398.0,9421.75975983,10225.97600025,13427.10257919
2020-06-02 00:00:00+00:00,10225.97600025,10252.0,9150.0,9526.96808253,21471.12078961
2020-06-03 00:00:00+00:00,9526.9,9689.8,9400.0,9676.6,2672.27666933
2020-06-04 00:00:00+00:00,9677.6,9882.1,9461.00275433,9790.700076,4275.99014709
2020-06-05 00:00:00+00:00,9790.700076,9865.8,9620.4,9620.4,3625.85631543
2020-06-06 00:00:00+00:00,9620.4,9742.3,9552.60822337,9668.4,1949.45635856
2020-06-07 00:00:00+00:00,9668.5,9814.0,9393.8,9747.1,4709.02827497
2020-06-08 00:00:00+00:00,9749.9,9800.0,9647.1,9784.4,2361.71549019
2020-06-09 00:00:00+00:00,9784.5,9876.0,9577.9,9771.9,3403.0473055
2020-06-10 00:00:00+00:00,9774.0,10012.0,9661.6,9898.8,4438.62306475
2020-06-11 00:00:00+00:00,9898.9,9972.8,9084.0,9272.2,15783.06793445
2020-06-12 00:00:00+00:00,9277.9,9544.0,9246.0,9468.3,5048.84363315
2020-06-13 00:00:00+00:00,9468.0,9498.6,9363.59686037,9480.87818464,1845.58355902
2020-06-14 00:00:00+00:00,9480.8,9486.0,9262.0,9344.75144536,2698.82885588
2020-06-15 00:00:00+00:00,9343.1,9530.9,8914.9,9435.0,10162.02504916
2020-06-16 00:00:00+00:00,9434.9,9590.0,9388.0,9534.401723,3442.05679575
2020-06-17 00:00:00+00:00,9534.5,9566.0,9260.0,9473.4,3140.81963461
2020-06-18 00:00:00+00:00,9473.4,9496.9,9285.0,9400.0,1658.23492008
2020-06-19 00:00:00+00:00,9400.04258188,9444.1,9237.0,9315.5,2616.7058299
2020-06-20 00:00:00+00:00,9313.02085193,9406.6,9178.0,9371.3,1865.47515095
2020-06-21 00:00:00+00:00,9374.2,9431.2,9292.0,9301.0,1338.76911008
2020-06-22 00:00:00+00:00,9299.5,9795.0,9285.2,9697.72816498,5876.94315576
2020-06-23 00:00:00+00:00,9697.72816498,9724.0,9589.7,9635.2,3421.05102569
2020-06-24 00:00:00+00:00,9635.2,9684.1,9212.0,9312.1,5524.89802578
2020-06-25 00:00:00+00:00,9305.2,9349.0,9011.0,9257.03466936,5545.31009709
2020-06-26 00:00:00+00:00,9257.03466936,9299.0,9054.1,9173.1,3691.05093006
2020-06-27 00:00:00+00:00,9173.2,9202.5,8855.0,9015.3,3372.16006102
2020-06-28 00:00:00+00:00,9014.8,9193.187058,8946.6,9125.366022,2110.24642108
2020-06-29 00:00:00+00:00,9125.366022,9244.0,9018.12556046,9194.43385096,3642.40403593
2020-06-30 00:00:00+00:00,9194.43385096,9206.45653809,9077.0,9150.7,1833.03971963
2020-07-01 00:00:00+00:00,9150.6467222,9298.0,9109.4,9239.9,2192.65665227
2020-07-02 00:00:00+00:00,9239.4,9266.2,8950.0,9100.0,3791.70680325
2020-07-03 00:00:00+00:00,9100.1,9135.5,9056.7,9073.2,1087.11722411
2020-07-04 00:00:00+00:00,9073.2,9204.0,9060.0,9147.7,1130.89317765
2020-07-05 00:00:00+00:00,9146.79675146,9152.30680224,8918.0,9084.28473392,2084.26945357
2020-07-06 00:00:00+00:00,9089.0,9389.58638306,9075.80199233,9361.1,4261.04610108
2020-07-07 00:00:00+00:00,9361.12445025,9389.40580899,9211.1,9267.51494932,1632.42789733
2020-07-08 00:00:00+00:00,9267.57549347,9497.2,9256.0,9447.0,3814.77723032
2020-07-09 00:00:00+00:00,9447.1,9451.7,9175.0,9248.86416894,3709.08975826
2020-07-10 00:00:00+00:00,9248.9,9324.6,9133.1,9304.6,1420.69938721
2020-07-11 00:00:00+00:00,9304.9,9311.8,9200.1,9246.3,812.83259594
2020-07-12 00:00:00+00:00,9245.5,9368.4,9175.0,9315.8,1864.40441369
2020-07-13 00:00:00+00:00,9320.2,9350.0,9220.0,9252.0,1927.22488926
2020-07-14 00:00:00+00:00,9251.6,9287.3,9107.0,9263.4,2196.282437
2020-07-15 00:00:00+00:00,9263.7914,9280.0,9179.0,9210.1,897.57903844
2020-07-16 00:00:00+00:00,9210.1,9227.2,9026.6,9149.6,2873.49133989
2020-07-17 00:00:00+00:00,9149.6,9194.0,9102.1,9167.32861157,1064.21015788
2020-07-18 00:00:00+00:00,9167.32861157,9217.1,9120.1,9189.1,1172.10272826
2020-07-19 00:00:00+00:00,9189.1,9299.0,9111.8,9231.2,1440.22632243
2020-07-20 00:00:00+00:00,9231.2,9238.2,9154.5,9179.2,1402.35976776
2020-07-21 00:00:00+00:00,9179.2,9457.2,9174.4179114,9402.0,5398.71585906
2020-07-22 00:00:00+00:00,9402.1,9642.4,9305.0,9557.7,4152.34741625
2020-07-23 00:00:00+00:00,9557.7,9685.43228684,9475.0,9615.0,4698.40697756
2020-07-24 00:00:00+00:00,9615.0,9644.0,9469.65964973,9559.1,2262.02669659
2020-07-25 00:00:00+00:00,9559.00520597,9754.5,9555.5,9714.89020414,2562.7864653
2020-07-26 00:00:00+00:00,9714.9,10190.0,9674.8,9948.4,8945.66976492
2020-07-27 00:00:00+00:00,9948.4,11379.0,9944.9,11043.96287976,21575.30615722
2020-07-28 00:00:00+00:00,11044.32215834,11263.0,10590.0,10932.0,9878.58905271
2020-07-29 00:00:00+00:00,10931.55841463,11355.0,10851.0,11117.0,8823.29419803
2020-07-30 00:00:00+00:00,11117.39512086,11189.20867739,10855.80732708,11123.0,4251.00604941
2020-07-31 00:00:00+00:00,11122.78517118,11440.0,10990.0,11350.0,5830.1458832
2020-08-01 00:00:00+00:00,11350.0,11843.0,11227.0,11804.7440126,10574.54259436
2020-08-02 00:00:00+00:00,11805.0,12097.0,10548.0,11053.77256233,13217.6364586
2020-08-03 00:00:00+00:00,11058.83877657,11456.0,10943.0,11226.52172839,4085.5068594
2020-08-04 00:00:00+00:00,11226.99217374,11396.0,11003.0,11184.0,3256.06346449
2020-08-05 00:00:00+00:00,11187.0,11800.0,11085.0,11735.81391634,5786.68941182
2020-08-06 00:00:00+00:00,11735.93261188,11890.0,11557.0,11759.0,3901.71404458
2020-08-07 00:00:00+00:00,11759.0,11900.0,11326.0,11580.04081238,5093.55309175
2020-08-08 00:00:00+00:00,11580.04081238,11796.0,11523.0,11764.0,1874.37849071
2020-08-09 00:00:00+00:00,11763.0,11788.0,11530.0,11675.32006989,1571.87081403
2020-08-10 00:00:00+00:00,11675.32006989,12065.0,11450.0,11892.0,6575.26897597
2020-08-11 00:00:00+00:00,11893.0,11943.0,11123.0,11379.0,7105.92315064
2020-08-12 00:00:00+00:00,11379.0,11613.97869844,11100.0,11583.0,4309.29975682
2020-08-13 00:00:00+00:00,11583.0,11822.0,11279.0,11792.46007598,5779.6932746
2020-08-14 00:00:00+00:00,11793.16904862,11869.0,11650.03890904,11761.0,4652.45752198
2020-08-15 00:00:00+00:00,11762.0,11997.0,11705.0,11873.41825354,4038.10832313
2020-08-16 00:00:00+00:00,11873.41825354,11944.0,11705.0,11925.0,2717.98718733
2020-08-17 00:00:00+00:00,11924.02573127,12490.0,11675.0,12300.0,10122.6714163
2020-08-18 00:00:00+00:00,12303.0,12405.0,11814.0,11961.83967646,7179.55648352
2020-08-19 00:00:00+00:00,11961.83967646,12025.25974,11608.59604692,11778.0,6287.195758
2020-08-20 00:00:00+00:00,11778.02622206,11902.0,11680.0,11884.677714,2734.22904121
2020-08-21 00:00:00+00:00,11884.677714,11899.0,11500.0,11531.0,6102.59595826
2020-08-22 00:00:00+00:00,11527.0,11703.0,11390.0,11685.0,3458.466714
2020-08-23 00:00:00+00:00,11683.0,11736.0,11538.0,11663.0,1929.78739306
2020-08-24 00:00:00+00:00,11663.0,11847.0,11605.0,11768.0,1987.28075227
2020-08-25 00:00:00+00:00,11765.0,11778.0,11137.0,11341.4006669,6158.91793348
2020-08-26 00:00:00+00:00,11341.0,11546.0,11219.88888,11471.10096,2484.87645848
2020-08-27 00:00:00+00:00,11472.0,11609.0,11145.0,11343.0,4811.07166836
2020-08-28 00:00:00+00:00,11343.0,11567.0,11303.0,11545.0,2024.55122551
2020-08-29 00:00:00+00:00,11544.621284,11606.34239887,11450.0,11492.0,1520.98782067
2020-08-30 00:00:00+00:00,11492.0,11730.0,11480.0,11730.0,2102.9568569
2020-08-31 00:00:00+00:00,11729.89978204,11790.0,11600.0,11671.0,2242.98394163
2020-09-01 00:00:00+00:00,11671.23323392,12067.0,11552.0,11942.0,5020.38142016
2020-09-02 00:00:00+00:00,11942.89423579,11975.0,11183.0,11408.0,6191.79985751
2020-09-03 00:00:00+00:00,11400.841462,11460.98620262,9990.9,10170.0,15884.01270037
2020-09-04 00:00:00+00:00,10166.13513,10644.0,9965.7,10484.74763252,13589.50529482
2020-09-05 00:00:00+00:00,10484.07051575,10593.0,9925.5,10196.86489828,8507.11405664
2020-09-06 00:00:00+00:00,10197.0,10365.07422046,10031.0,10276.0,2755.66300115
2020-09-07 00:00:00+00:00,10275.9676,10430.0,9913.8,10397.0,6301.95149206
2020-09-08 00:00:00+00:00,10400.0,10464.0,9882.4,10148.0,6761.1383562
2020-09-09 00:00:00+00:00,10150.0,10359.0,10010.0,10240.0,2406.14739791
2020-09-10 00:00:00+00:00,10241.0,10516.0,10233.0879672,10355.0,3553.97517835
2020-09-11 00:00:00+00:00,10354.0,10438.0,10197.0,10405.0,2468.47916195
2020-09-12 00:00:00+00:00,10404.94752176,10492.0,10287.0,10458.0,1434.15294838
2020-09-13 00:00:00+00:00,10459.0,10623.0,10231.0,10331.0,4044.98562654
2020-09-14 00:00:00+00:00,10331.0,10773.0,10259.0,10690.0,3687.51051542
2020-09-15 00:00:00+00:00,10689.93207785,10944.0,10645.0,10797.0,4990.20947654
2020-09-16 00:00:00+00:00,10797.99361605,11104.97665904,10682.0,10971.25116264,4798.73427717
2020-09-17 00:00:00+00:00,10971.45422468,11069.17646505,10765.936272,10959.0,2515.82301027
2020-09-18 00:00:00+00:00,10959.0,11064.0,10825.0,10957.17348137,2255.78236859
2020-09-19 00:00:00+00:00,10957.05507792,11185.0,10920.0,11098.0,2467.83027967
2020-09-20 00:00:00+00:00,11098.0,11098.0,10779.0,10934.54183144,1818.9312364
2020-09-21 00:00:00+00:00,10935.0,11000.0,10321.0,10435.0,6012.77245251
2020-09-22 00:00:00+00:00,10435.0,10597.0,10377.0,10549.0,2412.76234461
2020-09-23 00:00:00+00:00,10549.621726,10555.0,10152.0,10263.0,3093.16299583
2020-09-24 00:00:00+00:00,10266.0,10842.0,10222.0,10754.0,3195.72207711
2020-09-25 00:00:00+00:00,10752.0,10774.0,10580.0,10708.0,2351.64280732
2020-09-26 00:00:00+00:00,10708.0,10841.0,10675.0,10750.0,940.11544811
2020-09-27 00:00:00+00:00,10750.90937072,10824.0,10594.0,10803.0,1754.82101234
2020-09-28 00:00:00+00:00,10804.0,10986.0,10656.20638633,10714.0,3793.66453162
2020-09-29 00:00:00+00:00,10713.0,10889.0,10654.0,10856.0,1793.01665211
2020-09-30 00:00:00+00:00,10857.0,10866.00570211,10684.0,10795.0,1504.4129717600001
2020-10-01 00:00:00+00:00,10797.0,10975.126364,10460.0,10634.0,5682.15324545
2020-10-02 00:00:00+00:00,10633.0,10686.0,10391.0,10586.0,3737.41568792
2020-10-03 00:00:00+00:00,10586.0,10616.0,10513.0,10558.58697865,833.97060122
2020-10-04 00:00:00+00:00,10558.00112605,10713.0,10541.0,10687.0,1628.85480833
2020-10-05 00:00:00+00:00,10687.0,10816.0,10637.0,10807.0,1783.47952643
2020-10-06 00:00:00+00:00,10807.0,10819.959108,10548.0,10613.705256,3219.16847587
2020-10-07 00:00:00+00:00,10613.0,10691.0,10563.0,10687.0,1669.91903423
2020-10-08 00:00:00+00:00,10687.32291769,10971.0,10541.0,10943.0,3641.24246027
2020-10-09 00:00:00+00:00,10942.901982,11133.99746703,10853.1165156,11071.0,2570.0680234
2020-10-10 00:00:00+00:00,11071.0,11505.0,11071.0,11308.0,4168.69088477
2020-10-11 00:00:00+00:00,11308.0,11451.0,11279.45650736,11385.0,1478.2348888
2020-10-12 00:00:00+00:00,11384.0,11739.97398,11111.0,11560.0,6368.14562071
2020-10-13 00:00:00+00:00,11560.0,11574.90850243,11333.0,11442.0,3905.22148627
2020-10-14 00:00:00+00:00,11442.72553612,11564.0,11309.0,11440.0,2693.05607564
2020-10-15 00:00:00+00:00,11440.0,11632.0,11277.0,11509.0,4263.98661429
2020-10-16 00:00:00+00:00,11511.9497064,11547.0,11212.0,11325.0,3461.9219345
2020-10-17 00:00:00+00:00,11324.8837331,11418.0,11275.0,11375.0,1037.69350326
2020-10-18 00:00:00+00:00,11376.0,11520.0,11364.93369218,11518.0,1321.88045131
2020-10-19 00:00:00+00:00,11517.0,11828.0,11417.0,11757.0,3767.98031874
2020-10-20 00:00:00+00:00,11757.0,12044.0,11696.0,11925.0,5422.99322297
2020-10-21 00:00:00+00:00,11924.12565284,13220.0,11910.0,12810.0,15400.96625616
2020-10-22 00:00:00+00:00,12811.0,13188.0,12710.0,12988.0,6090.19951202
2020-10-23 00:00:00+00:00,12982.0,13032.0,12738.0,12935.0,2904.13203062
2020-10-24 00:00:00+00:00,12930.56664423,13178.0,12882.0,13127.03663502,1971.8904909
2020-10-25 00:00:00+00:00,13127.0,13358.0,12850.0,13037.0,3631.47386568
2020-10-26 00:00:00+00:00,13036.0,13244.0,12781.0,13059.0,3675.05916084
2020-10-27 00:00:00+00:00,13059.0,13769.0,13054.0,13626.0,8976.07060578
2020-10-28 00:00:00+00:00,13626.0,13839.0,12915.0,13267.0,7113.94802481
2020-10-29 00:00:00+00:00,13266.0,13629.0,12972.0,13451.0,4074.37347985
2020-10-30 00:00:00+00:00,13450.0,13673.0,13120.0,13568.0,4659.29588008
2020-10-31 00:00:00+00:00,13567.94596627,14055.0,13425.0,13788.0,8953.45758111
2020-11-01 00:00:00+00:00,13778.27705844,13892.0,13611.0,13756.0,3107.60188947
2020-11-02 00:00:00+00:00,13755.0,13836.0,13207.0,13562.0,6586.08653832
2020-11-03 00:00:00+00:00,13560.0,14066.0,13301.0,14029.5896356,5811.86187544
2020-11-04 00:00:00+00:00,14029.5896356,14245.0,13530.0,14149.0,10098.33576646
2020-11-05 00:00:00+00:00,14152.0,15723.55678179,14104.36241552,15568.0,15897.90693691
2020-11-06 00:00:00+00:00,15568.0,15888.0,15179.0,15572.88385495,12097.89054039
2020-11-07 00:00:00+00:00,15573.0,15740.0,14411.0,14845.0,14370.83426036
2020-11-08 00:00:00+00:00,14849.0,15650.0,14755.0,15500.0,6475.28259478
2020-11-09 00:00:00+00:00,15501.0,15844.0,14841.0,15334.52194598,8947.1113553
2020-11-10 00:00:00+00:00,15336.88653372,15474.0,15077.0,15311.53062117,3741.90497043
2020-11-11 00:00:00+00:00,15311.53062117,15981.0,15292.0,15709.3042176,6940.97705853
2020-11-12 00:00:00+00:00,15709.0,16325.0,15453.0,16296.18794388,12299.29569523
2020-11-13 00:00:00+00:00,16296.0,16481.0,15974.0,16308.5948109,7699.72967138
2020-11-14 00:00:00+00:00,16308.5948109,16315.0,15715.0,16057.0,5090.22982759
2020-11-15 00:00:00+00:00,16058.519784,16151.0,15794.0,15965.0,2564.5596865
2020-11-16 00:00:00+00:00,15965.0,16872.0,15874.0,16719.0,6522.24231834
2020-11-17 00:00:00+00:00,16719.0,17815.0,16535.0,17674.87558,12211.61192244
2020-11-18 00:00:00+00:00,17674.53552004,18450.0,17119.0,17774.0,17517.60930774
2020-11-19 00:00:00+00:00,17774.0,18166.0,17344.0,17818.0,5575.43345482
2020-11-20 00:00:00+00:00,17813.0,18810.0,17753.0,18660.0,7974.20959348
2020-11-21 00:00:00+00:00,18659.98826325,18945.0,18323.0,18659.98826325,6619.77912017
2020-11-22 00:00:00+00:00,18659.98826325,18732.0,17645.0,18392.0,9098.86083786
2020-11-23 00:00:00+00:00,18390.0,18724.0,18003.0,18372.0,8765.27184524
2020-11-24 00:00:00+00:00,18364.0,19400.0,18130.0,19131.0,14937.35456899
2020-11-25 00:00:00+00:00,19133.654712,19497.0,18500.0,18727.0,13477.60483221
2020-11-26 00:00:00+00:00,18726.475677,18908.0,16317.0,17211.69580098,34343.56146402
2020-11-27 00:00:00+00:00,17213.0,17531.0,16501.0,17171.0,11217.91209845
2020-11-28 00:00:00+00:00,17171.0,17910.0,16925.0,17746.0,5750.22634211
2020-11-29 00:00:00+00:00,17746.0,18344.0,17556.0,18195.987488,3986.26608474
2020-11-30 00:00:00+00:00,18196.0,19844.0,18196.0,19696.272384,14947.01505414
2020-12-01 00:00:00+00:00,19697.0,19956.0,18279.0,18814.0,21947.30653528
2020-12-02 00:00:00+00:00,18818.027865,19344.0,18361.0,19241.0,7634.3491635
2020-12-03 00:00:00+00:00,19229.12373562,19628.0,18900.0,19449.0,5251.01732623
2020-12-04 00:00:00+00:00,19449.0,19550.0,18600.0,18652.0,8654.05198704
2020-12-05 00:00:00+00:00,18652.0,19182.0,18498.0,19159.0,3664.40593767
2020-12-06 00:00:00+00:00,19159.0,19463.0,18905.0,19410.0,4333.67926426
2020-12-07 00:00:00+00:00,19410.03147,19460.0,18925.0,19196.06786536,2285.63253019
2020-12-08 00:00:00+00:00,19196.0,19322.0,18271.0,18329.0,9623.14888923
2020-12-09 00:00:00+00:00,18329.0,18630.0,17742.0,18558.0,9767.76617124
2020-12-10 00:00:00+00:00,18558.0,18568.0,17935.0,18260.0,3655.53727913
2020-12-11 00:00:00+00:00,18263.0,18299.0,17629.0,18049.91181686,6573.35890074
2020-12-12 00:00:00+00:00,18050.0,18944.0,18049.91181686,18818.0,3683.18295895
2020-12-13 00:00:00+00:00,18818.0,19416.0,18720.6972317,19180.0,4831.24752681
2020-12-14 00:00:00+00:00,19180.0,19350.0,19008.31354812,19282.0,2534.66419808
2020-12-15 00:00:00+00:00,19282.0,19607.0,19070.0,19459.0,6927.28565056
2020-12-16 00:00:00+00:00,19459.0,21444.0,19317.800536,21318.0,21075.87728373
2020-12-17 00:00:00+00:00,21318.0,23630.0,21197.0,22786.0,22872.76691971
2020-12-18 00:00:00+00:00,22791.0,23287.0,22362.0,23124.0,7283.12188767
2020-12-19 00:00:00+00:00,23124.0,24123.0,22768.0,23808.0,9672.76187725
2020-12-20 00:00:00+00:00,23801.0,24244.0,23101.0,23427.0,9599.06945336
2020-12-21 00:00:00+00:00,23427.0,24077.0,21884.0,22712.281776,14183.57832359
2020-12-22 00:00:00+00:00,22712.281776,23812.0,22348.0,23805.89700325,7416.0651705
2020-12-23 00:00:00+00:00,23804.0,24144.0,22655.0,23208.0,12077.5823542
2020-12-24 00:00:00+00:00,23207.87492762,23790.0,22701.0,23743.467132,4754.89447434
2020-12-25 00:00:00+00:00,23743.467132,24802.0,22855.0,24720.0882,13780.78834019
2020-12-26 00:00:00+00:00,24720.0882,26723.0,24489.0,26413.0,13149.6035219
2020-12-27 00:00:00+00:00,26423.0,28244.0,25813.0,26241.0,17956.95047706
2020-12-28 00:00:00+00:00,26242.0,27442.0,26068.0657198,27053.0,7601.6736102
2020-12-29 00:00:00+00:00,27044.0,27329.0,25859.0,27316.0,8915.79570495
2020-12-30 00:00:00+00:00,27312.0,28977.0,27312.0,28880.0,10509.15264706
2020-12-31 00:00:00+00:00,28886.8252941,29286.0,27557.0,28938.521869,12225.25361439
2021-01-01 00:00:00+00:00,28939.0,29620.0,28716.0,29349.0,8332.17329653
2021-01-02 00:00:00+00:00,29349.83250154,33292.0,29000.0,32183.0,22012.92431526
2021-01-03 00:00:00+00:00,32185.0,34873.0,31975.0,32968.0,18908.90248876
2021-01-04 00:00:00+00:00,32990.0,33593.61627648,28540.0,31990.0,24687.17352109
2021-01-05 00:00:00+00:00,31991.0,34493.0,29861.0,33985.0,14483.02450249
2021-01-06 00:00:00+00:00,33978.0,36932.0,33335.0,36760.0,18619.39156055
2021-01-07 00:00:00+00:00,36791.0,40383.3509214,36123.590728,39401.0,22112.80551057
2021-01-08 00:00:00+00:00,39387.0,41969.0,36555.0,40509.0,21785.71626803
2021-01-09 00:00:00+00:00,40500.0,41399.0,38700.0,40168.0,8173.60836859
2021-01-10 00:00:00+00:00,40170.0,41399.0,35260.0,38200.0,19011.73685638
2021-01-11 00:00:00+00:00,38200.0,38277.0,30635.0,35408.0,48042.44420537
2021-01-12 00:00:00+00:00,35410.0,36656.0,32427.0,34123.0,22176.95211648
2021-01-13 00:00:00+00:00,34104.0,37776.0,32436.0,37358.07975004,14887.62558258
2021-01-14 00:00:00+00:00,37368.0,40001.0,36666.0,39136.0,12967.86884021
2021-01-15 00:00:00+00:00,39147.32923992,39701.0,34500.0,36741.0,15551.34410823
2021-01-16 00:00:00+00:00,36741.0,37997.0,35418.0,36041.0,10842.65506249
2021-01-17 00:00:00+00:00,36037.0,36928.0,33868.0,35900.0,9847.25162068
2021-01-18 00:00:00+00:00,35901.0,37555.0,34842.0,36699.0,8414.95402598
2021-01-19 00:00:00+00:00,36685.0,37936.5743351,35863.0,35890.0,9648.58184083
2021-01-20 00:00:00+00:00,35888.0,36422.0,33303.0,35516.0,14141.72101255
2021-01-21 00:00:00+00:00,35510.0,35616.0,30196.0,30872.0,22357.47974563
2021-01-22 00:00:00+00:00,30890.60960271,33850.0,28989.0,33058.0,15720.12650751
2021-01-23 00:00:00+00:00,33027.0,33554.0,31439.4275088,32099.0,7065.12704773
2021-01-24 00:00:00+00:00,32099.0,33174.0,31011.0,32320.0,5887.71106024
2021-01-25 00:00:00+00:00,32327.0,34918.0,31966.0,32285.0,9230.4487765
2021-01-26 00:00:00+00:00,32252.0,32971.0,30867.0338669,32519.0,8540.41106666
2021-01-27 00:00:00+00:00,32518.32570147,32596.0,29283.0,30421.23654981,14786.66598682
2021-01-28 00:00:00+00:00,30421.23654981,33800.0,29918.0,33373.0,9170.13127825
2021-01-29 00:00:00+00:00,33374.0,38710.69632264,31987.0,34253.0,28642.05232388
2021-01-30 00:00:00+00:00,34284.0,34929.0,32827.0,34341.0,7290.52856597
2021-01-31 00:00:00+00:00,34333.0,34407.005674,32228.0,33138.0,5823.93157617
2021-02-01 00:00:00+00:00,33117.79931925,34707.0,32333.0,33566.0,5300.53662691
2021-02-02 00:00:00+00:00,33569.0,36053.96796779,33500.0,35577.0,7006.15684092
2021-02-03 00:00:00+00:00,35576.0,37677.35566244,35471.0,37667.0,8806.86324689
2021-02-04 00:00:00+00:00,37667.0,38750.0,36222.0,36951.548313,6419.65493792
2021-02-05 00:00:00+00:00,36945.0,38366.0,36571.55235544,38260.0,4479.82317969
2021-02-06 00:00:00+00:00,38260.8799317,40985.0,38205.0,39234.0,10181.01728877
2021-02-07 00:00:00+00:00,39237.0,39725.7155421,37350.0,38837.0,7627.57627436
2021-02-08 00:00:00+00:00,38841.0,46666.0,37947.0,46444.0,24788.66402363
2021-02-09 00:00:00+00:00,46444.0,48277.0,45060.0,46488.0,15903.02396636
2021-02-10 00:00:00+00:00,46485.10574522,47383.0,43777.0,44841.0,10019.14961979
2021-02-11 00:00:00+00:00,44840.0,48598.0,43917.41935602,48008.0,10300.37521835
2021-02-12 00:00:00+00:00,48001.0,48945.0,45851.95356552,47397.0,10789.29878402
2021-02-13 00:00:00+00:00,47365.0,48209.0,46255.0,47177.0,5225.25062786
2021-02-14 00:00:00+00:00,47177.86105756,49659.0,47030.0,48584.0,7337.59067269
2021-02-15 00:00:00+00:00,48597.0,48959.0,45730.50181348,47906.0,9883.3531079
2021-02-16 00:00:00+00:00,47934.0,50490.0,47046.0,49203.0,13040.83159243
2021-02-17 00:00:00+00:00,49182.0,52577.0,49000.0,52116.0,9211.03215371
2021-02-18 00:00:00+00:00,52110.0,52539.0,50863.0,51566.0,5869.73416942
2021-02-19 00:00:00+00:00,51566.0,56342.0,50755.0,55866.0,11805.88360583
2021-02-20 00:00:00+00:00,55866.0,57485.0,54000.0,55777.0,11637.99217592
2021-02-21 00:00:00+00:00,55787.0,58321.24403166,55386.0,57376.0,6687.40294944
2021-02-22 00:00:00+00:00,57374.0,57449.0,48255.0,54075.0,27309.72539386
2021-02-23 00:00:00+00:00,54070.36217422,54138.0,45000.0,48874.0,32599.17021217
2021-02-24 00:00:00+00:00,48882.0,51354.46137096,46902.0,49716.0,12002.72597091
2021-02-25 00:00:00+00:00,49715.0,52189.0,46750.0,47162.0,9556.04333353
2021-02-26 00:00:00+00:00,47155.0,48441.0,44027.0,46318.0,22325.37321813
2021-02-27 00:00:00+00:00,46270.0,48407.0,45100.0,46238.0,7603.9662875
2021-02-28 00:00:00+00:00,46199.0,46703.0,43171.0,45300.0,13547.51881422
2021-03-01 00:00:00+00:00,45284.744486,49743.0,45100.0,49580.0,9420.85602057
2021-03-02 00:00:00+00:00,49580.0,50148.0,47158.0,48536.0,8374.91331046
2021-03-03 00:00:00+00:00,48511.0,52567.0,48183.35073552,50408.0,8603.3335126
2021-03-04 00:00:00+00:00,50409.0,51777.0,47603.0,48388.0,9558.92312432
2021-03-05 00:00:00+00:00,48389.0,49489.0,46417.0,48830.0,9417.0854656
2021-03-06 00:00:00+00:00,48826.0,49238.0,47159.0,48860.0,4206.13760617
2021-03-07 00:00:00+00:00,48895.0,51442.0,48895.0,51000.0,5376.35975911
2021-03-08 00:00:00+00:00,51011.0,52444.0,49369.0,52399.0,6154.5042241
2021-03-09 00:00:00+00:00,52399.0,54955.30786704,51993.0,54955.30786704,8210.93786056
2021-03-10 00:00:00+00:00,54955.30786704,57444.0,53155.0,55985.0,10678.77471493
2021-03-11 00:00:00+00:00,55954.0,58266.0,54401.0,57877.0,8659.751263
2021-03-12 00:00:00+00:00,57876.0,58159.0,55183.0,57297.0,9562.35931509
2021-03-13 00:00:00+00:00,57293.0,61693.0,56130.0,61202.887014,13700.24118389
2021-03-14 00:00:00+00:00,61203.0,61699.0,59000.0,59000.0,6681.68651262
2021-03-15 00:00:00+00:00,59001.0,60575.0,54566.0,55688.0,14784.6861763
2021-03-16 00:00:00+00:00,55675.0,56925.0,53346.0,56924.0,10496.58810374
2021-03-17 00:00:00+00:00,56923.0,59128.0,54001.0,58849.0,11269.30169215
2021-03-18 00:00:00+00:00,58867.0,60190.0,57005.0,57640.0,7238.68855771
2021-03-19 00:00:00+00:00,57642.0,59480.0,56277.0,58049.62797928,6485.05192059
2021-03-20 00:00:00+00:00,58049.0,60000.0,57800.0,58079.0,6775.70608413
2021-03-21 00:00:00+00:00,58064.0,58584.0,55357.0,57366.0,8292.32536363
2021-03-22 00:00:00+00:00,57341.0,58525.0,53700.0,54070.0,8727.81396301
2021-03-23 00:00:00+00:00,54070.0,55822.3340788,52812.0,54336.79982848,6569.9505292
2021-03-24 00:00:00+00:00,54347.0,57212.0,51522.0,52328.0,14085.86185319
2021-03-25 00:00:00+00:00,52329.0,53116.0,50350.0,51358.0,11590.186720400001
2021-03-26 00:00:00+00:00,51357.31075738,55000.0,51300.0,54993.0,7713.45878203
2021-03-27 00:00:00+00:00,54982.0,56655.0,54010.0,55886.0,5176.81537774
2021-03-28 00:00:00+00:00,55881.0,56609.0,54800.0,55780.0,4212.6325115
2021-03-29 00:00:00+00:00,55783.0,58492.0,54831.0,57675.0,10118.10970035
2021-03-30 00:00:00+00:00,57675.0,59523.0,57135.0,58840.0,7874.44357216
2021-03-31 00:00:00+00:00,58837.0,59899.0,56826.0,58796.0,8119.05244424
2021-04-01 00:00:00+00:00,58792.502598,59483.0,57955.0,58724.0,4349.96920683
2021-04-02 00:00:00+00:00,58731.0,60190.0,58327.9868938,58959.0,6153.04780245
2021-04-03 00:00:00+00:00,58958.19519,59841.0,56872.0,57020.0,6634.13697965
2021-04-04 00:00:00+00:00,57029.0,58480.0,56500.0,58240.23918672,4971.95900593
2021-04-05 00:00:00+00:00,58241.0,59250.0,56850.0,59145.0,5595.23998949
2021-04-06 00:00:00+00:00,59145.0,59499.0,57401.0,57991.0,5616.70975216
2021-04-07 00:00:00+00:00,57994.0,58639.0,55555.0,55962.0,8848.715118
2021-04-08 00:00:00+00:00,55962.0,58155.0,55714.0,58110.0,4482.28759615
2021-04-09 00:00:00+00:00,58110.0,58880.0,57713.0,58134.0,3749.49369667
2021-04-10 00:00:00+00:00,58134.090643,61243.0,57900.0,59812.0,9794.54247946
2021-04-11 00:00:00+00:00,59817.0737853,60722.0,59308.0,60032.0,4646.58199812
2021-04-12 00:00:00+00:00,60033.0,61338.0,59492.0,59874.0,5497.92519522
2021-04-13 00:00:00+00:00,59887.0,63555.0,59859.0,63537.0,11265.90321334
2021-04-14 00:00:00+00:00,63519.0,64829.0,61306.0,62914.0,10927.53219657
2021-04-15 00:00:00+00:00,62909.0,63845.0,62000.0,63196.0,6613.84876353
2021-04-16 00:00:00+00:00,63208.0,63520.0,60005.0,61322.0,11538.75958436
2021-04-17 00:00:00+00:00,61321.0,62450.0,59662.0,59927.0,7020.45014113
2021-04-18 00:00:00+00:00,59945.0,60279.0,50500.0,56172.0,26325.19151257
2021-04-19 00:00:00+00:00,56171.0,57500.0,54256.0,55630.0,8568.76027831
2021-04-20 00:00:00+00:00,55619.0,57099.0,53337.0,56471.151714,8392.19394508
2021-04-21 00:00:00+00:00,56471.151714,56790.0,53609.0,53780.0,7107.56739743
2021-04-22 00:00:00+00:00,53779.81497994,55500.0,50575.0,51735.13722852,12687.09297783
2021-04-23 00:00:00+00:00,51741.0,52131.0,47560.0,51138.0,17250.31177119
2021-04-24 00:00:00+00:00,51138.0,51201.0,48852.0,50161.0,5980.24339471
2021-04-25 00:00:00+00:00,50149.0,50671.0,47112.0,49129.0,9599.12423279
2021-04-26 00:00:00+00:00,49129.093002,54387.0,48831.0,54102.0,11010.92227211
2021-04-27 00:00:00+00:00,54094.0,55437.0,53304.0,55044.0,7236.73001805
2021-04-28 00:00:00+00:00,55039.0,56432.0,53917.0,54859.0,5763.23982056
2021-04-29 00:00:00+00:00,54860.0,55222.0,52377.0,53566.0,7078.15938021
2021-04-30 00:00:00+00:00,53566.0,57794.0,53068.0,57630.0,7862.93930966
2021-05-01 00:00:00+00:00,57632.0,58326.0,57000.0,57774.0,4317.40333897
2021-05-02 00:00:00+00:00,57774.0,57900.0,56050.0,56605.0,4196.61876168
2021-05-03 00:00:00+00:00,56601.0,58945.0,56511.0,57147.0,7626.53143101
2021-05-04 00:00:00+00:00,57141.0,57166.0,53067.0,53251.0,10064.7382204
2021-05-05 00:00:00+00:00,53251.0,57898.0,52960.0,57487.0,7664.90204204
2021-05-06 00:00:00+00:00,57486.600444,58343.0,55282.0,56450.0,10438.6808718
2021-05-07 00:00:00+00:00,56451.0,58635.0,55300.0,57349.0,6934.44521985
2021-05-08 00:00:00+00:00,57342.0,59450.0,56939.0,58897.0,7608.94107951
2021-05-09 00:00:00+00:00,58892.0,59236.51695169,56255.0,58276.0,8479.62978766
2021-05-10 00:00:00+00:00,58286.86932662,59589.77113765,53844.0,55829.62510011,13489.55204328
2021-05-11 00:00:00+00:00,55831.0,56870.0,54138.73738416,56721.504604,7688.85967329
2021-05-12 00:00:00+00:00,56717.0,58000.0,48611.0,49614.0,14974.04325046
2021-05-13 00:00:00+00:00,49580.54694147,51333.0,46601.04807999,49750.64971553,21164.53785615
2021-05-14 00:00:00+00:00,49749.0,51512.0,48877.0,49924.0,6047.86562313
2021-05-15 00:00:00+00:00,49923.30794743,50737.0,46644.0,46844.0,9488.63031256
2021-05-16 00:00:00+00:00,46844.0,49870.0,44021.0,46597.0,19068.73307652
2021-05-17 00:00:00+00:00,46587.61320955,46796.0,42128.0,43534.0,37724.17277308
2021-05-18 00:00:00+00:00,43540.0,45800.0,42316.0,42900.0,10722.25475753
2021-05-19 00:00:00+00:00,42898.48904022,43600.0,29563.0,36733.0,67822.90369973
2021-05-20 00:00:00+00:00,36733.7221572,42300.0,34985.0,40561.45427722,25609.77075366
2021-05-21 00:00:00+00:00,40590.0,42298.12038263,33552.0,37391.38484175,23314.10677312
2021-05-22 00:00:00+00:00,37382.8588411,38956.0,35372.0,37557.0,13560.86390045
2021-05-23 00:00:00+00:00,37575.0,38384.0,31230.0,34747.0,25993.68281756
2021-05-24 00:00:00+00:00,34747.0,39966.0,34500.0,38845.0,15130.10979968
2021-05-25 00:00:00+00:00,38851.0,39829.42639126,36455.0,38396.84796617,7767.09873381
2021-05-26 00:00:00+00:00,38374.0,40884.0,37851.57741397,39301.0,8610.0489885
2021-05-27 00:00:00+00:00,39303.0,40500.0,37221.0,38537.0,5553.45223538
2021-05-28 00:00:00+00:00,38537.03617907,38889.0,34721.0,35661.0,10219.44336646
2021-05-29 00:00:00+00:00,35660.87052767,37381.0,33617.0,34574.0,7764.29614375
2021-05-30 00:00:00+00:00,34587.39808387,36419.0,33367.0,35614.0,6023.23138825
2021-05-31 00:00:00+00:00,35609.0,37533.0,34160.0,37280.0,5975.66399021
2021-06-01 00:00:00+00:00,37279.80893714,37888.0,35659.0,36673.0,5285.24979943
2021-06-02 00:00:00+00:00,36673.0,38222.0,35933.0,37577.0,3971.3631918
2021-06-03 00:00:00+00:00,37582.37086374,39482.0,37179.0,39226.0,5754.82660087
2021-06-04 00:00:00+00:00,39225.5146501,39275.0,35586.0,36844.0,5930.6043095
2021-06-05 00:00:00+00:00,36844.0,37924.0,34822.56648447,35535.0,6587.55671725
2021-06-06 00:00:00+00:00,35542.0,36475.0,35218.0,35780.0,6511.51024696
2021-06-07 00:00:00+00:00,35781.0,36784.0,33338.0,33572.0,9968.48725917
2021-06-08 00:00:00+00:00,33572.0,34052.0,31075.0,33402.0,12924.76236892
2021-06-09 00:00:00+00:00,33416.0,37499.0,32469.0,37368.0,26973.62262831
2021-06-10 00:00:00+00:00,37369.0,38337.0,35816.0,36663.0,9567.09934063
2021-06-11 00:00:00+00:00,36680.0,37650.0,35929.0,37338.0,6418.07433814
2021-06-12 00:00:00+00:00,37338.0,37461.34593121,34630.0,35564.0,7376.45612843
2021-06-13 00:00:00+00:00,35563.58742345,39374.0,34800.0,38998.89297611,8988.67868533
2021-06-14 00:00:00+00:00,38998.89297611,40980.0,38732.0,40509.0,9731.06977982
2021-06-15 00:00:00+00:00,40509.0,41273.0,39445.88757188,40137.0,7778.80135235
2021-06-16 00:00:00+00:00,40143.0,40460.0,38121.0,38346.0,6793.28237412
2021-06-17 00:00:00+00:00,38345.0,39519.0,37387.0,38073.0,3538.41950541
2021-06-18 00:00:00+00:00,38074.0,38184.09866908,35137.0,35845.0,11421.09881367
2021-06-19 00:00:00+00:00,35846.0,36447.0,34819.0,35570.0,11566.12771476
2021-06-20 00:00:00+00:00,35569.32875053,36226.37661535,33411.0,35631.0,16930.79811428
2021-06-21 00:00:00+00:00,35653.0,35832.0,31368.0,31726.38731597,23452.31240008
2021-06-22 00:00:00+00:00,31723.19669106,33368.0,29247.0,32572.0,26870.65821748
2021-06-23 00:00:00+00:00,32572.01808243,34778.0,31790.0,33691.0,9140.06884437
2021-06-24 00:00:00+00:00,33697.29590169,35290.0,32343.0,34665.0,4855.77342689
2021-06-25 00:00:00+00:00,34657.0,35495.0,31264.0,31584.73244514,37671.79179745
2021-06-26 00:00:00+00:00,31584.0,32661.0,30206.0,32355.66423628,20535.69988072
2021-06-27 00:00:00+00:00,32348.0,34794.0,32066.0,34744.0,28712.64630214
2021-06-28 00:00:00+00:00,34743.0,35319.0,33897.0,34494.48338075,6177.1561275
2021-06-29 00:00:00+00:00,34494.8423285,36600.0,34226.75253341,35922.41743186,5513.63982321
2021-06-30 00:00:00+00:00,35918.54133667,36099.0,34428.0,35063.0,3427.10290339
2021-07-01 00:00:00+00:00,35062.0,35069.0,32720.0,33554.42277399,5722.89579504
2021-07-02 00:00:00+00:00,33519.46744936,33983.0,32700.0,33816.0,5145.43992128
2021-07-03 00:00:00+00:00,33818.0,34948.0,33350.0,34682.0,2966.6296858700002
2021-07-04 00:00:00+00:00,34689.0,35950.0,34376.0,35276.0,2929.58930746
2021-07-05 00:00:00+00:00,35278.0,35280.0,33126.0,33672.36648837,7716.38162798
2021-07-06 00:00:00+00:00,33670.52239391,35196.0,33555.0,34255.0,8884.85239912
2021-07-07 00:00:00+00:00,34255.06205944,35091.0,33810.0,33889.0,3505.92095505
2021-07-08 00:00:00+00:00,33886.0,33939.0,32063.0,32857.0,14292.40321891
2021-07-09 00:00:00+00:00,32846.0,34059.0,32237.0,33769.0,6664.27000282
2021-07-10 00:00:00+00:00,33768.0,34242.0,33011.0,33505.02923001,6458.84199398
2021-07-11 00:00:00+00:00,33503.0,34590.0,33316.0,34244.0,2151.71226321
2021-07-12 00:00:00+00:00,34249.0,34655.0,32600.0,33078.0,8408.60405576
2021-07-13 00:00:00+00:00,33077.77262412,33337.0,32190.0,32730.0,4024.86829598
2021-07-14 00:00:00+00:00,32729.0,33128.0,31588.0,32822.6431619,5192.51154704
2021-07-15 00:00:00+00:00,32821.0,33200.0,31150.0,31890.0,6956.82713686
2021-07-16 00:00:00+00:00,31893.73824538,32271.0,31044.0,31428.0,5381.86055053
2021-07-17 00:00:00+00:00,31427.0,32000.0,31210.0,31560.0,13707.6449802
2021-07-18 00:00:00+00:00,31559.0,32453.0,31111.0,31820.0,12411.32229435
2021-07-19 00:00:00+00:00,31820.47850988,31928.0,30500.0,30865.0,12799.72672555
2021-07-20 00:00:00+00:00,30866.0,31079.0,29313.0,29809.0,8878.01430299
2021-07-21 00:00:00+00:00,29814.0,32850.0,29523.0,32154.0,8258.16378035
2021-07-22 00:00:00+00:00,32154.0,32610.0,31735.0,32320.0,5232.65508671
2021-07-23 00:00:00+00:00,32320.26010235,33650.0,32020.0,33650.0,3969.34091098
2021-07-24 00:00:00+00:00,33650.0,34527.0,33422.0,34279.0,2363.25627786
2021-07-25 00:00:00+00:00,34288.0,35444.0,33886.0,35415.0,2780.99539445
2021-07-26 00:00:00+00:00,35413.0,40595.0,35233.0,37270.0,16314.03215706
2021-07-27 00:00:00+00:00,37265.93349564,39589.0,36418.0,39500.0,6065.62663319
2021-07-28 00:00:00+00:00,39490.0,40900.0,38803.0,40017.0,7979.49858787
2021-07-29 00:00:00+00:00,40017.0,40623.0,39272.0,40036.0612375,4069.31891192
2021-07-30 00:00:00+00:00,40040.0,42299.15230804,38343.0,42214.50801313,7767.16038596
2021-07-31 00:00:00+00:00,42196.27398595,42398.0,41051.0,41439.0,5088.76468188
2021-08-01 00:00:00+00:00,41440.0,42532.0,39493.0,39867.0,9115.11351414
2021-08-02 00:00:00+00:00,39873.0,40449.0,38716.0,39149.45625755,4618.93627624
2021-08-03 00:00:00+00:00,39154.0,39781.0,37663.0,38217.0,5077.45312921
2021-08-04 00:00:00+00:00,38219.0,39965.0,37519.81411605,39743.0,3672.78575181
2021-08-05 00:00:00+00:00,39738.0,41352.0,37318.0,40887.0,6434.95199694
2021-08-06 00:00:00+00:00,40890.0,43385.0,39900.0,42854.0,6460.98161832
2021-08-07 00:00:00+00:00,42853.0,44698.0,42380.0,44568.0,9322.06034866
2021-08-08 00:00:00+00:00,44569.0,45250.0,43300.0,43793.0,8165.75675033
2021-08-09 00:00:00+00:00,43782.46903142,46438.0,42790.0,46282.21851123,10722.72040786
2021-08-10 00:00:00+00:00,46280.02549592,46695.0,44635.0,45612.0,6365.38106569
2021-08-11 00:00:00+00:00,45611.0,46727.0,45341.0,45531.0,4328.6620148
2021-08-12 00:00:00+00:00,45530.0,46186.0,43786.0,44424.0,5644.83560922
2021-08-13 00:00:00+00:00,44413.0,47967.0,44266.0,47835.0,7388.50507048
2021-08-14 00:00:00+00:00,47836.0,48141.0,45935.0,47084.0,4351.87608984
2021-08-15 00:00:00+00:00,47084.0,47369.0,45471.0,47022.0,3831.34677895
2021-08-16 00:00:00+00:00,47023.0,48069.0,45689.0,45937.0,6060.28446566
2021-08-17 00:00:00+00:00,45932.90307576,47167.0,44441.0,44695.0,6933.22477027
2021-08-18 00:00:00+00:00,44692.0,46010.0,44266.0,44721.0,5817.45990543
2021-08-19 00:00:00+00:00,44721.0,47061.0,43992.0,46765.0,5965.52722671
2021-08-20 00:00:00+00:00,46766.0,49400.0,46647.0,49330.49713104,6045.10873868
2021-08-21 00:00:00+00:00,49333.0,49788.0,48219.0,48837.0,3921.98404792
2021-08-22 00:00:00+00:00,48835.0,49488.0,48075.0,49266.0,2746.27406057
2021-08-23 00:00:00+00:00,49267.0,50558.0,49055.0,49525.0,5421.73972415
2021-08-24 00:00:00+00:00,49523.0,49860.0,47555.0,47698.0,4772.55172144
2021-08-25 00:00:00+00:00,47696.45550645,49255.0,47142.96628448,48992.74927858,4118.89406036
2021-08-26 00:00:00+00:00,48992.29076835,49385.0,46310.0,46840.0,6478.84898026
2021-08-27 00:00:00+00:00,46836.0,49159.0,46363.0,49079.0,5795.72008606
2021-08-28 00:00:00+00:00,49079.0,49310.0,48385.91723403,48914.0,2300.78309259
2021-08-29 00:00:00+00:00,48913.9769579,49650.0,47760.0,48800.0,4045.8150993
2021-08-30 00:00:00+00:00,48801.0,48924.66460268,46903.0,47004.84288151,4123.2670237
2021-08-31 00:00:00+00:00,47003.4670629,48244.0,46725.0,47157.0,4300.99119579
2021-09-01 00:00:00+00:00,47142.0,49139.0,46590.0,48823.0,5707.34441335
2021-09-02 00:00:00+00:00,48827.0,50365.0,48631.0,49274.0,4952.12875523
2021-09-03 00:00:00+00:00,49273.73784718,51142.0,48332.0,50001.0,7334.17244249
2021-09-04 00:00:00+00:00,50001.0,50544.0,49401.0,49899.0,2368.7455857
2021-09-05 00:00:00+00:00,49899.0,51900.0,49470.0,51780.0,5539.11374091
2021-09-06 00:00:00+00:00,51779.0,52742.0,51050.0,52676.0,4843.13784214
2021-09-07 00:00:00+00:00,52672.0,52888.0,43220.0,46849.0,16686.2408595
2021-09-08 00:00:00+00:00,46854.0,47351.0,44472.0,46070.61738592,7553.00377353
2021-09-09 00:00:00+00:00,46054.0,47398.57959466,45546.0,46389.0,3853.4527536
2021-09-10 00:00:00+00:00,46396.0,47044.0,44155.0,44852.0,5180.77018217
2021-09-11 00:00:00+00:00,44851.0,45990.0,44750.0,45169.0,2544.93285703
2021-09-12 00:00:00+00:00,45169.7693418,46466.0,44774.17967564,46038.87431928,3388.02546936
2021-09-13 00:00:00+00:00,46039.0,46874.0,43444.0,44960.0,8766.1782205
2021-09-14 00:00:00+00:00,44958.0,47238.51708787,44699.0,47152.0,3522.32023416
2021-09-15 00:00:00+00:00,47134.0,48444.0,46724.0,48137.0,3984.89678517
2021-09-16 00:00:00+00:00,48137.76809977,48530.0,47061.0,47782.0,3606.93216916
2021-09-17 00:00:00+00:00,47782.0,48183.0,46771.0,47296.0,2492.14909016
2021-09-18 00:00:00+00:00,47296.15646179,48819.0,47066.0,48308.0,2046.86048391
2021-09-19 00:00:00+00:00,48319.0,48370.29414611,46837.0,47239.0,2277.38102398
2021-09-20 00:00:00+00:00,47244.0,47327.0,42567.0,43025.0,12626.55362415
2021-09-21 00:00:00+00:00,43025.0,43625.0,39678.0,40747.95941373,14959.93126697
2021-09-22 00:00:00+00:00,40748.0,44000.0,40601.0,43574.0,8433.81929627
2021-09-23 00:00:00+00:00,43575.0,45000.0,43102.0,44884.68321336,5286.6158969
2021-09-24 00:00:00+00:00,44893.0,45164.4867643,40755.0,42856.0,11762.58256356
2021-09-25 00:00:00+00:00,42861.0,42986.84667145,41728.0,42714.0,2960.4559682
2021-09-26 00:00:00+00:00,42714.0,43963.0,40800.0,43190.0,5525.4223253
2021-09-27 00:00:00+00:00,43188.0,44355.99143738,42135.0,42181.0,4264.38573918
2021-09-28 00:00:00+00:00,42181.0,42777.0,40928.0,41064.0,6163.37815862
2021-09-29 00:00:00+00:00,41046.0,42606.0,40804.0,41530.0,4388.87768673
2021-09-30 00:00:00+00:00,41539.0,44122.0,41432.0,43830.0,5077.91198722
2021-10-01 00:00:00+00:00,43829.0,48464.0,43311.0,48151.0,8320.76008296
2021-10-02 00:00:00+00:00,48157.0,48350.0,47438.0,47649.0,2064.34521643
2021-10-03 00:00:00+00:00,47649.0,49196.0,47120.0,48242.0,3603.97473091
2021-10-04 00:00:00+00:00,48241.0,49503.0,46897.0,49252.0,6189.79094668
2021-10-05 00:00:00+00:00,49252.0,51922.0,49065.0,51508.0,6681.6935262
2021-10-06 00:00:00+00:00,51497.0,55743.0,50438.0,55335.0,10522.17131951
2021-10-07 00:00:00+00:00,55335.0,55349.0,53429.0,53797.03310738,4945.31158983
2021-10-08 00:00:00+00:00,53797.0,56000.0,53628.0,53947.0,5483.09027085
2021-10-09 00:00:00+00:00,53947.0,55475.0,53678.0,54968.0,2441.95849435
2021-10-10 00:00:00+00:00,54978.0,56450.0,54114.0,54691.0,5837.55025615
2021-10-11 00:00:00+00:00,54679.0,57821.0,54430.0,57489.0,7518.79528462
2021-10-12 00:00:00+00:00,57470.0,57661.0,53837.51997218,56009.0,5939.04864337
2021-10-13 00:00:00+00:00,56000.0,57775.0,54300.0,57368.0,3057.71602998
2021-10-14 00:00:00+00:00,57369.0,58488.0,56855.0,57354.0,4594.56989374
2021-10-15 00:00:00+00:00,57352.0,62900.0,56881.0,61680.0,11884.27980029
2021-10-16 00:00:00+00:00,61686.0,62333.0,60171.0,60868.0,4282.8578784
2021-10-17 00:00:00+00:00,60867.0,61698.0,59019.0,61504.0,5143.44382702
2021-10-18 00:00:00+00:00,61508.0,62682.0,59883.0,61994.0,8560.33312672
2021-10-19 00:00:00+00:00,62007.0,64421.0,61368.0,64263.0,9147.46761696
2021-10-20 00:00:00+00:00,64263.93176072,66958.0,63535.0,66021.0,9261.63700057
2021-10-21 00:00:00+00:00,66021.0,66643.0,61855.0,62219.4946565,13374.75380747
2021-10-22 00:00:00+00:00,62199.0,63729.0,60013.0,60706.0,6352.88637065
2021-10-23 00:00:00+00:00,60706.0,61764.0,59755.0,61302.0,2711.22312765
2021-10-24 00:00:00+00:00,61296.0,61476.0,59533.0,60847.0,2877.08655404
2021-10-25 00:00:00+00:00,60832.0,63666.0,60632.0,63100.0,3714.45563581
2021-10-26 00:00:00+00:00,63100.0,63332.60744575,59766.0,60288.0,4749.18632628
2021-10-27 00:00:00+00:00,60285.0,61450.0,57950.0,58449.27880851,7135.86458074
2021-10-28 00:00:00+00:00,58438.0,62444.0,57606.0,60598.0,8065.72580092
2021-10-29 00:00:00+00:00,60579.0,62980.0,60188.0,62257.71552291,3924.07659438
2021-10-30 00:00:00+00:00,62264.0,62353.0,60755.0,61880.0,2240.72931998
2021-10-31 00:00:00+00:00,61879.0,62415.0,60005.0,61330.0,2418.9760185
2021-11-01 00:00:00+00:00,61326.0,62491.21298363,59522.0,60949.0,4812.56996488
2021-11-02 00:00:00+00:00,60923.30466641,64313.0,60661.0,63249.0,5201.60498227
2021-11-03 00:00:00+00:00,63249.0,63565.0,60175.0,62900.0,4764.51414191
2021-11-04 00:00:00+00:00,62893.0,63067.0,60700.0,61414.88951003,2931.27739182
2021-11-05 00:00:00+00:00,61410.0,62600.0,60735.0,61005.0,2256.00855877
2021-11-06 00:00:00+00:00,60995.0,61583.0,60100.0,61495.04388678,2931.84591647
2021-11-07 00:00:00+00:00,61495.04388678,63279.0,61400.0,63263.0,3234.57819117
2021-11-08 00:00:00+00:00,63277.0,67665.0,63277.0,67526.0,8981.51771213
2021-11-09 00:00:00+00:00,67526.0,68444.0,66326.0,66938.0,6464.53059208
2021-11-10 00:00:00+00:00,66937.19022637,68958.0,62866.0,64871.0,12234.95221447
2021-11-11 00:00:00+00:00,64871.0,65541.0,64079.0,64791.0,2865.01975118
2021-11-12 00:00:00+00:00,64785.0,65421.0,62255.0,64134.0,5119.19138358
2021-11-13 00:00:00+00:00,64134.0,64988.98628182,63405.0,64398.0,1868.21201331
2021-11-14 00:00:00+00:00,64395.0,65474.0,63564.0,65474.0,2194.6054665
2021-11-15 00:00:00+00:00,65474.0,66343.87555372,63351.0,63561.0,5271.37786582
2021-11-16 00:00:00+00:00,63560.0,63561.99202931,58625.68734157,60068.0,13067.39720688
2021-11-17 00:00:00+00:00,60069.0,60851.0,58368.0,60352.81595949,6722.38920098
2021-11-18 00:00:00+00:00,60354.56777918,60945.0,56555.0,56963.0,11543.65636632
2021-11-19 00:00:00+00:00,56929.0,58379.0,55653.0,58130.0,5178.95408091
2021-11-20 00:00:00+00:00,58122.0,59886.0,57450.0,59766.0,3132.49161106
2021-11-21 00:00:00+00:00,59774.0,60050.0,58603.0,58691.0,2441.52005007
2021-11-22 00:00:00+00:00,58702.0,59456.0,55714.0,56281.06370152,8831.25850551
2021-11-23 00:00:00+00:00,56282.0,57869.0,55453.0,57577.0,8556.50226137
2021-11-24 00:00:00+00:00,57579.62257756,57762.0,55894.51623388,57166.0,4894.70410745
2021-11-25 00:00:00+00:00,57159.0,59423.42625193,57067.0,59015.78236183,3980.98031747
2021-11-26 00:00:00+00:00,59017.11364499,59238.0,53555.0,53839.0,12192.51926073
2021-11-27 00:00:00+00:00,53825.0,55329.0,53711.0,54791.0,3095.45453053
2021-11-28 00:00:00+00:00,54781.0,57469.0,53458.0,57356.0,4935.65826761
2021-11-29 00:00:00+00:00,57329.0,58888.0,56764.0,57840.0,5067.13310919
2021-11-30 00:00:00+00:00,57841.0,59174.0,55899.0,56966.0,6475.05464079
2021-12-01 00:00:00+00:00,56988.82934176,59055.0,56505.0,57240.0,5181.22611006
2021-12-02 00:00:00+00:00,57239.0,57390.0,55842.0,56517.0,4407.15776478
2021-12-03 00:00:00+00:00,56520.0,57599.0,51333.0,53687.0,10731.38443334
2021-12-04 00:00:00+00:00,53667.0,53879.0,41634.0,49249.0,22576.79156425
2021-12-05 00:00:00+00:00,49243.0,49769.0,47860.0,49474.0,4781.51606539
2021-12-06 00:00:00+00:00,49475.49285585,50988.0,47167.0,50513.0,8047.10688222
2021-12-07 00:00:00+00:00,50504.57178257,51970.0,50095.0,50634.0,3906.1237763
2021-12-08 00:00:00+00:00,50641.0,51275.0,48726.0,50503.43470097,4034.70087438
2021-12-09 00:00:00+00:00,50506.0,50844.0,47408.0,47610.10671846,5304.34266863
2021-12-10 00:00:00+00:00,47598.0,50212.0,47051.0,47208.0,8170.3034946
2021-12-11 00:00:00+00:00,47195.0,49522.0,46872.0,49426.0,5290.0407734
2021-12-12 00:00:00+00:00,49427.0,50800.0,48690.0,50123.0,3871.0577521
2021-12-13 00:00:00+00:00,50116.77552521,50234.0,45788.0,46748.99252241,8718.4189488
2021-12-14 00:00:00+00:00,46757.79747071,48684.0,46356.20997454,48399.0,5475.92024506
2021-12-15 00:00:00+00:00,48392.0,49520.0,46600.0,48901.0,7035.28955085
2021-12-16 00:00:00+00:00,48901.82763469,49480.0,47543.0,47665.0,3526.19793655
2021-12-17 00:00:00+00:00,47659.0,48038.0,45539.0,46180.73115089,5855.16579462
2021-12-18 00:00:00+00:00,46163.0,47483.0,45523.0,46873.0,3741.01105399
2021-12-19 00:00:00+00:00,46869.78960743,48364.0,46458.0,46704.0,5236.09538883
2021-12-20 00:00:00+00:00,46698.0,47541.0,45600.0,46901.0,5653.48095332
2021-12-21 00:00:00+00:00,46915.0,49369.0,46683.0,48923.0,4713.12576057
2021-12-22 00:00:00+00:00,48926.48057156,49588.0,48459.75038112,48626.0,3142.6985699800002
2021-12-23 00:00:00+00:00,48625.0,51413.12295813,48078.0,50833.0,4431.55470384
2021-12-24 00:00:00+00:00,50834.0,51842.0,50405.0,50830.0,2595.28644981
2021-12-25 00:00:00+00:00,50830.0,51171.0,50182.0,50435.2441132,1990.162225
2021-12-26 00:00:00+00:00,50435.06967051,51300.0,49433.0,50797.0,2904.0758091
2021-12-27 00:00:00+00:00,50805.0,52085.0,50482.47485727,50690.0,3518.75704529
2021-12-28 00:00:00+00:00,50713.70862195,50714.0,47321.0,47556.0,5431.3073367
2021-12-29 00:00:00+00:00,47556.0,48166.0,46079.0,46465.0,4123.9746685
2021-12-30 00:00:00+00:00,46464.0,47911.0,45947.0,47156.0,3197.81510477
2021-12-31 00:00:00+00:00,47148.0,48650.0,45664.14362225,46218.0,4252.41420185
2022-01-01 00:00:00+00:00,46209.0,47957.0,46203.0,47747.0,2177.33746989
2022-01-02 00:00:00+00:00,47746.0,48012.0,46648.0,47302.0,1844.74155076
2022-01-03 00:00:00+00:00,47304.23510549,47578.0,45689.0,46448.0,2577.95009141
2022-01-04 00:00:00+00:00,46449.61555627,47671.86280513,45568.0,45834.0,3788.45234953
2022-01-05 00:00:00+00:00,45830.0,47058.0,42505.0,43455.0,6932.12953215
2022-01-06 00:00:00+00:00,43457.0,43781.0,42412.0,43103.47161129,3405.10198498
2022-01-07 00:00:00+00:00,43101.35518617,43135.77081015,40586.0,41548.0,7404.19472116
2022-01-08 00:00:00+00:00,41555.41669034,42319.82508013,40556.0,41682.0,4146.03595786
2022-01-09 00:00:00+00:00,41687.21240698,42801.0,41240.0,41856.0,3717.48103557
2022-01-10 00:00:00+00:00,41861.0,42270.0,39672.88479242,41847.0,9553.3633487
2022-01-11 00:00:00+00:00,41839.0,43119.19618143,41265.0,42741.74663693,4787.22368719
2022-01-12 00:00:00+00:00,42744.0,44315.0,42468.0,43909.0,3769.73417066
2022-01-13 00:00:00+00:00,43909.0,44445.0,42334.0,42583.0,3741.3384295
2022-01-14 00:00:00+00:00,42585.0,43468.0,41736.0,43091.0,4314.92400221
2022-01-15 00:00:00+00:00,43090.0,43816.0,42575.0,43069.0,3195.50727251
2022-01-16 00:00:00+00:00,43074.0,43487.39375881,42603.0,43084.0,1582.11266614
2022-01-17 00:00:00+00:00,43084.0,43194.0,41465.0,42223.0,2920.84789112
2022-01-18 00:00:00+00:00,42221.0,42690.0,41204.0,42376.97315245,4340.51221728
2022-01-19 00:00:00+00:00,42373.0,42596.0,41158.0,41676.0,6452.4748449
2022-01-20 00:00:00+00:00,41677.0,43591.0,40568.39019693,40692.20981196,5112.3607091
2022-01-21 00:00:00+00:00,40690.34893641,41132.0,35471.0,36467.0,16224.36723416
2022-01-22 00:00:00+00:00,36463.16076078,36861.57424928,33854.97502491,35104.74628423,17582.37493587
2022-01-23 00:00:00+00:00,35108.0,36556.0,34654.0,36308.0,8715.95686304
2022-01-24 00:00:00+00:00,36302.0,37596.0,32937.0,36702.0,23104.4206592
2022-01-25 00:00:00+00:00,36706.0,37584.0,35751.0,36986.0,8863.28144099
2022-01-26 00:00:00+00:00,36995.0,38935.0,36291.6959393,36828.54217638,10646.06275751
2022-01-27 00:00:00+00:00,36847.6476148,37275.0,35504.0,37194.0,6940.90051614
2022-01-28 00:00:00+00:00,37187.0,38055.0,36197.0,37759.82718923,4583.70459518
2022-01-29 00:00:00+00:00,37748.0,38898.0,37347.69182748,38179.91123381,3546.41912122
2022-01-30 00:00:00+00:00,38201.60978983,38403.0,37386.0,37914.38083181,2050.69322561
2022-01-31 00:00:00+00:00,37914.0,38785.0,36674.0,38500.0,4765.88314294
2022-02-01 00:00:00+00:00,38501.0,39416.42020804,38000.0,38713.0,4290.37021919
2022-02-02 00:00:00+00:00,38717.60475262,38879.0,36633.0,36913.0,4191.09542605
2022-02-03 00:00:00+00:00,36923.0,37410.0,36267.47644877,37366.0,5041.11250521
2022-02-04 00:00:00+00:00,37367.0,41753.0,37070.0,41588.0,8275.28034874
2022-02-05 00:00:00+00:00,41588.0,41956.0,40979.80786121,41438.0,2598.47145645
2022-02-06 00:00:00+00:00,41441.0,42739.0,41169.0,42412.0,2363.41227924
2022-02-07 00:00:00+00:00,42421.82387236,44540.0,41699.5447648,43865.0,5516.04729913
2022-02-08 00:00:00+00:00,43865.0,45400.0,42709.0,44077.0,7620.23845199
2022-02-09 00:00:00+00:00,44079.55202568,44865.0,43160.0,44431.0,3713.90478259
2022-02-10 00:00:00+00:00,44437.0,45899.0,43222.0,43545.0,7328.39995166
2022-02-11 00:00:00+00:00,43549.0,43965.0,42010.0,42418.0,5610.14441633
2022-02-12 00:00:00+00:00,42422.0,43036.0,41715.0,42244.0,2662.70311202
2022-02-13 00:00:00+00:00,42241.0,42789.0,41915.0,42090.0,1950.89123776
2022-02-14 00:00:00+00:00,42090.0,42863.0,41545.0,42554.0,4785.62674807
2022-02-15 00:00:00+00:00,42567.0,44762.0,42463.0,44563.0,4113.4621288
2022-02-16 00:00:00+00:00,44567.0,44584.0,43352.0,43909.0,3271.50987336
2022-02-17 00:00:00+00:00,43896.94591367,44189.0,40117.0,40555.0,6751.95368549
2022-02-18 00:00:00+00:00,40555.0,40984.0,39521.0,40027.47722701,4677.0785788
2022-02-19 00:00:00+00:00,40027.0,40482.0,39673.0,40128.0,1464.27083574
2022-02-20 00:00:00+00:00,40130.0,40164.0547683,38038.0,38439.0,3526.8252122
2022-02-21 00:00:00+00:00,38437.0,39555.0,36829.0,37060.861799,8506.7493668
2022-02-22 00:00:00+00:00,37078.0,38485.0,36402.0,38299.0,6204.8494294
2022-02-23 00:00:00+00:00,38294.0,39310.0,37117.0,37305.0,5807.62462487
2022-02-24 00:00:00+00:00,37305.0,39926.0,34425.0,38383.0,17875.33839978
2022-02-25 00:00:00+00:00,38380.0,39744.30276268,38058.0,39253.0,6430.23613585
2022-02-26 00:00:00+00:00,39252.0,40330.0,38633.0,39137.11917015,3589.87883323
2022-02-27 00:00:00+00:00,39157.95514117,39892.0,37051.0,37734.2155012,5478.01248088
2022-02-28 00:00:00+00:00,37739.64675691,44268.0,37496.0,43202.0,8448.91340621
2022-03-01 00:00:00+00:00,43208.0,44952.0,42862.0,44441.0,6344.48349803
2022-03-02 00:00:00+00:00,44442.0,45470.0,43378.82822903,43952.0,5572.88272194
2022-03-03 00:00:00+00:00,43946.0,44112.33989793,41856.0,42489.0,3887.34510984
2022-03-04 00:00:00+00:00,42489.0,42559.00615524,38621.0,39171.0,6380.43163957
2022-03-05 00:00:00+00:00,39170.82640044,39628.0,38625.0,39419.0,2188.96221492
2022-03-06 00:00:00+00:00,39414.0,39716.0,38120.0,38437.04838587,3368.10437645
2022-03-07 00:00:00+00:00,38437.04838587,39583.0,37181.75600117,38021.0,6784.67353821
2022-03-08 00:00:00+00:00,38018.58365775,39398.0,37888.0,38757.0,5512.40436454
2022-03-09 00:00:00+00:00,38764.0,42607.0,38692.1802019,41976.0,5964.74791466
2022-03-10 00:00:00+00:00,41968.0,42069.0,38633.0,39455.0,6674.44262231
2022-03-11 00:00:00+00:00,39454.0,40239.0,38230.0,38737.0,9566.69669053
2022-03-12 00:00:00+00:00,38739.0,39447.0,38679.0,38814.0,1808.25748321
2022-03-13 00:00:00+00:00,38815.0,39325.0,37577.0,37776.0,3421.05421289
2022-03-14 00:00:00+00:00,37779.0,40005.03139151,37450.0,39711.32170449,8046.79553486
2022-03-15 00:00:00+00:00,39717.0,39966.0,38168.0,39316.64988671,5302.75699661
2022-03-16 00:00:00+00:00,39323.0,41788.0,38878.0,41138.0,8543.69658494
2022-03-17 00:00:00+00:00,41139.0,41499.0,40542.0,40942.58383825,2285.09105917
2022-03-18 00:00:00+00:00,40949.46502595,42427.0,40161.0,41780.0,3772.95914338
2022-03-19 00:00:00+00:00,41772.27591881,42425.0,41438.0,42213.0,2136.73581864
2022-03-20 00:00:00+00:00,42212.66398374,42292.0,40931.0,41264.0,1809.3163101
2022-03-21 00:00:00+00:00,41263.0,41544.0,40544.0,41011.0,2622.81596049
2022-03-22 00:00:00+00:00,41010.41264944,43333.0,40878.0,42371.0,4998.62872368
2022-03-23 00:00:00+00:00,42370.0,42995.0,41750.0,42885.0,2752.41840077
2022-03-24 00:00:00+00:00,42886.85386804,44241.0,42587.0,44000.0,3782.16662869
2022-03-25 00:00:00+00:00,44000.0,45082.0,43606.0,44337.0,4362.02524817
2022-03-26 00:00:00+00:00,44336.0,44785.0,44112.0,44536.4262433,1313.71155451
2022-03-27 00:00:00+00:00,44536.21835356,46864.0,44439.0,46813.0,5654.91144131
2022-03-28 00:00:00+00:00,46810.0,48192.0,46663.38081286,47120.0,6384.62784845
2022-03-29 00:00:00+00:00,47120.0,48102.0,46952.0,47422.0,3378.87918621
2022-03-30 00:00:00+00:00,47423.96908156,47675.0,46446.0,47049.0,4297.72924204
2022-03-31 00:00:00+00:00,47048.94776884,47665.0,45190.19424317,45536.0,4657.79030751
2022-04-01 00:00:00+00:00,45535.78349408,46740.70525005,44234.0,46301.0,3960.99309931
2022-04-02 00:00:00+00:00,46301.01257854,47240.0,45636.0,45823.0,2274.2631833
2022-04-03 00:00:00+00:00,45820.0,47600.0,45505.0,46390.0,3013.04774219
2022-04-04 00:00:00+00:00,46388.0,46900.0,45111.0,46611.0,3446.09311427
2022-04-05 00:00:00+00:00,46594.0,47173.0,45359.0,45481.0,2585.94717668
2022-04-06 00:00:00+00:00,45490.44735913,45520.0,43162.0,43195.91199284,5843.58477414
2022-04-07 00:00:00+00:00,43194.82132932,43901.0,42804.0,43458.0,2401.33608676
2022-04-08 00:00:00+00:00,43441.0,43985.0,42137.0,42250.0,4365.48103272
2022-04-09 00:00:00+00:00,42249.61563447,42824.0,42137.0,42780.0,1922.58588921
2022-04-10 00:00:00+00:00,42780.0798286,44023.0,41933.0,42177.51505057,3028.1444129
2022-04-11 00:00:00+00:00,42181.0,42437.0,39223.0,39566.0,6702.28744991
2022-04-12 00:00:00+00:00,39560.17805141,40770.0,39300.0,40088.0,4107.28975545
2022-04-13 00:00:00+00:00,40096.0,41555.0,39607.0,41155.0,4568.13299248
2022-04-14 00:00:00+00:00,41166.0,41511.0,39575.0,39948.0,3165.40381653
2022-04-15 00:00:00+00:00,39948.01234606,40873.0,39777.0,40586.355501,2205.27017177
2022-04-16 00:00:00+00:00,40575.0,40717.0,40014.0,40408.0,1486.21866793
2022-04-17 00:00:00+00:00,40408.0,40624.0,39563.0,39707.55271232,1656.88920635
2022-04-18 00:00:00+00:00,39699.71930283,41127.50821203,38547.0,40822.0,4991.91603625
2022-04-19 00:00:00+00:00,40823.0,41777.0,40601.0,41518.32114382,2378.75004233
2022-04-20 00:00:00+00:00,41514.0,42223.0,40905.0,41364.0,3732.07837948
2022-04-21 00:00:00+00:00,41364.07177753,42989.0,39789.0,40502.0,4559.00776012
2022-04-22 00:00:00+00:00,40502.0,40799.0,39170.0,39726.0,4129.34404946
2022-04-23 00:00:00+00:00,39722.57093894,40103.0,39312.0,39444.0,1916.90519686
2022-04-24 00:00:00+00:00,39454.0,39973.0,38942.0,39480.58123889,2187.06343582
2022-04-25 00:00:00+00:00,39473.0,40635.0,38200.0,40455.53559827,6011.7813573
2022-04-26 00:00:00+00:00,40458.36692153,40809.0,37727.0,38132.0,4730.18433015
2022-04-27 00:00:00+00:00,38133.0,39496.0,37900.0,39263.0,4197.6820913
2022-04-28 00:00:00+00:00,39261.41542102,40383.0,38910.0,39757.81575497,4646.8631938
2022-04-29 00:00:00+00:00,39756.0,39927.17935766,38200.0,38600.0,3193.29252637
2022-04-30 00:00:00+00:00,38616.0,38811.0,37633.0,37660.0,2914.37976533
2022-05-01 00:00:00+00:00,37659.0,38714.0,37406.13888176,38496.07041811,3057.77199565
2022-05-02 00:00:00+00:00,38495.42135157,39208.80322028,38075.0,38521.0,3592.2370855
2022-05-03 00:00:00+00:00,38526.0,38673.49243394,37555.0,37752.0,3623.73736181
2022-05-04 00:00:00+00:00,37752.0,40046.0,37695.0,39708.11961676,5256.65194577
2022-05-05 00:00:00+00:00,39708.11961676,39850.0,35501.0,36577.0,9738.10355409
2022-05-06 00:00:00+00:00,36577.0,36685.0,35290.0,36040.0,7596.86317672
2022-05-07 00:00:00+00:00,36041.0,36170.0,34854.0,35506.0,3781.1818366
2022-05-08 00:00:00+00:00,35506.0,35541.0,33761.0,34064.0,6577.70603473
2022-05-09 00:00:00+00:00,34075.0,34277.0,30100.0,30140.0,21250.24561467
2022-05-10 00:00:00+00:00,30136.0,32687.0,29833.0,31072.0,14172.68220752
2022-05-11 00:00:00+00:00,31065.32759343,32227.0,27900.0,29149.0,28729.96505252
2022-05-12 00:00:00+00:00,29149.69356674,30270.0,26591.0,29078.0,34251.41050685
2022-05-13 00:00:00+00:00,29089.0,31136.0,28826.0,29305.0,8722.72459985
2022-05-14 00:00:00+00:00,29301.0,30416.94862318,28630.0,30099.0,4127.8304012
2022-05-15 00:00:00+00:00,30099.0,31500.0,29481.0,31318.0,2740.51347641
2022-05-16 00:00:00+00:00,31323.0,31324.08253275,29070.0,29864.0,4521.359073
2022-05-17 00:00:00+00:00,29868.0,30773.0,29433.51564009,30442.0,3074.95202119
2022-05-18 00:00:00+00:00,30440.0,30702.0,28632.1300395,28681.0,3948.70623024
2022-05-19 00:00:00+00:00,28685.0,30550.0,28670.0,30329.11483534,4490.0053088
2022-05-20 00:00:00+00:00,30329.0,30769.0,28702.0,29202.32017749,3939.37512565
2022-05-21 00:00:00+00:00,29203.0,29654.0,28937.0,29439.0,1275.34067011
2022-05-22 00:00:00+00:00,29439.0,30477.0,29238.0,30283.0,2684.69523307
2022-05-23 00:00:00+00:00,30279.0,30666.0,28863.0,29102.0,2788.89163361
2022-05-24 00:00:00+00:00,29102.0,29854.0,28652.02346923,29647.0,2906.30435094
2022-05-25 00:00:00+00:00,29648.0,30219.30951769,29333.0,29525.65891892,2152.87155813
2022-05-26 00:00:00+00:00,29522.0,29859.22423568,27978.0,29206.99009526,5540.827699
2022-05-27 00:00:00+00:00,29197.0,29384.0,28262.0,28609.29899389,4372.09266932
2022-05-28 00:00:00+00:00,28618.20387438,29269.0,28524.0,29037.32513873,1652.8381551100001
2022-05-29 00:00:00+00:00,29037.32513873,29699.25013822,28850.0,29476.0,2573.70613765
2022-05-30 00:00:00+00:00,29477.0,32503.0,29310.0,31726.27832771,7934.23941591
2022-05-31 00:00:00+00:00,31724.19964769,32407.93272565,31220.0,31785.0,2924.87337359
2022-06-01 00:00:00+00:00,31798.25894723,31974.1614267,29346.0,29833.0,4840.9294341
2022-06-02 00:00:00+00:00,29843.0,30719.0,29610.0,30478.0,5926.41549914
2022-06-03 00:00:00+00:00,30473.75559032,30708.17873851,29300.0,29730.0,3038.21426272
2022-06-04 00:00:00+00:00,29719.0,30028.0,29498.0,29874.0,1500.54135885
2022-06-05 00:00:00+00:00,29873.0,30245.0,29540.0,29923.41356674,1716.64203401
2022-06-06 00:00:00+00:00,29934.0,31775.0,29907.0,31371.83211454,4782.51790832
2022-06-07 00:00:00+00:00,31371.0,31591.0,29174.0,31137.0,6418.74611959
2022-06-08 00:00:00+00:00,31138.0,31339.0,29872.0,30226.0,2645.76937336
2022-06-09 00:00:00+00:00,30225.0,30711.83055338,29952.0,30112.15191487,2096.43578747
2022-06-10 00:00:00+00:00,30112.0,30395.0,28864.0,29103.0,4851.47200227
2022-06-11 00:00:00+00:00,29104.0,29456.0,28138.0,28433.0,3748.54002354
2022-06-12 00:00:00+00:00,28442.0,28558.26751191,26636.0,26636.0,8910.2412852
2022-06-13 00:00:00+00:00,26636.0,26951.0,21953.0,22500.0,42725.60923131
2022-06-14 00:00:00+00:00,22500.0,23377.0,20859.0,22143.77484,16457.01911196
2022-06-15 00:00:00+00:00,22143.0,22810.0,20073.0,22594.0,17555.04162824
2022-06-16 00:00:00+00:00,22594.0,23010.0,20248.0,20397.20710459,6742.63722117
2022-06-17 00:00:00+00:00,20400.0,21362.0,20250.0,20414.0,24019.88948504
2022-06-18 00:00:00+00:00,20413.0,20688.0,17605.0,18965.0,17929.96296158
2022-06-19 00:00:00+00:00,18964.0,20744.0,17950.0,20549.0,11679.3372113
2022-06-20 00:00:00+00:00,20543.45566385,21039.0,19626.0,20549.09798559,6689.14478825
2022-06-21 00:00:00+00:00,20554.0,21675.0,20327.0,20694.0,8182.10122228
2022-06-22 00:00:00+00:00,20689.23205291,20848.0,19730.0,19944.0,7258.55352681
2022-06-23 00:00:00+00:00,19952.0,21179.0,19855.0,21074.0,6144.6869305
2022-06-24 00:00:00+00:00,21076.0,21549.0,20704.0,21229.0,5796.70789434
2022-06-25 00:00:00+00:00,21229.0,21594.0,20893.0,21473.0,2299.47417038
2022-06-26 00:00:00+00:00,21479.0,22020.0,20980.0,21056.0,2802.79524656
2022-06-27 00:00:00+00:00,21054.89482996,21534.0,20515.0,20718.0,2791.20132445
2022-06-28 00:00:00+00:00,20734.0,21208.0,20194.0,20272.0,2388.91600343
2022-06-29 00:00:00+00:00,20271.0,20430.0,19844.0,20111.0,3381.7164222
2022-06-30 00:00:00+00:00,20112.0,20157.0,18638.0,19944.0,5746.57362624
2022-07-01 00:00:00+00:00,19943.0,20959.0,18962.0,19286.0,5191.73816783
2022-07-02 00:00:00+00:00,19281.0,19445.0,18980.0,19230.0,1666.15181138
2022-07-03 00:00:00+00:00,19230.0,19666.0,18774.0,19308.0,2354.83049198
2022-07-04 00:00:00+00:00,19307.29593377,20343.0,19050.0,20231.0,3546.1260629
2022-07-05 00:00:00+00:00,20233.0,20736.0,19287.0,20169.0,4449.01676208
2022-07-06 00:00:00+00:00,20168.28749762,20665.61764153,19758.0,20557.05483986,4319.28182021
2022-07-07 00:00:00+00:00,20551.24599564,21816.0,20253.0,21593.0,5596.3818165
2022-07-08 00:00:00+00:00,21597.0,22425.0,21172.0,21590.0,11597.73012881
2022-07-09 00:00:00+00:00,21587.17550637,21976.0,21318.0,21575.75757576,2195.876309
2022-07-10 00:00:00+00:00,21576.1046085,21590.54000409,20669.0,20854.59638401,2883.47589323
2022-07-11 00:00:00+00:00,20869.0,20869.0,19872.0,19944.0,6609.83557944
2022-07-12 00:00:00+00:00,19945.0,20038.23365274,19216.56633301,19310.53347612,6778.02715371
2022-07-13 00:00:00+00:00,19308.0,20347.0,18912.59691993,20246.0,11999.95366991
2022-07-14 00:00:00+00:00,20232.0,21026.0,19625.0,20582.0,6058.89892101
2022-07-15 00:00:00+00:00,20580.88162175,21195.0,20373.0,20820.0,3590.87123208
2022-07-16 00:00:00+00:00,20820.0,21606.0,20474.0,21224.0,3402.47155942
2022-07-17 00:00:00+00:00,21211.8461135,21666.0,20750.0,20787.94254165,3168.24979054
2022-07-18 00:00:00+00:00,20791.0,22780.0,20763.0,22437.0,8517.27037735
2022-07-19 00:00:00+00:00,22436.0,23800.0,21592.0,23388.0,10213.33022573
2022-07-20 00:00:00+00:00,23384.0,24276.0,22905.0,23209.0,8437.29881318
2022-07-21 00:00:00+00:00,23214.24295395,23423.0,22350.0,23151.82385576,8123.80126949
2022-07-22 00:00:00+00:00,23150.0,23732.0,22515.0,22681.0,5071.25903937
2022-07-23 00:00:00+00:00,22685.0,22995.0,21943.0,22448.0,2691.6338978100002
2022-07-24 00:00:00+00:00,22442.0,23006.0,22261.0,22580.43244993,2343.64074007
2022-07-25 00:00:00+00:00,22578.0,22663.27985526,21260.0,21297.0,4422.25580828
2022-07-26 00:00:00+00:00,21305.0,21338.0,20724.0,21262.0,4431.0854559
2022-07-27 00:00:00+00:00,21268.0,23100.0,21056.0,22951.0,7469.46347531
2022-07-28 00:00:00+00:00,22953.21189857,24180.0,22594.0,23848.0,6627.27184448
2022-07-29 00:00:00+00:00,23844.17675427,24444.0,23450.0,23764.0,5026.66429676
2022-07-30 00:00:00+00:00,23782.0,24736.0,23512.0,23639.0,4296.07914196
2022-07-31 00:00:00+00:00,23640.26790736,24211.0,23233.0,23294.0,3146.59578812
2022-08-01 00:00:00+00:00,23291.0,23499.33892049,22879.0,23256.43130738,5578.70969505
2022-08-02 00:00:00+00:00,23256.0,23466.0,22676.0,22986.0,4219.45121887
2022-08-03 00:00:00+00:00,22982.0,23634.09748227,22680.0,22813.87370738,4747.35128105
2022-08-04 00:00:00+00:00,22813.21307165,23214.0,22390.0,22611.73420504,4596.64364936
2022-08-05 00:00:00+00:00,22611.0,23479.0,22593.47884997,23312.0,7080.90663896
2022-08-06 00:00:00+00:00,23312.0,23341.25695438,22898.0,22930.0,1264.41016065
2022-08-07 00:00:00+00:00,22929.97521111,23435.0,22836.0,23177.92133232,2154.19289338
2022-08-08 00:00:00+00:00,23177.92133232,24224.0,23163.96340701,23817.0,2895.58018395
2022-08-09 00:00:00+00:00,23817.0,23913.0,22888.0,23142.0,4071.35789569
2022-08-10 00:00:00+00:00,23141.0,24227.0,22650.0,23954.17992196,8778.67394799
2022-08-11 00:00:00+00:00,23954.0,24900.0,23861.0,23931.54283369,5883.13974967
2022-08-12 00:00:00+00:00,23932.0,24470.0,23600.0,24401.0,3558.00669665
2022-08-13 00:00:00+00:00,24399.0,24900.0,24284.0,24425.0,4048.31720037
2022-08-14 00:00:00+00:00,24435.0,25068.0,24143.0,24300.0,2743.94283279
2022-08-15 00:00:00+00:00,24303.0,25205.0,23758.0,24094.0,8933.80935453
2022-08-16 00:00:00+00:00,24091.0,24234.10623656,23679.0,23856.0,2768.31191499
2022-08-17 00:00:00+00:00,23855.76464293,24440.0,23170.0,23332.48537268,6126.2164096
2022-08-18 00:00:00+00:00,23332.0,23600.0,23115.0,23204.0,3026.71088806
2022-08-19 00:00:00+00:00,23194.0,23199.0,20790.0,20835.0,9533.3997166
2022-08-20 00:00:00+00:00,20832.0,21370.0,20769.0,21141.0,2041.60712664
2022-08-21 00:00:00+00:00,21139.0,21800.0,21070.0,21511.72749449,2311.5187941
2022-08-22 00:00:00+00:00,21514.0,21537.0,20908.0,21395.0,3444.33487236
2022-08-23 00:00:00+00:00,21396.0,21685.0,20908.0,21519.0,4918.92915838
2022-08-24 00:00:00+00:00,21528.0,21930.0,21157.0,21365.61149467,5411.41035858
2022-08-25 00:00:00+00:00,21372.50137535,21816.0,21318.0,21563.0,3218.0808925
2022-08-26 00:00:00+00:00,21562.63485514,21874.0,20133.0,20262.0,11229.49273807
2022-08-27 00:00:00+00:00,20256.46139587,20386.0,19773.0,20049.0,2549.3340885
2022-08-28 00:00:00+00:00,20044.0,20169.0,19540.0,19571.0,3231.72255428
2022-08-29 00:00:00+00:00,19570.9358742,20427.0,19561.0,20307.0,4134.17831509
2022-08-30 00:00:00+00:00,20299.0,20589.0,19574.0,19824.0,5330.65775213
2022-08-31 00:00:00+00:00,19825.0,20495.0,19812.0,20058.0,4639.06519436
2022-09-01 00:00:00+00:00,20056.01071509,20212.0,19581.0,20144.0,5936.72590001
2022-09-02 00:00:00+00:00,20142.41710996,20441.42260626,19764.0,19970.0,6295.63274093
2022-09-03 00:00:00+00:00,19969.84380935,20063.72915111,19646.41290961,19835.0,1646.35715086
2022-09-04 00:00:00+00:00,19833.70674633,20039.0,19589.0,20003.0,2041.76079644
2022-09-05 00:00:00+00:00,20004.0,20060.0,19637.0,19788.90905518,2245.97016964
2022-09-06 00:00:00+00:00,19789.0,20183.0,18675.0,18794.0,12116.51834155
2022-09-07 00:00:00+00:00,18794.0,19463.0,18549.0,19286.0,6187.57604071
2022-09-08 00:00:00+00:00,19286.0,19460.0,19029.17130173,19321.99343392,8224.40792398
2022-09-09 00:00:00+00:00,19323.45389847,21590.0,19304.35664047,21373.0,11992.54666927
2022-09-10 00:00:00+00:00,21373.0,21802.0,21139.0,21656.0,5370.35232387
2022-09-11 00:00:00+00:00,21654.41794906,21854.0,21359.0,21834.0,2242.68662294
2022-09-12 00:00:00+00:00,21832.92465912,22480.0,21553.0,22395.0,7836.1847186
2022-09-13 00:00:00+00:00,22395.0,22794.0,19883.0,20175.11037941,16056.89327614
2022-09-14 00:00:00+00:00,20177.0,20536.0,19624.0,20234.10830414,8264.89281368
2022-09-15 00:00:00+00:00,20236.0,20330.0,19507.96149205,19714.0,4226.66522096
2022-09-16 00:00:00+00:00,19717.0,19894.0,19347.0,19813.31437099,6949.50051132
2022-09-17 00:00:00+00:00,19813.0,20212.0,19757.0,20124.67868232,13666.51634841
2022-09-18 00:00:00+00:00,20124.67868232,20125.0,19350.08803832,19417.99098587,2426.04006654
2022-09-19 00:00:00+00:00,19418.0,19694.0,18256.0,19544.5149091,11969.11567367
2022-09-20 00:00:00+00:00,19544.0,19635.0,18754.0,18886.62342906,9666.80063656
2022-09-21 00:00:00+00:00,18886.0,19981.0,18210.0,18473.0,17615.84646342
2022-09-22 00:00:00+00:00,18473.0,19524.0,18377.0,19413.0,28283.72934881
2022-09-23 00:00:00+00:00,19411.87732991,19512.0,18551.0,19299.0,14545.46472833
2022-09-24 00:00:00+00:00,19298.0,19315.0,18822.0,18935.0,1329.0663718
2022-09-25 00:00:00+00:00,18934.0,19188.0,18646.0,18817.0,4115.31507078
2022-09-26 00:00:00+00:00,18819.0,19333.0,18694.0,19235.0,43750.60771788
2022-09-27 00:00:00+00:00,19233.0,20385.0,18838.0,19096.59592432,14959.1232392
2022-09-28 00:00:00+00:00,19096.0,19791.0,18478.0,19419.0,16055.07791697
2022-09-29 00:00:00+00:00,19419.45237404,19652.0,18859.0,19589.0,8402.26872871
2022-09-30 00:00:00+00:00,19589.0,20181.0,19154.0,19429.98970855,11704.04341257
2022-10-01 00:00:00+00:00,19429.0,19485.0,19157.0,19316.0,937.39913459
2022-10-02 00:00:00+00:00,19314.0,19396.0,18943.0,19066.91978561,3162.00685088
2022-10-03 00:00:00+00:00,19067.0,19708.0,18980.0,19632.0,10893.50637334
2022-10-04 00:00:00+00:00,19635.0,20543.0,19502.0,20344.0,8466.07599474
2022-10-05 00:00:00+00:00,20344.0,20363.0,19750.0,20156.31380734,6991.43228878
2022-10-06 00:00:00+00:00,20156.0,20455.0,19866.0,19960.0,6430.41312749
2022-10-07 00:00:00+00:00,19959.0,20059.0,19334.0,19532.6194523,7678.06746956
2022-10-08 00:00:00+00:00,19532.6194523,19626.0,19250.0,19418.0113733,1226.55182775
2022-10-09 00:00:00+00:00,19418.0,19553.0,19326.0,19444.42907034,1124.66315236
2022-10-10 00:00:00+00:00,19441.0,19526.95886111,19000.0,19128.0,4690.30653024
2022-10-11 00:00:00+00:00,19127.0,19260.0,18856.7741059,19063.0,8838.79191152
2022-10-12 00:00:00+00:00,19063.0,19233.0,19025.0,19160.0,3483.93653853
2022-10-13 00:00:00+00:00,19155.0,19515.0,18161.0,19385.0,6275.90512443
2022-10-14 00:00:00+00:00,19382.0,19947.0,19088.0,19186.0,2566.18717746
2022-10-15 00:00:00+00:00,19183.0,19227.0,18991.0,19071.0,737.28267116
2022-10-16 00:00:00+00:00,19073.0,19428.0,19067.0,19267.0,781.686293
2022-10-17 00:00:00+00:00,19268.0,19684.0,19166.0,19554.0,1449.18466971
2022-10-18 00:00:00+00:00,19557.0,19709.0,19100.0,19334.0,2116.25503321
2022-10-19 00:00:00+00:00,19332.0,19361.0,19081.0,19132.0,859.25906289
2022-10-20 00:00:00+00:00,19131.0,19355.0,18900.0,19058.0,1274.48233507
2022-10-21 00:00:00+00:00,19057.0,19260.0,18673.0,19175.0,1190.75086317
2022-10-22 00:00:00+00:00,19175.0,19278.0,19124.0,19219.0,753.36972646
2022-10-23 00:00:00+00:00,19219.0,19707.0,19086.0,19585.0,1517.43885563
2022-10-24 00:00:00+00:00,19586.0,19615.0,19174.0,19340.0,1311.9384686
2022-10-25 00:00:00+00:00,19339.0,20432.0,19251.0,20104.0,2757.98414579
2022-10-26 00:00:00+00:00,20105.0,21022.0,20077.0,20790.0,3903.78197835
2022-10-27 00:00:00+00:00,20788.0,20892.0,20191.0,20301.0,2750.13346228
2022-10-28 00:00:00+00:00,20305.0,20767.0,20033.0,20611.0,2281.25709563
2022-10-29 00:00:00+00:00,20610.0,21091.0,20576.0,20833.0,1828.95764182
2022-10-30 00:00:00+00:00,20833.0,20950.0,20532.0,20647.0,1087.35864139
2022-10-31 00:00:00+00:00,20649.0,20860.0,20257.0,20509.0,1712.26538333
2022-11-01 00:00:00+00:00,20508.0,20699.0,20340.0,20500.0,1668.46571335
2022-11-02 00:00:00+00:00,20501.0,20817.0,20078.0,20165.0,2579.85025072
2022-11-03 00:00:00+00:00,20166.0,20404.0,20052.0,20223.0,1243.51107371
2022-11-04 00:00:00+00:00,20223.0,21298.0,20206.0,21165.0,3812.59014626
2022-11-05 00:00:00+00:00,21165.0,21470.0,21100.0,21313.0,1618.15101076
2022-11-06 00:00:00+00:00,21316.0,21378.0,20900.0,20932.0,1354.49895193
2022-11-07 00:00:00+00:00,20932.0,21083.0,20421.0,20609.0,1843.19820984
2022-11-08 00:00:00+00:00,20609.0,20712.0,16950.0,18559.0,20516.06887816
2022-11-09 00:00:00+00:00,18557.0,18600.0,15588.0,15923.0,18084.79913993
2022-11-10 00:00:00+00:00,15928.0,18156.0,15760.0,17585.0,20732.46265973
2022-11-11 00:00:00+00:00,17584.0,17671.0,16355.0,17047.0,8033.4478861
2022-11-12 00:00:00+00:00,17056.0,17106.0,16635.0,16820.0,1247.83120298
2022-11-13 00:00:00+00:00,16815.0,16956.0,16255.0,16345.0,2540.91851039
2022-11-14 00:00:00+00:00,16344.0,17200.0,15822.0,16626.0,6708.64459238
2022-11-15 00:00:00+00:00,16625.0,17132.0,16543.0,16886.0,6530.20499698
2022-11-16 00:00:00+00:00,16887.0,17002.0,16347.0,16654.0,4385.12252046
2022-11-17 00:00:00+00:00,16653.0,16735.0,16410.0,16683.0,1480.45378735
2022-11-18 00:00:00+00:00,16683.0,16977.0,16546.0,16685.0,1987.00667074
2022-11-19 00:00:00+00:00,16682.0,16811.0,16538.0,16695.0,606.59659263
2022-11-20 00:00:00+00:00,16692.0,16742.0,16184.0,16278.0,1175.94048835
2022-11-21 00:00:00+00:00,16278.0,16305.0,15487.0,15765.0,4309.95539085
2022-11-22 00:00:00+00:00,15766.0,16294.0,15616.0,16217.0,3198.97092976
2022-11-23 00:00:00+00:00,16219.0,16682.0,16168.0,16613.0,2896.16845681
2022-11-24 00:00:00+00:00,16608.0,16804.0,16463.0,16606.0,1205.91923577
2022-11-25 00:00:00+00:00,16603.0,16617.0,16354.0,16519.0,1163.74575995
2022-11-26 00:00:00+00:00,16520.0,16697.0,16389.0,16460.0,775.87560035
2022-11-27 00:00:00+00:00,16460.0,16603.0,16410.0,16435.0,493.94692482
2022-11-28 00:00:00+00:00,16436.0,16487.0,16002.0,16214.0,1743.74434388
2022-11-29 00:00:00+00:00,16216.0,16545.0,16101.0,16452.0,1631.52526049
2022-11-30 00:00:00+00:00,16454.0,17297.0,16446.0,17180.0,2726.56162025
2022-12-01 00:00:00+00:00,17181.0,17335.0,16872.0,16980.0,1561.74921732
2022-12-02 00:00:00+00:00,16982.0,17100.0,16789.0,17090.0,1532.30974454
2022-12-03 00:00:00+00:00,17091.0,17144.0,16865.0,16889.0,690.86833849
2022-12-04 00:00:00+00:00,16890.0,17210.0,16885.0,17127.0,1409.18709628
2022-12-05 00:00:00+00:00,17127.0,17436.0,16886.0,16975.0,1459.04614074
2022-12-06 00:00:00+00:00,16974.0,17109.0,16908.0,17094.0,772.00207091
2022-12-07 00:00:00+00:00,17095.0,17156.0,16701.0,16846.0,1071.00042806
2022-12-08 00:00:00+00:00,16846.0,17323.0,16756.0,17246.0,1755.38052136
2022-12-09 00:00:00+00:00,17247.0,17366.0,17053.0,17137.0,1423.8800462
2022-12-10 00:00:00+00:00,17137.0,17240.0,17104.0,17133.0,370.29363467
2022-12-11 00:00:00+00:00,17132.0,17503.0,17092.0,17110.0,2066.61096785
2022-12-12 00:00:00+00:00,17101.0,17263.0,16879.0,17229.0,2467.86301939
2022-12-13 00:00:00+00:00,17230.0,18000.0,17102.0,17785.0,5962.60699033
2022-12-14 00:00:00+00:00,17786.0,18391.0,17678.0,17813.0,3086.58922678
2022-12-15 00:00:00+00:00,17816.0,17867.0,17299.0,17373.0,1915.6422365
2022-12-16 00:00:00+00:00,17372.0,17544.0,16550.0,16642.0,3008.41204032
2022-12-17 00:00:00+00:00,16648.0,16811.0,16609.0,16793.0,1230.26430418
2022-12-18 00:00:00+00:00,16794.0,16872.0,16678.0,16755.0,612.42713726
2022-12-19 00:00:00+00:00,16756.0,16825.0,16261.0,16447.0,2037.03807763
2022-12-20 00:00:00+00:00,16448.0,17066.0,16413.0,16924.0,1460.88434767
2022-12-21 00:00:00+00:00,16917.0,16934.0,16750.0,16845.0,789.52589881
2022-12-22 00:00:00+00:00,16840.0,16873.0,16588.0,16838.0,768.16857733
2022-12-23 00:00:00+00:00,16838.0,16966.0,16770.0,16802.0,529.86844101
2022-12-24 00:00:00+00:00,16802.0,16891.0,16802.0,16864.0,399.80652616
2022-12-25 00:00:00+00:00,16864.0,16874.0,16723.0,16847.0,377.42038155
2022-12-26 00:00:00+00:00,16848.0,16963.0,16814.0,16946.0,323.1009698
2022-12-27 00:00:00+00:00,16947.0,16987.0,16617.0,16720.0,937.73422557
2022-12-28 00:00:00+00:00,16719.0,16797.0,16444.0,16558.0,1592.43561721
2022-12-29 00:00:00+00:00,16558.0,16675.0,16505.0,16658.0,417.59643157
2022-12-30 00:00:00+00:00,16658.0,16667.0,16358.0,16618.0,1298.14290497
2022-12-31 00:00:00+00:00,16618.0,16664.0,16507.0,16564.0,599.66017255
2023-01-01 00:00:00+00:00,16569.0,16644.0,16517.0,16643.0,242.50160663
2023-01-02 00:00:00+00:00,16643.0,16803.0,16584.0,16690.0,599.35510948
2023-01-03 00:00:00+00:00,16689.0,16810.0,16625.0,16689.0,1577.92504173
2023-01-04 00:00:00+00:00,16689.0,17008.0,16671.0,16864.0,1120.44405271
2023-01-05 00:00:00+00:00,16864.0,16888.0,16775.0,16842.0,569.7985385
2023-01-06 00:00:00+00:00,16842.0,17200.0,16687.0,16968.0,1821.67529585
2023-01-07 00:00:00+00:00,16967.0,16990.0,16924.0,16958.0,282.76841858
2023-01-08 00:00:00+00:00,16958.0,17181.0,16930.0,17140.0,812.35269727
2023-01-09 00:00:00+00:00,17141.0,17400.0,17123.0,17185.0,1584.178789
2023-01-10 00:00:00+00:00,17186.0,17506.0,17155.0,17445.0,808.35711536
2023-01-11 00:00:00+00:00,17446.0,18009.0,17316.0,17952.0,2227.30782998
2023-01-12 00:00:00+00:00,17953.0,19112.0,17866.0,18856.0,5321.53349096
2023-01-13 00:00:00+00:00,18855.0,20000.0,18725.0,19930.0,3035.10363096
2023-01-14 00:00:00+00:00,19935.0,21378.0,19897.0,20966.0,6061.6721938
2023-01-15 00:00:00+00:00,20964.0,21055.0,20566.0,20882.0,1541.86842995
2023-01-16 00:00:00+00:00,20882.0,21469.0,20639.0,21197.0,3247.95607983
2023-01-17 00:00:00+00:00,21198.0,21586.0,20853.0,21136.0,2057.93558472
2023-01-18 00:00:00+00:00,21136.0,21639.0,20408.0,20684.0,3188.07632395
2023-01-19 00:00:00+00:00,20675.0,21187.0,20670.0,21080.0,901.34860514
2023-01-20 00:00:00+00:00,21080.0,22743.0,20856.0,22670.0,2884.92037467
2023-01-21 00:00:00+00:00,22670.0,23353.0,22427.0,22775.0,3600.42349164
2023-01-22 00:00:00+00:00,22775.0,23072.0,22310.0,22713.0,1519.98018751
2023-01-23 00:00:00+00:00,22713.0,23169.0,22497.0,22910.0,1859.39299232
2023-01-24 00:00:00+00:00,22912.0,23154.0,22437.0,22627.0,1877.23264356
2023-01-25 00:00:00+00:00,22627.0,23812.0,22324.0,23054.0,3742.52827073
2023-01-26 00:00:00+00:00,23054.0,23273.0,22853.0,23004.0,1404.76161017
2023-01-27 00:00:00+00:00,23005.0,23486.0,22533.0,23067.0,2247.41488427
2023-01-28 00:00:00+00:00,23066.0,23181.0,22876.0,23029.0,1406.06685355
2023-01-29 00:00:00+00:00,23028.0,23962.0,23000.0,23746.0,4238.64618824
2023-01-30 00:00:00+00:00,23743.0,23785.0,22500.0,22830.0,2951.17457319
2023-01-31 00:00:00+00:00,22830.0,23297.0,22730.0,23135.0,1988.19607648
2023-02-01 00:00:00+00:00,23136.0,23814.0,22757.0,23723.0,2127.92483576
2023-02-02 00:00:00+00:00,23724.0,24240.0,23385.0,23491.0,2831.61207564
2023-02-03 00:00:00+00:00,23487.0,23708.0,23230.0,23433.0,1923.93720419
2023-02-04 00:00:00+00:00,23433.0,23580.0,23248.0,23315.0,584.20351345
2023-02-05 00:00:00+00:00,23314.0,23419.0,22777.0,22932.0,1436.99209343
2023-02-06 00:00:00+00:00,22935.0,23145.0,22620.0,22755.0,1080.80512025
2023-02-07 00:00:00+00:00,22754.0,23350.0,22742.0,23246.0,1196.25968572
2023-02-08 00:00:00+00:00,23245.0,23430.0,22691.0,22957.0,1354.2193362
2023-02-09 00:00:00+00:00,22957.0,23003.0,21700.0,21800.0,3309.41589238
2023-02-10 00:00:00+00:00,21799.0,21937.0,21500.0,21641.0,1470.20646874
2023-02-11 00:00:00+00:00,21641.0,21907.0,21614.0,21865.0,356.98025899
2023-02-12 00:00:00+00:00,21865.0,22096.0,21666.0,21796.0,1264.85618416
2023-02-13 00:00:00+00:00,21793.0,21905.0,21354.0,21773.0,3084.17309913
2023-02-14 00:00:00+00:00,21773.0,22339.0,21555.0,22198.0,1438.23082697
2023-02-15 00:00:00+00:00,22197.0,24393.0,22063.0,24318.0,2373.87011716
2023-02-16 00:00:00+00:00,24325.0,25234.0,23526.0,23529.0,4641.95356863
2023-02-17 00:00:00+00:00,23525.0,25023.0,23350.0,24582.0,4173.39457899
2023-02-18 00:00:00+00:00,24580.0,24878.0,24450.0,24633.0,628.50327612
2023-02-19 00:00:00+00:00,24634.0,25209.0,24221.0,24284.0,2721.31731927
2023-02-20 00:00:00+00:00,24281.0,25114.0,23862.0,24835.0,2020.7429041
2023-02-21 00:00:00+00:00,24834.0,25227.0,24172.0,24466.0,3552.86317384
2023-02-22 00:00:00+00:00,24466.0,24485.0,23578.0,24191.0,3335.13051558
2023-02-23 00:00:00+00:00,24191.0,24600.0,23622.0,23950.0,2241.92626877
2023-02-24 00:00:00+00:00,23958.0,24150.0,22873.0,23200.0,3450.62588589
2023-02-25 00:00:00+00:00,23197.0,23223.0,22810.0,23178.0,1115.2336105
2023-02-26 00:00:00+00:00,23178.0,23673.0,23083.0,23561.0,771.60985675
2023-02-27 00:00:00+00:00,23560.0,23891.0,23131.0,23502.0,1838.33895462
2023-02-28 00:00:00+00:00,23503.0,23615.0,23066.0,23142.0,1437.33108616
2023-03-01 00:00:00+00:00,23146.0,24009.0,23036.0,23646.0,1372.16718746
2023-03-02 00:00:00+00:00,23645.0,23800.0,23205.0,23472.0,700.91860008
2023-03-03 00:00:00+00:00,23474.0,23482.0,21910.0,22362.0,2988.8365216
2023-03-04 00:00:00+00:00,22362.0,22406.0,22176.0,22345.0,410.84223982
2023-03-05 00:00:00+00:00,22346.0,22660.0,22200.0,22431.0,434.29209452
2023-03-06 00:00:00+00:00,22430.0,22591.0,22278.0,22405.0,892.5797623
2023-03-07 00:00:00+00:00,22405.0,22554.0,21950.0,22209.0,1839.87978788
2023-03-08 00:00:00+00:00,22209.0,22291.0,21590.0,21713.0,1749.76495294
2023-03-09 00:00:00+00:00,21712.0,21836.0,20086.0,20381.0,3785.66297745
2023-03-10 00:00:00+00:00,20381.0,20382.0,19592.0,20201.0,4644.72712656
2023-03-11 00:00:00+00:00,20200.0,20789.0,19863.0,20529.0,6804.59953152
2023-03-12 00:00:00+00:00,20530.0,22193.0,20357.0,22083.0,5613.2705501
2023-03-13 00:00:00+00:00,22091.0,24600.0,21878.0,24183.0,7005.64861226
2023-03-14 00:00:00+00:00,24188.0,26529.0,24060.0,24735.0,9607.08087005
2023-03-15 00:00:00+00:00,24730.0,25324.0,23931.0,24321.0,2632.3823115
2023-03-16 00:00:00+00:00,24330.0,25213.0,24186.0,25061.0,2418.12626031
2023-03-17 00:00:00+00:00,25054.0,27563.0,24954.0,27351.0,9816.30527876
2023-03-18 00:00:00+00:00,27352.0,27621.0,26547.0,26914.0,3081.77889399
2023-03-19 00:00:00+00:00,26916.0,28342.0,26838.0,27943.0,4338.09054239
2023-03-20 00:00:00+00:00,27947.0,28439.0,27130.0,27714.0,2701.6770114
2023-03-21 00:00:00+00:00,27713.0,28435.0,27312.0,28112.0,1662.37542875
2023-03-22 00:00:00+00:00,28111.0,28818.0,26591.0,27258.0,3933.61903279
2023-03-23 00:00:00+00:00,27258.0,28772.0,27094.0,28304.0,3122.92747618
2023-03-24 00:00:00+00:00,28308.0,28376.0,27000.0,27461.0,1918.17413209
2023-03-25 00:00:00+00:00,27463.0,27810.0,27164.0,27478.0,857.77849262
2023-03-26 00:00:00+00:00,27472.0,28227.0,27438.0,27978.0,1171.87739281
2023-03-27 00:00:00+00:00,27985.0,28027.0,26536.0,27127.0,1939.31938559
2023-03-28 00:00:00+00:00,27127.0,27529.0,26636.0,27265.0,1438.77990481
2023-03-29 00:00:00+00:00,27266.0,28649.0,27253.0,28345.0,2119.55735964
2023-03-30 00:00:00+00:00,28344.0,29171.0,27677.0,28021.0,2681.50715561
2023-03-31 00:00:00+00:00,28021.0,28651.0,27504.0,28460.0,1322.02079007
2023-04-01 00:00:00+00:00,28454.0,28817.0,28201.0,28443.0,863.18303552
2023-04-02 00:00:00+00:00,28443.0,28515.0,27839.0,28173.0,1002.57160986
2023-04-03 00:00:00+00:00,28173.0,28500.0,27213.0,27795.0,2640.09112717
2023-04-04 00:00:00+00:00,27795.0,28449.0,27671.0,28154.0,1082.42736342
2023-04-05 00:00:00+00:00,28153.0,28801.0,27828.0,28153.0,1517.40828604
2023-04-06 00:00:00+00:00,28152.0,28164.0,27717.0,28019.0,881.13707115
2023-04-07 00:00:00+00:00,28019.0,28083.0,27755.0,27889.0,334.33400667
2023-04-08 00:00:00+00:00,27889.0,28151.0,27833.0,27901.0,402.16426704
2023-04-09 00:00:00+00:00,27908.0,28521.0,27767.0,28320.0,683.02265836
2023-04-10 00:00:00+00:00,28320.0,29724.0,28136.0,29613.0,2236.41963499
2023-04-11 00:00:00+00:00,29614.0,30494.0,29579.0,30190.0,2754.39663897
2023-04-12 00:00:00+00:00,30189.0,30468.0,29677.0,29879.0,1687.86914403
2023-04-13 00:00:00+00:00,29884.0,30563.0,29867.0,30389.0,1432.01214334
2023-04-14 00:00:00+00:00,30385.0,30968.0,30001.0,30462.0,2594.76974294
2023-04-15 00:00:00+00:00,30462.0,30575.0,30192.0,30278.0,795.48977279
2023-04-16 00:00:00+00:00,30278.0,30623.0,30103.0,30286.0,1840.92587672
2023-04-17 00:00:00+00:00,30285.0,30290.0,29262.0,29437.0,2045.00149469
2023-04-18 00:00:00+00:00,29437.0,30527.0,29169.0,30391.0,1933.90813253
2023-04-19 00:00:00+00:00,30392.0,30412.0,28582.0,28818.0,3764.84774682
2023-04-20 00:00:00+00:00,28809.0,29098.0,28012.0,28248.0,1545.08936357
2023-04-21 00:00:00+00:00,28251.0,28381.0,27155.0,27287.0,1372.53717278
2023-04-22 00:00:00+00:00,27287.0,27885.0,27163.0,27826.0,708.31711375
2023-04-23 00:00:00+00:00,27827.0,27827.0,27333.0,27612.0,694.66351379
2023-04-24 00:00:00+00:00,27611.0,28007.0,26978.0,27522.0,1380.72080045
2023-04-25 00:00:00+00:00,27522.0,28394.0,27210.0,28324.0,977.77922175
2023-04-26 00:00:00+00:00,28325.0,30034.0,27234.0,28427.0,3455.87588136
2023-04-27 00:00:00+00:00,28425.0,29888.0,28395.0,29479.0,1887.16853223
2023-04-28 00:00:00+00:00,29486.0,29589.0,28911.0,29338.0,1404.89643671
2023-04-29 00:00:00+00:00,29338.0,29467.0,29059.0,29253.0,345.32705268
2023-04-30 00:00:00+00:00,29252.0,29974.0,29113.0,29254.0,1373.60238417
2023-05-01 00:00:00+00:00,29263.0,29347.0,27692.0,28101.0,1802.40279976
2023-05-02 00:00:00+00:00,28101.0,28888.0,27901.0,28679.0,1243.74459575
2023-05-03 00:00:00+00:00,28680.0,29282.0,28129.0,29037.0,1030.17289186
2023-05-04 00:00:00+00:00,29043.0,29412.0,28700.0,28844.0,805.73839694
2023-05-05 00:00:00+00:00,28854.0,29691.0,28816.0,29526.0,1413.83029846
2023-05-06 00:00:00+00:00,29526.0,29847.0,28405.0,28909.0,1147.23732946
2023-05-07 00:00:00+00:00,28909.0,29188.0,28458.0,28484.0,639.097333
2023-05-08 00:00:00+00:00,28485.0,28686.0,27309.0,27701.0,1585.79705506
2023-05-09 00:00:00+00:00,27701.0,27846.0,27383.0,27668.0,750.77827691
2023-05-10 00:00:00+00:00,27668.0,28340.0,26850.0,27622.0,1704.38242039
2023-05-11 00:00:00+00:00,27625.0,27654.0,26795.0,27016.0,1785.36159658
2023-05-12 00:00:00+00:00,27006.0,27125.0,25857.0,26818.0,1824.92915107
2023-05-13 00:00:00+00:00,26821.0,27071.0,26713.0,26790.0,349.29437352
2023-05-14 00:00:00+00:00,26796.0,27205.0,26603.0,26937.0,366.67427275
2023-05-15 00:00:00+00:00,26939.0,27674.0,26741.0,27196.0,977.0813253
2023-05-16 00:00:00+00:00,27188.0,27313.0,26892.0,27054.0,798.73985391
2023-05-17 00:00:00+00:00,27058.0,27532.0,26612.0,27425.0,1877.57161985
2023-05-18 00:00:00+00:00,27431.0,27506.0,26413.0,26860.0,1587.37005105
2023-05-19 00:00:00+00:00,26859.0,27219.0,26667.0,26911.0,327.36219252
2023-05-20 00:00:00+00:00,26910.0,27168.0,26863.0,27126.0,184.40894414
2023-05-21 00:00:00+00:00,27126.0,27297.0,26693.0,26760.0,523.51451195
2023-05-22 00:00:00+00:00,26760.0,27130.0,26547.0,26869.0,544.4815276
2023-05-23 00:00:00+00:00,26870.0,27543.0,26829.0,27243.0,593.3413026
2023-05-24 00:00:00+00:00,27238.0,27239.0,26067.0,26344.0,924.73898937
2023-05-25 00:00:00+00:00,26344.0,26644.0,25886.0,26498.0,641.22872488
2023-05-26 00:00:00+00:00,26498.0,26947.0,26359.0,26736.0,965.08764038
2023-05-27 00:00:00+00:00,26737.0,26920.0,26587.0,26885.0,236.6939311
2023-05-28 00:00:00+00:00,26886.0,28277.0,26803.0,28096.0,1601.21890667
2023-05-29 00:00:00+00:00,28097.0,28475.0,27550.0,27772.0,817.35821036
2023-05-30 00:00:00+00:00,27771.0,28069.0,27600.0,27723.0,485.08329197
2023-05-31 00:00:00+00:00,27720.0,27856.0,26858.0,27220.0,1342.62204481
2023-06-01 00:00:00+00:00,27237.0,27359.0,26666.0,26833.0,834.90414063
2023-06-02 00:00:00+00:00,26832.0,27301.0,26511.0,27254.0,786.3988059
2023-06-03 00:00:00+00:00,27253.0,27340.0,26924.0,27077.0,442.41082193
2023-06-04 00:00:00+00:00,27077.0,27472.0,26963.0,27126.0,461.47193865
2023-06-05 00:00:00+00:00,27125.0,27136.0,25391.0,25730.0,3019.82300761
2023-06-06 00:00:00+00:00,25742.0,27365.0,25331.0,27233.0,1692.86934742
2023-06-07 00:00:00+00:00,27234.0,27393.0,26157.0,26360.0,1787.76485997
2023-06-08 00:00:00+00:00,26356.0,26845.0,26238.0,26526.0,701.8656057
2023-06-09 00:00:00+00:00,26525.0,26804.0,26302.0,26502.0,492.15640459
2023-06-10 00:00:00+00:00,26502.0,26556.0,25393.0,25871.0,1663.00807269
2023-06-11 00:00:00+00:00,25871.0,26233.0,25668.0,25953.0,531.76963856
2023-06-12 00:00:00+00:00,25953.0,26125.0,25632.0,25933.0,362.54518481
2023-06-13 00:00:00+00:00,25927.0,26455.0,25744.0,25948.0,794.55893122
2023-06-14 00:00:00+00:00,25953.0,26113.0,24838.0,25146.0,1260.2553521
2023-06-15 00:00:00+00:00,25143.0,25766.0,24825.0,25611.0,1111.55221527
2023-06-16 00:00:00+00:00,25610.0,26570.0,25211.0,26359.0,1020.18304578
2023-06-17 00:00:00+00:00,26359.0,26857.0,26202.0,26535.0,805.87100646
2023-06-18 00:00:00+00:00,26535.0,26729.0,26276.0,26358.0,534.94195692
2023-06-19 00:00:00+00:00,26357.0,27075.0,26292.0,26858.0,964.25998778
2023-06-20 00:00:00+00:00,26858.0,28412.0,26670.0,28326.0,2172.1252493
2023-06-21 00:00:00+00:00,28326.0,30801.0,28286.0,30015.0,3139.06756067
2023-06-22 00:00:00+00:00,30017.0,30527.0,29587.0,29919.0,1683.88478538
2023-06-23 00:00:00+00:00,29912.0,31430.0,29835.0,30712.0,2291.60014833
2023-06-24 00:00:00+00:00,30713.0,30820.0,30278.0,30556.0,727.70048324
2023-06-25 00:00:00+00:00,30551.0,31070.0,30316.0,30488.0,649.4967216
2023-06-26 00:00:00+00:00,30488.0,30685.0,29957.0,30287.0,1034.68422467
2023-06-27 00:00:00+00:00,30282.0,31018.0,30246.0,30711.0,1014.89963852
2023-06-28 00:00:00+00:00,30715.0,30731.0,29842.0,30091.0,1208.10317494
2023-06-29 00:00:00+00:00,30091.0,30849.0,30056.0,30471.0,980.26593112
2023-06-30 00:00:00+00:00,30471.0,31300.0,29508.0,30500.0,3222.73003206
2023-07-01 00:00:00+00:00,30499.0,30689.0,30356.0,30607.0,947.3076533
2023-07-02 00:00:00+00:00,30607.0,30830.0,30193.0,30649.0,701.40442179
2023-07-03 00:00:00+00:00,30655.0,31416.0,30606.0,31177.0,1363.08764094
2023-07-04 00:00:00+00:00,31182.0,31347.0,30655.0,30782.0,1668.30522021
2023-07-05 00:00:00+00:00,30783.0,30898.0,30232.0,30526.0,1252.53978244
2023-07-06 00:00:00+00:00,30525.0,31553.0,29875.0,29931.0,2312.33232269
2023-07-07 00:00:00+00:00,29929.0,30469.0,29750.0,30370.0,1186.5252409
2023-07-08 00:00:00+00:00,30370.0,30406.0,30086.0,30318.0,460.03014096
2023-07-09 00:00:00+00:00,30318.0,30474.0,30081.0,30188.0,777.31501949
2023-07-10 00:00:00+00:00,30188.0,31060.0,29975.0,30445.0,1283.72709939
2023-07-11 00:00:00+00:00,30445.0,30836.0,30338.0,30654.0,714.45717468
2023-07-12 00:00:00+00:00,30656.0,30999.0,30260.0,30428.0,1072.30602023
2023-07-13 00:00:00+00:00,30421.0,31845.0,30307.0,31500.0,2912.95410121
2023-07-14 00:00:00+00:00,31501.0,31663.0,29929.0,30343.0,2408.54069611
2023-07-15 00:00:00+00:00,30342.0,30419.0,30283.0,30310.0,380.06736474
2023-07-16 00:00:00+00:00,30316.0,30484.0,30101.0,30262.0,531.49971723
2023-07-17 00:00:00+00:00,30262.0,30353.0,29700.0,30172.0,1325.31491854
2023-07-18 00:00:00+00:00,30173.0,30269.0,29543.0,29888.0,1286.74869604
2023-07-19 00:00:00+00:00,29874.0,30221.0,29804.0,29939.0,504.23184859
2023-07-20 00:00:00+00:00,29935.0,30438.0,29565.0,29839.0,1308.2454767
2023-07-21 00:00:00+00:00,29841.0,30091.0,29770.0,29940.0,1115.69960405
2023-07-22 00:00:00+00:00,29940.0,30035.0,29667.0,29821.0,190.4170515
2023-07-23 00:00:00+00:00,29821.0,30380.0,29776.0,30122.0,499.30750542
2023-07-24 00:00:00+00:00,30117.0,30125.0,28924.0,29224.0,1623.21851887
2023-07-25 00:00:00+00:00,29222.0,29404.0,29101.0,29272.0,372.7447154
2023-07-26 00:00:00+00:00,29269.0,29721.0,29149.0,29390.0,747.94093351
2023-07-27 00:00:00+00:00,29392.0,29601.0,29123.0,29260.0,618.66445413
2023-07-28 00:00:00+00:00,29259.0,29578.0,29169.0,29365.0,322.71052862
2023-07-29 00:00:00+00:00,29364.0,29444.0,29305.0,29402.0,152.73892275
2023-07-30 00:00:00+00:00,29402.0,29488.0,29091.0,29315.0,492.2783761
2023-07-31 00:00:00+00:00,29315.0,29560.0,29148.0,29273.0,449.41711877
2023-08-01 00:00:00+00:00,29272.0,29755.0,28637.0,29733.0,1637.46552904
2023-08-02 00:00:00+00:00,29733.0,30076.0,28957.0,29197.0,1176.58179722
2023-08-03 00:00:00+00:00,29207.0,29442.0,28988.0,29206.0,618.86956866
2023-08-04 00:00:00+00:00,29206.0,29337.0,28821.0,29119.0,587.23561924
2023-08-05 00:00:00+00:00,29118.0,29153.0,28992.0,29075.0,412.90173472
2023-08-06 00:00:00+00:00,29074.0,29198.0,29007.0,29095.0,394.47303557
2023-08-07 00:00:00+00:00,29095.0,29289.0,28716.0,29223.0,1025.36536555
2023-08-08 00:00:00+00:00,29226.0,30284.0,29164.0,29796.0,1357.7899944600001
2023-08-09 00:00:00+00:00,29790.0,30170.0,29393.0,29597.0,1217.65315011
2023-08-10 00:00:00+00:00,29597.0,29745.0,29340.0,29458.0,1437.1042729
2023-08-11 00:00:00+00:00,29459.0,29557.0,29250.0,29434.0,1103.48034677
2023-08-12 00:00:00+00:00,29434.0,29497.0,29393.0,29445.0,196.73505655
2023-08-13 00:00:00+00:00,29445.0,29477.0,29296.0,29314.0,272.43583575
2023-08-14 00:00:00+00:00,29315.0,29689.0,29103.0,29445.0,788.83858252
2023-08-15 00:00:00+00:00,29444.0,29499.0,29077.0,29200.0,493.64880682
2023-08-16 00:00:00+00:00,29200.0,29255.0,28728.0,28730.0,1066.15353815
2023-08-17 00:00:00+00:00,28729.0,28779.0,24713.0,26634.0,4957.10801166
2023-08-18 00:00:00+00:00,26634.0,26829.0,25655.0,26066.0,2038.33660915
2023-08-19 00:00:00+00:00,26071.0,26288.0,25812.0,26115.0,328.80891394
2023-08-20 00:00:00+00:00,26111.0,26314.0,26001.0,26215.0,600.48510525
2023-08-21 00:00:00+00:00,26213.0,26279.0,25834.0,26144.0,898.99705777
2023-08-22 00:00:00+00:00,26144.0,26156.0,25387.0,26061.0,1065.45446181
2023-08-23 00:00:00+00:00,26066.0,26840.0,25840.0,26461.0,1190.20641871
2023-08-24 00:00:00+00:00,26457.0,26599.0,25900.0,26199.0,831.92761981
2023-08-25 00:00:00+00:00,26201.0,26326.0,25816.0,26079.0,1273.92999497
2023-08-26 00:00:00+00:00,26079.0,26192.0,26018.0,26045.0,209.80081472
2023-08-27 00:00:00+00:00,26046.0,26198.0,25997.0,26121.0,123.67979212
2023-08-28 00:00:00+00:00,26120.0,26264.0,25900.0,26147.0,686.70294274
2023-08-29 00:00:00+00:00,26146.0,28193.0,25954.0,27752.0,2675.74563341
2023-08-30 00:00:00+00:00,27749.0,27793.0,27040.0,27325.0,1289.42851806
2023-08-31 00:00:00+00:00,27326.0,27550.0,25714.0,25967.0,3625.18446315
2023-09-01 00:00:00+00:00,25966.0,26166.0,25342.0,25816.0,2050.28630482
2023-09-02 00:00:00+00:00,25815.0,25995.0,25762.0,25870.0,1174.53768605
2023-09-03 00:00:00+00:00,25876.0,26137.0,25825.0,25980.0,454.38502491
2023-09-04 00:00:00+00:00,25980.0,26100.0,25658.0,25823.0,723.39605755
2023-09-05 00:00:00+00:00,25831.0,25909.0,25602.0,25793.0,1022.71298568
2023-09-06 00:00:00+00:00,25798.0,26067.0,25444.0,25783.0,1142.6380329
2023-09-07 00:00:00+00:00,25782.0,26461.0,25641.0,26269.0,1213.11943102
2023-09-08 00:00:00+00:00,26274.0,26455.0,25680.0,25918.0,858.8653945
2023-09-09 00:00:00+00:00,25917.0,25950.0,25811.0,25910.0,267.36677077
2023-09-10 00:00:00+00:00,25914.0,26042.0,25608.0,25860.0,504.55219334
2023-09-11 00:00:00+00:00,25849.0,25904.0,24917.0,25183.0,1240.58902633
2023-09-12 00:00:00+00:00,25177.0,26575.0,25152.0,25851.0,2485.22349761
2023-09-13 00:00:00+00:00,25854.0,26430.0,25797.0,26238.0,874.44007227
2023-09-14 00:00:00+00:00,26238.0,26869.0,26151.0,26544.0,2560.5737632
2023-09-15 00:00:00+00:00,26543.0,26910.0,26255.0,26625.0,901.74818025
2023-09-16 00:00:00+00:00,26625.0,26792.0,26475.0,26576.0,304.60487364
2023-09-17 00:00:00+00:00,26575.0,26634.0,26444.0,26547.0,326.39424956
2023-09-18 00:00:00+00:00,26543.0,27452.0,26444.0,26788.0,2871.77760458
2023-09-19 00:00:00+00:00,26788.0,27508.0,26700.0,27244.0,1599.21203665
2023-09-20 00:00:00+00:00,27245.0,27414.0,26804.0,27144.0,1442.83396045
2023-09-21 00:00:00+00:00,27144.0,27167.0,26412.0,26594.0,1534.05900828
2023-09-22 00:00:00+00:00,26594.0,26749.0,26525.0,26606.0,2035.84541482
2023-09-23 00:00:00+00:00,26607.0,26810.0,26555.0,26609.0,884.87516389
2023-09-24 00:00:00+00:00,26608.0,26768.0,26191.0,26299.0,2033.92506468
2023-09-25 00:00:00+00:00,26293.0,26466.0,26040.0,26330.0,1174.8664438
2023-09-26 00:00:00+00:00,26331.0,26410.0,26129.0,26244.0,903.67726175
2023-09-27 00:00:00+00:00,26250.0,26876.0,26147.0,26391.0,1911.93530573
2023-09-28 00:00:00+00:00,26392.0,27335.0,26368.0,27046.0,1065.98406993
2023-09-29 00:00:00+00:00,27061.0,27264.0,26708.0,26929.0,1055.99836267
2023-09-30 00:00:00+00:00,26928.0,27110.0,26909.0,26980.0,331.8719321
2023-10-01 00:00:00+00:00,26976.0,28105.0,26973.0,28010.0,1832.04013233
2023-10-02 00:00:00+00:00,28023.0,28611.0,27335.0,27532.0,2083.65340804
2023-10-03 00:00:00+00:00,27532.0,27700.0,27176.0,27431.0,767.65676069
2023-10-04 00:00:00+00:00,27431.0,27846.0,27211.0,27813.0,889.62648993
2023-10-05 00:00:00+00:00,27815.0,28134.0,27369.0,27418.0,1444.94218113
2023-10-06 00:00:00+00:00,27418.0,28297.0,27195.0,27942.0,1622.53064858
2023-10-07 00:00:00+00:00,27927.0,28026.0,27840.0,27967.0,447.16680489
2023-10-08 00:00:00+00:00,27964.0,28093.0,27710.0,27929.0,302.25172923
2023-10-09 00:00:00+00:00,27927.0,27989.0,27331.0,27618.0,3071.17198164
2023-10-10 00:00:00+00:00,27624.0,27752.0,27325.0,27414.0,1274.53314975
2023-10-11 00:00:00+00:00,27425.0,27492.0,26562.0,26894.0,1975.79360257
2023-10-12 00:00:00+00:00,26889.0,26964.0,26580.0,26795.0,1443.45996751
2023-10-13 00:00:00+00:00,26794.0,27140.0,26699.0,26875.0,855.09716682
2023-10-14 00:00:00+00:00,26875.0,26995.0,26820.0,26871.0,361.00997061
2023-10-15 00:00:00+00:00,26870.0,27304.0,26832.0,27168.0,468.63403016
2023-10-16 00:00:00+00:00,27169.0,30208.0,27129.0,28524.0,4310.34543001
2023-10-17 00:00:00+00:00,28526.0,28624.0,28099.0,28410.0,826.57419627
2023-10-18 00:00:00+00:00,28409.0,28990.0,28166.0,28332.0,1021.2138392
2023-10-19 00:00:00+00:00,28327.0,28955.0,28147.0,28751.0,1561.01878234
2023-10-20 00:00:00+00:00,28752.0,30260.0,28619.0,29689.0,3153.81854291
2023-10-21 00:00:00+00:00,29688.0,30362.0,29478.0,29922.0,791.34227182
2023-10-22 00:00:00+00:00,29917.0,30243.0,29668.0,30023.0,503.7575943
2023-10-23 00:00:00+00:00,30023.0,33542.0,29923.0,33084.0,6766.89140585
2023-10-24 00:00:00+00:00,33078.0,35199.0,32851.0,33949.0,5302.66078766
2023-10-25 00:00:00+00:00,33953.0,35152.0,33720.0,34504.0,2235.6001375
2023-10-26 00:00:00+00:00,34501.0,34843.0,33768.0,34184.0,1013.38211372
2023-10-27 00:00:00+00:00,34184.0,34269.0,33428.0,33933.0,1120.33326489
2023-10-28 00:00:00+00:00,33933.0,34531.0,33906.0,34104.0,751.53476819
2023-10-29 00:00:00+00:00,34103.0,34783.0,33969.0,34552.0,1491.92988474
2023-10-30 00:00:00+00:00,34552.0,34876.0,34100.0,34490.0,1362.34703988
2023-10-31 00:00:00+00:00,34492.0,34732.0,34111.0,34669.0,1392.77821396
2023-11-01 00:00:00+00:00,34670.0,35622.0,34111.0,35447.0,1986.94253825
2023-11-02 00:00:00+00:00,35447.0,35975.0,34333.0,34944.0,2190.24384791
2023-11-03 00:00:00+00:00,34947.0,34954.0,34154.0,34751.0,1510.08234674
2023-11-04 00:00:00+00:00,34757.0,35296.0,34647.0,35103.0,724.15978932
2023-11-05 00:00:00+00:00,35103.0,35439.0,34479.0,35074.0,610.20541613
2023-11-06 00:00:00+00:00,35062.0,35323.0,34798.0,35053.0,374.79080008
2023-11-07 00:00:00+00:00,35068.0,35930.0,34518.0,35455.0,974.8335101
2023-11-08 00:00:00+00:00,35439.0,36103.0,35106.0,35629.0,705.00808989
2023-11-09 00:00:00+00:00,35629.0,37974.0,35524.0,36699.0,3971.39814956
2023-11-10 00:00:00+00:00,36708.0,37522.0,36350.0,37301.0,950.47511919
2023-11-11 00:00:00+00:00,37301.0,37405.0,36651.0,37141.0,1217.51077344
2023-11-12 00:00:00+00:00,37133.0,37215.0,36751.0,37046.0,451.49744199
2023-11-13 00:00:00+00:00,37045.0,37444.0,36379.0,36503.0,1231.19432068
2023-11-14 00:00:00+00:00,36500.0,36756.0,34779.0,35542.0,2052.6102527
2023-11-15 00:00:00+00:00,35550.0,37950.0,35374.0,37865.0,1994.91690299
2023-11-16 00:00:00+00:00,37856.0,37929.0,35517.0,36161.0,960.28685284
2023-11-17 00:00:00+00:00,36181.0,36846.0,35866.0,36631.0,879.29573618
2023-11-18 00:00:00+00:00,36631.0,36850.0,36221.0,36581.0,338.59084796
2023-11-19 00:00:00+00:00,36586.0,37509.0,36410.0,37369.0,520.79215437
2023-11-20 00:00:00+00:00,37379.0,37745.0,36620.0,37451.0,1652.00298807
2023-11-21 00:00:00+00:00,37451.0,37645.0,35755.0,35755.0,2683.46805928
2023-11-22 00:00:00+00:00,35756.0,37888.0,35660.0,37407.0,2093.791719
2023-11-23 00:00:00+00:00,37408.0,37645.0,36890.0,37280.0,1295.63927021
2023-11-24 00:00:00+00:00,37290.0,38410.0,37248.0,37704.0,3643.84959804
2023-11-25 00:00:00+00:00,37710.0,37893.0,37583.0,37781.0,1128.57646091
2023-11-26 00:00:00+00:00,37781.0,37798.0,37117.0,37443.0,1836.98819659
2023-11-27 00:00:00+00:00,37442.0,37547.0,36732.0,37263.0,1744.62280352
2023-11-28 00:00:00+00:00,37253.0,38349.0,36891.0,37815.0,1791.89808092
2023-11-29 00:00:00+00:00,37815.0,38402.0,37555.0,37834.0,1189.77921556
2023-11-30 00:00:00+00:00,37840.0,38136.0,37490.0,37724.0,734.3276974300001
2023-12-01 00:00:00+00:00,37732.0,38979.0,37618.0,38676.0,2689.82515593
2023-12-02 00:00:00+00:00,38676.0,39678.0,38634.0,39438.0,2856.44282153
2023-12-03 00:00:00+00:00,39431.0,40170.0,39253.0,39940.0,1408.73497438
2023-12-04 00:00:00+00:00,39959.0,42336.0,39959.0,41942.0,2953.70167011
2023-12-05 00:00:00+00:00,41905.0,44488.0,40849.0,44112.0,5332.11475401
2023-12-06 00:00:00+00:00,44113.0,44297.0,43444.0,43814.0,5125.54675711
2023-12-07 00:00:00+00:00,43809.0,44091.0,42862.0,43290.0,2935.55959819
2023-12-08 00:00:00+00:00,43284.0,44699.0,43086.0,44173.0,1962.21252053
2023-12-09 00:00:00+00:00,44178.0,44366.0,43623.0,43749.0,1284.98339071
2023-12-10 00:00:00+00:00,43745.0,44066.0,43623.0,43809.0,936.20231868
2023-12-11 00:00:00+00:00,43818.0,43842.0,40198.0,41287.0,3004.44954038
2023-12-12 00:00:00+00:00,41286.0,42115.0,40695.0,41501.0,902.66795965
2023-12-13 00:00:00+00:00,41518.0,43461.0,40666.0,42891.0,1454.80799253
2023-12-14 00:00:00+00:00,42902.0,43470.0,41475.0,43064.0,1666.06714644
2023-12-15 00:00:00+00:00,43061.0,43106.0,41723.0,41974.0,1011.65981813
2023-12-16 00:00:00+00:00,41976.0,42746.0,41693.0,42328.0,650.6456654
2023-12-17 00:00:00+00:00,42321.0,42448.0,41286.0,41411.0,1109.10178864
2023-12-18 00:00:00+00:00,41410.0,42773.0,40508.0,42672.0,1456.98363741
2023-12-19 00:00:00+00:00,42684.0,43529.0,41850.0,42316.0,957.60283027
2023-12-20 00:00:00+00:00,42309.0,44363.0,42244.0,43689.0,2175.77771137
2023-12-21 00:00:00+00:00,43697.0,44250.0,43362.0,43890.0,1168.03647426
2023-12-22 00:00:00+00:00,43890.0,44444.0,43480.0,44038.0,992.75415162
2023-12-23 00:00:00+00:00,44058.0,44068.0,43332.0,43801.0,657.22849302
2023-12-24 00:00:00+00:00,43801.0,43978.0,42700.0,43043.0,745.48413591
2023-12-25 00:00:00+00:00,43040.0,43881.0,42784.0,43641.0,837.15319382
2023-12-26 00:00:00+00:00,43640.0,43649.0,41616.0,42568.0,1985.68376629
2023-12-27 00:00:00+00:00,42569.0,43666.0,42171.0,43479.0,1016.95405013
2023-12-28 00:00:00+00:00,43475.0,43793.0,42388.0,42617.0,1094.71421077
2023-12-29 00:00:00+00:00,42659.0,43175.0,41304.0,42139.0,1637.00085571
2023-12-30 00:00:00+00:00,42123.0,42665.0,41585.0,42199.0,672.33764919
2023-12-31 00:00:00+00:00,42198.0,42939.0,42023.0,42326.0,656.53211617
2024-01-01 00:00:00+00:00,42331.0,44190.0,42232.0,44175.0,1162.14413758
2024-01-02 00:00:00+00:00,44180.0,45920.0,44175.0,44994.0,3104.62066833
2024-01-03 00:00:00+00:00,45003.0,45559.0,40383.0,42869.0,4186.55630139
2024-01-04 00:00:00+00:00,42874.0,44810.0,42673.0,44224.0,1849.38800183
2024-01-05 00:00:00+00:00,44216.0,44449.0,42413.0,44191.0,1894.05159983
2024-01-06 00:00:00+00:00,44192.0,44263.0,43453.0,44018.0,742.27855358
2024-01-07 00:00:00+00:00,44011.0,44500.0,43627.0,43959.0,574.26826438
2024-01-08 00:00:00+00:00,43959.0,47224.0,43241.0,46946.0,3825.50930691
2024-01-09 00:00:00+00:00,46946.0,47857.0,44545.0,46113.0,3869.42510528
2024-01-10 00:00:00+00:00,46100.0,47582.0,44268.0,46653.0,5054.5362036
2024-01-11 00:00:00+00:00,46654.0,48750.0,45581.0,46333.0,5419.84109342
2024-01-12 00:00:00+00:00,46334.0,46508.0,41500.0,42809.0,3778.02497944
2024-01-13 00:00:00+00:00,42833.0,43250.0,42441.0,42847.0,1035.91452464
2024-01-14 00:00:00+00:00,42825.0,43075.0,41715.0,41731.0,1100.10399675
2024-01-15 00:00:00+00:00,41722.0,43369.0,41700.0,42520.0,933.8109698
2024-01-16 00:00:00+00:00,42521.0,43588.0,42069.0,43163.0,697.88384865
2024-01-17 00:00:00+00:00,43175.0,43215.0,42216.0,42778.0,801.52411505
2024-01-18 00:00:00+00:00,42784.0,42932.0,40704.0,41337.0,1382.78497618
2024-01-19 00:00:00+00:00,41358.0,42212.0,40358.0,41715.0,1550.34973284
2024-01-20 00:00:00+00:00,41727.0,41944.0,41518.0,41778.0,1510.91361498
2024-01-21 00:00:00+00:00,41777.0,41946.0,41588.0,41679.0,1238.06887393
2024-01-22 00:00:00+00:00,41670.0,41775.0,39452.0,39600.0,3146.42675419
2024-01-23 00:00:00+00:00,39600.0,40215.0,38572.0,39938.0,2784.59213157
2024-01-24 00:00:00+00:00,39937.0,40599.0,39526.0,40139.0,1882.31298741
2024-01-25 00:00:00+00:00,40139.0,40333.0,39554.0,40001.0,2304.91013709
2024-01-26 00:00:00+00:00,39986.0,42192.0,39876.0,41821.0,2733.26375392
2024-01-27 00:00:00+00:00,41827.0,42204.0,41405.0,42129.0,466.28096889
2024-01-28 00:00:00+00:00,42129.0,42815.0,41623.0,42044.0,935.66876867
2024-01-29 00:00:00+00:00,42045.0,43332.0,41821.0,43309.0,1164.2145457
2024-01-30 00:00:00+00:00,43309.0,43867.0,42700.0,42956.0,1110.50288853
2024-01-31 00:00:00+00:00,42955.0,43722.0,42304.0,42594.0,1293.52465203
2024-02-01 00:00:00+00:00,42593.0,43273.0,41880.0,43088.0,936.2563065100001
2024-02-02 00:00:00+00:00,43100.0,43481.0,42554.0,43201.0,779.10257142
2024-02-03 00:00:00+00:00,43201.0,43366.0,42888.0,43004.0,288.44524353
2024-02-04 00:00:00+00:00,43004.0,43109.0,42240.0,42583.0,625.58655347
2024-02-05 00:00:00+00:00,42584.0,43540.0,42247.0,42707.0,1035.98511323
2024-02-06 00:00:00+00:00,42707.0,43387.0,42574.0,43101.0,709.5446279500001
2024-02-07 00:00:00+00:00,43084.0,44354.0,42788.0,44328.0,1740.08200415
2024-02-08 00:00:00+00:00,44330.0,45563.0,44323.0,45279.0,1666.69395091
2024-02-09 00:00:00+00:00,45280.0,48190.0,45246.0,47150.0,2803.32280723
2024-02-10 00:00:00+00:00,47150.0,48190.0,46900.0,47795.0,731.4971334
2024-02-11 00:00:00+00:00,47801.0,48500.0,47609.0,48321.0,1312.5632509
2024-02-12 00:00:00+00:00,48342.0,50283.0,47699.0,49947.0,4364.34929449
2024-02-13 00:00:00+00:00,49939.0,50349.0,48322.0,49777.0,2431.26337741
2024-02-14 00:00:00+00:00,49774.0,52005.0,49298.0,51779.0,3074.24915367
2024-02-15 00:00:00+00:00,51788.0,52700.0,51280.0,51893.0,2444.03018381
2024-02-16 00:00:00+00:00,51890.0,52580.0,51580.0,52134.0,1274.27256784
2024-02-17 00:00:00+00:00,52143.0,52156.0,50130.0,51637.0,1389.0712367200001
2024-02-18 00:00:00+00:00,51636.0,52451.0,51165.0,52070.0,911.18860671
2024-02-19 00:00:00+00:00,52075.0,52466.0,51648.0,51731.0,1194.54602033
2024-02-20 00:00:00+00:00,51732.0,52880.0,50584.0,52167.0,2602.65474045
2024-02-21 00:00:00+00:00,52167.0,52279.0,50439.0,51859.0,2225.10727843
2024-02-22 00:00:00+00:00,51858.0,52100.0,50902.0,51280.0,1874.81739491
2024-02-23 00:00:00+00:00,51280.0,51537.0,50227.0,50737.0,1047.88633331
2024-02-24 00:00:00+00:00,50737.0,51736.0,50589.0,51630.0,977.4699689
2024-02-25 00:00:00+00:00,51629.0,51963.0,51307.0,51715.0,1277.05027885
2024-02-26 00:00:00+00:00,51725.0,54720.0,50871.0,54402.0,4391.45851309
2024-02-27 00:00:00+00:00,54402.0,57537.0,54384.0,56999.0,4496.96936736
2024-02-28 00:00:00+00:00,57013.0,63905.0,56668.0,62372.0,6633.12569925
2024-02-29 00:00:00+00:00,62374.0,63578.0,60201.0,61143.0,4105.09534846
2024-03-01 00:00:00+00:00,61126.0,63028.0,60500.0,62348.0,2511.9701511
2024-03-02 00:00:00+00:00,62330.0,62406.0,61584.0,61962.0,1372.71577809
2024-03-03 00:00:00+00:00,61972.0,63248.0,61350.0,63121.0,1715.90022813
2024-03-04 00:00:00+00:00,63113.0,68161.0,62216.0,68098.0,5449.36845524
2024-03-05 00:00:00+00:00,68098.0,68874.0,59008.0,63772.0,9331.9346361
2024-03-06 00:00:00+00:00,63771.0,67681.0,62783.0,66073.0,4510.76071661
2024-03-07 00:00:00+00:00,66073.0,67962.0,65595.0,66727.0,2189.6164172100002
2024-03-08 00:00:00+00:00,66735.0,69839.0,66036.0,68004.0,4667.82866639
2024-03-09 00:00:00+00:00,68010.0,68534.0,67719.0,68205.0,1834.21067186
2024-03-10 00:00:00+00:00,68205.0,69861.0,68047.0,68951.0,2929.04864379
2024-03-11 00:00:00+00:00,68950.0,72606.0,67000.0,71937.0,7118.7701659
2024-03-12 00:00:00+00:00,71942.0,72760.0,68357.0,71221.0,6894.28702272
2024-03-13 00:00:00+00:00,71232.0,73588.0,70976.0,72998.0,3071.63351921
2024-03-14 00:00:00+00:00,72991.0,73666.0,68530.0,71353.0,3478.19802908
2024-03-15 00:00:00+00:00,71351.0,72413.0,65460.0,69520.0,5083.26234732
2024-03-16 00:00:00+00:00,69520.0,70071.0,64867.0,65304.0,3387.672496
2024-03-17 00:00:00+00:00,65264.0,68927.0,64593.0,68453.0,3702.44497245
2024-03-18 00:00:00+00:00,68450.0,68940.0,66633.0,67609.0,2323.45249607
2024-03-19 00:00:00+00:00,67606.0,68136.0,61689.0,62030.0,6977.0131748
2024-03-20 00:00:00+00:00,62022.0,68202.0,60870.0,67912.0,4527.23534198
2024-03-21 00:00:00+00:00,67923.0,68280.0,64623.0,65577.0,3359.63009109
2024-03-22 00:00:00+00:00,65577.0,66712.0,62201.0,63828.0,3150.55293135
2024-03-23 00:00:00+00:00,63826.0,65973.0,63059.0,64034.0,1308.71209912
2024-03-24 00:00:00+00:00,64028.0,67949.0,63826.0,67280.0,2022.35352626
2024-03-25 00:00:00+00:00,67281.0,70983.0,66397.0,69824.0,4658.79977507
2024-03-26 00:00:00+00:00,69823.0,71444.0,69327.0,69985.0,1865.8163499
2024-03-27 00:00:00+00:00,69996.0,71611.0,68251.0,69467.0,4204.05691018
2024-03-28 00:00:00+00:00,69476.0,71557.0,68928.0,70776.0,1569.72474288
2024-03-29 00:00:00+00:00,70786.0,70893.0,69015.0,69862.0,1472.56855321
2024-03-30 00:00:00+00:00,69863.0,70301.0,69631.0,69669.0,311.00598419
2024-03-31 00:00:00+00:00,69652.0,71444.0,69652.0,71402.0,1206.86292628
2024-04-01 00:00:00+00:00,71373.0,71373.0,68099.0,69691.0,2563.26764476
2024-04-02 00:00:00+00:00,69691.0,69691.0,64192.0,65495.0,3472.80643738
2024-04-03 00:00:00+00:00,65494.0,66931.0,64587.0,65966.0,1433.4354457700001
2024-04-04 00:00:00+00:00,65960.0,69634.0,65048.0,68502.0,2233.24606754
2024-04-05 00:00:00+00:00,68502.0,68732.0,65959.0,67819.0,1679.09172362
2024-04-06 00:00:00+00:00,67833.0,69687.0,67379.0,68880.0,521.6677086
2024-04-07 00:00:00+00:00,68889.0,70222.0,68820.0,69342.0,551.82696831
2024-04-08 00:00:00+00:00,69343.0,72762.0,69036.0,71675.0,3090.89135295
2024-04-09 00:00:00+00:00,71674.0,71751.0,68238.0,69165.0,2827.05371425
2024-04-10 00:00:00+00:00,69163.0,71341.0,67559.0,70688.0,2393.62234463
2024-04-11 00:00:00+00:00,70733.0,71444.0,69650.0,70104.0,1412.4162909
2024-04-12 00:00:00+00:00,70103.0,71291.0,65103.0,67061.0,2754.44994986
2024-04-13 00:00:00+00:00,67058.0,67878.0,61593.0,64006.0,4315.06206209
2024-04-14 00:00:00+00:00,63985.0,65909.0,62190.0,65793.0,2527.95580136
2024-04-15 00:00:00+00:00,65770.0,66888.0,62323.0,63488.0,2488.96564408
2024-04-16 00:00:00+00:00,63511.0,64415.0,61730.0,63874.0,1804.45694431
2024-04-17 00:00:00+00:00,63884.0,64534.0,59810.0,61375.0,2282.4089859
2024-04-18 00:00:00+00:00,61351.0,64194.0,60914.0,63529.0,1657.91728965
2024-04-19 00:00:00+00:00,63528.0,65501.0,59675.0,63867.0,2277.37012911
2024-04-20 00:00:00+00:00,63890.0,65465.0,63174.0,65045.0,828.85169489
2024-04-21 00:00:00+00:00,65015.0,65756.0,64254.0,65011.0,493.67203554
2024-04-22 00:00:00+00:00,65011.0,68158.0,64581.0,66894.0,1076.4647703
2024-04-23 00:00:00+00:00,66906.0,67253.0,65807.0,66458.0,513.61560578
2024-04-24 00:00:00+00:00,66479.0,67153.0,63666.0,64345.0,905.82067444
2024-04-25 00:00:00+00:00,64331.0,65381.0,62818.0,64555.0,931.30819006
2024-04-26 00:00:00+00:00,64557.0,64839.0,63374.0,63875.0,719.94542889
2024-04-27 00:00:00+00:00,63872.0,64029.0,62405.0,63574.0,1125.74028184
2024-04-28 00:00:00+00:00,63577.0,64470.0,62913.0,63216.0,367.24358404000003
2024-04-29 00:00:00+00:00,63217.0,64304.0,61903.0,63960.0,1009.17114172
2024-04-30 00:00:00+00:00,63944.0,64800.0,59360.0,60836.0,1958.24585436
2024-05-01 00:00:00+00:00,60845.0,60991.0,56711.0,58441.0,3899.79977668
2024-05-02 00:00:00+00:00,58455.0,59767.0,57072.0,59195.0,2226.81833426
2024-05-03 00:00:00+00:00,59195.0,63444.0,58914.0,62978.0,2893.43651027
2024-05-04 00:00:00+00:00,62978.0,64644.0,62690.0,63983.0,462.65908704
2024-05-05 00:00:00+00:00,63982.0,64801.0,63033.0,64180.0,711.06509507
2024-05-06 00:00:00+00:00,64212.0,65628.0,62812.0,63280.0,856.64252511
2024-05-07 00:00:00+00:00,63282.0,64480.0,62372.0,62434.0,443.52187117
2024-05-08 00:00:00+00:00,62434.0,63112.0,61020.0,61319.0,761.49002717
2024-05-09 00:00:00+00:00,61312.0,63529.0,60742.0,63209.0,880.89530317
2024-05-10 00:00:00+00:00,63208.0,63612.0,60184.0,60807.0,1673.75517713
2024-05-11 00:00:00+00:00,60807.0,61588.0,60565.0,60929.0,662.89845213
2024-05-12 00:00:00+00:00,60918.0,61962.0,60722.0,61612.0,443.79505637
2024-05-13 00:00:00+00:00,61668.0,63540.0,60866.0,63020.0,658.47682034
2024-05-14 00:00:00+00:00,63001.0,63175.0,61238.0,61668.0,864.94429304
2024-05-15 00:00:00+00:00,61655.0,66500.0,61436.0,66320.0,1652.56370497
2024-05-16 00:00:00+00:00,66377.0,66799.0,64715.0,65314.0,884.75164502
2024-05-17 00:00:00+00:00,65325.0,67618.0,65220.0,67182.0,915.34486584
2024-05-18 00:00:00+00:00,67193.0,67473.0,66598.0,66995.0,192.42515224
2024-05-19 00:00:00+00:00,66995.0,67801.0,65955.0,66339.0,281.52915457
2024-05-20 00:00:00+00:00,66338.0,71500.0,66166.0,71428.0,2258.94056916
2024-05-21 00:00:00+00:00,71452.0,71922.0,69210.0,70148.0,1373.95730581
2024-05-22 00:00:00+00:00,70165.0,70668.0,69000.0,69191.0,761.82661489
2024-05-23 00:00:00+00:00,69192.0,70095.0,66419.0,68058.0,1279.66292903
2024-05-24 00:00:00+00:00,68035.0,69308.0,66733.0,68604.0,643.09183717
2024-05-25 00:00:00+00:00,68604.0,69635.0,68589.0,69342.0,479.776466
2024-05-26 00:00:00+00:00,69374.0,69588.0,68208.0,68585.0,439.03161514
2024-05-27 00:00:00+00:00,68544.0,70679.0,68313.0,69492.0,1110.09129299
2024-05-28 00:00:00+00:00,69470.0,69597.0,67361.0,68434.0,899.57079682
2024-05-29 00:00:00+00:00,68487.0,68971.0,67225.0,67720.0,628.0451116
2024-05-30 00:00:00+00:00,67732.0,69523.0,67180.0,68413.0,701.96002167
2024-05-31 00:00:00+00:00,68410.0,69028.0,66680.0,67582.0,816.60709348
2024-06-01 00:00:00+00:00,67573.0,67890.0,67463.0,67759.0,241.83649033
2024-06-02 00:00:00+00:00,67771.0,68444.0,67340.0,67816.0,175.6635955
2024-06-03 00:00:00+00:00,67812.0,70294.0,67625.0,68859.0,1203.93072144
2024-06-04 00:00:00+00:00,68852.0,71071.0,68607.0,70604.0,803.09846946
2024-06-05 00:00:00+00:00,70594.0,71717.0,70409.0,71101.0,862.23410938
2024-06-06 00:00:00+00:00,71106.0,71651.0,70155.0,70836.0,667.72266815
2024-06-07 00:00:00+00:00,70835.0,71950.0,68464.0,69394.0,1727.16879048
2024-06-08 00:00:00+00:00,69393.0,69618.0,69204.0,69338.0,128.65701632
2024-06-09 00:00:00+00:00,69337.0,69798.0,69101.0,69646.0,487.78514665
2024-06-10 00:00:00+00:00,69645.0,70150.0,69170.0,69530.0,485.70316184
2024-06-11 00:00:00+00:00,69530.0,69552.0,66150.0,67331.0,1338.04756972
2024-06-12 00:00:00+00:00,67330.0,70037.0,66919.0,68266.0,1161.43483661
2024-06-13 00:00:00+00:00,68266.0,68444.0,66271.0,66776.0,525.75440857
2024-06-14 00:00:00+00:00,66776.0,67370.0,65088.0,66038.0,814.2031603300001
2024-06-15 00:00:00+00:00,66039.0,66442.0,65886.0,66229.0,145.867611
2024-06-16 00:00:00+00:00,66229.0,66947.0,66054.0,66677.0,336.62422083
2024-06-17 00:00:00+00:00,66677.0,67302.0,65147.0,66569.0,681.99542241
2024-06-18 00:00:00+00:00,66569.0,66623.0,64179.0,65253.0,1604.82166245
2024-06-19 00:00:00+00:00,65257.0,65820.0,64784.0,65071.0,711.88347375
2024-06-20 00:00:00+00:00,65071.0,66585.0,64654.0,65007.0,1157.45094871
2024-06-21 00:00:00+00:00,65008.0,65196.0,63500.0,64237.0,1122.14722434
2024-06-22 00:00:00+00:00,64240.0,64613.0,64062.0,64370.0,508.2046417
2024-06-23 00:00:00+00:00,64369.0,64618.0,63290.0,63292.0,568.87090046
2024-06-24 00:00:00+00:00,63292.0,63461.0,58555.0,60372.0,2950.4153315
2024-06-25 00:00:00+00:00,60371.0,62470.0,60340.0,61878.0,1559.97367307
2024-06-26 00:00:00+00:00,61878.0,62558.0,60789.0,60923.0,871.02450274
2024-06-27 00:00:00+00:00,60930.0,62499.0,60708.0,61825.0,1317.29955615
2024-06-28 00:00:00+00:00,61804.0,62295.0,60151.0,60547.0,886.94421755
2024-06-29 00:00:00+00:00,60546.0,61352.0,60513.0,61087.0,797.91831373
2024-06-30 00:00:00+00:00,61084.0,63131.0,60825.0,62867.0,622.87788145
2024-07-01 00:00:00+00:00,62867.0,63911.0,62628.0,62953.0,693.8096336
2024-07-02 00:00:00+00:00,62939.0,63331.0,61878.0,62219.0,611.89885167
2024-07-03 00:00:00+00:00,62217.0,62386.0,59476.0,60298.0,1006.625819
2024-07-04 00:00:00+00:00,60298.0,60550.0,56810.0,57118.0,2398.69489866
2024-07-05 00:00:00+00:00,57118.0,57615.0,53219.0,56759.0,3018.81561669
2024-07-06 00:00:00+00:00,56759.0,58538.0,56188.0,58326.0,1492.34396237
2024-07-07 00:00:00+00:00,58326.0,58563.0,55929.0,56039.0,965.18957162
2024-07-08 00:00:00+00:00,56035.0,58350.0,54500.0,56873.0,1699.0859488
2024-07-09 00:00:00+00:00,56873.0,58422.0,56462.0,58205.0,1307.61857387
2024-07-10 00:00:00+00:00,58205.0,59606.0,57353.0,57908.0,966.65713685
2024-07-11 00:00:00+00:00,57909.0,59654.0,57237.0,57458.0,1370.68565841
2024-07-12 00:00:00+00:00,57457.0,58653.0,56668.0,58054.0,1124.01457876
2024-07-13 00:00:00+00:00,58055.0,60063.0,57932.0,59382.0,623.67432703
2024-07-14 00:00:00+00:00,59381.0,61535.0,59379.0,60946.0,1033.99661468
2024-07-15 00:00:00+00:00,60933.0,65014.0,60840.0,64882.0,1343.54515769
2024-07-16 00:00:00+00:00,64883.0,65488.0,62537.0,65188.0,839.81273646
2024-07-17 00:00:00+00:00,65180.0,66180.0,63958.0,64204.0,510.14591081
2024-07-18 00:00:00+00:00,64193.0,65200.0,63292.0,64048.0,615.77840376
2024-07-19 00:00:00+00:00,64047.0,67503.0,63414.0,66789.0,1012.90833499
2024-07-20 00:00:00+00:00,66786.0,67694.0,66368.0,67239.0,427.01276917
2024-07-21 00:00:00+00:00,67239.0,68479.0,65944.0,68265.0,728.41390426
2024-07-22 00:00:00+00:00,68269.0,68560.0,66715.0,67698.0,710.33216712
2024-07-23 00:00:00+00:00,67691.0,67906.0,65547.0,66101.0,564.98538123
2024-07-24 00:00:00+00:00,66101.0,67241.0,65229.0,65482.0,735.6190104
2024-07-25 00:00:00+00:00,65503.0,66241.0,63532.0,65849.0,1093.34201451
2024-07-26 00:00:00+00:00,65867.0,68333.0,65850.0,68061.0,749.46181255
2024-07-27 00:00:00+00:00,68061.0,69529.0,66858.0,68023.0,762.97542283
2024-07-28 00:00:00+00:00,68020.0,68443.0,67223.0,68419.0,158.95337469
2024-07-29 00:00:00+00:00,68417.0,70162.0,66666.0,66933.0,1216.27180842
2024-07-30 00:00:00+00:00,66927.0,67179.0,65556.0,66349.0,682.76172309
2024-07-31 00:00:00+00:00,66348.0,66947.0,64630.0,64724.0,493.48102801
2024-08-01 00:00:00+00:00,64724.0,65720.0,62409.0,65465.0,1432.83787202
2024-08-02 00:00:00+00:00,65462.0,65668.0,61291.0,61529.0,1137.27149415
2024-08-03 00:00:00+00:00,61548.0,62260.0,60000.0,60825.0,876.91977973
2024-08-04 00:00:00+00:00,60821.0,61213.0,57300.0,58220.0,674.13796795
2024-08-05 00:00:00+00:00,58203.0,58344.0,49130.0,54158.0,7251.73738133
2024-08-06 00:00:00+00:00,54179.0,57207.0,54142.0,56187.0,1169.11321543
2024-08-07 00:00:00+00:00,56142.0,57833.0,54659.0,55179.0,842.72844783
2024-08-08 00:00:00+00:00,55195.0,62770.0,54847.0,61801.0,1514.24287007
2024-08-09 00:00:00+00:00,61771.0,61809.0,59630.0,60942.0,372.83146685
2024-08-10 00:00:00+00:00,60926.0,61535.0,60342.0,61018.0,172.69337801
2024-08-11 00:00:00+00:00,61019.0,61916.0,58430.0,58817.0,375.47275382
2024-08-12 00:00:00+00:00,58816.0,60764.0,57720.0,59440.0,746.4127147
2024-08-13 00:00:00+00:00,59440.0,61635.0,58527.0,60666.0,774.72813244
2024-08-14 00:00:00+00:00,60666.0,61898.0,58558.0,58777.0,838.2899886
2024-08-15 00:00:00+00:00,58765.0,59909.0,56220.0,57594.0,810.96885801
2024-08-16 00:00:00+00:00,57594.0,59905.0,57171.0,58996.0,448.01664609
2024-08-17 00:00:00+00:00,59006.0,59800.0,58950.0,59589.0,131.7690686
2024-08-18 00:00:00+00:00,59593.0,60313.0,58533.0,58543.0,504.27362598
2024-08-19 00:00:00+00:00,58533.0,59700.0,57936.0,59588.0,296.18091829
2024-08-20 00:00:00+00:00,59578.0,61472.0,58718.0,59172.0,1104.19449535
2024-08-21 00:00:00+00:00,59172.0,61898.0,58957.0,61252.0,981.87061177
2024-08-22 00:00:00+00:00,61253.0,61467.0,59842.0,60483.0,351.73268112
2024-08-23 00:00:00+00:00,60483.0,65074.0,60461.0,64151.0,749.72137326
2024-08-24 00:00:00+00:00,64140.0,64609.0,63667.0,64230.0,261.37402559
2024-08-25 00:00:00+00:00,64236.0,65200.0,63912.0,64361.0,242.61957764
2024-08-26 00:00:00+00:00,64362.0,64579.0,62934.0,62966.0,393.91406785
2024-08-27 00:00:00+00:00,62966.0,63307.0,58200.0,59545.0,1156.45720345
2024-08-28 00:00:00+00:00,59540.0,60330.0,58085.0,59156.0,780.52524324
2024-08-29 00:00:00+00:00,59156.0,61290.0,58885.0,59512.0,1004.46330465
2024-08-30 00:00:00+00:00,59512.0,60102.0,57876.0,59300.0,1900.45583256
2024-08-31 00:00:00+00:00,59300.0,59622.0,58932.0,59155.0,812.56596372
2024-09-01 00:00:00+00:00,59155.0,59236.0,57333.0,57469.0,1248.98229378
2024-09-02 00:00:00+00:00,57456.0,59588.0,57309.0,59308.0,887.4399163
2024-09-03 00:00:00+00:00,59305.0,59976.0,57609.0,57680.0,973.19045016
2024-09-04 00:00:00+00:00,57658.0,58632.0,56010.0,58116.0,2148.24659727
2024-09-05 00:00:00+00:00,58113.0,58451.0,55776.0,56323.0,2085.31236836
2024-09-06 00:00:00+00:00,56317.0,57123.0,52756.0,54136.0,2368.30754207
2024-09-07 00:00:00+00:00,54129.0,55084.0,53931.0,54309.0,1300.40618142
2024-09-08 00:00:00+00:00,54302.0,55448.0,53751.0,55011.0,1059.2340051200001
2024-09-09 00:00:00+00:00,55019.0,58180.0,54750.0,57110.0,1939.26757614
2024-09-10 00:00:00+00:00,57121.0,58136.0,56489.0,57758.0,271.57008002
2024-09-11 00:00:00+00:00,57759.0,58104.0,55732.0,57451.0,1185.63687234
2024-09-12 00:00:00+00:00,57456.0,58652.0,57449.0,58287.0,803.19130494
2024-09-13 00:00:00+00:00,58288.0,60730.0,57759.0,60645.0,1164.81851535
2024-09-14 00:00:00+00:00,60638.0,60713.0,59666.0,60139.0,329.61175074
2024-09-15 00:00:00+00:00,60139.0,60525.0,58858.0,59296.0,833.56069057
2024-09-16 00:00:00+00:00,59286.0,59336.0,57652.0,58342.0,624.97120675
2024-09-17 00:00:00+00:00,58342.0,61337.0,57773.0,60435.0,1103.07532821
2024-09-18 00:00:00+00:00,60435.0,61875.0,59293.0,61853.0,1001.81133908
2024-09-19 00:00:00+00:00,61853.0,63950.0,61702.0,63032.0,800.4729952
2024-09-20 00:00:00+00:00,63050.0,64200.0,62435.0,63205.0,490.98781383
2024-09-21 00:00:00+00:00,63205.0,63614.0,62805.0,63415.0,206.37950249
2024-09-22 00:00:00+00:00,63416.0,64093.0,62477.0,63663.0,631.34903341
2024-09-23 00:00:00+00:00,63663.0,64842.0,62687.0,63456.0,720.88591575
2024-09-24 00:00:00+00:00,63456.0,64775.0,62850.0,64381.0,525.88709179
2024-09-25 00:00:00+00:00,64386.0,64888.0,63077.0,63264.0,404.73309664
2024-09-26 00:00:00+00:00,63263.0,65888.0,62805.0,65307.0,861.36783127
2024-09-27 00:00:00+00:00,65308.0,66587.0,64987.0,65928.0,667.5693312
2024-09-28 00:00:00+00:00,65928.0,66410.0,65568.0,66014.0,105.24255847
2024-09-29 00:00:00+00:00,65999.0,66193.0,65574.0,65762.0,87.51045133
2024-09-30 00:00:00+00:00,65759.0,65759.0,63005.0,63468.0,1038.7765083
2024-10-01 00:00:00+00:00,63468.0,64217.0,60313.0,60961.0,892.73702201
2024-10-02 00:00:00+00:00,60948.0,62480.0,60139.0,60788.0,741.14716371
2024-10-03 00:00:00+00:00,60785.0,61600.0,60004.0,60892.0,380.00225537
2024-10-04 00:00:00+00:00,60880.0,62575.0,60602.0,62205.0,430.60115939
2024-10-05 00:00:00+00:00,62208.0,62437.0,61767.0,62138.0,249.57036283
2024-10-06 00:00:00+00:00,62128.0,63033.0,61862.0,62894.0,226.15229561
2024-10-07 00:00:00+00:00,62895.0,64514.0,62197.0,62257.0,607.00723824
2024-10-08 00:00:00+00:00,62251.0,63248.0,61940.0,62230.0,428.99910707
2024-10-09 00:00:00+00:00,62223.0,62587.0,60346.0,60650.0,460.75719302
2024-10-10 00:00:00+00:00,60650.0,61364.0,58943.0,60337.0,660.61934024
2024-10-11 00:00:00+00:00,60337.0,63455.0,60104.0,62581.0,417.28016865
2024-10-12 00:00:00+00:00,62586.0,63590.0,62569.0,63335.0,288.91673465
2024-10-13 00:00:00+00:00,63335.0,63406.0,62204.0,62986.0,591.50447024
2024-10-14 00:00:00+00:00,62987.0,66555.0,62601.0,66179.0,812.69697457
2024-10-15 00:00:00+00:00,66179.0,67820.0,64829.0,67123.0,1398.8663039
2024-10-16 00:00:00+00:00,67132.0,68367.0,66861.0,67654.0,1163.51993054
2024-10-17 00:00:00+00:00,67654.0,67962.0,66703.0,67454.0,382.89440356
2024-10-18 00:00:00+00:00,67453.0,68886.0,67240.0,68368.0,897.64641273
2024-10-19 00:00:00+00:00,68369.0,68641.0,68035.0,68360.0,183.7518498
2024-10-20 00:00:00+00:00,68359.0,69402.0,68116.0,69045.0,311.45027284
2024-10-21 00:00:00+00:00,69045.0,69586.0,66942.0,67425.0,581.39534921
2024-10-22 00:00:00+00:00,67427.0,67824.0,66646.0,67405.0,395.98210221
2024-10-23 00:00:00+00:00,67412.0,67436.0,65265.0,66695.0,452.46354108
2024-10-24 00:00:00+00:00,66684.0,68846.0,66527.0,68188.0,451.5145238
2024-10-25 00:00:00+00:00,68189.0,68750.0,65602.0,66734.0,515.31350676
2024-10-26 00:00:00+00:00,66708.0,67446.0,66456.0,67081.0,132.05846983
2024-10-27 00:00:00+00:00,67081.0,68328.0,66926.0,68035.0,223.16458122
2024-10-28 00:00:00+00:00,68035.0,70287.0,67660.0,69989.0,727.68815505
2024-10-29 00:00:00+00:00,69992.0,73525.0,69812.0,72688.0,2654.17736827
2024-10-30 00:00:00+00:00,72705.0,73060.0,71510.0,72451.0,440.18092922
2024-10-31 00:00:00+00:00,72451.0,72670.0,69674.0,70299.0,403.74380128
2024-11-01 00:00:00+00:00,70294.0,71653.0,68888.0,69589.0,920.83306354
2024-11-02 00:00:00+00:00,69587.0,69939.0,69028.0,69321.0,371.36375547
2024-11-03 00:00:00+00:00,69332.0,69409.0,67530.0,68807.0,1040.24716464
2024-11-04 00:00:00+00:00,68806.0,69505.0,66880.0,67858.0,626.22569649
2024-11-05 00:00:00+00:00,67879.0,70599.0,67541.0,69450.0,776.81575491
2024-11-06 00:00:00+00:00,69458.0,76179.0,69396.0,75580.0,4904.03862397
2024-11-07 00:00:00+00:00,75578.0,76655.0,74397.0,75864.0,1433.42115081
2024-11-08 00:00:00+00:00,75864.0,77049.0,75608.0,76496.0,795.94857221
2024-11-09 00:00:00+00:00,76497.0,76888.0,75746.0,76703.0,307.58528315
2024-11-10 00:00:00+00:00,76705.0,81500.0,76531.0,80365.0,4084.52554245
2024-11-11 00:00:00+00:00,80366.0,89529.0,80244.0,88566.0,3622.96163777
2024-11-12 00:00:00+00:00,88577.0,89933.0,85128.0,87932.0,2921.34987281
2024-11-13 00:00:00+00:00,87932.0,93318.0,86137.0,90453.0,2719.80052825
2024-11-14 00:00:00+00:00,90446.0,91776.0,86693.0,87319.0,1591.09444411
2024-11-15 00:00:00+00:00,87324.0,91859.0,87114.0,91023.0,1203.62694753
2024-11-16 00:00:00+00:00,91015.0,91743.0,90086.0,90554.0,747.01436574
2024-11-17 00:00:00+00:00,90555.0,91423.0,88758.0,89843.0,886.94588567
2024-11-18 00:00:00+00:00,89844.0,92536.0,89500.0,90535.0,1641.59542412
2024-11-19 00:00:00+00:00,90535.0,93751.0,90427.0,92247.0,2041.81891738
2024-11-20 00:00:00+00:00,92247.0,94658.0,91404.0,94243.0,1487.12675381
2024-11-21 00:00:00+00:00,94244.0,98700.0,93986.0,98305.0,2831.15592694
2024-11-22 00:00:00+00:00,98331.0,99334.0,97010.0,98688.0,2402.38476127
2024-11-23 00:00:00+00:00,98714.0,98745.0,97136.0,97538.0,2004.7751723
2024-11-24 00:00:00+00:00,97535.0,98381.0,95611.0,97828.0,777.53335004
2024-11-25 00:00:00+00:00,97802.0,98690.0,92806.0,93160.0,1677.2829409
2024-11-26 00:00:00+00:00,93135.0,95090.0,90911.0,92101.0,1056.31440362
2024-11-27 00:00:00+00:00,92087.0,97251.0,91904.0,95953.0,893.83721908
2024-11-28 00:00:00+00:00,95948.0,96629.0,94750.0,95761.0,330.76162013
2024-11-29 00:00:00+00:00,95761.0,98682.0,95511.0,97579.0,684.78908542
2024-11-30 00:00:00+00:00,97580.0,97580.0,96222.0,96505.0,351.5493117
2024-12-01 00:00:00+00:00,96506.0,97988.0,95836.0,97365.0,583.36217871
2024-12-02 00:00:00+00:00,97366.0,98240.0,94679.0,95912.0,1138.98657451
2024-12-03 00:00:00+00:00,95924.0,96402.0,93780.0,96044.0,1516.76524686
2024-12-04 00:00:00+00:00,96044.0,99167.0,94735.0,98697.0,889.76348159
2024-12-05 00:00:00+00:00,98710.0,104000.0,88800.0,96856.0,5284.08056248
2024-12-06 00:00:00+00:00,96830.0,101900.0,96210.0,99789.0,1456.9110680000001
2024-12-07 00:00:00+00:00,99780.0,100530.0,98788.0,99936.0,362.49066592
2024-12-08 00:00:00+00:00,99936.0,101480.0,98803.0,101240.0,422.96403786
2024-12-09 00:00:00+00:00,101240.0,101300.0,94222.0,97410.0,1580.63972664
2024-12-10 00:00:00+00:00,97410.0,98368.0,94385.0,96650.0,779.33071131
2024-12-11 00:00:00+00:00,96660.0,101800.0,95771.0,101090.0,1017.19236895
2024-12-12 00:00:00+00:00,101100.0,102360.0,99280.0,100010.0,777.71932678
2024-12-13 00:00:00+00:00,100000.0,101840.0,99226.0,101370.0,558.95355168
2024-12-14 00:00:00+00:00,101360.0,102470.0,100550.0,101320.0,671.62863009
2024-12-15 00:00:00+00:00,101320.0,105000.0,101210.0,104340.0,949.46950765
2024-12-16 00:00:00+00:00,104360.0,107610.0,103220.0,105870.0,1882.49657255
2024-12-17 00:00:00+00:00,105880.0,108100.0,105110.0,106020.0,1394.99297115
2024-12-18 00:00:00+00:00,105990.0,106350.0,100060.0,100110.0,1270.23976479
2024-12-19 00:00:00+00:00,100190.0,102800.0,95672.0,97482.0,1553.73673393
2024-12-20 00:00:00+00:00,97503.0,98180.0,92368.0,97869.0,3638.58872397
2024-12-21 00:00:00+00:00,97866.0,99515.0,96425.0,97289.0,580.74865022
2024-12-22 00:00:00+00:00,97290.0,97435.0,94333.0,95201.0,906.45612854
2024-12-23 00:00:00+00:00,95200.0,96548.0,92666.0,94918.0,1787.73783178
2024-12-24 00:00:00+00:00,94919.0,99554.0,93571.0,98730.0,594.53738789
2024-12-25 00:00:00+00:00,98721.0,99566.0,97732.0,99420.0,479.45015053
2024-12-26 00:00:00+00:00,99463.0,99900.0,95307.0,95882.0,747.40637601
2024-12-27 00:00:00+00:00,95882.0,97554.0,93617.0,94419.0,530.89415256
2024-12-28 00:00:00+00:00,94418.0,95916.0,94311.0,95533.0,292.69560862
2024-12-29 00:00:00+00:00,95533.0,95559.0,93188.0,93944.0,589.08670231
2024-12-30 00:00:00+00:00,93943.0,95135.0,91696.0,92982.0,1820.26014178
2024-12-31 00:00:00+00:00,92983.0,96400.0,92173.0,93759.0,1119.30232816
2025-01-01 00:00:00+00:00,93758.0,95287.0,93072.0,94757.0,546.41880328
2025-01-02 00:00:00+00:00,94757.0,97887.0,94521.0,97035.0,576.96194625
2025-01-03 00:00:00+00:00,97035.0,99028.0,96191.0,98179.0,472.01143541
2025-01-04 00:00:00+00:00,98179.0,98781.0,97601.0,98294.0,154.31663435
2025-01-05 00:00:00+00:00,98294.0,98889.0,97356.0,98400.0,222.26863355
2025-01-06 00:00:00+00:00,98402.0,102560.0,98004.0,102290.0,827.1476882
2025-01-07 00:00:00+00:00,102300.0,102760.0,96218.0,97009.0,1094.29319961
2025-01-08 00:00:00+00:00,97015.0,97346.0,92540.0,95202.0,1604.21298654
2025-01-09 00:00:00+00:00,95185.0,95479.0,91430.0,92692.0,1311.9236839
2025-01-10 00:00:00+00:00,92703.0,95930.0,92374.0,94835.0,443.06820749
2025-01-11 00:00:00+00:00,94836.0,95115.0,93958.0,94716.0,150.10640968
2025-01-12 00:00:00+00:00,94717.0,95534.0,93835.0,94580.0,231.99428511
2025-01-13 00:00:00+00:00,94581.0,96069.0,89698.0,94682.0,1850.77111589
2025-01-14 00:00:00+00:00,94680.0,97451.0,94489.0,96701.0,486.19222136
2025-01-15 00:00:00+00:00,96702.0,100660.0,96664.0,100490.0,732.18070397
2025-01-16 00:00:00+00:00,100490.0,100840.0,97381.0,100040.0,667.30956715
2025-01-17 00:00:00+00:00,100030.0,105800.0,100000.0,104040.0,1260.52086251
2025-01-18 00:00:00+00:00,104040.0,104960.0,102200.0,104490.0,541.92272018
2025-01-19 00:00:00+00:00,104490.0,106370.0,99637.0,101300.0,1037.64744681
2025-01-20 00:00:00+00:00,101310.0,109590.0,99500.0,102210.0,2922.39788506
2025-01-21 00:00:00+00:00,102190.0,107360.0,100100.0,106150.0,1118.32325195
2025-01-22 00:00:00+00:00,106150.0,106350.0,103400.0,103680.0,514.08043463
2025-01-23 00:00:00+00:00,103670.0,107000.0,101260.0,103930.0,1702.39265149
2025-01-24 00:00:00+00:00,103930.0,107030.0,102700.0,104790.0,518.92214715
2025-01-25 00:00:00+00:00,104790.0,105260.0,104100.0,104700.0,136.2442268
2025-01-26 00:00:00+00:00,104700.0,105440.0,102660.0,102660.0,326.35891797
2025-01-27 00:00:00+00:00,102660.0,103300.0,97799.0,102300.0,1227.46600418
2025-01-28 00:00:00+00:00,102290.0,103850.0,100380.0,101460.0,421.74199004
2025-01-29 00:00:00+00:00,101450.0,104800.0,101420.0,103780.0,324.77995065
2025-01-30 00:00:00+00:00,103780.0,106520.0,103450.0,104740.0,340.41371262
2025-01-31 00:00:00+00:00,104740.0,106040.0,101670.0,102470.0,400.72017081
2025-02-01 00:00:00+00:00,102470.0,102790.0,100380.0,100700.0,261.29338914
2025-02-02 00:00:00+00:00,100690.0,101460.0,96200.0,97600.0,2142.82775135
2025-02-03 00:00:00+00:00,97600.0,102390.0,91657.0,101270.0,3865.15059159
2025-02-04 00:00:00+00:00,101270.0,101650.0,96127.0,97781.0,914.36959181
2025-02-05 00:00:00+00:00,97778.0,99150.0,96172.0,96614.0,355.28490332
2025-02-06 00:00:00+00:00,96614.0,99222.0,95922.0,96678.0,1082.1567536
2025-02-07 00:00:00+00:00,96688.0,100160.0,95674.0,96579.0,657.01869919
2025-02-08 00:00:00+00:00,96579.0,96908.0,95748.0,96621.0,284.573584
2025-02-09 00:00:00+00:00,96611.0,97366.0,94995.0,96615.0,899.90439937
2025-02-10 00:00:00+00:00,96614.0,98468.0,95391.0,97550.0,527.56163869
2025-02-11 00:00:00+00:00,97551.0,98645.0,95024.0,95950.0,1111.82750308
2025-02-12 00:00:00+00:00,95950.0,98200.0,94398.0,98007.0,1611.35131251
2025-02-13 00:00:00+00:00,98006.0,98166.0,95362.0,96815.0,741.33146064
2025-02-14 00:00:00+00:00,96791.0,98821.0,96431.0,97489.0,626.88023262
2025-02-15 00:00:00+00:00,97488.0,97969.0,97254.0,97574.0,61.30450781
2025-02-16 00:00:00+00:00,97596.0,97723.0,96159.0,96257.0,229.52622295
2025-02-17 00:00:00+00:00,96257.0,97163.0,95444.0,95955.0,652.70991045
2025-02-18 00:00:00+00:00,95953.0,96923.0,93569.0,95835.0,1746.62180213
2025-02-19 00:00:00+00:00,95835.0,97056.0,95250.0,96801.0,734.5660686
2025-02-20 00:00:00+00:00,96801.0,98862.0,96615.0,98433.0,198.10756827
2025-02-21 00:00:00+00:00,98433.0,99574.0,95024.0,96345.0,686.24741625
2025-02-22 00:00:00+00:00,96346.0,97143.0,95965.0,96721.0,174.14014249
2025-02-23 00:00:00+00:00,96720.0,96767.0,95391.0,96450.0,181.32251605
2025-02-24 00:00:00+00:00,96450.0,96659.0,91833.0,91971.0,1432.31609806
2025-02-25 00:00:00+00:00,91925.0,92833.0,86241.0,88888.0,5076.76396819
2025-02-26 00:00:00+00:00,88881.0,89623.0,82925.0,84432.0,4178.90492118
2025-02-27 00:00:00+00:00,84433.0,87320.0,83000.0,85007.0,2194.12404678
2025-02-28 00:00:00+00:00,85008.0,85330.0,78617.0,84654.0,4077.96563681
2025-03-01 00:00:00+00:00,84620.0,86819.0,84115.0,86379.0,1551.27745613
2025-03-02 00:00:00+00:00,86369.0,95321.0,85355.0,94466.0,2331.27918617
2025-03-03 00:00:00+00:00,94488.0,94633.0,85402.0,86478.0,1724.46975104
2025-03-04 00:00:00+00:00,86477.0,89168.0,81513.0,87472.0,2304.10771025
2025-03-05 00:00:00+00:00,87470.0,91262.0,86603.0,90848.0,965.38091532
2025-03-06 00:00:00+00:00,90848.0,92997.0,88071.0,90120.0,580.62967171
2025-03-07 00:00:00+00:00,90120.0,91454.0,84876.0,87042.0,1425.43940349
2025-03-08 00:00:00+00:00,87039.0,87140.0,85469.0,86494.0,867.25011007
2025-03-09 00:00:00+00:00,86498.0,86823.0,80240.0,80952.0,1588.84171309
2025-03-10 00:00:00+00:00,80954.0,84245.0,77793.0,78813.0,2392.92697096
2025-03-11 00:00:00+00:00,78860.0,83820.0,77041.0,83163.0,1820.60966752
2025-03-12 00:00:00+00:00,83148.0,84630.0,80843.0,83856.0,1111.77169462
2025-03-13 00:00:00+00:00,83857.0,84494.0,80101.0,81289.0,438.43950027
2025-03-14 00:00:00+00:00,81289.0,85487.0,81024.0,84207.0,1160.2473446
2025-03-15 00:00:00+00:00,84210.0,84911.0,83832.0,84536.0,338.04812282
2025-03-16 00:00:00+00:00,84537.0,85280.0,82191.0,82759.0,324.54494046
2025-03-17 00:00:00+00:00,82759.0,84920.0,82666.0,84246.0,592.98637908
2025-03-18 00:00:00+00:00,84221.0,84221.0,81366.0,82933.0,1241.46415804
2025-03-19 00:00:00+00:00,82933.0,87189.0,82759.0,87029.0,671.17077212
2025-03-20 00:00:00+00:00,87030.0,87622.0,83783.0,84296.0,409.86421346000003
2025-03-21 00:00:00+00:00,84296.0,84945.0,83300.0,84144.0,311.9773661
2025-03-22 00:00:00+00:00,84154.0,84594.0,83791.0,83919.0,85.62712877999999
2025-03-23 00:00:00+00:00,83924.0,86288.0,83924.0,86267.0,175.98071924
2025-03-24 00:00:00+00:00,86276.0,88868.0,85714.0,87606.0,337.72886011
2025-03-25 00:00:00+00:00,87603.0,88651.0,86453.0,87606.0,553.05400225
2025-03-26 00:00:00+00:00,87588.0,88460.0,86057.0,87089.0,798.25050507
2025-03-27 00:00:00+00:00,87089.0,87934.0,85916.0,87317.0,199.46475732
2025-03-28 00:00:00+00:00,87317.0,87578.0,83755.0,84573.0,1228.26860439
2025-03-29 00:00:00+00:00,84577.0,84779.0,81853.0,82865.0,543.31050052
2025-03-30 00:00:00+00:00,82866.0,83697.0,81754.0,82553.0,764.90318106
2025-03-31 00:00:00+00:00,82552.0,83998.0,81423.0,82673.0,773.52919409
2025-04-01 00:00:00+00:00,82667.0,85535.0,82568.0,85197.0,469.96367597
2025-04-02 00:00:00+00:00,85196.0,88490.0,82335.0,82518.0,643.20828344
2025-04-03 00:00:00+00:00,82517.0,83891.0,81227.0,83208.0,698.84005284
2025-04-04 00:00:00+00:00,83227.0,84695.0,81634.0,83842.0,754.06223404
2025-04-05 00:00:00+00:00,83862.0,84219.0,82421.0,83598.0,495.96517115
2025-04-06 00:00:00+00:00,83599.0,83807.0,77133.0,78441.0,1332.60504275
2025-04-07 00:00:00+00:00,78459.0,81262.0,74501.0,79249.0,2299.69070257
2025-04-08 00:00:00+00:00,79182.0,80901.0,76260.0,76332.0,762.3592373500001
2025-04-09 00:00:00+00:00,76333.0,83582.0,74634.0,82542.0,1875.84659407
2025-04-10 00:00:00+00:00,82566.0,82699.0,78448.0,79519.0,812.53271171
2025-04-11 00:00:00+00:00,79505.0,84232.0,78888.0,83372.0,430.90674271
2025-04-12 00:00:00+00:00,83372.0,85865.0,82761.0,85259.0,185.16863404
2025-04-13 00:00:00+00:00,85259.0,86029.0,83000.0,83676.0,292.07711055
2025-04-14 00:00:00+00:00,83717.0,85727.0,83658.0,84544.0,177.05549045
2025-04-15 00:00:00+00:00,84547.0,86446.0,83604.0,83667.0,216.31963632
2025-04-16 00:00:00+00:00,83649.0,85500.0,83111.0,84021.0,342.3801384
2025-04-17 00:00:00+00:00,84005.0,85382.0,83650.0,84832.0,651.31801479
2025-04-18 00:00:00+00:00,84834.0,85009.0,84200.0,84363.0,533.75619102
2025-04-19 00:00:00+00:00,84377.0,85522.0,84311.0,84899.0,345.5741623
2025-04-20 00:00:00+00:00,84931.0,85187.0,83817.0,85019.0,281.07032227
2025-04-21 00:00:00+00:00,85003.0,88630.0,84940.0,87473.0,917.41503838
2025-04-22 00:00:00+00:00,87473.0,93911.0,87038.0,93339.0,1042.01809841
2025-04-23 00:00:00+00:00,93339.0,94569.0,91919.0,93635.0,1294.61614193
2025-04-24 00:00:00+00:00,93635.0,94000.0,91756.0,93961.0,342.50360334
2025-04-25 00:00:00+00:00,93961.0,95814.0,92921.0,94707.0,714.35439887
2025-04-26 00:00:00+00:00,94687.0,95228.0,94083.0,94694.0,307.77368066
2025-04-27 00:00:00+00:00,94693.0,95369.0,93724.0,93784.0,396.71583982
2025-04-28 00:00:00+00:00,93771.0,95550.0,93033.0,95046.0,1339.51827212
2025-04-29 00:00:00+00:00,95077.0,95531.0,94012.0,94451.0,504.32694571
2025-04-30 00:00:00+00:00,94426.0,95285.0,93436.0,94309.0,1143.92900941
2025-05-01 00:00:00+00:00,94301.0,97474.0,94294.0,96467.0,528.52554
2025-05-02 00:00:00+00:00,96491.0,97915.0,96381.0,96888.0,362.81159158
2025-05-03 00:00:00+00:00,96894.0,96945.0,96065.0,96065.0,1056.68281546
2025-05-04 00:00:00+00:00,96065.0,96439.0,94703.0,94703.0,2933.81094817
2025-05-05 00:00:00+00:00,94703.0,95407.0,93988.0,94990.0,2409.54549247
2025-05-06 00:00:00+00:00,94970.0,96999.0,93663.0,96933.0,613.032506
2025-05-07 00:00:00+00:00,96970.0,97840.0,95944.0,97121.0,459.39578071
2025-05-08 00:00:00+00:00,97145.0,104190.0,96980.0,103290.0,1285.53708704
2025-05-09 00:00:00+00:00,103270.0,104340.0,102330.0,102940.0,789.80602978
2025-05-10 00:00:00+00:00,102940.0,104920.0,102800.0,104750.0,684.45330144
2025-05-11 00:00:00+00:00,104740.0,104880.0,103310.0,104090.0,671.51454714
2025-05-12 00:00:00+00:00,104080.0,105660.0,100810.0,102860.0,756.73173338
2025-05-13 00:00:00+00:00,102860.0,104980.0,101500.0,104140.0,371.31147003
2025-05-14 00:00:00+00:00,104120.0,104300.0,102510.0,103550.0,206.80217287
2025-05-15 00:00:00+00:00,103520.0,104180.0,101430.0,103700.0,348.91994422
2025-05-16 00:00:00+00:00,103710.0,104510.0,103100.0,103450.0,187.52484374
2025-05-17 00:00:00+00:00,103450.0,103670.0,102630.0,103140.0,176.85389255
2025-05-18 00:00:00+00:00,103150.0,106590.0,103150.0,106430.0,510.77228452
2025-05-19 00:00:00+00:00,106440.0,107070.0,102010.0,105470.0,663.54290783
2025-05-20 00:00:00+00:00,105500.0,107230.0,104120.0,106730.0,718.57506783
2025-05-21 00:00:00+00:00,106740.0,110690.0,106020.0,109640.0,888.92246026
2025-05-22 00:00:00+00:00,109620.0,111880.0,109220.0,111640.0,790.62498358
2025-05-23 00:00:00+00:00,111630.0,111690.0,106710.0,107230.0,922.43022617
2025-05-24 00:00:00+00:00,107200.0,109420.0,106750.0,107540.0,858.2248786
2025-05-25 00:00:00+00:00,107540.0,109180.0,106400.0,108860.0,429.87320812
2025-05-26 00:00:00+00:00,108890.0,110400.0,108550.0,109390.0,802.67306004
2025-05-27 00:00:00+00:00,109400.0,110700.0,107510.0,108850.0,719.66398692
2025-05-28 00:00:00+00:00,108850.0,109200.0,106750.0,107760.0,738.95550676
2025-05-29 00:00:00+00:00,107760.0,108870.0,105300.0,105590.0,960.44840925
2025-05-30 00:00:00+00:00,105590.0,106260.0,103460.0,104030.0,472.72397266
2025-05-31 00:00:00+00:00,104000.0,104950.0,103110.0,104660.0,188.02175566
2025-06-01 00:00:00+00:00,104640.0,105870.0,103790.0,105630.0,138.06297293
2025-06-02 00:00:00+00:00,105670.0,105990.0,103670.0,105880.0,338.79018089
2025-06-03 00:00:00+00:00,105870.0,106800.0,104880.0,105400.0,322.78170409
2025-06-04 00:00:00+00:00,105370.0,105940.0,104250.0,104580.0,216.53757853
2025-06-05 00:00:00+00:00,104590.0,105860.0,100520.0,101680.0,1926.06558351
2025-06-06 00:00:00+00:00,101680.0,105400.0,101270.0,104450.0,567.67625369
2025-06-07 00:00:00+00:00,104460.0,106000.0,104020.0,105680.0,110.96045283
2025-06-08 00:00:00+00:00,105680.0,106550.0,105040.0,105830.0,106.10470832
2025-06-09 00:00:00+00:00,105800.0,110680.0,105440.0,110290.0,353.83652788
2025-06-10 00:00:00+00:00,110300.0,110320.0,108310.0,110180.0,300.92089026
2025-06-11 00:00:00+00:00,110160.0,110270.0,108010.0,108610.0,386.13760116
2025-06-12 00:00:00+00:00,108590.0,108740.0,105700.0,105700.0,313.6550621
2025-06-13 00:00:00+00:00,105690.0,106250.0,102660.0,106090.0,650.48323392
2025-06-14 00:00:00+00:00,106110.0,106200.0,104480.0,105600.0,341.10813119
2025-06-15 00:00:00+00:00,105610.0,106260.0,104710.0,105740.0,357.33807348
2025-06-16 00:00:00+00:00,105740.0,109030.0,105190.0,106830.0,291.38575936
2025-06-17 00:00:00+00:00,106870.0,107780.0,103460.0,104760.0,773.64243456
2025-06-18 00:00:00+00:00,104770.0,105660.0,103630.0,105050.0,1061.64242791
2025-06-19 00:00:00+00:00,105060.0,105340.0,104080.0,104780.0,478.11690487
2025-06-20 00:00:00+00:00,104790.0,106580.0,102490.0,103360.0,730.6362345699999
2025-06-21 00:00:00+00:00,103370.0,104120.0,101020.0,102220.0,743.93906353
2025-06-22 00:00:00+00:00,102250.0,103470.0,98579.0,101200.0,2156.29572064
2025-06-23 00:00:00+00:00,101170.0,106210.0,99830.0,105540.0,1029.21993322
2025-06-24 00:00:00+00:00,105520.0,106340.0,104810.0,106110.0,198.72479427
2025-06-25 00:00:00+00:00,106120.0,108130.0,105920.0,107340.0,158.63704085
2025-06-26 00:00:00+00:00,107330.0,108250.0,106520.0,106950.0,134.45862456
2025-06-27 00:00:00+00:00,106950.0,107750.0,106370.0,107100.0,153.94791631
2025-06-28 00:00:00+00:00,107080.0,107550.0,106890.0,107340.0,116.23759873
2025-06-29 00:00:00+00:00,107330.0,108590.0,107220.0,108370.0,80.39572079
2025-06-30 00:00:00+00:00,108380.0,108790.0,106950.0,107250.0,609.8084626
2025-07-01 00:00:00+00:00,107250.0,107620.0,105460.0,105920.0,1318.75157768
2025-07-02 00:00:00+00:00,105910.0,109900.0,105270.0,108980.0,331.60448401
2025-07-03 00:00:00+00:00,108990.0,110700.0,108710.0,109760.0,161.73398868
2025-07-04 00:00:00+00:00,109760.0,109910.0,107470.0,108200.0,194.02205783
2025-07-05 00:00:00+00:00,108180.0,108540.0,107920.0,108330.0,42.01992647
2025-07-06 00:00:00+00:00,108340.0,109860.0,107980.0,109380.0,153.55499491
2025-07-07 00:00:00+00:00,109360.0,109830.0,107700.0,108420.0,155.38674544
2025-07-08 00:00:00+00:00,108400.0,109340.0,107630.0,109060.0,196.2908031
2025-07-09 00:00:00+00:00,109070.0,111990.0,108480.0,111380.0,400.4438921
2025-07-10 00:00:00+00:00,111420.0,117430.0,110670.0,115950.0,1635.12007966
2025-07-11 00:00:00+00:00,115960.0,118790.0,115230.0,117400.0,397.47350947
2025-07-12 00:00:00+00:00,117430.0,118070.0,116720.0,117280.0,60.07957665
2025-07-13 00:00:00+00:00,117300.0,119310.0,117120.0,118940.0,227.51836887
2025-07-14 00:00:00+00:00,118950.0,123120.0,118790.0,119820.0,463.98830107
2025-07-15 00:00:00+00:00,119820.0,119920.0,115820.0,117830.0,646.00236464
2025-07-16 00:00:00+00:00,117870.0,120110.0,117160.0,118690.0,221.41876744
2025-07-17 00:00:00+00:00,118690.0,121050.0,117500.0,119250.0,399.82305426
2025-07-18 00:00:00+00:00,119250.0,120920.0,116930.0,118000.0,241.58644474
2025-07-19 00:00:00+00:00,118010.0,118480.0,117300.0,117900.0,54.22763298
2025-07-20 00:00:00+00:00,117890.0,118800.0,116410.0,117240.0,164.06592344
2025-07-21 00:00:00+00:00,117230.0,119630.0,116550.0,117460.0,255.64322145
2025-07-22 00:00:00+00:00,117420.0,120250.0,116150.0,119970.0,331.11782209
2025-07-23 00:00:00+00:00,119990.0,120110.0,117460.0,118900.0,474.35824921
2025-07-24 00:00:00+00:00,118870.0,119590.0,117250.0,118380.0,215.09832018
2025-07-25 00:00:00+00:00,118420.0,118520.0,114800.0,117700.0,367.83181332
2025-07-26 00:00:00+00:00,117690.0,118430.0,117260.0,118030.0,93.97829936
2025-07-27 00:00:00+00:00,118030.0,119870.0,117960.0,119580.0,177.70950671
2025-07-28 00:00:00+00:00,119590.0,119900.0,117630.0,118200.0,288.26892134
2025-07-29 00:00:00+00:00,118200.0,119410.0,117120.0,118110.0,398.46952812
2025-07-30 00:00:00+00:00,118120.0,118930.0,116050.0,118050.0,453.60632846
2025-07-31 00:00:00+00:00,118040.0,119100.0,115720.0,115970.0,463.17881044
2025-08-01 00:00:00+00:00,115940.0,116270.0,112830.0,113460.0,878.57217887
2025-08-02 00:00:00+00:00,113450.0,114260.0,112240.0,112810.0,472.43962554
2025-08-03 00:00:00+00:00,112790.0,114980.0,112210.0,114450.0,564.82380925
2025-08-04 00:00:00+00:00,114390.0,115810.0,114270.0,115200.0,382.71559578
2025-08-05 00:00:00+00:00,115190.0,115220.0,112720.0,114180.0,478.80322706
2025-08-06 00:00:00+00:00,114190.0,115870.0,113470.0,115160.0,501.19650458
2025-08-07 00:00:00+00:00,115160.0,117800.0,114470.0,117580.0,324.12651121
2025-08-08 00:00:00+00:00,117590.0,117900.0,116040.0,116790.0,757.57112783
2025-08-09 00:00:00+00:00,116790.0,117950.0,116470.0,116550.0,85.47011321
2025-08-10 00:00:00+00:00,116550.0,119430.0,116530.0,119370.0,214.16424865
2025-08-11 00:00:00+00:00,119370.0,122370.0,118200.0,118850.0,341.03395641
2025-08-12 00:00:00+00:00,118820.0,120280.0,118290.0,120080.0,215.98277831
2025-08-13 00:00:00+00:00,120090.0,123380.0,118890.0,123320.0,617.04304449
2025-08-14 00:00:00+00:00,123320.0,123640.0,117190.0,118410.0,401.12646167
2025-08-15 00:00:00+00:00,118440.0,119360.0,116990.0,117520.0,272.60800106
2025-08-16 00:00:00+00:00,117490.0,118070.0,117380.0,117590.0,86.046419
2025-08-17 00:00:00+00:00,117580.0,118680.0,117390.0,117540.0,129.66128734
2025-08-18 00:00:00+00:00,117530.0,117640.0,114890.0,116400.0,715.45685898
2025-08-19 00:00:00+00:00,116430.0,116920.0,113000.0,113030.0,1608.43041812
2025-08-20 00:00:00+00:00,113030.0,114890.0,112650.0,114500.0,727.0895188
2025-08-21 00:00:00+00:00,114520.0,115020.0,112310.0,112740.0,789.63988637
2025-08-22 00:00:00+00:00,112750.0,117570.0,111990.0,117000.0,794.83625778
2025-08-23 00:00:00+00:00,117050.0,117150.0,114790.0,115570.0,161.23171044
2025-08-24 00:00:00+00:00,115530.0,115810.0,111200.0,113700.0,465.73421955
2025-08-25 00:00:00+00:00,113730.0,113880.0,109550.0,110360.0,920.32201015
2025-08-26 00:00:00+00:00,110370.0,112570.0,108910.0,112000.0,540.67007791
2025-08-27 00:00:00+00:00,112010.0,112850.0,110600.0,111470.0,399.34537166
2025-08-28 00:00:00+00:00,111450.0,113630.0,111120.0,112740.0,253.69555983
2025-08-29 00:00:00+00:00,112740.0,112790.0,107650.0,108530.0,630.06817338
2025-08-30 00:00:00+00:00,108550.0,109120.0,107540.0,109000.0,506.65351772
2025-08-31 00:00:00+00:00,109000.0,109680.0,108240.0,108420.0,388.76183569
2025-09-01 00:00:00+00:00,108430.0,110010.0,107370.0,109410.0,472.92195272
2025-09-02 00:00:00+00:00,109420.0,111930.0,108630.0,111360.0,428.52351066
2025-09-03 00:00:00+00:00,111370.0,112720.0,110750.0,111890.0,105.55013909
2025-09-04 00:00:00+00:00,111900.0,112330.0,109510.0,110910.0,205.42266519
2025-09-05 00:00:00+00:00,110910.0,113520.0,110410.0,110640.0,284.74292091
2025-09-06 00:00:00+00:00,110620.0,111190.0,110220.0,110270.0,869.94618017
2025-09-07 00:00:00+00:00,110240.0,111610.0,110230.0,111220.0,212.18076093
2025-09-08 00:00:00+00:00,111220.0,112840.0,110740.0,112050.0,169.63104896
2025-09-09 00:00:00+00:00,112060.0,113200.0,110740.0,111540.0,162.82896133
2025-09-10 00:00:00+00:00,111530.0,114290.0,111170.0,113900.0,439.86769507
2025-09-11 00:00:00+00:00,113900.0,115400.0,113420.0,115400.0,202.26080687
2025-09-12 00:00:00+00:00,115400.0,116610.0,114690.0,116030.0,153.48455932
2025-09-13 00:00:00+00:00,116010.0,116200.0,115060.0,115910.0,95.96815342000001
2025-09-14 00:00:00+00:00,115900.0,116130.0,115220.0,115530.0,355.9815452
2025-09-15 00:00:00+00:00,115510.0,116970.0,114620.0,115580.0,526.51727934
2025-09-16 00:00:00+00:00,115560.0,117120.0,114910.0,116840.0,262.97308255
2025-09-17 00:00:00+00:00,116870.0,117360.0,114880.0,116500.0,173.91613577
2025-09-18 00:00:00+00:00,116480.0,118000.0,116210.0,117090.0,176.77537007
2025-09-19 00:00:00+00:00,117080.0,117470.0,115370.0,115830.0,605.62283156
2025-09-20 00:00:00+00:00,115840.0,116300.0,115620.0,115840.0,21.43412309
2025-09-21 00:00:00+00:00,115850.0,115970.0,115440.0,115460.0,184.49470597
2025-09-22 00:00:00+00:00,115450.0,115550.0,111760.0,112810.0,1195.99111875
2025-09-23 00:00:00+00:00,112800.0,113490.0,111710.0,112250.0,581.43142436
2025-09-24 00:00:00+00:00,112250.0,114210.0,111250.0,113520.0,337.95221748
2025-09-25 00:00:00+00:00,113540.0,113710.0,108880.0,109180.0,1072.18573382
2025-09-26 00:00:00+00:00,109160.0,110520.0,108930.0,109930.0,1312.800956
2025-09-27 00:00:00+00:00,109930.0,110010.0,109390.0,109940.0,869.43643662
2025-09-28 00:00:00+00:00,109950.0,112620.0,109500.0,112370.0,930.48352054
2025-09-29 00:00:00+00:00,112420.0,114640.0,111850.0,114580.0,450.96419043000003
2025-09-30 00:00:00+00:00,114580.0,114990.0,112880.0,114020.0,498.61336933
2025-10-01 00:00:00+00:00,114030.0,118810.0,113950.0,118630.0,843.81674139
2025-10-02 00:00:00+00:00,118730.0,121090.0,118390.0,120570.0,584.05684211
2025-10-03 00:00:00+00:00,120530.0,123890.0,119340.0,122160.0,733.1147045
2025-10-04 00:00:00+00:00,122180.0,122760.0,121560.0,122360.0,257.51300959
2025-10-05 00:00:00+00:00,122360.0,125710.0,122130.0,123480.0,910.44153711
2025-10-06 00:00:00+00:00,123490.0,126110.0,123170.0,124680.0,877.86758561
2025-10-07 00:00:00+00:00,124680.0,125070.0,120660.0,121450.0,646.73959614
2025-10-08 00:00:00+00:00,121440.0,124220.0,121270.0,123410.0,429.05848651
2025-10-09 00:00:00+00:00,123410.0,123760.0,119600.0,121760.0,556.74651141
2025-10-10 00:00:00+00:00,121760.0,122670.0,103310.0,113080.0,2484.09297306
2025-10-11 00:00:00+00:00,113020.0,113720.0,109830.0,110980.0,1383.64433508
2025-10-12 00:00:00+00:00,110990.0,116000.0,109910.0,115230.0,1193.55275139
2025-10-13 00:00:00+00:00,115200.0,116130.0,113890.0,115390.0,1107.52561845
2025-10-14 00:00:00+00:00,115390.0,115630.0,110160.0,113260.0,2414.62840282
2025-10-15 00:00:00+00:00,113260.0,113830.0,110410.0,110920.0,1008.24907479
2025-10-16 00:00:00+00:00,110950.0,112150.0,107700.0,108420.0,1671.45357537
2025-10-17 00:00:00+00:00,108380.0,109480.0,103790.0,106700.0,1750.49819905
2025-10-18 00:00:00+00:00,106700.0,107720.0,106660.0,107440.0,663.48057611
2025-10-19 00:00:00+00:00,107410.0,109680.0,106370.0,108840.0,960.98414934
2025-10-20 00:00:00+00:00,108840.0,111870.0,107680.0,110760.0,865.29352725
2025-10-21 00:00:00+00:00,110760.0,114150.0,107700.0,108540.0,1375.71950763
2025-10-22 00:00:00+00:00,108530.0,109140.0,106760.0,107720.0,1351.46151494
2025-10-23 00:00:00+00:00,107670.0,111270.0,107570.0,110210.0,758.69179793
2025-10-24 00:00:00+00:00,110160.0,112000.0,109780.0,111160.0,725.96853287
2025-10-25 00:00:00+00:00,111120.0,111960.0,110810.0,111650.0,145.47802649
2025-10-26 00:00:00+00:00,111620.0,115390.0,111260.0,114500.0,452.5500983
2025-10-27 00:00:00+00:00,114520.0,116500.0,113800.0,114150.0,373.2633955
2025-10-28 00:00:00+00:00,114120.0,116000.0,112300.0,113000.0,552.35663375
2025-10-29 00:00:00+00:00,112980.0,113770.0,109370.0,110260.0,1056.52794469
2025-10-30 00:00:00+00:00,110250.0,111720.0,106510.0,108500.0,2024.71867292
2025-10-31 00:00:00+00:00,108490.0,111270.0,108480.0,109820.0,1026.47182642
2025-11-01 00:00:00+00:00,109820.0,110750.0,109600.0,110290.0,539.14154698
2025-11-02 00:00:00+00:00,110270.0,111420.0,109650.0,110710.0,236.22821921
2025-11-03 00:00:00+00:00,110670.0,110850.0,105460.0,106760.0,1892.43585167
2025-11-04 00:00:00+00:00,106770.0,107460.0,99045.0,101560.0,2298.60862889
2025-11-05 00:00:00+00:00,101560.0,104580.0,99129.0,103940.0,822.67460755
2025-11-06 00:00:00+00:00,103940.0,104300.0,100450.0,101450.0,999.72533947
2025-11-07 00:00:00+00:00,101400.0,104100.0,99459.0,103360.0,1495.08938197
2025-11-08 00:00:00+00:00,103370.0,103390.0,101610.0,102480.0,679.58382429
2025-11-09 00:00:00+00:00,102480.0,105500.0,101600.0,104780.0,674.36890396
2025-11-10 00:00:00+00:00,104760.0,106610.0,104360.0,106010.0,594.81588011
2025-11-11 00:00:00+00:00,106020.0,107500.0,102650.0,103190.0,979.93959621
2025-11-12 00:00:00+00:00,103230.0,105370.0,100870.0,101740.0,1185.36049057
2025-11-13 00:00:00+00:00,101720.0,104000.0,98050.0,99839.0,1659.53916043
2025-11-14 00:00:00+00:00,99777.0,99920.0,94469.0,94844.0,4798.99554862
2025-11-15 00:00:00+00:00,94788.0,96930.0,94788.0,95672.0,505.14512412
2025-11-16 00:00:00+00:00,95677.0,96711.0,93673.0,94600.0,2546.96329918
2025-11-17 00:00:00+00:00,94601.0,96219.0,91762.0,92541.0,3377.45253144
2025-11-18 00:00:00+00:00,92532.0,93989.0,89409.0,93193.0,3192.11957366
2025-11-19 00:00:00+00:00,93153.0,93186.0,88888.0,91648.0,2956.20850725
2025-11-20 00:00:00+00:00,91623.0,93125.0,86260.0,86821.0,2056.6747375
2025-11-21 00:00:00+00:00,86791.0,87650.0,80822.0,85314.0,2977.64747983
2025-11-22 00:00:00+00:00,85328.0,85766.0,83680.0,84889.0,488.18394366
2025-11-23 00:00:00+00:00,84890.0,88290.0,84835.0,87008.0,1409.93016267
2025-11-24 00:00:00+00:00,87013.0,89349.0,85500.0,88471.0,1398.07043147
2025-11-25 00:00:00+00:00,88467.0,88628.0,86243.0,87514.0,886.44839033
2025-11-26 00:00:00+00:00,87518.0,90684.0,86500.0,90585.0,965.62515745
2025-11-27 00:00:00+00:00,90584.0,91990.0,90188.0,91385.0,373.50513837
2025-11-28 00:00:00+00:00,91446.0,93116.0,90255.0,91022.0,605.5115567
2025-11-29 00:00:00+00:00,91023.0,91250.0,90317.0,90934.0,55.19750037
2025-11-30 00:00:00+00:00,90899.0,92000.0,90413.0,90413.0,164.48141891
2025-12-01 00:00:00+00:00,90406.0,90459.0,84000.0,86447.0,1943.49909055
2025-12-02 00:00:00+00:00,86444.0,92340.0,86333.0,91380.0,991.08927975
2025-12-03 00:00:00+00:00,91370.0,94449.0,91075.0,93457.0,959.26475152
2025-12-04 00:00:00+00:00,93468.0,94100.0,91000.0,92101.0,508.04242282
2025-12-05 00:00:00+00:00,92120.0,92744.0,88136.0,89379.0,449.11517794
2025-12-06 00:00:00+00:00,89372.0,90290.0,89000.0,89280.0,151.20594691
2025-12-07 00:00:00+00:00,89273.0,91783.0,87878.0,90473.0,648.62589142
2025-12-08 00:00:00+00:00,90433.0,92283.0,89694.0,90668.0,510.61600192
2025-12-09 00:00:00+00:00,90670.0,94665.0,89563.0,92753.0,992.41620455
2025-12-10 00:00:00+00:00,92752.0,94470.0,91632.0,92023.0,600.87956328
2025-12-11 00:00:00+00:00,92069.0,93519.0,89245.0,92515.0,738.48313297
2025-12-12 00:00:00+00:00,92542.0,92755.0,89585.0,90302.0,315.09605461
2025-12-13 00:00:00+00:00,90325.0,90671.0,89886.0,90327.0,47.63382665
2025-12-14 00:00:00+00:00,90321.0,90530.0,87660.0,88181.0,314.87490849
2025-12-15 00:00:00+00:00,88197.0,90011.0,85288.0,86535.0,857.3813026400001
2025-12-16 00:00:00+00:00,86551.0,88262.0,85382.0,87950.0,449.37590441
2025-12-17 00:00:00+00:00,87892.0,90427.0,85438.0,86396.0,1964.62916818
2025-12-18 00:00:00+00:00,86395.0,89550.0,84562.0,85670.0,2220.40574924
2025-12-19 00:00:00+00:00,85664.0,89500.0,85254.0,88241.0,1642.77932911
2025-12-20 00:00:00+00:00,88253.0,88692.0,87920.0,88456.0,451.83440676
2025-12-21 00:00:00+00:00,88463.0,89172.0,87714.0,88726.0,615.81472189
2025-12-22 00:00:00+00:00,88745.0,90606.0,87950.0,88655.0,1459.23560145
2025-12-23 00:00:00+00:00,88653.0,88989.0,86644.0,87503.0,1287.56947151
2025-12-24 00:00:00+00:00,87497.0,88094.0,86408.0,87692.0,1003.10460499
2025-12-25 00:00:00+00:00,87706.0,88615.0,87000.0,87256.0,420.63221407
2025-12-26 00:00:00+00:00,87260.0,89568.0,86686.0,87456.0,1388.9839864
2025-12-27 00:00:00+00:00,87459.0,88080.0,87333.0,87960.0,262.79656944
2025-12-28 00:00:00+00:00,87960.0,88174.0,87529.0,88013.0,306.28111002
2025-12-29 00:00:00+00:00,88025.0,90401.0,86860.0,87228.0,1426.13703462
2025-12-30 00:00:00+00:00,87223.0,89444.0,86821.0,88524.0,1276.50774218
2025-12-31 00:00:00+00:00,88524.0,89243.0,87298.0,87720.0,718.78230704
2026-01-01 00:00:00+00:00,87722.0,88946.0,87589.0,88876.0,299.8938288
2026-01-02 00:00:00+00:00,88898.0,90949.0,88408.0,90006.0,1048.60754445
2026-01-03 00:00:00+00:00,89993.0,90688.0,89316.0,90595.0,474.05299601
2026-01-04 00:00:00+00:00,90593.0,91756.0,90593.0,91456.0,961.48615265
2026-01-05 00:00:00+00:00,91463.0,94665.0,91419.0,93756.0,1457.35273629
2026-01-06 00:00:00+00:00,93756.0,94308.0,91164.0,93632.0,1836.21631075
2026-01-07 00:00:00+00:00,93591.0,93598.0,90625.0,91340.0,1045.71040335
2026-01-08 00:00:00+00:00,91345.0,91677.0,89280.0,91064.0,777.98863597
2026-01-09 00:00:00+00:00,91085.0,92000.0,89679.0,90626.0,837.10770514
2026-01-10 00:00:00+00:00,90615.0,90833.0,90386.0,90525.0,111.4785686
2026-01-11 00:00:00+00:00,90529.0,91263.0,90225.0,90984.0,250.63901321
2026-01-12 00:00:00+00:00,90987.0,92493.0,90079.0,91236.0,1122.68204873
2026-01-13 00:00:00+00:00,91236.0,96450.0,90980.0,95259.0,2031.00904
2026-01-14 00:00:00+00:00,95259.0,97850.0,94387.0,96805.0,2574.45909162
2026-01-15 00:00:00+00:00,96791.0,97120.0,95054.0,95509.0,1770.08501896
2026-01-16 00:00:00+00:00,95535.0,95772.0,94199.0,95477.0,1223.32517506
2026-01-17 00:00:00+00:00,95511.0,95714.0,94952.0,95111.0,440.03664357
2026-01-18 00:00:00+00:00,95092.0,95524.0,93592.0,93651.0,658.52880672
2026-01-19 00:00:00+00:00,93641.0,93662.0,91900.0,92596.0,1215.84969635
2026-01-20 00:00:00+00:00,92584.0,92857.0,87783.0,88431.0,1562.66040153
2026-01-21 00:00:00+00:00,88407.0,90601.0,87298.0,89496.0,1834.31631625
2026-01-22 00:00:00+00:00,89472.0,90395.0,88525.0,89580.0,1165.17281759
2026-01-23 00:00:00+00:00,89574.0,91205.0,88595.0,89618.0,1733.80651587
2026-01-24 00:00:00+00:00,89629.0,89966.0,89154.0,89182.0,853.99705976
2026-01-25 00:00:00+00:00,89194.0,89298.0,86045.0,86653.0,1783.30952566
2026-01-26 00:00:00+00:00,86649.0,88902.0,86500.0,88451.0,1630.89855544
2026-01-27 00:00:00+00:00,88473.0,89582.0,87364.0,89242.0,1143.09403563
2026-01-28 00:00:00+00:00,89262.0,90600.0,88832.0,89296.0,949.04424372
2026-01-29 00:00:00+00:00,89304.0,89343.0,83276.0,84666.0,2376.11904734
2026-01-30 00:00:00+00:00,84655.0,84759.0,81151.0,84231.0,2292.92864318
2026-01-31 00:00:00+00:00,84239.0,84243.0,75731.0,78802.0,1951.45124331
2026-02-01 00:00:00+00:00,78812.0,79503.0,75735.0,77011.0,2474.33293737
2026-02-02 00:00:00+00:00,77029.0,79450.0,75063.0,78856.0,4275.01066881
2026-02-03 00:00:00+00:00,78846.0,79285.0,73060.0,75874.0,2484.78058037
2026-02-04 00:00:00+00:00,75857.0,77078.0,72126.0,73281.0,2996.53188848
2026-02-05 00:00:00+00:00,73268.0,73443.0,62339.0,62990.0,4245.82269428
2026-02-06 00:00:00+00:00,62990.0,71822.0,60100.0,70659.0,3537.1318678
2026-02-07 00:00:00+00:00,70647.0,71768.0,67367.0,69348.0,1962.79358542
2026-02-08 00:00:00+00:00,69365.0,72300.0,68954.0,70394.0,1504.27662605
2026-02-09 00:00:00+00:00,70362.0,71494.0,68312.0,70173.0,2631.50407495
2026-02-10 00:00:00+00:00,70187.0,70565.0,67952.0,68906.0,1889.67072083
2026-02-11 00:00:00+00:00,68896.0,69357.0,65822.0,67154.0,2172.16898633
2026-02-12 00:00:00+00:00,67164.0,68458.0,65211.0,66364.0,2092.4877978
2026-02-13 00:00:00+00:00,66354.0,69550.0,65959.0,68872.0,1758.03524461
2026-02-14 00:00:00+00:00,68890.0,70590.0,68744.0,69852.0,1344.52054853
2026-02-15 00:00:00+00:00,69843.0,71032.0,68119.0,68880.0,1562.63990276
2026-02-16 00:00:00+00:00,68868.0,70222.0,67346.0,68961.0,1766.81756024
2026-02-17 00:00:00+00:00,68977.0,69334.0,66702.0,67579.0,1618.92310706
2026-02-18 00:00:00+00:00,67570.0,68561.0,65937.0,66554.0,2619.52380552
2026-02-19 00:00:00+00:00,66547.0,67402.0,65683.0,67089.0,2517.26510755
2026-02-20 00:00:00+00:00,67070.0,68390.0,66512.0,68070.0,3018.7259113
2026-02-21 00:00:00+00:00,68076.0,68762.0,67598.0,68009.0,1122.88129321
2026-02-22 00:00:00+00:00,68020.0,68277.0,67248.0,67710.0,1266.46200321
2026-02-23 00:00:00+00:00,67712.0,67750.0,63954.0,64730.0,5526.96567279
2026-02-24 00:00:00+00:00,64740.0,65094.0,62550.0,64136.0,4818.5660366
2026-02-25 00:00:00+00:00,64136.0,70171.0,63990.0,68079.0,6511.55716347
2026-02-26 00:00:00+00:00,68060.0,68949.0,66580.0,67558.0,4450.62139611
2026-02-27 00:00:00+00:00,67546.0,68300.0,65000.0,65944.0,3900.58553485
2026-02-28 00:00:00+00:00,65942.0,67812.0,63100.0,67037.0,5525.83589724
2026-03-01 00:00:00+00:00,67034.0,68264.0,65069.0,65800.0,3873.07822593
2026-03-02 00:00:00+00:00,65810.0,70141.0,65307.0,68855.0,5919.9882572
2026-03-03 00:00:00+00:00,68864.0,69290.0,66167.0,68352.0,3884.4678091
2026-03-04 00:00:00+00:00,68352.0,74047.0,67415.0,72668.0,5536.41175689
2026-03-05 00:00:00+00:00,72700.0,73592.0,70613.0,70865.0,4314.73601922
2026-03-06 00:00:00+00:00,70887.0,71413.0,67737.0,68099.0,2538.0660307
2026-03-07 00:00:00+00:00,68094.0,68629.0,66925.0,67241.0,1010.49161373
2026-03-08 00:00:00+00:00,67242.0,68198.0,65588.0,65993.0,1657.77276895
2026-03-09 00:00:00+00:00,65981.0,69550.0,65833.0,68455.0,2302.06109951
2026-03-10 00:00:00+00:00,68454.0,71814.0,68416.0,69959.0,2210.92010467
2026-03-11 00:00:00+00:00,69967.0,71345.0,68990.0,70228.0,1394.40400312
2026-03-12 00:00:00+00:00,70231.0,70823.0,69175.0,70519.0,1411.15543931
2026-03-13 00:00:00+00:00,70519.0,73909.0,70380.0,70898.0,2392.91863095
2026-03-14 00:00:00+00:00,70895.0,71294.0,70345.0,71211.0,748.06457229
2026-03-15 00:00:00+00:00,71199.0,73200.0,70853.0,72798.0,1133.33236602
2026-03-16 00:00:00+00:00,72823.0,74911.0,72268.0,74871.0,2400.9079805
2026-03-17 00:00:00+00:00,74842.0,76000.0,73394.0,73884.0,1515.80718144
2026-03-18 00:00:00+00:00,73886.0,74662.0,70488.0,71238.0,1314.34737474
2026-03-19 00:00:00+00:00,71237.0,71612.0,68731.0,69940.0,1476.0965876
2026-03-20 00:00:00+00:00,69927.0,71379.0,69402.0,70537.0,1376.25327628
2026-03-21 00:00:00+00:00,70551.0,71092.0,68468.0,68916.0,677.56494494
2026-03-22 00:00:00+00:00,68891.0,69608.0,67363.0,67877.0,1527.51361513
2026-03-23 00:00:00+00:00,67900.0,71843.0,67459.0,70911.0,2455.69901299
2026-03-24 00:00:00+00:00,70911.0,71400.0,68910.0,70564.0,1504.22312813
2026-03-25 00:00:00+00:00,70562.0,71477.0,70390.0,71312.0,486.79210503
2026-03-26 00:00:00+00:00,71312.0,71415.0,68131.0,68822.0,1693.28994776
2026-03-27 00:00:00+00:00,68815.0,69167.0,65530.0,66445.0,2255.07711139
2026-03-28 00:00:00+00:00,66393.0,67285.0,65916.0,66364.0,1011.89677669
2026-03-29 00:00:00+00:00,66365.0,67125.0,64989.0,66015.0,1337.17520815
2026-03-30 00:00:00+00:00,66016.0,68160.0,65786.0,66770.0,2136.61365734
2026-03-31 00:00:00+00:00,66774.0,68562.0,65949.0,68249.0,1743.66409633
2026-04-01 00:00:00+00:00,68247.0,69291.0,67561.0,68047.0,974.07164629
2026-04-02 00:00:00+00:00,68055.0,68625.0,65688.0,66879.0,1073.44738045
2026-04-03 00:00:00+00:00,66897.0,67349.0,66241.0,66934.0,589.4980514
2026-04-04 00:00:00+00:00,66918.0,67543.0,66746.0,67310.0,428.00247797
2026-04-05 00:00:00+00:00,67310.0,69140.0,66600.0,68990.0,639.34287134
2026-04-06 00:00:00+00:00,68991.0,70327.0,68270.0,68824.0,1035.9698898
2026-04-07 00:00:00+00:00,68824.0,72789.0,67706.0,71877.0,1371.96528627
2026-04-08 00:00:00+00:00,71880.0,72843.0,70670.0,71060.0,1103.46117311
2026-04-09 00:00:00+00:00,71074.0,73120.0,70434.0,71769.0,901.75633664
2026-04-10 00:00:00+00:00,71780.0,73510.0,71391.0,72951.0,838.74515322
2026-04-11 00:00:00+00:00,72948.0,73800.0,72521.0,73042.0,573.75485269
2026-04-12 00:00:00+00:00,73029.0,73140.0,70478.0,70707.0,674.51180446
2026-04-13 00:00:00+00:00,70708.0,74900.0,70527.0,74377.0,1581.66683918
2026-04-14 00:00:00+00:00,74433.0,76051.0,73804.0,74123.0,1929.46867877
2026-04-15 00:00:00+00:00,74122.0,75414.0,73500.0,74813.0,1366.8888834
2026-04-16 00:00:00+00:00,74813.0,75522.0,73300.0,75142.0,1102.17034484
2026-04-17 00:00:00+00:00,75141.0,78328.0,74524.0,77067.0,1474.31878693
2026-04-18 00:00:00+00:00,77079.0,77407.0,75432.0,75686.0,703.39100166
2026-04-19 00:00:00+00:00,75682.0,76248.0,73755.0,73798.0,900.86469368
2026-04-20 00:00:00+00:00,73813.0,76621.0,73715.0,75842.0,1414.55417662
2026-04-21 00:00:00+00:00,75841.0,76978.0,74800.0,76329.0,1097.4529353
2026-04-22 00:00:00+00:00,76329.0,79480.0,76134.0,78197.0,1411.29373288
2026-04-23 00:00:00+00:00,78193.0,78738.0,77021.0,78304.0,1089.26525053
2026-04-24 00:00:00+00:00,78312.0,78621.0,77274.0,77452.0,1046.29837419
2026-04-25 00:00:00+00:00,77438.0,77888.0,77143.0,77614.0,410.64322453
2026-04-26 00:00:00+00:00,77614.0,78982.0,77314.0,78694.0,1096.0182834299999
2026-04-27 00:00:00+00:00,78695.0,79528.0,76501.0,77407.0,1415.57573737
2026-04-28 00:00:00+00:00,77412.0,77522.0,75679.0,76396.0,978.1502194
2026-04-29 00:00:00+00:00,76393.0,77933.0,74958.0,75782.0,1162.77421587
2026-04-30 00:00:00+00:00,75786.0,76691.0,75311.0,76346.0,1007.8900947
2026-05-01 00:00:00+00:00,76334.0,78941.0,76318.0,78207.0,1285.80712007
2026-05-02 00:00:00+00:00,78203.0,79200.0,77974.0,78629.0,567.09450034
2026-05-03 00:00:00+00:00,78664.0,79420.0,78041.0,78566.0,689.08919371
2026-05-04 00:00:00+00:00,78550.0,80756.0,78169.0,79823.0,1980.06734658
2026-05-05 00:00:00+00:00,79810.0,81738.0,79763.0,80843.0,1018.85295193
2026-05-06 00:00:00+00:00,80848.0,82818.0,80663.0,81378.0,1017.66463838
2026-05-07 00:00:00+00:00,81370.0,81652.0,79450.0,79975.0,913.05267656
2026-05-08 00:00:00+00:00,80007.0,80492.0,79145.0,80170.0,979.70630354
2026-05-09 00:00:00+00:00,80183.0,81050.0,80102.0,80634.0,597.85442888
2026-05-10 00:00:00+00:00,80633.0,82433.0,80237.0,82154.0,861.34961806
2026-05-11 00:00:00+00:00,82155.0,82328.0,80400.0,81685.0,969.29072374
2026-05-12 00:00:00+00:00,81688.0,81731.0,79813.0,80457.0,1170.42328445
2026-05-13 00:00:00+00:00,80460.0,81285.0,78708.0,79288.0,833.45999099
2026-05-14 00:00:00+00:00,79286.0,82010.0,78867.0,81059.0,1132.80490405
2026-05-15 00:00:00+00:00,81059.0,81619.0,78570.0,79062.0,775.82678755
2026-05-16 00:00:00+00:00,79068.0,79183.0,77598.0,78105.0,525.65224745
2026-05-17 00:00:00+00:00,78122.0,78624.0,76602.0,77427.0,504.47250943
2026-05-18 00:00:00+00:00,77407.0,77780.0,76031.0,77025.0,1098.27791086
2026-05-19 00:00:00+00:00,77025.0,77440.0,76126.0,76873.0,1045.38065574
2026-05-20 00:00:00+00:00,76862.0,77877.0,76551.0,77630.0,1862.88431839
2026-05-21 00:00:00+00:00,77604.0,78243.0,76743.0,77520.0,1309.29567154
2026-05-22 00:00:00+00:00,77579.0,77914.0,75363.0,75546.0,1407.35218599
2026-05-23 00:00:00+00:00,75546.0,77448.0,74027.0,76797.0,1571.76730039
2026-05-24 00:00:00+00:00,76819.0,77604.0,76173.0,77141.0,1163.60072318
2026-05-25 00:00:00+00:00,77159.0,77960.0,76963.0,77381.0,1163.15597418
2026-05-26 00:00:00+00:00,77404.0,78129.0,75676.0,75961.0,1977.25453383
2026-05-27 00:00:00+00:00,75960.0,76168.0,74211.0,74490.0,1549.49465128
2026-05-28 00:00:00+00:00,74437.0,74581.0,72528.0,73604.0,2253.57826438
2026-05-29 00:00:00+00:00,73602.0,74380.0,72487.0,73474.0,1605.64518944
2026-05-30 00:00:00+00:00,73488.0,74180.0,73199.0,73922.0,854.76595374
2026-05-31 00:00:00+00:00,73928.0,74315.0,73416.0,73731.0,975.33595133
2026-06-01 00:00:00+00:00,73730.0,74130.0,70675.0,71399.0,2158.31961018
2026-06-02 00:00:00+00:00,71399.0,71406.0,66142.0,66698.0,3823.93952813
2026-06-03 00:00:00+00:00,66726.0,67459.0,64003.0,64081.0,3167.88987383
2026-06-04 00:00:00+00:00,64052.0,64689.0,61311.0,63839.0,4103.48561714
2026-06-05 00:00:00+00:00,63831.0,63950.0,61096.0,62796.0,1579.70788852
