timestamp,open,high,low,close,volume
2022-10-31 00:00:00+00:00,1592.0,1598.5,1563.2,1584.3,2881.94245958
2022-10-31 04:00:00+00:00,1583.7,1597.4,1580.6,1592.7,683.64927665
2022-10-31 08:00:00+00:00,1592.7,1636.5,1580.2,1622.0,3780.08971783
2022-10-31 12:00:00+00:00,1622.1,1626.3,1545.8,1570.2,13573.75026837
2022-10-31 16:00:00+00:00,1570.2,1584.4,1557.0,1563.8,8356.9976103
2022-10-31 20:00:00+00:00,1564.5,1578.4,1548.7,1573.7,4279.22285645
2022-11-01 00:00:00+00:00,1573.6,1605.0,1569.9,1587.5,7295.86623492
2022-11-01 04:00:00+00:00,1587.0,1603.3,1580.6,1591.6,5649.88980265
2022-11-01 08:00:00+00:00,1591.5,1614.0,1583.5,1591.2,5435.38948527
2022-11-01 12:00:00+00:00,1591.2,1598.8,1564.1,1575.1,4402.18966014
2022-11-01 16:00:00+00:00,1575.3,1587.8,1569.1,1577.8,1957.65629736
2022-11-01 20:00:00+00:00,1577.8,1584.0,1570.7,1579.8,651.92753717
2022-11-02 00:00:00+00:00,1579.8,1596.7,1573.7,1591.9,1079.0873875300001
2022-11-02 04:00:00+00:00,1592.4,1601.9,1555.4,1566.4,2551.86561295
2022-11-02 08:00:00+00:00,1565.4,1579.6,1538.5,1557.2,3599.6263621
2022-11-02 12:00:00+00:00,1557.2,1568.6,1549.5,1559.8,2421.41600036
2022-11-02 16:00:00+00:00,1559.9,1622.4,1526.0,1538.1,16313.83927044
2022-11-02 20:00:00+00:00,1536.9,1538.7,1503.5,1519.7,12616.19745835
2022-11-03 00:00:00+00:00,1519.7,1556.9,1516.5,1548.2,3197.63293889
2022-11-03 04:00:00+00:00,1548.2,1559.9,1543.3,1545.2,1201.17315395
2022-11-03 08:00:00+00:00,1545.4,1558.2,1524.6,1532.8,2541.05882976
2022-11-03 12:00:00+00:00,1532.7,1560.0,1524.4,1544.4,11930.704314
2022-11-03 16:00:00+00:00,1544.2,1551.0,1540.2,1545.7,617.61069342
2022-11-03 20:00:00+00:00,1545.7,1545.9,1526.1,1532.6,2107.25861811
2022-11-04 00:00:00+00:00,1532.6,1551.3,1530.2,1550.4,749.5155584
2022-11-04 04:00:00+00:00,1550.4,1590.0,1548.0,1589.1,2955.53509166
2022-11-04 08:00:00+00:00,1589.4,1601.6,1577.6,1578.7,4705.73096978
2022-11-04 12:00:00+00:00,1579.2,1678.0,1557.0,1625.7,23473.60213546
2022-11-04 16:00:00+00:00,1625.2,1648.1,1608.3,1648.1,22027.98122086
2022-11-04 20:00:00+00:00,1648.1,1654.3,1640.8,1645.5,2688.40839839
2022-11-05 00:00:00+00:00,1645.5,1667.8,1636.1,1647.3,6002.68948434
2022-11-05 04:00:00+00:00,1647.3,1658.3,1644.1,1651.9,4928.80337986
2022-11-05 08:00:00+00:00,1651.9,1652.3,1637.4,1650.0,2120.25697202
2022-11-05 12:00:00+00:00,1649.6,1650.9,1625.1,1637.3,2457.13644367
2022-11-05 16:00:00+00:00,1637.1,1644.0,1626.0,1634.7,2699.7673636
2022-11-05 20:00:00+00:00,1634.5,1636.3,1622.5,1628.1,719.49529523
2022-11-06 00:00:00+00:00,1628.1,1634.5,1613.7,1622.5,1666.41978764
2022-11-06 04:00:00+00:00,1622.5,1625.0,1615.7,1624.4,399.22211051
2022-11-06 08:00:00+00:00,1624.4,1638.4,1610.0,1621.2,4039.39617451
2022-11-06 12:00:00+00:00,1621.6,1636.2,1617.1,1625.3,1221.17254082
2022-11-06 16:00:00+00:00,1625.1,1627.1,1604.6,1611.4,3299.56674907
2022-11-06 20:00:00+00:00,1611.4,1614.3,1566.7,1569.6,5036.24580669
2022-11-07 00:00:00+00:00,1569.7,1597.0,1566.7,1588.6,5477.57568637
2022-11-07 04:00:00+00:00,1588.6,1596.0,1548.2,1551.5,9659.26560206
2022-11-07 08:00:00+00:00,1551.4,1586.2,1548.5,1581.4,3045.48370223
2022-11-07 12:00:00+00:00,1581.5,1594.8,1569.0,1593.3,1251.76768151
2022-11-07 16:00:00+00:00,1594.4,1609.6,1578.7,1602.3,2930.32774655
2022-11-07 20:00:00+00:00,1603.1,1608.2,1547.3,1569.3,3122.38305908
2022-11-08 00:00:00+00:00,1569.5,1578.6,1506.7,1512.6,25038.36394404
2022-11-08 04:00:00+00:00,1509.1,1516.5,1433.5,1494.3,19781.57176578
2022-11-08 08:00:00+00:00,1494.1,1496.3,1471.0,1478.5,4849.61533734
2022-11-08 12:00:00+00:00,1478.2,1488.0,1427.2,1465.0,18116.04297611
2022-11-08 16:00:00+00:00,1465.6,1580.0,1213.5,1315.7,165358.31284726
2022-11-08 20:00:00+00:00,1314.9,1345.0,1281.5,1335.9,21404.00527374
2022-11-09 00:00:00+00:00,1335.5,1338.4,1286.2,1316.1,32914.47365628
2022-11-09 04:00:00+00:00,1316.5,1322.0,1268.3,1278.8,19017.12533557
2022-11-09 08:00:00+00:00,1278.8,1280.4,1137.5,1222.5,36183.37448857
2022-11-09 12:00:00+00:00,1221.7,1249.8,1148.8,1165.1,42631.14517703
2022-11-09 16:00:00+00:00,1165.5,1208.0,1146.1,1196.8,28521.33622827
2022-11-09 20:00:00+00:00,1196.8,1201.4,1073.9,1102.6,31826.15782234
2022-11-10 00:00:00+00:00,1103.1,1185.8,1086.1,1175.3,22928.49212229
2022-11-10 04:00:00+00:00,1175.4,1206.6,1160.3,1192.3,8656.35660494
2022-11-10 08:00:00+00:00,1191.6,1221.1,1174.8,1185.7,15606.84771081
2022-11-10 12:00:00+00:00,1185.3,1345.0,1184.1,1320.5,37498.41004497
2022-11-10 16:00:00+00:00,1320.3,1348.0,1246.9,1293.3,22420.65333315
2022-11-10 20:00:00+00:00,1289.7,1341.7,1283.4,1299.9,9279.36564255
2022-11-11 00:00:00+00:00,1299.3,1308.5,1220.3,1239.3,9588.93794999
2022-11-11 04:00:00+00:00,1239.3,1286.2,1226.5,1278.1,7840.55732659
2022-11-11 08:00:00+00:00,1278.1,1292.7,1264.1,1275.9,10720.65709558
2022-11-11 12:00:00+00:00,1275.6,1309.7,1201.9,1260.9,18145.12959659
2022-11-11 16:00:00+00:00,1261.1,1286.5,1234.1,1274.1,4126.61442964
2022-11-11 20:00:00+00:00,1274.8,1295.0,1238.0,1287.3,3735.05574837
2022-11-12 00:00:00+00:00,1288.3,1291.3,1254.2,1259.2,1793.52571494
2022-11-12 04:00:00+00:00,1259.8,1277.3,1238.7,1266.8,1790.99273059
2022-11-12 08:00:00+00:00,1265.8,1273.8,1250.2,1260.2,2914.75352308
2022-11-12 12:00:00+00:00,1260.8,1284.7,1253.7,1273.9,6721.0155506500005
2022-11-12 16:00:00+00:00,1274.1,1278.4,1264.3,1268.9,1713.84026443
2022-11-12 20:00:00+00:00,1268.5,1269.1,1248.2,1257.5,1731.3912704
2022-11-13 00:00:00+00:00,1257.7,1274.9,1254.8,1273.2,1528.94372595
2022-11-13 04:00:00+00:00,1273.4,1275.1,1233.3,1251.0,8169.02180286
2022-11-13 08:00:00+00:00,1251.0,1252.7,1215.4,1242.4,5939.85619266
2022-11-13 12:00:00+00:00,1242.4,1249.3,1224.5,1231.9,4649.22174402
2022-11-13 16:00:00+00:00,1231.9,1237.6,1216.4,1230.0,2103.24414005
2022-11-13 20:00:00+00:00,1230.0,1237.9,1202.7,1223.0,4851.55468619
2022-11-14 00:00:00+00:00,1223.0,1231.6,1172.0,1194.0,4545.97576972
2022-11-14 04:00:00+00:00,1193.9,1262.7,1176.2,1260.4,5750.53233305
2022-11-14 08:00:00+00:00,1261.0,1275.6,1252.0,1252.1,5197.9177542200005
2022-11-14 12:00:00+00:00,1252.0,1290.9,1234.2,1245.4,7185.77533942
2022-11-14 16:00:00+00:00,1245.0,1249.4,1210.0,1216.1,6321.83264277
2022-11-14 20:00:00+00:00,1215.4,1250.0,1211.0,1242.6,2739.71886214
2022-11-15 00:00:00+00:00,1243.0,1268.1,1235.6,1258.5,4614.36097987
2022-11-15 04:00:00+00:00,1258.5,1275.0,1249.3,1267.8,1388.9619712
2022-11-15 08:00:00+00:00,1268.9,1280.6,1255.4,1261.1,4291.07439326
2022-11-15 12:00:00+00:00,1261.1,1291.7,1258.8,1263.8,9232.72905195
2022-11-15 16:00:00+00:00,1264.4,1273.6,1231.0,1256.3,10364.65507225
2022-11-15 20:00:00+00:00,1257.3,1264.1,1240.2,1253.0,2129.10168701
2022-11-16 00:00:00+00:00,1253.0,1268.3,1247.7,1264.4,1391.7502408
2022-11-16 04:00:00+00:00,1264.5,1264.8,1243.2,1245.5,2258.42012114
2022-11-16 08:00:00+00:00,1245.5,1253.2,1215.0,1221.0,5797.03194294
2022-11-16 12:00:00+00:00,1221.3,1232.2,1186.1,1191.2,4433.15138658
2022-11-16 16:00:00+00:00,1190.9,1220.9,1186.1,1207.4,2673.07500715
2022-11-16 20:00:00+00:00,1207.3,1221.0,1201.1,1215.3,2096.6663315
2022-11-17 00:00:00+00:00,1216.1,1227.8,1201.3,1203.3,1015.8512004199999
2022-11-17 04:00:00+00:00,1203.3,1214.7,1192.9,1203.6,3393.38506274
2022-11-17 08:00:00+00:00,1203.8,1207.4,1180.0,1203.4,1493.52508236
2022-11-17 12:00:00+00:00,1203.4,1217.3,1184.0,1192.4,4212.7847177
2022-11-17 16:00:00+00:00,1192.3,1216.8,1188.9,1202.6,2360.0127377
2022-11-17 20:00:00+00:00,1201.6,1209.0,1195.1,1199.3,1232.05422899
2022-11-18 00:00:00+00:00,1199.0,1232.5,1198.7,1219.4,4490.93752922
2022-11-18 04:00:00+00:00,1219.4,1223.0,1212.8,1213.5,833.88090079
2022-11-18 08:00:00+00:00,1213.4,1224.5,1203.0,1216.3,2196.32768554
2022-11-18 12:00:00+00:00,1216.3,1226.4,1205.1,1210.2,3060.32983546
2022-11-18 16:00:00+00:00,1210.4,1213.7,1199.5,1208.7,2317.36685761
2022-11-18 20:00:00+00:00,1208.8,1213.8,1205.0,1211.5,508.74271604
2022-11-19 00:00:00+00:00,1211.7,1212.7,1200.3,1207.6,414.67495652
2022-11-19 04:00:00+00:00,1207.7,1208.9,1197.3,1206.9,744.74967446
2022-11-19 08:00:00+00:00,1206.6,1211.4,1203.7,1210.3,290.30160557
2022-11-19 12:00:00+00:00,1211.0,1211.8,1205.3,1209.3,439.11672844
2022-11-19 16:00:00+00:00,1209.3,1211.2,1207.0,1208.3,263.350938
2022-11-19 20:00:00+00:00,1208.2,1232.3,1208.2,1217.3,3297.10115298
2022-11-20 00:00:00+00:00,1216.6,1226.3,1215.8,1218.5,1823.03778411
2022-11-20 04:00:00+00:00,1218.6,1222.7,1217.2,1220.2,683.26107734
2022-11-20 08:00:00+00:00,1220.0,1220.3,1159.2,1166.7,5186.15658218
2022-11-20 12:00:00+00:00,1166.6,1180.1,1153.1,1177.0,2165.72302833
2022-11-20 16:00:00+00:00,1177.1,1188.5,1169.4,1185.6,1536.79011551
2022-11-20 20:00:00+00:00,1186.1,1186.4,1132.2,1142.0,3857.5464885
2022-11-21 00:00:00+00:00,1141.9,1143.3,1110.2,1124.4,5276.63444189
2022-11-21 04:00:00+00:00,1124.2,1138.8,1117.4,1122.2,2909.87358649
2022-11-21 08:00:00+00:00,1123.2,1130.2,1105.6,1123.7,5012.62996284
2022-11-21 12:00:00+00:00,1123.9,1145.7,1114.7,1129.6,3271.18618546
2022-11-21 16:00:00+00:00,1129.4,1132.5,1079.5,1091.0,6374.58329697
2022-11-21 20:00:00+00:00,1091.0,1121.3,1082.1,1106.5,7556.05828552
2022-11-22 00:00:00+00:00,1106.6,1115.4,1096.3,1103.4,1650.48057165
2022-11-22 04:00:00+00:00,1103.5,1105.8,1079.1,1092.7,1695.67126611
2022-11-22 08:00:00+00:00,1092.6,1093.9,1075.2,1084.9,2507.86243474
2022-11-22 12:00:00+00:00,1084.9,1141.8,1077.3,1134.5,4723.17975356
2022-11-22 16:00:00+00:00,1134.9,1142.0,1114.5,1126.8,3435.34940158
2022-11-22 20:00:00+00:00,1126.9,1141.8,1122.6,1138.8,1489.76060381
2022-11-23 00:00:00+00:00,1139.6,1170.6,1127.6,1170.6,2852.08256228
2022-11-23 04:00:00+00:00,1170.6,1171.2,1157.5,1166.8,2527.38055707
2022-11-23 08:00:00+00:00,1166.9,1182.2,1160.8,1175.9,7545.16240488
2022-11-23 12:00:00+00:00,1176.0,1178.3,1155.9,1161.1,2568.50899997
2022-11-23 16:00:00+00:00,1161.7,1192.0,1151.0,1169.0,2083.45092724
2022-11-23 20:00:00+00:00,1168.8,1190.4,1163.5,1184.3,1169.13536138
2022-11-24 00:00:00+00:00,1184.7,1210.0,1180.9,1201.4,5016.9932082
2022-11-24 04:00:00+00:00,1201.7,1216.6,1198.7,1206.9,1136.5768465
2022-11-24 08:00:00+00:00,1206.8,1207.8,1191.0,1195.3,4895.49720576
2022-11-24 12:00:00+00:00,1195.3,1202.5,1186.7,1195.1,3373.20429333
2022-11-24 16:00:00+00:00,1195.5,1208.0,1193.4,1202.7,4308.17369406
2022-11-24 20:00:00+00:00,1203.2,1206.5,1194.4,1204.6,2117.36157864
2022-11-25 00:00:00+00:00,1204.2,1205.0,1181.9,1186.7,992.67928743
2022-11-25 04:00:00+00:00,1186.6,1188.1,1171.2,1185.3,2442.15419148
2022-11-25 08:00:00+00:00,1184.8,1199.6,1175.9,1192.9,1385.48361423
2022-11-25 12:00:00+00:00,1193.3,1200.1,1181.6,1189.8,2081.82339809
2022-11-25 16:00:00+00:00,1189.9,1199.0,1183.5,1197.1,1072.01728734
2022-11-25 20:00:00+00:00,1197.5,1208.1,1195.9,1198.5,753.1130384
2022-11-26 00:00:00+00:00,1199.2,1228.6,1197.2,1215.4,1301.12744374
2022-11-26 04:00:00+00:00,1215.8,1225.5,1212.4,1219.0,1026.15612295
2022-11-26 08:00:00+00:00,1218.8,1227.5,1215.7,1222.0,700.2242301
2022-11-26 12:00:00+00:00,1222.2,1234.7,1206.7,1211.0,2091.40336761
2022-11-26 16:00:00+00:00,1210.7,1215.1,1202.0,1207.1,588.55675782
2022-11-26 20:00:00+00:00,1207.1,1213.4,1196.9,1205.2,966.4346197
2022-11-27 00:00:00+00:00,1205.1,1218.8,1204.5,1216.5,492.19721398
2022-11-27 04:00:00+00:00,1216.6,1223.4,1215.5,1217.6,621.11333661
2022-11-27 08:00:00+00:00,1217.6,1221.1,1210.0,1215.3,934.50974896
2022-11-27 12:00:00+00:00,1215.5,1219.6,1208.2,1218.1,287.22964573
2022-11-27 16:00:00+00:00,1218.1,1221.3,1211.8,1213.2,848.00802748
2022-11-27 20:00:00+00:00,1213.0,1218.4,1189.5,1194.0,1031.08484166
2022-11-28 00:00:00+00:00,1194.1,1199.3,1159.0,1172.7,2700.28509896
2022-11-28 04:00:00+00:00,1172.6,1178.9,1166.6,1174.1,729.5958839799999
2022-11-28 08:00:00+00:00,1174.1,1176.4,1163.9,1170.4,911.00485366
2022-11-28 12:00:00+00:00,1170.3,1182.3,1154.5,1163.1,3568.15441599
2022-11-28 16:00:00+00:00,1163.4,1184.9,1149.8,1171.4,2500.4934405
2022-11-28 20:00:00+00:00,1171.4,1175.2,1166.9,1168.0,443.11681201
2022-11-29 00:00:00+00:00,1168.0,1190.3,1158.7,1184.2,1229.0533341
2022-11-29 04:00:00+00:00,1184.6,1214.3,1184.2,1207.1,2557.5775138
2022-11-29 08:00:00+00:00,1206.9,1223.4,1205.3,1217.1,1480.76887589
2022-11-29 12:00:00+00:00,1217.1,1218.8,1203.1,1209.7,1110.23849189
2022-11-29 16:00:00+00:00,1209.2,1221.4,1203.6,1216.0,1968.91579589
2022-11-29 20:00:00+00:00,1216.1,1228.9,1215.8,1216.9,2268.64774641
2022-11-30 00:00:00+00:00,1216.9,1283.5,1213.2,1266.0,5977.6569323
2022-11-30 04:00:00+00:00,1265.8,1274.8,1265.5,1273.3,1045.27508194
2022-11-30 08:00:00+00:00,1273.4,1278.1,1262.3,1266.8,1061.00701596
2022-11-30 12:00:00+00:00,1267.3,1273.1,1257.2,1268.0,1769.02394156
2022-11-30 16:00:00+00:00,1268.1,1300.5,1260.3,1287.6,3787.80461976
2022-11-30 20:00:00+00:00,1287.9,1310.3,1285.7,1295.6,3764.5794657
2022-12-01 00:00:00+00:00,1295.6,1296.8,1282.5,1288.5,2397.75102994
2022-12-01 04:00:00+00:00,1288.7,1289.8,1277.3,1279.4,1653.23901931
2022-12-01 08:00:00+00:00,1279.7,1286.0,1278.1,1283.1,1051.01162121
2022-12-01 12:00:00+00:00,1283.1,1298.5,1263.7,1272.0,3280.96901076
2022-12-01 16:00:00+00:00,1271.7,1278.9,1266.7,1276.3,1335.82585622
2022-12-01 20:00:00+00:00,1276.1,1283.4,1267.2,1276.7,1065.52578577
2022-12-02 00:00:00+00:00,1276.8,1285.0,1265.9,1272.2,1390.4141586599999
2022-12-02 04:00:00+00:00,1271.8,1278.0,1268.4,1276.2,465.33116724
2022-12-02 08:00:00+00:00,1276.1,1294.7,1274.5,1289.0,1333.47606236
2022-12-02 12:00:00+00:00,1289.4,1297.1,1268.9,1279.9,5101.49615889
2022-12-02 16:00:00+00:00,1279.7,1288.4,1274.8,1288.0,1241.28785556
2022-12-02 20:00:00+00:00,1288.1,1297.0,1287.5,1296.0,1447.03930397
2022-12-03 00:00:00+00:00,1295.8,1305.6,1283.0,1286.1,2717.82787341
2022-12-03 04:00:00+00:00,1286.0,1290.8,1274.1,1276.7,1681.13140381
2022-12-03 08:00:00+00:00,1276.3,1277.4,1261.7,1270.1,1327.60324606
2022-12-03 12:00:00+00:00,1270.1,1275.4,1266.9,1271.6,839.65750918
2022-12-03 16:00:00+00:00,1271.7,1271.9,1263.2,1266.7,906.31860608
2022-12-03 20:00:00+00:00,1266.7,1267.3,1237.0,1240.9,8054.39620993
2022-12-04 00:00:00+00:00,1240.9,1263.2,1240.6,1257.4,1668.47050169
2022-12-04 04:00:00+00:00,1257.4,1267.6,1254.6,1257.6,2649.03064573
2022-12-04 08:00:00+00:00,1257.6,1264.4,1252.4,1255.7,590.41926281
2022-12-04 12:00:00+00:00,1255.7,1262.8,1250.9,1261.2,971.14167274
2022-12-04 16:00:00+00:00,1261.3,1283.8,1258.1,1279.3,3169.54603924
2022-12-04 20:00:00+00:00,1279.6,1287.6,1273.4,1280.5,1073.47983418
2022-12-05 00:00:00+00:00,1280.6,1298.4,1277.8,1291.8,1447.82613207
2022-12-05 04:00:00+00:00,1291.8,1305.3,1290.5,1298.2,4054.50218395
2022-12-05 08:00:00+00:00,1298.2,1306.4,1293.2,1296.4,2200.14608201
2022-12-05 12:00:00+00:00,1296.2,1296.2,1260.2,1267.0,3876.96373472
2022-12-05 16:00:00+00:00,1266.9,1271.0,1246.9,1254.1,4404.07110176
2022-12-05 20:00:00+00:00,1254.0,1260.8,1252.3,1260.1,1031.02012362
2022-12-06 00:00:00+00:00,1259.9,1270.6,1259.8,1262.1,650.25952067
2022-12-06 04:00:00+00:00,1262.1,1263.5,1254.9,1260.8,650.23336016
2022-12-06 08:00:00+00:00,1260.8,1265.2,1243.2,1256.3,1313.03735579
2022-12-06 12:00:00+00:00,1256.4,1262.1,1246.1,1254.6,654.41061108
2022-12-06 16:00:00+00:00,1254.7,1259.6,1242.6,1250.0,3055.05599666
2022-12-06 20:00:00+00:00,1250.2,1274.6,1248.0,1271.9,814.97502636
2022-12-07 00:00:00+00:00,1271.9,1278.3,1259.7,1263.0,984.89046301
2022-12-07 04:00:00+00:00,1262.9,1265.2,1220.5,1224.9,2321.91741973
2022-12-07 08:00:00+00:00,1224.9,1231.3,1219.0,1226.0,2644.44760365
2022-12-07 12:00:00+00:00,1225.5,1240.5,1221.5,1234.5,1534.76585092
2022-12-07 16:00:00+00:00,1234.3,1237.7,1228.0,1232.7,1592.44565386
2022-12-07 20:00:00+00:00,1232.9,1235.7,1223.7,1231.7,472.87687933
2022-12-08 00:00:00+00:00,1231.9,1239.1,1222.8,1232.2,542.55763201
2022-12-08 04:00:00+00:00,1232.2,1236.4,1225.7,1233.6,5604.80309791
2022-12-08 08:00:00+00:00,1233.5,1246.1,1229.7,1241.1,7979.72851818
2022-12-08 12:00:00+00:00,1240.9,1254.3,1237.2,1250.6,1440.45896269
2022-12-08 16:00:00+00:00,1251.0,1293.6,1250.0,1284.8,4744.03767439
2022-12-08 20:00:00+00:00,1284.9,1287.3,1277.5,1281.4,2421.92806785
2022-12-09 00:00:00+00:00,1281.4,1289.9,1274.7,1284.5,1868.40004393
2022-12-09 04:00:00+00:00,1284.6,1286.3,1278.3,1283.2,1420.45619248
2022-12-09 08:00:00+00:00,1283.1,1293.4,1280.0,1289.5,2566.55615234
2022-12-09 12:00:00+00:00,1289.4,1297.4,1264.0,1278.1,5078.04549134
2022-12-09 16:00:00+00:00,1278.2,1278.8,1264.7,1269.3,967.6624193
2022-12-09 20:00:00+00:00,1269.4,1269.6,1256.3,1263.3,3021.70954477
2022-12-10 00:00:00+00:00,1263.4,1268.8,1262.0,1265.9,485.06994306
2022-12-10 04:00:00+00:00,1265.7,1267.1,1263.3,1265.5,178.98723452
2022-12-10 08:00:00+00:00,1265.5,1268.3,1260.1,1266.7,426.65237618
2022-12-10 12:00:00+00:00,1266.6,1279.7,1264.5,1279.2,1463.70659803
2022-12-10 16:00:00+00:00,1279.1,1285.1,1267.2,1273.0,807.66856593
2022-12-10 20:00:00+00:00,1272.6,1274.3,1262.9,1266.7,866.00024895
2022-12-11 00:00:00+00:00,1267.0,1273.9,1265.7,1273.1,278.16731626
2022-12-11 04:00:00+00:00,1273.6,1278.9,1273.0,1277.1,355.65584008999997
2022-12-11 08:00:00+00:00,1277.1,1277.9,1271.7,1274.2,102.37172785
2022-12-11 12:00:00+00:00,1274.2,1276.4,1269.9,1274.1,290.33410425
2022-12-11 16:00:00+00:00,1274.1,1286.1,1271.7,1275.6,1157.53137699
2022-12-11 20:00:00+00:00,1275.7,1275.7,1257.1,1264.5,2975.50806982
2022-12-12 00:00:00+00:00,1264.1,1264.1,1241.8,1244.3,4373.95996483
2022-12-12 04:00:00+00:00,1244.6,1248.8,1241.8,1247.3,1353.00029516
2022-12-12 08:00:00+00:00,1247.2,1258.3,1243.6,1255.3,1010.25448026
2022-12-12 12:00:00+00:00,1255.5,1257.2,1244.9,1250.4,1144.15048197
2022-12-12 16:00:00+00:00,1250.5,1257.0,1250.0,1255.1,602.23869973
2022-12-12 20:00:00+00:00,1255.4,1280.3,1255.4,1276.7,4878.6406257
2022-12-13 00:00:00+00:00,1276.7,1278.8,1267.1,1270.5,2343.2740557
2022-12-13 04:00:00+00:00,1270.5,1275.6,1256.9,1267.4,1838.75663165
2022-12-13 08:00:00+00:00,1267.3,1291.2,1265.5,1288.4,4395.07975272
2022-12-13 12:00:00+00:00,1289.0,1348.5,1288.3,1323.9,16866.44448357
2022-12-13 16:00:00+00:00,1323.9,1328.7,1304.8,1316.8,2938.73241576
2022-12-13 20:00:00+00:00,1316.4,1323.6,1312.0,1321.4,1386.84388797
2022-12-14 00:00:00+00:00,1321.5,1327.4,1318.0,1320.3,497.60018841
2022-12-14 04:00:00+00:00,1320.3,1325.3,1316.3,1323.5,565.15196638
2022-12-14 08:00:00+00:00,1323.4,1329.8,1320.2,1327.2,2230.48952478
2022-12-14 12:00:00+00:00,1327.2,1345.2,1326.5,1339.0,3544.01602724
2022-12-14 16:00:00+00:00,1339.5,1352.7,1302.0,1308.1,8352.67001015
2022-12-14 20:00:00+00:00,1307.5,1318.7,1301.8,1308.2,2245.64073671
2022-12-15 00:00:00+00:00,1308.2,1312.1,1282.0,1292.5,3226.04944054
2022-12-15 04:00:00+00:00,1292.5,1292.9,1287.2,1287.5,1002.5691876
2022-12-15 08:00:00+00:00,1287.5,1291.7,1283.5,1291.7,515.06678487
2022-12-15 12:00:00+00:00,1291.5,1291.5,1264.2,1270.4,6312.68078874
2022-12-15 16:00:00+00:00,1270.6,1276.3,1265.8,1275.6,3868.55351111
2022-12-15 20:00:00+00:00,1275.6,1276.1,1260.5,1267.6,1666.84487136
2022-12-16 00:00:00+00:00,1267.6,1274.8,1266.7,1272.7,422.79587215
2022-12-16 04:00:00+00:00,1272.7,1280.6,1268.5,1278.6,406.57729434
2022-12-16 08:00:00+00:00,1279.1,1280.1,1203.8,1213.4,12253.38955318
2022-12-16 12:00:00+00:00,1213.5,1219.0,1199.0,1204.4,3398.15609762
2022-12-16 16:00:00+00:00,1204.2,1205.5,1183.9,1204.0,3020.0562521
2022-12-16 20:00:00+00:00,1204.0,1212.6,1157.0,1167.6,6748.36930556
2022-12-17 00:00:00+00:00,1167.7,1180.6,1163.6,1176.7,1234.9103574
2022-12-17 04:00:00+00:00,1176.6,1186.6,1174.9,1185.0,1759.23322642
2022-12-17 08:00:00+00:00,1185.3,1190.0,1175.7,1181.2,733.82699167
2022-12-17 12:00:00+00:00,1181.2,1183.7,1175.7,1180.7,1091.59593944
2022-12-17 16:00:00+00:00,1180.6,1181.2,1172.7,1178.3,2080.6675214
2022-12-17 20:00:00+00:00,1178.1,1190.9,1176.8,1188.2,995.47976758
2022-12-18 00:00:00+00:00,1188.4,1189.7,1181.9,1188.5,498.99269901
2022-12-18 04:00:00+00:00,1188.5,1197.3,1184.7,1187.9,649.40037657
2022-12-18 08:00:00+00:00,1188.1,1189.0,1173.4,1183.1,785.25875952
2022-12-18 12:00:00+00:00,1183.2,1184.5,1174.4,1175.0,686.74338648
2022-12-18 16:00:00+00:00,1175.1,1191.5,1174.9,1184.3,1319.63447206
2022-12-18 20:00:00+00:00,1184.2,1194.9,1182.0,1183.9,1181.9933868
2022-12-19 00:00:00+00:00,1184.2,1196.2,1175.5,1180.3,980.86615953
2022-12-19 04:00:00+00:00,1180.1,1185.4,1179.3,1181.1,2234.66734823
2022-12-19 08:00:00+00:00,1181.2,1189.2,1180.5,1184.0,293.77758673
2022-12-19 12:00:00+00:00,1184.1,1189.9,1178.8,1180.5,1205.29631157
2022-12-19 16:00:00+00:00,1180.0,1182.4,1166.0,1171.4,5726.68126053
2022-12-19 20:00:00+00:00,1171.0,1181.5,1151.2,1167.9,3716.94883386
2022-12-20 00:00:00+00:00,1168.1,1199.5,1163.9,1193.2,2762.30483519
2022-12-20 04:00:00+00:00,1193.5,1215.2,1191.7,1209.2,2307.72028577
2022-12-20 08:00:00+00:00,1209.4,1219.7,1206.7,1212.9,1037.56317868
2022-12-20 12:00:00+00:00,1213.0,1232.1,1205.8,1218.8,5287.44743638
2022-12-20 16:00:00+00:00,1218.7,1219.3,1206.3,1217.6,1368.49976043
2022-12-20 20:00:00+00:00,1217.6,1221.6,1212.8,1218.1,303.66496967
2022-12-21 00:00:00+00:00,1218.2,1219.7,1207.8,1211.7,2305.19228754
2022-12-21 04:00:00+00:00,1211.8,1215.2,1205.2,1212.8,7155.96131268
2022-12-21 08:00:00+00:00,1212.8,1220.5,1209.9,1217.9,625.56139078
2022-12-21 12:00:00+00:00,1217.8,1223.8,1207.3,1216.4,1324.86326244
2022-12-21 16:00:00+00:00,1216.3,1216.8,1208.2,1209.5,957.69961376
2022-12-21 20:00:00+00:00,1209.2,1215.9,1207.9,1215.0,210.92119951
2022-12-22 00:00:00+00:00,1214.7,1219.0,1213.1,1216.0,255.2871035
2022-12-22 04:00:00+00:00,1215.9,1216.2,1210.4,1214.4,3514.79956415
2022-12-22 08:00:00+00:00,1214.3,1222.1,1212.8,1218.1,1045.43328016
2022-12-22 12:00:00+00:00,1218.2,1219.2,1185.8,1188.1,2977.56960881
2022-12-22 16:00:00+00:00,1187.3,1196.0,1185.1,1195.9,10217.37190284
2022-12-22 20:00:00+00:00,1196.0,1240.0,1195.5,1219.5,4912.79221569
2022-12-23 00:00:00+00:00,1219.8,1231.4,1216.6,1226.3,860.06980945
2022-12-23 04:00:00+00:00,1226.5,1226.8,1221.7,1224.3,252.01477306
2022-12-23 08:00:00+00:00,1224.3,1228.3,1218.5,1225.1,775.5187137300001
2022-12-23 12:00:00+00:00,1225.1,1233.5,1215.3,1221.3,2212.26938357
2022-12-23 16:00:00+00:00,1221.2,1222.7,1218.5,1221.4,678.3916527
2022-12-23 20:00:00+00:00,1221.3,1224.0,1219.2,1221.7,493.72609346
2022-12-24 00:00:00+00:00,1221.7,1222.9,1217.2,1220.5,117.99452254
2022-12-24 04:00:00+00:00,1220.6,1222.4,1216.4,1221.9,214.46514348
2022-12-24 08:00:00+00:00,1222.0,1222.7,1218.4,1221.2,75.87695911
2022-12-24 12:00:00+00:00,1220.9,1221.1,1219.4,1220.6,95.9523607
2022-12-24 16:00:00+00:00,1220.6,1229.0,1219.3,1225.2,356.08392754
2022-12-24 20:00:00+00:00,1225.3,1225.3,1219.9,1222.0,165.13332735
2022-12-25 00:00:00+00:00,1222.3,1225.8,1221.5,1222.8,151.32965731
2022-12-25 04:00:00+00:00,1222.8,1223.0,1217.2,1221.0,298.49907488
2022-12-25 08:00:00+00:00,1221.0,1223.5,1219.0,1219.0,223.63824297
2022-12-25 12:00:00+00:00,1219.0,1220.4,1193.9,1212.8,7368.75410021
2022-12-25 16:00:00+00:00,1212.5,1214.5,1197.1,1211.0,1159.3899119
2022-12-25 20:00:00+00:00,1211.0,1226.1,1205.8,1219.8,1201.2421406400001
2022-12-26 00:00:00+00:00,1220.0,1225.5,1218.1,1222.2,200.92295158
2022-12-26 04:00:00+00:00,1222.4,1224.4,1219.6,1222.4,99.22651805
2022-12-26 08:00:00+00:00,1222.0,1224.2,1219.7,1221.4,213.21377472
2022-12-26 12:00:00+00:00,1221.3,1221.9,1213.1,1217.2,3533.55417484
2022-12-26 16:00:00+00:00,1217.2,1221.8,1214.5,1219.1,1392.0609935
2022-12-26 20:00:00+00:00,1219.4,1232.3,1217.5,1229.2,474.94120707
2022-12-27 00:00:00+00:00,1229.7,1234.9,1223.3,1225.2,372.26484621
2022-12-27 04:00:00+00:00,1225.0,1226.2,1222.6,1223.5,331.8280459
2022-12-27 08:00:00+00:00,1223.5,1224.7,1217.4,1220.8,1087.92055799
2022-12-27 12:00:00+00:00,1220.8,1220.8,1207.0,1212.5,3198.52858157
2022-12-27 16:00:00+00:00,1212.3,1213.7,1202.9,1212.1,5919.29640309
2022-12-27 20:00:00+00:00,1212.0,1215.7,1209.7,1212.9,349.30247666
2022-12-28 00:00:00+00:00,1212.7,1216.7,1188.2,1199.8,3478.3074004
2022-12-28 04:00:00+00:00,1199.8,1200.3,1189.8,1196.1,4503.15244189
2022-12-28 08:00:00+00:00,1196.1,1199.5,1195.3,1197.5,479.22375971
2022-12-28 12:00:00+00:00,1197.5,1214.0,1189.9,1191.9,6947.4972489
2022-12-28 16:00:00+00:00,1191.9,1202.0,1190.1,1194.1,1583.91951893
2022-12-28 20:00:00+00:00,1194.1,1196.3,1184.3,1190.7,3452.89452333
2022-12-29 00:00:00+00:00,1191.0,1195.9,1187.6,1195.4,509.01744211
2022-12-29 04:00:00+00:00,1195.7,1198.6,1193.1,1196.1,773.68377348
2022-12-29 08:00:00+00:00,1196.1,1204.0,1191.3,1199.8,1156.1292901
2022-12-29 12:00:00+00:00,1200.8,1207.5,1198.9,1202.6,1343.50762563
2022-12-29 16:00:00+00:00,1202.6,1203.8,1196.4,1199.4,1665.51579455
2022-12-29 20:00:00+00:00,1199.4,1205.0,1192.9,1202.1,558.31617854
2022-12-30 00:00:00+00:00,1201.7,1203.2,1196.2,1198.8,342.5463164
2022-12-30 04:00:00+00:00,1198.8,1199.2,1185.5,1189.1,1361.63270923
2022-12-30 08:00:00+00:00,1188.8,1195.3,1188.8,1191.3,410.60915591
2022-12-30 12:00:00+00:00,1191.3,1199.6,1183.2,1196.4,2331.0486985000002
2022-12-30 16:00:00+00:00,1196.3,1199.3,1193.8,1196.1,628.68108092
2022-12-30 20:00:00+00:00,1196.1,1202.9,1196.1,1200.8,1108.28794333
2022-12-31 00:00:00+00:00,1200.9,1201.4,1195.2,1195.4,157.32526295
2022-12-31 04:00:00+00:00,1195.3,1198.1,1193.0,1197.9,210.10462333
2022-12-31 08:00:00+00:00,1198.0,1201.5,1196.5,1198.2,300.90409602
2022-12-31 12:00:00+00:00,1198.2,1209.7,1197.0,1204.0,694.61063194
2022-12-31 16:00:00+00:00,1204.1,1206.9,1200.3,1204.8,408.11264207
2022-12-31 20:00:00+00:00,1204.9,1205.2,1194.9,1197.1,933.4554013
2023-01-01 00:00:00+00:00,1197.3,1198.3,1193.4,1195.3,398.08396546
2023-01-01 04:00:00+00:00,1194.7,1196.5,1192.8,1196.1,202.11398299
2023-01-01 08:00:00+00:00,1196.1,1198.4,1194.8,1197.6,82.50111431
2023-01-01 12:00:00+00:00,1197.3,1199.8,1194.9,1197.5,280.97525664
2023-01-01 16:00:00+00:00,1197.5,1205.9,1196.9,1203.0,825.4996153
2023-01-01 20:00:00+00:00,1203.2,1205.4,1201.1,1202.1,329.94676907
2023-01-02 00:00:00+00:00,1201.9,1205.2,1194.8,1203.3,346.67688985
2023-01-02 04:00:00+00:00,1203.3,1222.4,1201.6,1215.1,1861.19006978
2023-01-02 08:00:00+00:00,1215.1,1225.6,1215.0,1218.7,669.93750004
2023-01-02 12:00:00+00:00,1218.8,1222.4,1215.7,1220.2,814.98740849
2023-01-02 16:00:00+00:00,1220.2,1221.1,1217.2,1219.8,572.65597799
2023-01-02 20:00:00+00:00,1219.9,1224.4,1212.6,1215.2,721.88693751
2023-01-03 00:00:00+00:00,1215.3,1218.2,1212.9,1217.5,465.61740727
2023-01-03 04:00:00+00:00,1217.5,1221.5,1215.2,1218.2,745.96799473
2023-01-03 08:00:00+00:00,1218.2,1220.1,1216.1,1216.3,1525.23732257
2023-01-03 12:00:00+00:00,1216.4,1220.6,1207.9,1213.2,1335.00564912
2023-01-03 16:00:00+00:00,1213.0,1213.5,1205.5,1210.5,1134.36250265
2023-01-03 20:00:00+00:00,1210.3,1216.8,1210.3,1215.6,665.47813925
2023-01-04 00:00:00+00:00,1215.6,1257.3,1213.8,1252.2,5146.91433361
2023-01-04 04:00:00+00:00,1252.3,1255.6,1248.5,1254.1,2864.75746269
2023-01-04 08:00:00+00:00,1254.1,1262.9,1250.1,1252.8,1861.25159131
2023-01-04 12:00:00+00:00,1252.8,1259.0,1244.7,1256.9,2144.43556847
2023-01-04 16:00:00+00:00,1257.0,1273.3,1252.6,1255.1,4993.79250097
2023-01-04 20:00:00+00:00,1255.0,1258.1,1246.9,1257.5,1756.03626261
2023-01-05 00:00:00+00:00,1257.4,1260.5,1253.0,1253.8,545.63747816
2023-01-05 04:00:00+00:00,1253.6,1255.3,1248.9,1251.4,287.46098083
2023-01-05 08:00:00+00:00,1251.4,1256.7,1246.2,1256.3,495.73334809
2023-01-05 12:00:00+00:00,1256.5,1256.5,1241.8,1250.3,1338.38701984
2023-01-05 16:00:00+00:00,1250.3,1255.6,1247.7,1254.7,381.83157074999997
2023-01-05 20:00:00+00:00,1254.7,1255.0,1249.4,1251.9,482.15885573
2023-01-06 00:00:00+00:00,1251.9,1258.7,1249.3,1252.3,404.63979766
2023-01-06 04:00:00+00:00,1252.2,1252.7,1246.8,1248.3,686.95348473
2023-01-06 08:00:00+00:00,1248.4,1250.4,1239.9,1244.3,1262.32186538
2023-01-06 12:00:00+00:00,1244.1,1268.7,1237.0,1264.4,3403.95666141
2023-01-06 16:00:00+00:00,1264.4,1279.7,1261.4,1274.3,1996.4677684
2023-01-06 20:00:00+00:00,1274.6,1277.3,1265.8,1270.3,1027.20410749
2023-01-07 00:00:00+00:00,1270.3,1272.0,1266.7,1267.3,122.58533071
2023-01-07 04:00:00+00:00,1267.3,1267.5,1262.0,1267.0,613.63857146
2023-01-07 08:00:00+00:00,1267.5,1267.7,1264.0,1264.8,782.65030964
2023-01-07 12:00:00+00:00,1264.8,1266.8,1262.8,1266.1,412.91173542
2023-01-07 16:00:00+00:00,1265.6,1266.8,1262.9,1266.2,526.95448574
2023-01-07 20:00:00+00:00,1266.1,1268.0,1263.0,1264.7,560.46317594
2023-01-08 00:00:00+00:00,1264.9,1265.4,1259.5,1263.5,442.42044439
2023-01-08 04:00:00+00:00,1263.6,1265.3,1263.1,1264.6,144.61153222
2023-01-08 08:00:00+00:00,1264.7,1267.4,1263.0,1263.0,105.12616338
2023-01-08 12:00:00+00:00,1263.0,1276.6,1262.9,1275.8,585.07734996
2023-01-08 16:00:00+00:00,1275.7,1281.0,1263.6,1266.1,1569.1166941
2023-01-08 20:00:00+00:00,1266.1,1296.0,1265.6,1291.3,3224.74426971
2023-01-09 00:00:00+00:00,1291.3,1313.9,1286.5,1311.6,5066.14654531
2023-01-09 04:00:00+00:00,1311.5,1315.5,1308.7,1313.5,2353.98536546
2023-01-09 08:00:00+00:00,1313.4,1328.6,1309.5,1319.4,4387.42499957
2023-01-09 12:00:00+00:00,1319.4,1341.9,1316.6,1336.2,4262.91683517
2023-01-09 16:00:00+00:00,1336.2,1345.3,1330.6,1330.9,2772.42546732
2023-01-09 20:00:00+00:00,1330.9,1331.8,1315.9,1321.1,1946.36399425
2023-01-10 00:00:00+00:00,1320.9,1329.4,1317.7,1325.0,1105.84100422
2023-01-10 04:00:00+00:00,1325.0,1328.7,1323.1,1323.4,520.47686226
2023-01-10 08:00:00+00:00,1323.4,1334.8,1322.0,1329.9,1822.47037512
2023-01-10 12:00:00+00:00,1330.0,1341.5,1323.9,1334.0,1620.07614187
2023-01-10 16:00:00+00:00,1334.7,1344.4,1328.8,1339.9,1056.67640343
2023-01-10 20:00:00+00:00,1340.2,1348.1,1334.6,1335.6,1365.98363413
2023-01-11 00:00:00+00:00,1336.0,1342.2,1327.9,1331.2,1636.21274807
2023-01-11 04:00:00+00:00,1331.0,1335.8,1327.7,1335.8,1186.45387235
2023-01-11 08:00:00+00:00,1335.8,1338.7,1332.1,1337.0,679.68063908
2023-01-11 12:00:00+00:00,1336.8,1336.8,1321.2,1323.1,2900.88937049
2023-01-11 16:00:00+00:00,1323.0,1344.9,1322.1,1343.0,1928.8901792
2023-01-11 20:00:00+00:00,1343.0,1399.6,1339.9,1390.0,8416.80185873
2023-01-12 00:00:00+00:00,1390.6,1419.0,1386.4,1401.2,5647.41973227
2023-01-12 04:00:00+00:00,1401.3,1404.9,1393.6,1398.4,1442.41760663
2023-01-12 08:00:00+00:00,1398.5,1402.6,1395.1,1397.8,1390.56157539
2023-01-12 12:00:00+00:00,1397.5,1408.0,1362.0,1386.0,10538.97088393
2023-01-12 16:00:00+00:00,1386.0,1438.1,1383.1,1425.5,8296.39073401
2023-01-12 20:00:00+00:00,1426.1,1439.1,1414.5,1416.0,2083.1046494400002
2023-01-13 00:00:00+00:00,1416.0,1417.9,1401.6,1414.8,1338.47897945
2023-01-13 04:00:00+00:00,1414.8,1415.3,1405.5,1408.2,686.94424891
2023-01-13 08:00:00+00:00,1408.3,1418.9,1404.7,1409.6,950.99085959
2023-01-13 12:00:00+00:00,1409.5,1425.1,1402.0,1422.2,2631.83523833
2023-01-13 16:00:00+00:00,1422.5,1425.4,1407.5,1420.1,2143.50092225
2023-01-13 20:00:00+00:00,1420.3,1464.2,1418.0,1450.8,6306.64897095
2023-01-14 00:00:00+00:00,1451.0,1620.2,1449.8,1556.7,15534.41724953
2023-01-14 04:00:00+00:00,1556.6,1558.3,1542.1,1554.3,1423.96946074
2023-01-14 08:00:00+00:00,1554.1,1565.6,1505.2,1530.6,4787.88704336
2023-01-14 12:00:00+00:00,1530.4,1546.7,1508.4,1525.3,4625.03099416
2023-01-14 16:00:00+00:00,1525.5,1538.3,1523.4,1530.5,2131.36236724
2023-01-14 20:00:00+00:00,1529.9,1561.7,1527.3,1550.2,3747.59614949
2023-01-15 00:00:00+00:00,1550.2,1551.9,1516.3,1525.9,2832.31634677
2023-01-15 04:00:00+00:00,1526.1,1530.3,1521.8,1529.3,655.59085085
2023-01-15 08:00:00+00:00,1529.4,1534.6,1519.6,1534.1,1108.61675113
2023-01-15 12:00:00+00:00,1534.0,1561.4,1530.0,1557.6,2016.08115323
2023-01-15 16:00:00+00:00,1558.0,1567.4,1533.7,1550.8,2519.75878764
2023-01-15 20:00:00+00:00,1550.7,1561.2,1542.9,1552.9,928.36261857
2023-01-16 00:00:00+00:00,1552.9,1585.0,1542.1,1570.1,4591.86855679
2023-01-16 04:00:00+00:00,1570.3,1579.6,1564.3,1567.1,1591.51718036
2023-01-16 08:00:00+00:00,1567.1,1567.4,1524.1,1543.6,6607.31990935
2023-01-16 12:00:00+00:00,1543.7,1553.5,1522.7,1550.2,2190.84605449
2023-01-16 16:00:00+00:00,1551.0,1606.3,1547.0,1592.3,6211.8176282800005
2023-01-16 20:00:00+00:00,1591.7,1600.0,1573.9,1577.4,2325.26001298
2023-01-17 00:00:00+00:00,1577.0,1582.6,1542.4,1564.0,2375.05820086
2023-01-17 04:00:00+00:00,1563.9,1577.5,1559.2,1563.8,1394.7262226
2023-01-17 08:00:00+00:00,1563.9,1572.1,1559.2,1569.8,772.07539504
2023-01-17 12:00:00+00:00,1570.0,1609.3,1562.0,1572.0,4247.46282099
2023-01-17 16:00:00+00:00,1571.7,1598.9,1565.6,1589.2,1587.45642142
2023-01-17 20:00:00+00:00,1589.2,1592.8,1564.1,1565.3,799.88269002
2023-01-18 00:00:00+00:00,1565.6,1592.3,1563.2,1582.6,1127.94665562
2023-01-18 04:00:00+00:00,1582.5,1589.1,1579.7,1582.9,301.71088968
2023-01-18 08:00:00+00:00,1582.9,1583.7,1572.1,1576.6,504.35591198
2023-01-18 12:00:00+00:00,1576.2,1610.8,1533.4,1549.6,5275.27129966
2023-01-18 16:00:00+00:00,1549.7,1567.7,1501.8,1542.0,9673.6246597
2023-01-18 20:00:00+00:00,1541.6,1544.4,1508.0,1512.7,3252.65753739
2023-01-19 00:00:00+00:00,1511.7,1528.3,1509.9,1525.2,1258.91140648
2023-01-19 04:00:00+00:00,1525.2,1532.7,1525.2,1528.7,242.07973431
2023-01-19 08:00:00+00:00,1528.9,1531.8,1516.8,1520.1,527.24314182
2023-01-19 12:00:00+00:00,1519.8,1547.8,1513.8,1533.1,1780.8272756
2023-01-19 16:00:00+00:00,1533.4,1554.4,1522.9,1552.5,2010.66057545
2023-01-19 20:00:00+00:00,1552.6,1564.1,1545.0,1551.6,893.61920626
2023-01-20 00:00:00+00:00,1551.6,1563.9,1546.1,1554.7,309.84457291
2023-01-20 04:00:00+00:00,1554.3,1556.8,1542.0,1550.5,507.3553766
2023-01-20 08:00:00+00:00,1550.5,1555.4,1545.5,1549.8,400.44578549
2023-01-20 12:00:00+00:00,1549.8,1570.2,1549.1,1563.7,1460.3271040500001
2023-01-20 16:00:00+00:00,1564.0,1602.0,1562.1,1600.9,2967.45685504
2023-01-20 20:00:00+00:00,1601.2,1675.0,1601.2,1658.6,8803.06471195
2023-01-21 00:00:00+00:00,1658.4,1676.7,1638.9,1647.6,2504.3699579100003
2023-01-21 04:00:00+00:00,1647.7,1653.2,1644.4,1650.3,2925.12880817
2023-01-21 08:00:00+00:00,1650.2,1679.0,1618.8,1646.4,4824.84563605
2023-01-21 12:00:00+00:00,1646.4,1666.7,1643.5,1644.8,1467.74841385
2023-01-21 16:00:00+00:00,1647.1,1668.0,1646.3,1663.8,1098.01735838
2023-01-21 20:00:00+00:00,1663.1,1666.8,1622.7,1625.9,1851.15499425
2023-01-22 00:00:00+00:00,1625.8,1635.8,1603.7,1622.0,2027.91368767
2023-01-22 04:00:00+00:00,1622.0,1630.9,1620.8,1627.5,694.94659222
2023-01-22 08:00:00+00:00,1627.5,1630.6,1619.3,1624.2,1507.29213041
2023-01-22 12:00:00+00:00,1624.2,1650.0,1618.9,1635.5,3014.08754388
2023-01-22 16:00:00+00:00,1635.4,1663.7,1630.2,1634.6,2891.26217652
2023-01-22 20:00:00+00:00,1635.3,1635.7,1608.2,1627.9,2585.90342456
2023-01-23 00:00:00+00:00,1627.7,1643.1,1626.8,1630.8,774.14112116
2023-01-23 04:00:00+00:00,1630.5,1638.5,1628.5,1633.6,329.64641256
2023-01-23 08:00:00+00:00,1633.8,1639.8,1631.4,1636.7,4782.91046712
2023-01-23 12:00:00+00:00,1636.6,1647.6,1585.7,1621.7,7852.40588648
2023-01-23 16:00:00+00:00,1621.4,1640.1,1610.3,1619.9,2606.42787377
2023-01-23 20:00:00+00:00,1619.4,1636.0,1619.4,1626.2,997.00088323
2023-01-24 00:00:00+00:00,1626.2,1640.7,1623.2,1637.7,1642.19642515
2023-01-24 04:00:00+00:00,1637.7,1638.9,1633.1,1634.8,1592.5009076600002
2023-01-24 08:00:00+00:00,1634.9,1635.9,1614.8,1625.8,4504.63982912
2023-01-24 12:00:00+00:00,1625.7,1632.2,1603.7,1620.1,1718.61027576
2023-01-24 16:00:00+00:00,1620.7,1623.7,1606.5,1622.9,1651.34680135
2023-01-24 20:00:00+00:00,1622.4,1624.2,1530.0,1555.9,5166.72267894
2023-01-25 00:00:00+00:00,1555.7,1556.7,1516.1,1546.7,2253.65623869
2023-01-25 04:00:00+00:00,1546.5,1558.6,1545.5,1554.1,525.24109554
2023-01-25 08:00:00+00:00,1554.0,1557.0,1539.0,1545.6,794.91284423
2023-01-25 12:00:00+00:00,1545.8,1566.7,1526.1,1544.4,3269.30707033
2023-01-25 16:00:00+00:00,1544.4,1562.9,1541.7,1561.8,1758.76071895
2023-01-25 20:00:00+00:00,1561.9,1639.6,1561.9,1611.8,6969.1946609100005
2023-01-26 00:00:00+00:00,1612.4,1632.4,1611.1,1614.6,916.48884264
2023-01-26 04:00:00+00:00,1615.3,1621.7,1598.0,1605.1,917.44973925
2023-01-26 08:00:00+00:00,1604.7,1610.1,1592.6,1604.3,465.66818609
2023-01-26 12:00:00+00:00,1604.3,1620.6,1585.0,1590.2,2531.00999405
2023-01-26 16:00:00+00:00,1590.0,1606.5,1577.7,1603.2,666.29483268
2023-01-26 20:00:00+00:00,1603.2,1610.1,1594.2,1601.0,716.99985727
2023-01-27 00:00:00+00:00,1601.1,1605.8,1552.3,1566.0,1020.63794786
2023-01-27 04:00:00+00:00,1565.9,1590.4,1563.1,1585.6,649.88077858
2023-01-27 08:00:00+00:00,1585.6,1585.6,1573.2,1577.7,1218.52743137
2023-01-27 12:00:00+00:00,1577.8,1593.9,1561.6,1575.5,1309.66903795
2023-01-27 16:00:00+00:00,1574.5,1611.2,1574.5,1609.5,1193.54620501
2023-01-27 20:00:00+00:00,1609.9,1621.6,1587.0,1597.4,1461.5896267
2023-01-28 00:00:00+00:00,1597.4,1606.1,1592.1,1598.8,435.96393326
2023-01-28 04:00:00+00:00,1599.1,1602.7,1586.1,1592.0,247.55520014
2023-01-28 08:00:00+00:00,1591.7,1593.3,1578.0,1584.9,1311.14053507
2023-01-28 12:00:00+00:00,1585.0,1585.0,1563.0,1578.5,1917.99066637
2023-01-28 16:00:00+00:00,1579.0,1580.2,1569.8,1577.0,596.20253337
2023-01-28 20:00:00+00:00,1576.9,1577.4,1556.6,1572.8,681.17084083
2023-01-29 00:00:00+00:00,1572.7,1619.0,1567.2,1594.5,3362.3922843
2023-01-29 04:00:00+00:00,1595.1,1599.1,1588.6,1592.4,436.84379958
2023-01-29 08:00:00+00:00,1592.4,1619.7,1589.3,1609.6,1912.97328301
2023-01-29 12:00:00+00:00,1609.7,1627.1,1604.6,1613.2,4912.35803162
2023-01-29 16:00:00+00:00,1613.0,1666.1,1607.5,1654.4,6335.61736768
2023-01-29 20:00:00+00:00,1654.7,1655.4,1628.0,1644.8,7617.758313310001
2023-01-30 00:00:00+00:00,1644.4,1646.3,1631.2,1636.0,4239.06885386
2023-01-30 04:00:00+00:00,1636.0,1639.3,1621.3,1626.9,1637.05066091
2023-01-30 08:00:00+00:00,1626.8,1629.2,1577.3,1581.8,2992.83291152
2023-01-30 12:00:00+00:00,1581.7,1596.9,1568.8,1584.4,2822.16631494
2023-01-30 16:00:00+00:00,1584.6,1590.3,1536.0,1553.9,4015.61257137
2023-01-30 20:00:00+00:00,1554.0,1568.0,1537.0,1566.8,2264.2822279
2023-01-31 00:00:00+00:00,1566.9,1576.2,1562.5,1569.0,432.96887291
2023-01-31 04:00:00+00:00,1569.2,1580.8,1561.8,1580.0,755.01837906
2023-01-31 08:00:00+00:00,1580.6,1583.7,1565.6,1570.9,1231.25134019
2023-01-31 12:00:00+00:00,1571.0,1596.0,1571.0,1589.0,2268.57617534
2023-01-31 16:00:00+00:00,1589.1,1605.6,1587.9,1597.8,1206.28092778
2023-01-31 20:00:00+00:00,1598.4,1600.3,1564.9,1585.7,2499.677266
2023-02-01 00:00:00+00:00,1585.6,1592.6,1576.6,1584.8,1329.55210846
2023-02-01 04:00:00+00:00,1584.5,1585.4,1570.5,1575.8,496.41070731
2023-02-01 08:00:00+00:00,1575.7,1583.4,1566.6,1581.0,371.9815423
2023-02-01 12:00:00+00:00,1581.0,1589.5,1572.6,1575.7,1254.21141715
2023-02-01 16:00:00+00:00,1575.1,1627.0,1556.3,1617.1,6373.11326454
2023-02-01 20:00:00+00:00,1617.5,1647.6,1613.8,1640.8,5221.47952285
2023-02-02 00:00:00+00:00,1640.9,1698.0,1639.3,1670.0,18047.45623639
2023-02-02 04:00:00+00:00,1669.9,1675.9,1660.4,1664.1,1375.92666493
2023-02-02 08:00:00+00:00,1664.1,1674.3,1662.5,1671.8,416.75018302
2023-02-02 12:00:00+00:00,1672.0,1689.7,1650.0,1677.8,3776.85052526
2023-02-02 16:00:00+00:00,1677.6,1714.6,1666.8,1675.8,5157.84449888
2023-02-02 20:00:00+00:00,1674.7,1685.8,1626.0,1643.3,3030.24571519
2023-02-03 00:00:00+00:00,1643.6,1650.0,1630.6,1642.0,581.80957212
2023-02-03 04:00:00+00:00,1642.0,1646.8,1635.8,1637.1,719.94363735
2023-02-03 08:00:00+00:00,1637.1,1650.3,1630.0,1648.6,697.07083967
2023-02-03 12:00:00+00:00,1648.8,1673.7,1625.6,1664.0,4365.92787014
2023-02-03 16:00:00+00:00,1663.7,1676.0,1651.1,1653.1,1468.27580671
2023-02-03 20:00:00+00:00,1652.8,1671.7,1642.7,1664.2,1332.37781539
2023-02-04 00:00:00+00:00,1663.9,1666.0,1650.5,1654.3,439.08678411
2023-02-04 04:00:00+00:00,1654.0,1659.9,1645.8,1658.1,559.56093125
2023-02-04 08:00:00+00:00,1657.8,1662.6,1651.3,1661.3,1320.14112567
2023-02-04 12:00:00+00:00,1661.3,1694.7,1660.7,1679.9,3434.78772941
2023-02-04 16:00:00+00:00,1679.6,1684.3,1672.4,1675.7,1518.41874333
2023-02-04 20:00:00+00:00,1675.6,1688.7,1658.7,1666.3,1723.83564043
2023-02-05 00:00:00+00:00,1666.3,1670.3,1656.7,1660.2,888.74221735
2023-02-05 04:00:00+00:00,1660.4,1671.2,1659.9,1668.3,1420.05094525
2023-02-05 08:00:00+00:00,1668.4,1673.1,1661.2,1662.8,368.73316537
2023-02-05 12:00:00+00:00,1662.6,1664.0,1634.5,1644.6,3246.21988649
2023-02-05 16:00:00+00:00,1644.3,1646.9,1610.0,1620.0,1842.31579505
2023-02-05 20:00:00+00:00,1620.0,1639.3,1612.3,1629.1,1088.83242976
2023-02-06 00:00:00+00:00,1629.2,1642.4,1618.3,1626.5,304.36149623
2023-02-06 04:00:00+00:00,1626.2,1635.4,1608.4,1635.4,794.37982594
2023-02-06 08:00:00+00:00,1635.4,1637.6,1623.0,1635.6,433.45009701
2023-02-06 12:00:00+00:00,1635.2,1648.5,1619.3,1648.0,1048.27072161
2023-02-06 16:00:00+00:00,1648.1,1658.1,1640.3,1648.0,1175.56225267
2023-02-06 20:00:00+00:00,1648.2,1648.9,1605.3,1614.1,1316.84216287
2023-02-07 00:00:00+00:00,1614.0,1635.3,1613.3,1632.9,465.99999317
2023-02-07 04:00:00+00:00,1633.3,1637.2,1631.1,1632.2,370.90092501
2023-02-07 08:00:00+00:00,1632.2,1647.5,1628.5,1641.3,437.27382821
2023-02-07 12:00:00+00:00,1641.6,1644.7,1626.6,1631.0,808.87979791
2023-02-07 16:00:00+00:00,1630.7,1679.2,1625.0,1656.8,3315.92382914
2023-02-07 20:00:00+00:00,1656.9,1676.9,1651.0,1671.1,2114.37056186
2023-02-08 00:00:00+00:00,1671.0,1697.5,1668.3,1681.0,3968.4528856700003
2023-02-08 04:00:00+00:00,1680.9,1682.1,1672.0,1676.8,2323.64275308
2023-02-08 08:00:00+00:00,1676.8,1676.8,1667.4,1673.8,2136.6214296000003
2023-02-08 12:00:00+00:00,1673.8,1681.5,1651.1,1653.6,2860.8554156200003
2023-02-08 16:00:00+00:00,1652.9,1659.4,1631.0,1647.6,2110.82014446
2023-02-08 20:00:00+00:00,1646.7,1655.6,1637.4,1650.4,687.28986538
2023-02-09 00:00:00+00:00,1650.0,1655.1,1610.3,1619.9,7185.7522214
2023-02-09 04:00:00+00:00,1619.8,1636.7,1612.9,1630.1,1169.82471354
2023-02-09 08:00:00+00:00,1631.0,1639.1,1630.7,1633.1,352.47586047
2023-02-09 12:00:00+00:00,1633.1,1649.2,1626.1,1631.9,954.86774461
2023-02-09 16:00:00+00:00,1632.2,1633.1,1559.0,1579.7,4991.47236424
2023-02-09 20:00:00+00:00,1579.6,1581.6,1525.0,1545.5,7547.18734137
2023-02-10 00:00:00+00:00,1545.6,1554.2,1542.3,1543.6,773.35058946
2023-02-10 04:00:00+00:00,1543.6,1552.6,1530.1,1551.7,880.61240726
2023-02-10 08:00:00+00:00,1551.5,1554.3,1534.4,1536.5,947.51579543
2023-02-10 12:00:00+00:00,1537.1,1547.4,1507.0,1521.8,6629.9921497899995
2023-02-10 16:00:00+00:00,1522.0,1539.0,1514.5,1534.4,3461.63291548
2023-02-10 20:00:00+00:00,1534.6,1535.4,1492.5,1514.3,3517.66930942
2023-02-11 00:00:00+00:00,1513.4,1524.0,1508.4,1520.8,721.8041259
2023-02-11 04:00:00+00:00,1520.6,1522.9,1515.9,1521.2,299.73569866
2023-02-11 08:00:00+00:00,1521.8,1526.0,1516.5,1519.9,492.08965686
2023-02-11 12:00:00+00:00,1520.0,1526.9,1515.7,1523.0,535.56021231
2023-02-11 16:00:00+00:00,1523.0,1523.0,1505.5,1518.7,994.20642047
2023-02-11 20:00:00+00:00,1518.8,1543.2,1517.4,1538.7,1138.34704035
2023-02-12 00:00:00+00:00,1538.7,1539.4,1530.5,1532.0,284.70723694
2023-02-12 04:00:00+00:00,1531.8,1534.4,1529.9,1531.1,219.45823533
2023-02-12 08:00:00+00:00,1531.1,1539.5,1531.1,1534.0,427.21346038
2023-02-12 12:00:00+00:00,1534.0,1541.3,1522.2,1536.5,649.20172649
2023-02-12 16:00:00+00:00,1536.6,1548.0,1535.6,1540.1,885.76280543
2023-02-12 20:00:00+00:00,1540.2,1542.0,1494.3,1515.7,2303.68465341
2023-02-13 00:00:00+00:00,1515.7,1524.9,1498.1,1517.3,1271.09382477
2023-02-13 04:00:00+00:00,1517.4,1526.4,1516.5,1523.4,550.13317743
2023-02-13 08:00:00+00:00,1523.4,1523.7,1466.6,1486.3,3833.54215865
2023-02-13 12:00:00+00:00,1486.3,1492.1,1477.3,1477.5,1817.56613693
2023-02-13 16:00:00+00:00,1477.4,1493.3,1462.2,1490.6,2752.43891844
2023-02-13 20:00:00+00:00,1490.9,1509.4,1482.3,1504.9,1374.98801451
2023-02-14 00:00:00+00:00,1505.3,1507.7,1494.2,1498.4,794.50639179
2023-02-14 04:00:00+00:00,1498.0,1507.5,1497.2,1506.0,579.86538442
2023-02-14 08:00:00+00:00,1506.0,1519.2,1497.7,1507.7,1282.44548081
2023-02-14 12:00:00+00:00,1507.7,1568.7,1486.0,1545.4,6144.65174088
2023-02-14 16:00:00+00:00,1545.5,1564.6,1535.1,1561.4,1104.01151184
2023-02-14 20:00:00+00:00,1561.0,1563.9,1550.4,1556.0,1762.94377044
2023-02-15 00:00:00+00:00,1555.8,1556.9,1543.3,1549.2,251.95949021
2023-02-15 04:00:00+00:00,1549.3,1551.8,1545.3,1547.9,347.95461599
2023-02-15 08:00:00+00:00,1547.8,1578.7,1545.0,1572.4,2273.29033483
2023-02-15 12:00:00+00:00,1572.8,1592.9,1567.9,1579.9,5268.19607128
2023-02-15 16:00:00+00:00,1579.9,1630.1,1574.0,1628.6,2774.46772789
2023-02-15 20:00:00+00:00,1628.8,1682.6,1624.8,1674.7,6612.6829765600005
2023-02-16 00:00:00+00:00,1674.5,1711.3,1672.7,1691.0,5839.28907445
2023-02-16 04:00:00+00:00,1691.2,1696.2,1675.3,1681.7,3281.23904137
2023-02-16 08:00:00+00:00,1681.9,1692.5,1678.7,1682.7,1075.01437073
2023-02-16 12:00:00+00:00,1682.8,1726.4,1665.4,1723.7,3906.21181257
2023-02-16 16:00:00+00:00,1723.5,1741.0,1686.3,1710.5,5789.19371987
2023-02-16 20:00:00+00:00,1710.6,1710.6,1634.8,1639.0,3894.09649866
2023-02-17 00:00:00+00:00,1638.9,1670.2,1631.7,1663.8,1314.72684775
2023-02-17 04:00:00+00:00,1664.1,1665.3,1652.1,1654.3,1105.41753834
2023-02-17 08:00:00+00:00,1653.5,1673.7,1649.6,1666.8,1141.61925726
2023-02-17 12:00:00+00:00,1666.9,1682.7,1647.1,1674.0,3388.40533707
2023-02-17 16:00:00+00:00,1674.4,1709.5,1664.0,1706.6,3198.50372938
2023-02-17 20:00:00+00:00,1706.6,1720.9,1671.0,1694.9,2955.81156292
2023-02-18 00:00:00+00:00,1694.6,1704.7,1693.4,1700.3,770.72757987
2023-02-18 04:00:00+00:00,1700.5,1703.9,1687.4,1691.2,891.64177781
2023-02-18 08:00:00+00:00,1691.0,1695.3,1686.2,1691.8,416.51235513
2023-02-18 12:00:00+00:00,1691.6,1699.1,1687.5,1696.2,820.57346526
2023-02-18 16:00:00+00:00,1695.9,1713.5,1683.5,1688.4,1827.59094224
2023-02-18 20:00:00+00:00,1687.9,1693.7,1679.4,1691.8,361.72545074
2023-02-19 00:00:00+00:00,1691.6,1700.3,1690.2,1695.2,758.79228129
2023-02-19 04:00:00+00:00,1695.2,1709.0,1691.8,1692.7,1298.7817404300001
2023-02-19 08:00:00+00:00,1692.9,1700.0,1691.3,1695.5,281.77689874
2023-02-19 12:00:00+00:00,1695.5,1723.6,1695.0,1711.2,3617.48872188
2023-02-19 16:00:00+00:00,1711.3,1726.7,1676.6,1685.1,2948.81725857
2023-02-19 20:00:00+00:00,1685.0,1689.3,1667.5,1681.0,1178.67051784
2023-02-20 00:00:00+00:00,1681.0,1687.6,1651.9,1685.4,841.54530644
2023-02-20 04:00:00+00:00,1685.7,1698.3,1684.6,1697.1,561.18285579
2023-02-20 08:00:00+00:00,1696.9,1719.2,1689.6,1713.6,2538.56242148
2023-02-20 12:00:00+00:00,1714.3,1716.0,1698.4,1707.7,2800.9103334
2023-02-20 16:00:00+00:00,1708.3,1710.5,1685.8,1710.0,2076.67329203
2023-02-20 20:00:00+00:00,1709.5,1711.1,1692.0,1703.0,1911.35462073
2023-02-21 00:00:00+00:00,1703.0,1715.5,1698.3,1703.3,2366.1613349
2023-02-21 04:00:00+00:00,1703.2,1710.0,1694.3,1704.2,1399.4637873000001
2023-02-21 08:00:00+00:00,1704.2,1713.1,1667.0,1670.1,2313.96723831
2023-02-21 12:00:00+00:00,1669.3,1684.3,1659.6,1671.9,3281.75858041
2023-02-21 16:00:00+00:00,1671.8,1687.0,1656.2,1672.3,3308.66868748
2023-02-21 20:00:00+00:00,1672.4,1674.6,1636.8,1659.7,1989.85724259
2023-02-22 00:00:00+00:00,1659.7,1667.0,1622.9,1649.8,2135.52932199
2023-02-22 04:00:00+00:00,1650.2,1650.2,1632.4,1644.3,1205.83193966
2023-02-22 08:00:00+00:00,1643.9,1645.8,1626.1,1644.7,895.46486204
2023-02-22 12:00:00+00:00,1644.6,1650.0,1607.2,1615.2,2948.45914909
2023-02-22 16:00:00+00:00,1614.1,1631.5,1597.5,1616.8,3318.80940615
2023-02-22 20:00:00+00:00,1616.8,1645.3,1611.0,1643.5,680.33959093
2023-02-23 00:00:00+00:00,1643.6,1679.7,1638.3,1667.1,1205.98886877
2023-02-23 04:00:00+00:00,1667.6,1671.9,1660.1,1667.3,515.95770981
2023-02-23 08:00:00+00:00,1667.6,1673.1,1632.2,1638.4,1861.11577194
2023-02-23 12:00:00+00:00,1637.7,1671.2,1629.1,1656.5,1723.41116134
2023-02-23 16:00:00+00:00,1656.7,1662.9,1637.5,1654.7,2014.83378187
2023-02-23 20:00:00+00:00,1654.8,1659.2,1640.0,1650.6,912.92558724
2023-02-24 00:00:00+00:00,1650.5,1664.9,1647.4,1649.0,789.77312766
2023-02-24 04:00:00+00:00,1649.6,1655.6,1641.7,1651.7,818.7611655000001
2023-02-24 08:00:00+00:00,1651.6,1656.9,1643.3,1646.9,421.18107927
2023-02-24 12:00:00+00:00,1646.8,1653.7,1600.4,1603.6,2434.71121813
2023-02-24 16:00:00+00:00,1603.1,1612.7,1575.5,1612.3,8498.2063357
2023-02-24 20:00:00+00:00,1611.4,1623.7,1594.1,1608.7,2097.94330664
2023-02-25 00:00:00+00:00,1608.7,1609.4,1595.4,1599.0,641.02210431
2023-02-25 04:00:00+00:00,1599.2,1604.5,1595.0,1604.5,294.30874868
2023-02-25 08:00:00+00:00,1604.0,1608.0,1596.9,1600.7,518.0724328
2023-02-25 12:00:00+00:00,1600.5,1604.0,1593.2,1597.6,347.65322393
2023-02-25 16:00:00+00:00,1597.5,1601.2,1577.4,1585.1,474.58961774
2023-02-25 20:00:00+00:00,1585.1,1597.9,1559.2,1595.0,1763.69488452
2023-02-26 00:00:00+00:00,1595.0,1607.0,1588.8,1604.1,569.04580467
2023-02-26 04:00:00+00:00,1604.1,1604.3,1596.8,1600.6,226.13828867
2023-02-26 08:00:00+00:00,1600.7,1607.1,1598.7,1604.4,360.07953193000003
2023-02-26 12:00:00+00:00,1604.4,1616.6,1595.9,1605.2,562.08921923
2023-02-26 16:00:00+00:00,1605.4,1636.5,1598.6,1633.6,741.71621772
2023-02-26 20:00:00+00:00,1634.3,1651.4,1623.0,1640.9,4057.9724256100003
2023-02-27 00:00:00+00:00,1641.0,1649.5,1632.4,1640.2,837.76419281
2023-02-27 04:00:00+00:00,1640.2,1640.5,1631.3,1637.0,328.15444591
2023-02-27 08:00:00+00:00,1636.9,1643.0,1632.7,1640.3,790.37275218
2023-02-27 12:00:00+00:00,1640.3,1664.5,1637.1,1644.1,2920.3199796
2023-02-27 16:00:00+00:00,1644.7,1646.4,1616.0,1623.4,1023.12281159
2023-02-27 20:00:00+00:00,1622.3,1636.3,1608.3,1633.6,484.45535794
2023-02-28 00:00:00+00:00,1633.6,1635.7,1627.4,1632.6,259.3013776
2023-02-28 04:00:00+00:00,1633.1,1633.2,1618.8,1619.0,428.61001456
2023-02-28 08:00:00+00:00,1618.7,1632.0,1617.0,1630.0,284.06494707
2023-02-28 12:00:00+00:00,1630.1,1647.4,1629.3,1641.8,784.28852611
2023-02-28 16:00:00+00:00,1641.7,1646.3,1623.8,1628.3,524.72700303
2023-02-28 20:00:00+00:00,1628.4,1633.5,1597.8,1605.5,1296.66296442
2023-03-01 00:00:00+00:00,1605.6,1640.6,1596.2,1638.6,1144.06008915
2023-03-01 04:00:00+00:00,1638.4,1661.4,1636.4,1651.6,888.95775349
2023-03-01 08:00:00+00:00,1651.5,1669.0,1650.1,1656.5,769.90218434
2023-03-01 12:00:00+00:00,1656.6,1670.6,1647.0,1658.4,1483.20156639
2023-03-01 16:00:00+00:00,1658.3,1660.5,1632.0,1635.1,650.68318007
2023-03-01 20:00:00+00:00,1635.1,1666.7,1632.4,1666.1,672.34269602
2023-03-02 00:00:00+00:00,1665.8,1680.4,1644.4,1648.2,2066.93703496
2023-03-02 04:00:00+00:00,1648.1,1652.8,1639.6,1644.5,900.48847117
2023-03-02 08:00:00+00:00,1644.1,1648.3,1638.2,1644.8,606.26396453
2023-03-02 12:00:00+00:00,1644.9,1645.4,1618.5,1628.6,837.19950631
2023-03-02 16:00:00+00:00,1628.2,1652.3,1621.9,1648.4,589.18533381
2023-03-02 20:00:00+00:00,1648.8,1657.5,1641.1,1648.0,463.66491317
2023-03-03 00:00:00+00:00,1648.3,1649.2,1529.9,1566.0,6529.75520354
2023-03-03 04:00:00+00:00,1565.6,1576.4,1563.2,1568.4,858.57163378
2023-03-03 08:00:00+00:00,1568.4,1573.8,1563.4,1564.2,3239.61487847
2023-03-03 12:00:00+00:00,1564.1,1579.8,1560.4,1566.2,904.07840264
2023-03-03 16:00:00+00:00,1566.2,1574.6,1550.8,1565.6,656.88341083
2023-03-03 20:00:00+00:00,1565.6,1571.2,1547.2,1569.5,719.7502616
2023-03-04 00:00:00+00:00,1569.7,1577.4,1568.4,1571.2,334.42705443
2023-03-04 04:00:00+00:00,1571.2,1572.8,1563.0,1569.1,270.81356594
2023-03-04 08:00:00+00:00,1569.1,1570.6,1567.2,1568.8,226.80557772
2023-03-04 12:00:00+00:00,1569.2,1571.7,1561.5,1562.3,224.27663605
2023-03-04 16:00:00+00:00,1562.3,1565.2,1557.4,1559.8,276.71801986
2023-03-04 20:00:00+00:00,1559.6,1568.1,1549.0,1566.2,1150.26542787
2023-03-05 00:00:00+00:00,1566.3,1588.2,1554.0,1567.6,1187.36197853
2023-03-05 04:00:00+00:00,1567.7,1573.6,1567.7,1568.5,223.18690825
2023-03-05 08:00:00+00:00,1568.6,1572.9,1564.9,1569.1,246.11519813
2023-03-05 12:00:00+00:00,1569.1,1573.8,1568.2,1569.5,165.49955759
2023-03-05 16:00:00+00:00,1569.4,1571.7,1563.3,1566.5,309.85680777
2023-03-05 20:00:00+00:00,1566.4,1577.9,1557.2,1564.3,1526.82208054
2023-03-06 00:00:00+00:00,1564.3,1572.6,1556.9,1562.3,715.23746444
2023-03-06 04:00:00+00:00,1562.4,1564.7,1555.4,1562.2,313.73403653
2023-03-06 08:00:00+00:00,1561.7,1566.1,1558.6,1564.2,58.1595844
2023-03-06 12:00:00+00:00,1564.3,1584.0,1563.8,1578.8,1525.66255533
2023-03-06 16:00:00+00:00,1578.7,1580.4,1563.1,1566.0,700.8491324
2023-03-06 20:00:00+00:00,1566.1,1570.9,1560.1,1565.7,556.27099629
2023-03-07 00:00:00+00:00,1565.9,1583.7,1562.1,1575.4,443.17931709
2023-03-07 04:00:00+00:00,1575.6,1576.5,1571.2,1571.5,154.73112552
2023-03-07 08:00:00+00:00,1571.5,1571.5,1563.0,1563.0,488.87622083
2023-03-07 12:00:00+00:00,1563.7,1572.4,1535.0,1561.3,2205.74231591
2023-03-07 16:00:00+00:00,1561.2,1565.7,1548.3,1551.6,557.97921839
2023-03-07 20:00:00+00:00,1550.7,1564.2,1543.8,1562.1,1192.4536556
2023-03-08 00:00:00+00:00,1562.4,1571.0,1558.4,1562.3,532.8117819400001
2023-03-08 04:00:00+00:00,1563.0,1563.8,1548.8,1551.3,296.99723847
2023-03-08 08:00:00+00:00,1551.2,1562.0,1550.5,1557.7,425.81403842
2023-03-08 12:00:00+00:00,1557.8,1565.9,1542.5,1561.2,1361.81292343
2023-03-08 16:00:00+00:00,1561.6,1565.2,1548.9,1553.3,518.75724104
2023-03-08 20:00:00+00:00,1553.4,1562.1,1524.3,1533.7,1993.60848762
2023-03-09 00:00:00+00:00,1533.7,1545.1,1531.9,1542.3,959.5379459
2023-03-09 04:00:00+00:00,1542.2,1542.2,1537.3,1537.3,371.66504892
2023-03-09 08:00:00+00:00,1537.3,1538.8,1525.6,1535.4,1649.44436333
2023-03-09 12:00:00+00:00,1535.3,1546.6,1528.3,1534.8,878.57848886
2023-03-09 16:00:00+00:00,1534.4,1538.1,1482.4,1489.0,3418.99835697
2023-03-09 20:00:00+00:00,1489.0,1490.0,1410.0,1438.0,6060.00442553
2023-03-10 00:00:00+00:00,1438.0,1438.0,1411.0,1426.9,1460.53658262
2023-03-10 04:00:00+00:00,1426.8,1427.2,1392.5,1412.6,3043.32910099
2023-03-10 08:00:00+00:00,1412.5,1413.0,1370.4,1384.9,2381.576701
2023-03-10 12:00:00+00:00,1385.1,1434.7,1383.1,1418.5,3994.00970349
2023-03-10 16:00:00+00:00,1418.3,1439.8,1401.1,1424.1,3212.75011722
2023-03-10 20:00:00+00:00,1424.5,1436.5,1408.3,1429.2,3637.71436259
2023-03-11 00:00:00+00:00,1429.2,1482.0,1427.9,1464.0,7995.81440326
2023-03-11 04:00:00+00:00,1463.9,1470.2,1421.0,1423.1,4177.23343068
2023-03-11 08:00:00+00:00,1423.2,1454.9,1414.5,1432.0,4015.13015902
2023-03-11 12:00:00+00:00,1432.0,1441.5,1431.1,1434.5,1329.27077392
2023-03-11 16:00:00+00:00,1434.4,1463.1,1428.7,1455.0,4569.48829392
2023-03-11 20:00:00+00:00,1455.2,1482.4,1455.2,1476.7,3050.53124741
2023-03-12 00:00:00+00:00,1476.4,1478.4,1458.9,1472.3,915.99316825
2023-03-12 04:00:00+00:00,1472.2,1477.1,1461.0,1465.1,874.27011082
2023-03-12 08:00:00+00:00,1465.0,1472.1,1464.1,1470.0,536.32674398
2023-03-12 12:00:00+00:00,1470.1,1470.4,1454.2,1461.6,1075.88056461
2023-03-12 16:00:00+00:00,1461.8,1555.7,1460.0,1519.0,11245.4518305
2023-03-12 20:00:00+00:00,1519.8,1599.5,1517.8,1586.2,6237.81885066
2023-03-13 00:00:00+00:00,1586.5,1628.2,1579.8,1593.3,4540.19489543
2023-03-13 04:00:00+00:00,1592.8,1623.1,1592.7,1613.0,3009.44431245
2023-03-13 08:00:00+00:00,1613.0,1614.0,1570.4,1584.4,4422.95924758
2023-03-13 12:00:00+00:00,1584.6,1702.8,1575.3,1672.2,10016.52351351
2023-03-13 16:00:00+00:00,1672.3,1690.7,1654.2,1682.9,3325.06437271
2023-03-13 20:00:00+00:00,1683.1,1686.7,1666.8,1678.9,1470.61845199
2023-03-14 00:00:00+00:00,1679.8,1689.9,1670.0,1682.5,812.05720385
2023-03-14 04:00:00+00:00,1683.1,1699.0,1665.3,1672.2,1365.5257427
2023-03-14 08:00:00+00:00,1672.2,1693.5,1661.1,1689.4,3058.42576926
2023-03-14 12:00:00+00:00,1689.5,1782.1,1678.3,1773.9,10914.25368132
2023-03-14 16:00:00+00:00,1773.9,1778.9,1691.5,1725.3,4639.19560567
2023-03-14 20:00:00+00:00,1725.0,1730.7,1666.0,1703.2,4014.63763921
2023-03-15 00:00:00+00:00,1702.7,1719.1,1685.0,1704.2,4528.39439431
2023-03-15 04:00:00+00:00,1704.3,1710.4,1696.4,1708.1,5067.83976601
2023-03-15 08:00:00+00:00,1708.1,1708.1,1656.6,1684.5,2509.49224283
2023-03-15 12:00:00+00:00,1683.6,1702.7,1629.0,1636.9,4834.70409831
2023-03-15 16:00:00+00:00,1637.1,1658.0,1614.4,1649.9,3220.50766023
2023-03-15 20:00:00+00:00,1650.1,1667.9,1641.7,1652.1,1316.64403833
2023-03-16 00:00:00+00:00,1652.2,1662.6,1635.4,1649.4,838.63403663
2023-03-16 04:00:00+00:00,1649.0,1662.7,1641.1,1659.2,1020.11504034
2023-03-16 08:00:00+00:00,1659.4,1673.1,1643.1,1664.5,875.53196733
2023-03-16 12:00:00+00:00,1664.2,1669.1,1640.6,1666.2,1463.13147317
2023-03-16 16:00:00+00:00,1666.3,1697.9,1654.9,1684.3,1109.8457273
2023-03-16 20:00:00+00:00,1684.1,1685.6,1656.5,1677.1,1058.23609504
2023-03-17 00:00:00+00:00,1677.3,1727.8,1666.3,1711.7,1981.16594139
2023-03-17 04:00:00+00:00,1711.7,1734.3,1700.9,1719.3,2411.06073589
2023-03-17 08:00:00+00:00,1719.2,1759.5,1713.9,1758.8,10515.17568168
2023-03-17 12:00:00+00:00,1758.9,1759.1,1704.6,1718.0,6057.45360602
2023-03-17 16:00:00+00:00,1718.1,1745.1,1711.4,1744.8,1940.9000449300001
2023-03-17 20:00:00+00:00,1745.1,1795.0,1733.9,1788.5,9845.37489464
2023-03-18 00:00:00+00:00,1788.5,1829.3,1767.0,1810.3,3748.16986826
2023-03-18 04:00:00+00:00,1810.3,1819.9,1800.1,1812.8,1829.68890149
2023-03-18 08:00:00+00:00,1812.8,1816.1,1790.7,1811.5,3562.2010523
2023-03-18 12:00:00+00:00,1811.5,1840.1,1775.5,1785.9,6331.322153550001
2023-03-18 16:00:00+00:00,1785.8,1802.8,1747.8,1791.4,7136.52348028
2023-03-18 20:00:00+00:00,1791.5,1801.7,1752.5,1760.2,1006.23451168
2023-03-19 00:00:00+00:00,1759.5,1786.9,1759.0,1783.2,629.36043818
2023-03-19 04:00:00+00:00,1782.7,1786.7,1763.1,1774.6,386.31505476
2023-03-19 08:00:00+00:00,1774.6,1788.4,1767.4,1785.8,379.59747757
2023-03-19 12:00:00+00:00,1786.4,1812.4,1774.5,1794.2,1872.17786901
2023-03-19 16:00:00+00:00,1793.7,1839.8,1792.4,1820.1,6212.13532773
2023-03-19 20:00:00+00:00,1820.6,1826.1,1772.9,1778.8,2587.50563455
2023-03-20 00:00:00+00:00,1779.7,1784.7,1741.2,1750.5,1665.90645703
2023-03-20 04:00:00+00:00,1750.1,1792.8,1736.1,1791.3,1055.30294435
2023-03-20 08:00:00+00:00,1792.0,1802.6,1767.3,1779.4,1126.25481506
2023-03-20 12:00:00+00:00,1779.3,1782.8,1753.3,1763.6,990.42259988
2023-03-20 16:00:00+00:00,1762.5,1768.1,1742.5,1753.6,757.77495209
2023-03-20 20:00:00+00:00,1753.0,1762.1,1723.8,1732.9,824.43590575
2023-03-21 00:00:00+00:00,1732.7,1757.1,1729.6,1745.5,715.27566079
2023-03-21 04:00:00+00:00,1745.7,1753.7,1717.9,1730.3,758.46645099
2023-03-21 08:00:00+00:00,1730.2,1768.0,1725.9,1761.9,980.7157206
2023-03-21 12:00:00+00:00,1762.4,1836.0,1759.4,1812.5,3661.23467596
2023-03-21 16:00:00+00:00,1813.0,1826.2,1774.0,1790.6,2246.7537970500002
2023-03-21 20:00:00+00:00,1791.6,1805.8,1781.5,1802.1,980.97303301
2023-03-22 00:00:00+00:00,1802.1,1806.7,1779.4,1800.5,857.27036261
2023-03-22 04:00:00+00:00,1800.4,1808.5,1788.2,1793.4,697.73906482
2023-03-22 08:00:00+00:00,1792.5,1793.9,1782.4,1785.9,620.38273172
2023-03-22 12:00:00+00:00,1785.7,1819.9,1784.3,1805.9,1856.94714588
2023-03-22 16:00:00+00:00,1806.0,1814.1,1711.5,1717.0,5209.7428184
2023-03-22 20:00:00+00:00,1717.3,1738.6,1711.1,1735.1,975.63487334
2023-03-23 00:00:00+00:00,1735.0,1744.7,1730.5,1737.8,394.5952539
2023-03-23 04:00:00+00:00,1737.8,1753.4,1731.5,1751.0,465.08588216
2023-03-23 08:00:00+00:00,1751.0,1759.5,1746.9,1755.1,527.15438147
2023-03-23 12:00:00+00:00,1755.2,1858.0,1742.5,1838.1,3560.37182278
2023-03-23 16:00:00+00:00,1838.5,1842.0,1793.9,1821.6,2943.82183697
2023-03-23 20:00:00+00:00,1820.3,1821.0,1804.9,1814.9,657.04184892
2023-03-24 00:00:00+00:00,1814.7,1819.0,1807.6,1812.1,1412.45628594
2023-03-24 04:00:00+00:00,1812.2,1817.4,1803.9,1815.4,2143.78821549
2023-03-24 08:00:00+00:00,1815.4,1816.0,1728.8,1747.8,1991.0057472400001
2023-03-24 12:00:00+00:00,1747.3,1785.1,1743.7,1768.2,2748.65804178
2023-03-24 16:00:00+00:00,1767.1,1769.9,1727.1,1763.9,1834.49016072
2023-03-24 20:00:00+00:00,1763.8,1764.5,1730.3,1750.2,854.54268257
2023-03-25 00:00:00+00:00,1750.4,1762.8,1747.8,1757.1,249.69427116
2023-03-25 04:00:00+00:00,1757.1,1759.2,1743.0,1748.9,254.06901525
2023-03-25 08:00:00+00:00,1748.8,1750.8,1736.4,1746.2,422.95597469
2023-03-25 12:00:00+00:00,1745.9,1763.0,1738.7,1756.1,831.21856766
2023-03-25 16:00:00+00:00,1755.2,1757.4,1716.1,1717.4,809.08241723
2023-03-25 20:00:00+00:00,1717.1,1744.2,1713.2,1742.9,526.76570297
2023-03-26 00:00:00+00:00,1742.7,1757.5,1740.3,1750.4,606.08831028
2023-03-26 04:00:00+00:00,1750.5,1755.8,1747.2,1753.4,187.26508895
2023-03-26 08:00:00+00:00,1753.3,1787.5,1751.5,1779.1,971.47299104
2023-03-26 12:00:00+00:00,1778.9,1801.5,1753.7,1764.0,1263.58092816
2023-03-26 16:00:00+00:00,1763.8,1771.9,1754.6,1766.2,211.01894114
2023-03-26 20:00:00+00:00,1766.1,1783.1,1755.0,1774.8,500.02565853
2023-03-27 00:00:00+00:00,1774.5,1780.6,1759.5,1765.5,352.4838656
2023-03-27 04:00:00+00:00,1765.6,1767.6,1747.0,1752.0,932.89054835
2023-03-27 08:00:00+00:00,1751.9,1769.8,1750.3,1766.0,795.81215047
2023-03-27 12:00:00+00:00,1765.6,1768.9,1687.3,1711.5,2743.4340082
2023-03-27 16:00:00+00:00,1711.5,1731.0,1701.6,1703.3,4821.33855797
2023-03-27 20:00:00+00:00,1703.0,1716.2,1695.0,1714.6,1753.9603371599999
2023-03-28 00:00:00+00:00,1715.1,1726.2,1701.9,1711.9,781.45958257
2023-03-28 04:00:00+00:00,1711.4,1737.6,1710.1,1723.9,1071.83372982
2023-03-28 08:00:00+00:00,1724.4,1754.5,1710.5,1745.5,1469.11959284
2023-03-28 12:00:00+00:00,1747.0,1750.7,1730.3,1743.7,1335.29611195
2023-03-28 16:00:00+00:00,1743.5,1795.7,1727.6,1785.7,1812.73020083
2023-03-28 20:00:00+00:00,1785.8,1789.4,1761.7,1772.9,854.69219074
2023-03-29 00:00:00+00:00,1773.1,1788.4,1772.6,1778.2,627.07444754
2023-03-29 04:00:00+00:00,1778.2,1818.3,1778.2,1804.9,1802.41467127
2023-03-29 08:00:00+00:00,1805.0,1827.8,1799.7,1810.6,1447.64243451
2023-03-29 12:00:00+00:00,1811.2,1816.5,1793.5,1808.2,453.72856587
2023-03-29 16:00:00+00:00,1808.1,1811.6,1792.1,1808.4,453.74840762
2023-03-29 20:00:00+00:00,1809.1,1809.2,1783.3,1792.9,633.41242211
2023-03-30 00:00:00+00:00,1792.9,1829.3,1766.0,1787.1,1812.80639751
2023-03-30 04:00:00+00:00,1787.0,1812.3,1785.7,1806.4,1236.16515784
2023-03-30 08:00:00+00:00,1806.3,1807.8,1793.2,1805.4,513.32810759
2023-03-30 12:00:00+00:00,1805.2,1805.9,1784.6,1789.1,1018.20925133
2023-03-30 16:00:00+00:00,1788.8,1790.7,1762.8,1780.2,733.31823637
2023-03-30 20:00:00+00:00,1780.7,1797.9,1778.8,1793.1,491.15456633
2023-03-31 00:00:00+00:00,1793.1,1817.2,1789.8,1803.5,742.71625487
2023-03-31 04:00:00+00:00,1803.3,1808.0,1779.4,1795.0,491.69464394
2023-03-31 08:00:00+00:00,1794.7,1799.6,1786.7,1793.1,256.69719316
2023-03-31 12:00:00+00:00,1793.0,1846.9,1790.8,1829.9,2657.40534755
2023-03-31 16:00:00+00:00,1829.9,1833.8,1818.6,1828.9,821.47975589
2023-03-31 20:00:00+00:00,1828.3,1829.4,1814.5,1821.7,545.20465523
2023-04-01 00:00:00+00:00,1821.6,1842.8,1820.0,1826.1,317.45436102
2023-04-01 04:00:00+00:00,1826.0,1829.1,1812.8,1823.6,220.42781533
2023-04-01 08:00:00+00:00,1823.6,1828.1,1821.3,1824.0,168.31509958
2023-04-01 12:00:00+00:00,1823.9,1826.8,1814.1,1819.9,397.09965274
2023-04-01 16:00:00+00:00,1819.9,1823.7,1809.0,1813.9,422.23937016
2023-04-01 20:00:00+00:00,1813.9,1824.8,1813.8,1820.3,157.71134025
2023-04-02 00:00:00+00:00,1820.3,1822.8,1809.8,1817.0,190.00653311
2023-04-02 04:00:00+00:00,1816.9,1824.2,1814.1,1820.7,225.03957254
2023-04-02 08:00:00+00:00,1820.3,1822.8,1814.8,1817.4,132.010407
2023-04-02 12:00:00+00:00,1817.3,1819.4,1789.1,1798.2,523.73021288
2023-04-02 16:00:00+00:00,1797.7,1803.7,1772.7,1780.8,439.85185243
2023-04-02 20:00:00+00:00,1781.3,1794.7,1778.2,1793.8,448.98767991
2023-04-03 00:00:00+00:00,1794.0,1794.1,1763.7,1778.3,438.76518525
2023-04-03 04:00:00+00:00,1778.2,1794.0,1772.8,1794.0,272.38196972
2023-04-03 08:00:00+00:00,1794.0,1817.5,1794.0,1807.7,771.25936392
2023-04-03 12:00:00+00:00,1807.9,1821.5,1789.3,1796.5,586.98350034
2023-04-03 16:00:00+00:00,1796.7,1839.2,1791.6,1818.6,1172.03732283
2023-04-03 20:00:00+00:00,1818.6,1819.0,1769.2,1810.1,1287.85654629
2023-04-04 00:00:00+00:00,1810.1,1816.1,1801.7,1808.3,370.6673628
2023-04-04 04:00:00+00:00,1808.3,1822.5,1803.4,1812.5,326.44100049
2023-04-04 08:00:00+00:00,1812.4,1876.1,1811.5,1864.8,2560.04739504
2023-04-04 12:00:00+00:00,1865.0,1891.8,1852.3,1862.7,2501.63433455
2023-04-04 16:00:00+00:00,1862.9,1873.3,1857.6,1868.9,554.70385291
2023-04-04 20:00:00+00:00,1868.6,1886.5,1859.3,1870.7,391.37248099
2023-04-05 00:00:00+00:00,1870.7,1925.5,1864.9,1911.7,1824.26908646
2023-04-05 04:00:00+00:00,1911.7,1916.5,1907.0,1909.8,779.8335137700001
2023-04-05 08:00:00+00:00,1910.1,1918.8,1903.4,1914.1,1665.67862197
2023-04-05 12:00:00+00:00,1914.1,1943.0,1884.2,1896.6,3006.00535442
2023-04-05 16:00:00+00:00,1897.0,1917.1,1886.9,1909.0,991.53443973
2023-04-05 20:00:00+00:00,1909.2,1913.3,1903.4,1908.3,287.03513351
2023-04-06 00:00:00+00:00,1908.2,1908.5,1885.4,1898.0,308.88415944
2023-04-06 04:00:00+00:00,1898.1,1898.1,1876.2,1877.7,492.04301535999997
2023-04-06 08:00:00+00:00,1878.2,1884.5,1853.0,1867.4,951.7945019699999
2023-04-06 12:00:00+00:00,1867.2,1877.3,1853.6,1874.4,865.04633296
2023-04-06 16:00:00+00:00,1873.8,1882.7,1865.8,1870.7,319.83067297
2023-04-06 20:00:00+00:00,1870.6,1878.0,1859.6,1871.5,428.8580469
2023-04-07 00:00:00+00:00,1871.5,1880.8,1865.7,1876.5,221.20574550999999
2023-04-07 04:00:00+00:00,1876.5,1877.5,1841.3,1849.3,915.31551532
2023-04-07 08:00:00+00:00,1848.9,1857.2,1842.3,1846.7,689.37453769
2023-04-07 12:00:00+00:00,1847.0,1861.8,1840.6,1859.4,285.31987429000003
2023-04-07 16:00:00+00:00,1859.4,1860.6,1851.0,1853.0,150.96012732
2023-04-07 20:00:00+00:00,1853.2,1870.8,1851.1,1863.4,225.85511431
2023-04-08 00:00:00+00:00,1863.3,1870.7,1854.0,1867.9,211.2712987
2023-04-08 04:00:00+00:00,1867.0,1878.3,1863.2,1870.4,182.06032625
2023-04-08 08:00:00+00:00,1871.5,1873.6,1864.5,1866.9,148.11458749
2023-04-08 12:00:00+00:00,1866.7,1869.8,1861.6,1864.7,127.80495009
2023-04-08 16:00:00+00:00,1865.2,1867.1,1844.3,1852.2,486.20076989
2023-04-08 20:00:00+00:00,1852.8,1856.1,1845.7,1846.9,131.20806416
2023-04-09 00:00:00+00:00,1846.7,1857.2,1845.9,1850.2,226.6919203
2023-04-09 04:00:00+00:00,1849.7,1853.6,1821.0,1833.8,660.31997526
2023-04-09 08:00:00+00:00,1833.7,1838.1,1828.4,1837.2,883.53859748
2023-04-09 12:00:00+00:00,1837.2,1843.7,1825.0,1836.6,458.43064623
2023-04-09 16:00:00+00:00,1836.5,1865.5,1835.4,1855.3,531.6833628
2023-04-09 20:00:00+00:00,1856.1,1872.9,1851.9,1857.9,387.59795888
2023-04-10 00:00:00+00:00,1858.0,1862.4,1846.6,1857.9,235.86154213
2023-04-10 04:00:00+00:00,1857.9,1864.6,1853.4,1859.4,476.91238049000003
2023-04-10 08:00:00+00:00,1859.5,1861.3,1854.4,1856.9,395.8946153
2023-04-10 12:00:00+00:00,1857.0,1867.8,1846.7,1861.1,560.11233429
2023-04-10 16:00:00+00:00,1860.4,1904.2,1857.2,1888.7,1650.98236551
2023-04-10 20:00:00+00:00,1888.7,1919.5,1878.2,1909.1,767.11243015
2023-04-11 00:00:00+00:00,1909.1,1935.6,1906.3,1922.1,941.69821847
2023-04-11 04:00:00+00:00,1922.1,1925.3,1908.0,1921.4,412.59417223
2023-04-11 08:00:00+00:00,1921.5,1921.5,1911.5,1915.2,429.6472269
2023-04-11 12:00:00+00:00,1915.0,1921.9,1904.0,1912.9,508.39729974
2023-04-11 16:00:00+00:00,1912.8,1915.8,1890.2,1893.1,765.22775157
2023-04-11 20:00:00+00:00,1892.0,1896.0,1881.0,1888.8,613.15925771
2023-04-12 00:00:00+00:00,1888.7,1895.5,1852.9,1862.1,1066.50063508
2023-04-12 04:00:00+00:00,1862.0,1874.8,1859.6,1870.3,929.87741646
2023-04-12 08:00:00+00:00,1870.2,1873.4,1864.1,1871.6,883.80761724
2023-04-12 12:00:00+00:00,1870.9,1931.8,1866.7,1910.8,3045.89432358
2023-04-12 16:00:00+00:00,1912.1,1919.4,1894.4,1900.3,624.29218164
2023-04-12 20:00:00+00:00,1900.2,1929.5,1900.2,1917.9,947.42023649
2023-04-13 00:00:00+00:00,1917.8,1920.3,1900.1,1913.4,499.33989744
2023-04-13 04:00:00+00:00,1913.3,1925.0,1909.3,1922.3,3724.75770478
2023-04-13 08:00:00+00:00,1923.3,1996.1,1920.4,1986.3,7641.05044349
2023-04-13 12:00:00+00:00,1986.3,2008.3,1986.3,1997.6,1640.19981968
2023-04-13 16:00:00+00:00,1997.1,2023.3,1991.9,2011.2,1026.12754682
2023-04-13 20:00:00+00:00,2011.2,2017.0,2001.5,2011.7,876.37496552
2023-04-14 00:00:00+00:00,2012.6,2135.8,2010.1,2107.5,8849.50306001
2023-04-14 04:00:00+00:00,2108.3,2123.3,2103.0,2105.1,2287.89890695
2023-04-14 08:00:00+00:00,2106.2,2118.4,2101.6,2115.0,1031.95940747
2023-04-14 12:00:00+00:00,2114.9,2124.2,2050.3,2059.0,4433.20346807
2023-04-14 16:00:00+00:00,2058.7,2091.3,2041.7,2090.9,2592.78094464
2023-04-14 20:00:00+00:00,2090.5,2119.9,2085.7,2099.3,936.66513348
2023-04-15 00:00:00+00:00,2100.0,2104.7,2070.7,2088.5,746.05174524
2023-04-15 04:00:00+00:00,2088.6,2103.6,2081.6,2097.3,281.22837089
2023-04-15 08:00:00+00:00,2097.7,2110.5,2092.4,2099.3,908.95763552
2023-04-15 12:00:00+00:00,2099.6,2106.6,2092.7,2097.9,685.75756404
2023-04-15 16:00:00+00:00,2098.0,2107.7,2083.0,2099.5,950.95981008
2023-04-15 20:00:00+00:00,2099.7,2101.5,2081.0,2089.3,671.71862854
2023-04-16 00:00:00+00:00,2089.4,2094.2,2071.9,2084.9,265.46399825
2023-04-16 04:00:00+00:00,2085.1,2102.2,2084.8,2098.0,826.5968692600001
2023-04-16 08:00:00+00:00,2097.5,2098.7,2082.1,2085.2,242.47345883
2023-04-16 12:00:00+00:00,2085.2,2097.9,2075.5,2094.1,336.7792366
2023-04-16 16:00:00+00:00,2093.6,2146.5,2088.8,2113.6,2372.70657897
2023-04-16 20:00:00+00:00,2115.0,2131.5,2096.7,2117.2,1580.37023572
2023-04-17 00:00:00+00:00,2117.0,2118.4,2063.8,2096.0,2001.11629959
2023-04-17 04:00:00+00:00,2095.9,2101.2,2088.8,2090.5,350.59316355
2023-04-17 08:00:00+00:00,2089.9,2098.5,2065.9,2077.6,1084.4588735
2023-04-17 12:00:00+00:00,2076.9,2082.1,2057.0,2071.5,1178.00843285
2023-04-17 16:00:00+00:00,2071.5,2088.5,2070.5,2078.2,587.04521799
2023-04-17 20:00:00+00:00,2078.1,2083.5,2067.3,2074.1,320.50505586
2023-04-18 00:00:00+00:00,2074.4,2084.9,2054.0,2080.3,783.85624735
2023-04-18 04:00:00+00:00,2080.4,2110.5,2078.8,2101.8,929.083719
2023-04-18 08:00:00+00:00,2101.9,2125.0,2096.2,2119.0,1196.24619491
2023-04-18 12:00:00+00:00,2119.1,2121.1,2089.6,2096.9,1506.37749505
2023-04-18 16:00:00+00:00,2097.0,2101.7,2071.6,2082.0,955.15026631
2023-04-18 20:00:00+00:00,2081.8,2108.0,2076.0,2104.9,768.18344241
2023-04-19 00:00:00+00:00,2104.8,2104.9,2088.3,2092.3,215.91264458
2023-04-19 04:00:00+00:00,2092.1,2092.8,2065.7,2073.7,727.7298629
2023-04-19 08:00:00+00:00,2074.0,2074.0,1961.0,1982.3,8764.52504692
2023-04-19 12:00:00+00:00,1981.7,2008.0,1971.4,1985.0,7251.68166677
2023-04-19 16:00:00+00:00,1985.1,1992.9,1966.7,1981.5,6953.47152498
2023-04-19 20:00:00+00:00,1981.5,1989.2,1925.0,1935.6,11917.69590426
2023-04-20 00:00:00+00:00,1935.4,1954.7,1926.9,1948.9,1114.95028435
2023-04-20 04:00:00+00:00,1950.3,1965.8,1949.7,1950.7,649.1028328900001
2023-04-20 08:00:00+00:00,1950.2,1962.2,1939.0,1940.7,643.0486519
2023-04-20 12:00:00+00:00,1940.7,1983.1,1936.8,1947.3,2316.8906808
2023-04-20 16:00:00+00:00,1946.9,1955.4,1916.2,1928.7,9251.93874066
2023-04-20 20:00:00+00:00,1928.6,1955.1,1925.0,1944.2,751.40251262
2023-04-21 00:00:00+00:00,1943.6,1956.8,1935.0,1947.3,512.10369417
2023-04-21 04:00:00+00:00,1946.7,1948.2,1899.9,1927.8,2349.92380151
2023-04-21 08:00:00+00:00,1928.1,1933.5,1903.7,1909.0,3947.32581386
2023-04-21 12:00:00+00:00,1909.2,1924.1,1892.5,1905.2,4281.79300072
2023-04-21 16:00:00+00:00,1904.9,1909.2,1835.0,1845.5,7482.6374539
2023-04-21 20:00:00+00:00,1845.5,1856.6,1827.9,1851.5,8791.36089954
2023-04-22 00:00:00+00:00,1850.4,1863.1,1847.3,1860.6,396.30388653
2023-04-22 04:00:00+00:00,1860.7,1865.8,1850.2,1851.2,332.08610179
2023-04-22 08:00:00+00:00,1852.1,1855.9,1845.5,1854.1,984.07107486
2023-04-22 12:00:00+00:00,1853.7,1873.2,1847.7,1867.5,688.35259875
2023-04-22 16:00:00+00:00,1868.3,1889.1,1867.7,1873.4,830.45359999
2023-04-22 20:00:00+00:00,1873.1,1879.6,1865.4,1874.8,589.28925493
2023-04-23 00:00:00+00:00,1874.7,1875.9,1848.9,1863.2,1085.38298174
2023-04-23 04:00:00+00:00,1862.8,1877.8,1860.8,1876.2,259.9573
2023-04-23 08:00:00+00:00,1875.8,1877.4,1864.8,1875.5,416.34720327
2023-04-23 12:00:00+00:00,1876.2,1882.9,1854.5,1860.1,480.17990422
2023-04-23 16:00:00+00:00,1860.3,1872.9,1839.5,1848.3,3538.29824459
2023-04-23 20:00:00+00:00,1848.0,1869.5,1840.2,1863.6,3471.69175468
2023-04-24 00:00:00+00:00,1863.5,1890.5,1852.8,1869.0,745.09815712
2023-04-24 04:00:00+00:00,1869.2,1872.1,1828.9,1847.5,2953.52135637
2023-04-24 08:00:00+00:00,1847.5,1857.2,1832.7,1856.8,879.58160427
2023-04-24 12:00:00+00:00,1857.3,1877.1,1833.5,1835.7,1113.5025291
2023-04-24 16:00:00+00:00,1835.5,1849.1,1808.1,1832.0,1714.61410096
2023-04-24 20:00:00+00:00,1832.0,1846.5,1829.6,1842.6,466.38863754
2023-04-25 00:00:00+00:00,1842.8,1851.5,1828.4,1830.6,173.38207964
2023-04-25 04:00:00+00:00,1830.9,1837.2,1814.4,1816.5,421.18519626
2023-04-25 08:00:00+00:00,1816.5,1830.6,1807.9,1827.5,637.21608401
2023-04-25 12:00:00+00:00,1827.2,1834.1,1803.8,1816.0,1503.56529059
2023-04-25 16:00:00+00:00,1815.9,1849.7,1813.9,1839.1,1956.8416804400001
2023-04-25 20:00:00+00:00,1839.0,1880.7,1838.5,1867.9,2107.91865375
2023-04-26 00:00:00+00:00,1867.7,1884.9,1863.9,1863.9,634.93690022
2023-04-26 04:00:00+00:00,1863.9,1879.6,1860.6,1862.8,462.2773848
2023-04-26 08:00:00+00:00,1863.6,1921.3,1863.5,1915.0,1501.10094463
2023-04-26 12:00:00+00:00,1915.2,1965.1,1915.2,1954.6,2617.5532124
2023-04-26 16:00:00+00:00,1954.5,1958.7,1820.4,1831.0,4602.05308651
2023-04-26 20:00:00+00:00,1828.8,1884.0,1787.0,1866.5,6130.31091715
2023-04-27 00:00:00+00:00,1866.0,1939.3,1862.3,1898.7,3723.90258485
2023-04-27 04:00:00+00:00,1899.0,1918.4,1873.4,1886.7,1310.38617378
2023-04-27 08:00:00+00:00,1886.2,1894.8,1876.3,1882.0,731.65930558
2023-04-27 12:00:00+00:00,1881.1,1917.0,1863.2,1899.6,2423.05244874
2023-04-27 16:00:00+00:00,1900.7,1937.8,1892.4,1920.7,1653.82020168
2023-04-27 20:00:00+00:00,1922.6,1930.1,1894.6,1909.5,1068.57904556
2023-04-28 00:00:00+00:00,1909.1,1914.6,1903.1,1905.4,224.7943508
2023-04-28 04:00:00+00:00,1906.1,1924.1,1905.4,1919.3,271.04981043
2023-04-28 08:00:00+00:00,1919.7,1919.7,1898.7,1904.5,518.2651239
2023-04-28 12:00:00+00:00,1903.4,1915.0,1876.4,1887.2,1249.26885868
2023-04-28 16:00:00+00:00,1887.1,1907.2,1885.3,1893.7,1059.58223068
2023-04-28 20:00:00+00:00,1893.9,1902.1,1889.0,1892.8,212.75822789
2023-04-29 00:00:00+00:00,1892.9,1899.2,1888.0,1898.3,328.73266291
2023-04-29 04:00:00+00:00,1898.0,1905.7,1898.0,1904.4,171.89426061
2023-04-29 08:00:00+00:00,1905.3,1905.3,1895.3,1899.7,244.65673235
2023-04-29 12:00:00+00:00,1899.7,1918.6,1898.7,1907.4,310.42343897
2023-04-29 16:00:00+00:00,1907.1,1908.7,1885.4,1904.7,290.59969994
2023-04-29 20:00:00+00:00,1905.0,1910.7,1899.0,1908.8,143.50931728
2023-04-30 00:00:00+00:00,1908.8,1908.8,1895.0,1897.0,171.08984348
2023-04-30 04:00:00+00:00,1897.5,1906.1,1895.1,1904.4,254.31645448
2023-04-30 08:00:00+00:00,1904.5,1914.1,1901.3,1901.9,260.23693322
2023-04-30 12:00:00+00:00,1901.6,1940.0,1899.9,1921.3,1137.92281608
2023-04-30 16:00:00+00:00,1922.0,1935.6,1896.3,1906.3,851.18228653
2023-04-30 20:00:00+00:00,1904.7,1904.7,1867.2,1870.9,1475.40523672
2023-05-01 00:00:00+00:00,1871.6,1887.1,1825.9,1848.0,1917.84898214
2023-05-01 04:00:00+00:00,1847.9,1855.2,1836.1,1850.9,397.14195772
2023-05-01 08:00:00+00:00,1850.8,1854.2,1843.2,1847.1,283.07054565
2023-05-01 12:00:00+00:00,1847.1,1852.8,1829.0,1834.2,848.72984287
2023-05-01 16:00:00+00:00,1835.2,1842.9,1809.5,1814.5,1111.37930104
2023-05-01 20:00:00+00:00,1813.9,1834.7,1808.5,1833.0,592.24198496
2023-05-02 00:00:00+00:00,1832.0,1838.4,1824.6,1831.7,224.76919275
2023-05-02 04:00:00+00:00,1831.9,1841.4,1826.0,1836.6,213.1775023
2023-05-02 08:00:00+00:00,1836.8,1839.5,1827.4,1834.9,194.9948457
2023-05-02 12:00:00+00:00,1835.0,1869.7,1826.2,1858.8,1000.11966945
2023-05-02 16:00:00+00:00,1859.9,1882.6,1854.3,1869.2,499.14578182
2023-05-02 20:00:00+00:00,1871.4,1877.3,1869.0,1870.9,552.18442226
2023-05-03 00:00:00+00:00,1870.4,1871.4,1855.8,1863.3,359.54016278
2023-05-03 04:00:00+00:00,1863.5,1870.9,1858.7,1866.6,391.86957104
2023-05-03 08:00:00+00:00,1866.6,1873.0,1860.8,1861.0,294.7202624
2023-05-03 12:00:00+00:00,1861.1,1863.1,1844.5,1854.3,519.90168013
2023-05-03 16:00:00+00:00,1854.4,1897.1,1852.6,1868.6,1299.76640305
2023-05-03 20:00:00+00:00,1869.0,1917.2,1859.4,1906.3,993.36377825
2023-05-04 00:00:00+00:00,1906.7,1909.3,1897.6,1904.9,203.81314087
2023-05-04 04:00:00+00:00,1904.9,1906.2,1897.7,1899.8,146.90537136
2023-05-04 08:00:00+00:00,1899.3,1918.7,1898.0,1905.6,273.31629634
2023-05-04 12:00:00+00:00,1904.6,1908.8,1879.7,1888.3,806.87109132
2023-05-04 16:00:00+00:00,1887.6,1892.3,1868.4,1876.9,528.93855483
2023-05-04 20:00:00+00:00,1876.4,1880.5,1870.8,1877.8,276.44626612
2023-05-05 00:00:00+00:00,1877.7,1910.0,1876.5,1898.0,459.9850637
2023-05-05 04:00:00+00:00,1898.0,1908.0,1894.8,1895.6,298.00575704
2023-05-05 08:00:00+00:00,1897.0,1916.0,1896.8,1912.1,1577.24798066
2023-05-05 12:00:00+00:00,1912.7,1957.6,1890.3,1955.8,2594.01615931
2023-05-05 16:00:00+00:00,1955.4,2003.4,1955.4,1992.7,4845.69816549
2023-05-05 20:00:00+00:00,1992.7,1999.3,1986.5,1994.8,1363.7773403
2023-05-06 00:00:00+00:00,1995.3,2020.0,1966.1,1972.6,1237.75404449
2023-05-06 04:00:00+00:00,1972.0,1973.6,1957.1,1959.7,367.99153106
2023-05-06 08:00:00+00:00,1959.3,1959.3,1924.0,1937.3,1340.83702627
2023-05-06 12:00:00+00:00,1936.7,1936.7,1865.0,1881.7,14461.66101748
2023-05-06 16:00:00+00:00,1881.6,1909.6,1879.9,1902.4,1013.10532922
2023-05-06 20:00:00+00:00,1902.3,1903.2,1888.8,1901.1,2649.42815753
2023-05-07 00:00:00+00:00,1900.4,1921.7,1890.9,1896.8,743.09190878
2023-05-07 04:00:00+00:00,1896.4,1911.3,1894.1,1908.9,357.25949056
2023-05-07 08:00:00+00:00,1909.0,1915.5,1900.0,1905.5,560.40122108
2023-05-07 12:00:00+00:00,1906.4,1936.6,1906.4,1920.2,748.66788151
2023-05-07 16:00:00+00:00,1920.5,1926.7,1907.5,1916.0,484.58129515
2023-05-07 20:00:00+00:00,1916.5,1924.5,1874.2,1875.0,7235.46676716
2023-05-08 00:00:00+00:00,1874.8,1887.3,1843.2,1868.6,3375.38980064
2023-05-08 04:00:00+00:00,1868.0,1873.0,1842.2,1854.6,1495.6460946
2023-05-08 08:00:00+00:00,1854.5,1868.0,1838.8,1864.8,2297.93534797
2023-05-08 12:00:00+00:00,1865.0,1878.7,1850.7,1867.9,1058.18273325
2023-05-08 16:00:00+00:00,1867.2,1869.3,1813.0,1830.9,2206.81006337
2023-05-08 20:00:00+00:00,1829.8,1851.4,1829.4,1849.3,425.03820706
2023-05-09 00:00:00+00:00,1849.4,1858.5,1840.5,1846.2,662.92769963
2023-05-09 04:00:00+00:00,1846.2,1851.0,1832.9,1851.0,982.81626775
2023-05-09 08:00:00+00:00,1849.0,1850.8,1836.7,1848.9,413.45757175
2023-05-09 12:00:00+00:00,1850.4,1855.6,1837.7,1841.5,724.95405469
2023-05-09 16:00:00+00:00,1841.5,1859.3,1838.4,1853.8,361.44076933
2023-05-09 20:00:00+00:00,1854.2,1863.3,1843.5,1849.0,220.14712982
2023-05-10 00:00:00+00:00,1849.2,1860.0,1843.4,1846.1,327.13072957
2023-05-10 04:00:00+00:00,1845.6,1849.7,1836.2,1840.4,191.80699139
2023-05-10 08:00:00+00:00,1839.8,1852.8,1836.6,1852.8,328.90830432
2023-05-10 12:00:00+00:00,1852.5,1888.9,1849.1,1875.2,2094.27597642
2023-05-10 16:00:00+00:00,1874.7,1881.7,1793.4,1852.0,9414.06586385
2023-05-10 20:00:00+00:00,1851.8,1865.0,1828.8,1842.7,1955.42365954
2023-05-11 00:00:00+00:00,1842.5,1843.4,1823.3,1828.3,388.46098165
2023-05-11 04:00:00+00:00,1829.0,1836.9,1827.3,1831.0,396.71212072
2023-05-11 08:00:00+00:00,1830.4,1830.4,1811.4,1822.2,1001.64255432
2023-05-11 12:00:00+00:00,1821.8,1841.0,1788.0,1809.3,2782.7319766
2023-05-11 16:00:00+00:00,1809.3,1811.6,1773.9,1787.0,1910.3759627700001
2023-05-11 20:00:00+00:00,1786.7,1802.4,1784.8,1797.3,298.4884395
2023-05-12 00:00:00+00:00,1796.5,1802.6,1761.0,1764.5,1009.02945083
2023-05-12 04:00:00+00:00,1765.3,1771.6,1741.5,1761.9,2030.82055834
2023-05-12 08:00:00+00:00,1761.5,1773.8,1758.0,1767.2,1642.02048913
2023-05-12 12:00:00+00:00,1767.6,1784.7,1763.3,1766.7,1277.99698553
2023-05-12 16:00:00+00:00,1767.3,1795.7,1745.8,1792.7,1422.10701198
2023-05-12 20:00:00+00:00,1794.0,1818.0,1783.3,1809.2,2452.0254935
2023-05-13 00:00:00+00:00,1809.3,1818.0,1803.8,1808.1,385.19775036
2023-05-13 04:00:00+00:00,1807.6,1808.0,1798.6,1805.0,254.20051738
2023-05-13 08:00:00+00:00,1805.0,1812.4,1803.0,1804.9,137.38482566
2023-05-13 12:00:00+00:00,1804.5,1811.2,1787.9,1797.4,487.47345286
2023-05-13 16:00:00+00:00,1797.3,1808.4,1787.7,1795.6,315.44928814
2023-05-13 20:00:00+00:00,1794.3,1806.2,1794.3,1796.4,236.92130677
2023-05-14 00:00:00+00:00,1796.8,1806.6,1792.6,1806.0,275.32445411
2023-05-14 04:00:00+00:00,1805.7,1811.0,1802.5,1807.5,436.72374921
2023-05-14 08:00:00+00:00,1807.0,1808.1,1802.1,1803.6,147.86593607
2023-05-14 12:00:00+00:00,1803.8,1827.2,1799.4,1820.8,724.03385843
2023-05-14 16:00:00+00:00,1821.1,1823.5,1794.4,1798.1,534.35713194
2023-05-14 20:00:00+00:00,1796.9,1803.6,1793.9,1801.0,896.57204563
2023-05-15 00:00:00+00:00,1800.9,1837.9,1786.5,1829.1,846.10829902
2023-05-15 04:00:00+00:00,1828.0,1836.2,1821.6,1830.3,862.94359471
2023-05-15 08:00:00+00:00,1830.4,1837.4,1825.9,1825.9,385.06907301
2023-05-15 12:00:00+00:00,1826.0,1837.0,1814.7,1829.5,595.88205652
2023-05-15 16:00:00+00:00,1829.8,1849.0,1826.6,1828.6,1056.22582719
2023-05-15 20:00:00+00:00,1830.3,1831.1,1815.0,1817.8,190.71723363
2023-05-16 00:00:00+00:00,1817.2,1823.8,1798.8,1815.1,951.41387261
2023-05-16 04:00:00+00:00,1815.6,1825.3,1808.6,1824.7,242.56094718
2023-05-16 08:00:00+00:00,1824.4,1828.6,1813.5,1818.5,584.49478678
2023-05-16 12:00:00+00:00,1818.5,1824.2,1812.4,1821.5,451.93974269
2023-05-16 16:00:00+00:00,1821.7,1834.0,1815.9,1819.0,530.04417334
2023-05-16 20:00:00+00:00,1818.3,1831.3,1817.2,1826.2,504.26919971
2023-05-17 00:00:00+00:00,1825.7,1838.7,1820.0,1825.5,235.34915908
2023-05-17 04:00:00+00:00,1825.7,1828.4,1806.9,1809.6,506.62668796
2023-05-17 08:00:00+00:00,1809.4,1810.4,1790.5,1791.8,803.7188307
2023-05-17 12:00:00+00:00,1791.8,1802.2,1786.7,1799.6,548.97390444
2023-05-17 16:00:00+00:00,1799.3,1835.2,1796.6,1829.2,730.1901739
2023-05-17 20:00:00+00:00,1829.8,1837.0,1821.9,1823.8,296.94648048
2023-05-18 00:00:00+00:00,1823.8,1829.3,1820.6,1828.6,154.9881035
2023-05-18 04:00:00+00:00,1828.6,1833.4,1817.0,1829.1,398.58373148
2023-05-18 08:00:00+00:00,1830.7,1831.1,1825.9,1827.8,155.69858497
2023-05-18 12:00:00+00:00,1827.8,1829.0,1808.2,1809.9,463.41380348
2023-05-18 16:00:00+00:00,1809.8,1814.6,1772.5,1798.2,1331.55151822
2023-05-18 20:00:00+00:00,1798.0,1823.5,1796.2,1804.4,670.2132807
2023-05-19 00:00:00+00:00,1802.4,1809.9,1799.8,1804.0,213.78257981
2023-05-19 04:00:00+00:00,1803.6,1813.2,1801.6,1808.2,359.36744214
2023-05-19 08:00:00+00:00,1808.0,1813.6,1807.5,1809.5,393.41523287
2023-05-19 12:00:00+00:00,1809.5,1831.7,1802.2,1816.8,958.12890471
2023-05-19 16:00:00+00:00,1817.2,1824.6,1809.1,1813.3,292.75168527
2023-05-19 20:00:00+00:00,1812.8,1817.1,1811.8,1814.2,95.53787093
2023-05-20 00:00:00+00:00,1814.2,1815.4,1809.1,1814.8,78.46082293
2023-05-20 04:00:00+00:00,1814.8,1815.2,1810.4,1812.9,81.46944318
2023-05-20 08:00:00+00:00,1812.9,1816.8,1812.9,1814.6,86.71909156
2023-05-20 12:00:00+00:00,1814.7,1821.6,1814.3,1818.5,370.80648941
2023-05-20 16:00:00+00:00,1819.0,1830.3,1815.1,1822.4,373.49250367
2023-05-20 20:00:00+00:00,1822.5,1823.7,1813.2,1821.1,211.80827732
2023-05-21 00:00:00+00:00,1821.2,1830.0,1818.2,1820.9,548.87086552
2023-05-21 04:00:00+00:00,1819.7,1819.7,1814.9,1817.8,132.45650291
2023-05-21 08:00:00+00:00,1818.2,1818.2,1807.8,1810.1,545.83179193
2023-05-21 12:00:00+00:00,1810.2,1818.4,1804.4,1808.7,301.93084643
2023-05-21 16:00:00+00:00,1808.4,1811.4,1803.9,1810.9,186.06717712
2023-05-21 20:00:00+00:00,1811.0,1812.9,1799.6,1804.2,187.51307224
2023-05-22 00:00:00+00:00,1805.4,1807.8,1793.5,1802.5,301.10602303
2023-05-22 04:00:00+00:00,1802.1,1816.2,1802.1,1812.3,185.76929023
2023-05-22 08:00:00+00:00,1812.5,1821.1,1812.3,1816.0,703.43736743
2023-05-22 12:00:00+00:00,1817.0,1831.5,1810.9,1818.7,638.77919422
2023-05-22 16:00:00+00:00,1818.7,1825.0,1815.9,1817.4,190.55057866
2023-05-22 20:00:00+00:00,1817.9,1827.0,1815.1,1819.6,264.95393757
2023-05-23 00:00:00+00:00,1819.2,1875.8,1817.5,1867.4,2382.19988031
2023-05-23 04:00:00+00:00,1868.0,1871.0,1848.5,1855.8,975.82600488
2023-05-23 08:00:00+00:00,1855.4,1859.5,1852.2,1856.6,549.51497632
2023-05-23 12:00:00+00:00,1856.9,1862.0,1843.9,1858.6,692.91596129
2023-05-23 16:00:00+00:00,1858.7,1858.7,1843.5,1853.4,387.27069242
2023-05-23 20:00:00+00:00,1852.9,1858.2,1847.8,1855.7,226.53247472
2023-05-24 00:00:00+00:00,1855.5,1855.5,1813.3,1822.9,1262.34059476
2023-05-24 04:00:00+00:00,1822.8,1828.9,1815.2,1816.0,926.00940249
2023-05-24 08:00:00+00:00,1815.1,1821.8,1811.5,1816.1,406.72914161
2023-05-24 12:00:00+00:00,1817.1,1819.3,1777.6,1793.0,2632.52257013
2023-05-24 16:00:00+00:00,1794.0,1798.9,1785.8,1793.1,908.74904225
2023-05-24 20:00:00+00:00,1793.7,1809.7,1792.9,1801.7,901.69307593
2023-05-25 00:00:00+00:00,1801.0,1808.2,1761.0,1781.9,1990.01744725
2023-05-25 04:00:00+00:00,1781.8,1787.7,1774.9,1779.5,752.88432248
2023-05-25 08:00:00+00:00,1779.5,1793.1,1779.5,1790.7,667.96499154
2023-05-25 12:00:00+00:00,1790.9,1815.3,1787.8,1792.3,949.23182178
2023-05-25 16:00:00+00:00,1792.3,1819.1,1792.3,1811.3,937.83136542
2023-05-25 20:00:00+00:00,1811.4,1814.5,1806.9,1807.6,487.75205875
2023-05-26 00:00:00+00:00,1807.3,1809.9,1798.3,1809.2,212.66646637
2023-05-26 04:00:00+00:00,1809.0,1818.3,1804.0,1818.2,146.6479613
2023-05-26 08:00:00+00:00,1818.3,1819.1,1813.2,1814.1,245.85962362
2023-05-26 12:00:00+00:00,1814.1,1839.5,1811.0,1833.3,966.42663624
2023-05-26 16:00:00+00:00,1833.3,1838.7,1825.3,1837.8,218.17111232
2023-05-26 20:00:00+00:00,1837.9,1839.5,1828.9,1830.3,112.86647885000001
2023-05-27 00:00:00+00:00,1830.4,1839.3,1828.0,1836.2,258.57241037
2023-05-27 04:00:00+00:00,1836.5,1837.9,1831.5,1831.9,87.00189332
2023-05-27 08:00:00+00:00,1832.3,1832.3,1825.5,1828.9,139.45982717
2023-05-27 12:00:00+00:00,1828.5,1833.8,1815.4,1825.6,425.56748737
2023-05-27 16:00:00+00:00,1825.6,1831.4,1819.5,1828.4,123.68393267
2023-05-27 20:00:00+00:00,1827.8,1833.9,1826.9,1832.2,118.47292974
2023-05-28 00:00:00+00:00,1832.2,1861.5,1825.9,1852.5,702.3159907
2023-05-28 04:00:00+00:00,1853.0,1860.5,1847.5,1849.6,131.10084359
2023-05-28 08:00:00+00:00,1849.1,1853.4,1845.8,1846.9,245.25274477
2023-05-28 12:00:00+00:00,1845.8,1847.4,1839.0,1844.6,209.67702893
2023-05-28 16:00:00+00:00,1845.9,1861.0,1841.9,1850.6,535.9893226
2023-05-28 20:00:00+00:00,1850.7,1925.0,1850.7,1910.9,3825.44709625
2023-05-29 00:00:00+00:00,1911.2,1930.4,1904.1,1906.3,865.64403316
2023-05-29 04:00:00+00:00,1905.9,1907.5,1895.7,1901.6,439.58302366
2023-05-29 08:00:00+00:00,1901.8,1906.7,1895.4,1905.2,277.62577826
2023-05-29 12:00:00+00:00,1905.3,1906.6,1888.0,1891.7,740.24934557
2023-05-29 16:00:00+00:00,1891.8,1897.0,1876.6,1893.1,604.79740102
2023-05-29 20:00:00+00:00,1892.6,1905.0,1888.6,1895.1,336.64638518
2023-05-30 00:00:00+00:00,1895.1,1914.0,1883.5,1904.0,342.66730918
2023-05-30 04:00:00+00:00,1903.5,1907.6,1895.5,1900.9,263.4554093
2023-05-30 08:00:00+00:00,1900.9,1919.0,1900.8,1917.9,565.40456762
2023-05-30 12:00:00+00:00,1917.9,1918.0,1896.6,1902.5,512.07261662
2023-05-30 16:00:00+00:00,1902.7,1914.0,1893.9,1909.2,279.93025809
2023-05-30 20:00:00+00:00,1909.7,1916.7,1900.1,1902.0,637.93717699
2023-05-31 00:00:00+00:00,1901.8,1908.6,1886.7,1899.1,268.44490763
2023-05-31 04:00:00+00:00,1899.7,1900.2,1859.2,1871.2,1682.05880543
2023-05-31 08:00:00+00:00,1870.9,1874.4,1864.4,1867.2,549.97764754
2023-05-31 12:00:00+00:00,1866.3,1876.9,1849.1,1859.2,1239.95990145
2023-05-31 16:00:00+00:00,1859.1,1869.9,1855.6,1864.9,574.76175799
2023-05-31 20:00:00+00:00,1864.8,1880.2,1863.0,1874.6,357.8057198
2023-06-01 00:00:00+00:00,1874.6,1892.6,1840.5,1857.1,1553.4502043
2023-06-01 04:00:00+00:00,1856.5,1861.0,1853.2,1855.5,367.41426003
2023-06-01 08:00:00+00:00,1855.4,1866.4,1854.1,1861.9,146.7103397
2023-06-01 12:00:00+00:00,1862.5,1867.6,1857.1,1864.8,223.48681028000001
2023-06-01 16:00:00+00:00,1864.7,1884.2,1858.3,1870.4,333.38524789
2023-06-01 20:00:00+00:00,1870.4,1874.7,1853.9,1862.6,257.59920614
2023-06-02 00:00:00+00:00,1862.1,1881.3,1849.4,1880.0,258.85279665
2023-06-02 04:00:00+00:00,1880.1,1897.9,1878.4,1886.8,454.75024743
2023-06-02 08:00:00+00:00,1887.1,1901.4,1887.0,1895.2,266.80829214
2023-06-02 12:00:00+00:00,1896.1,1899.2,1877.8,1893.1,620.34313684
2023-06-02 16:00:00+00:00,1893.0,1911.4,1888.7,1908.5,692.78096783
2023-06-02 20:00:00+00:00,1908.8,1911.1,1903.8,1907.4,301.6294562
2023-06-03 00:00:00+00:00,1907.5,1909.1,1899.0,1900.5,209.02499328
2023-06-03 04:00:00+00:00,1900.6,1906.1,1898.8,1903.5,76.78550478
2023-06-03 08:00:00+00:00,1903.5,1907.2,1900.6,1904.3,89.68870447
2023-06-03 12:00:00+00:00,1904.3,1906.9,1891.7,1904.2,281.16719239
2023-06-03 16:00:00+00:00,1904.0,1904.3,1881.9,1886.8,977.17304747
2023-06-03 20:00:00+00:00,1885.9,1892.9,1882.7,1892.0,349.53005494
2023-06-04 00:00:00+00:00,1892.3,1895.2,1885.4,1894.8,112.00507589
2023-06-04 04:00:00+00:00,1894.8,1901.6,1892.0,1901.1,190.39026711
2023-06-04 08:00:00+00:00,1901.1,1908.8,1899.1,1903.7,309.49984882
2023-06-04 12:00:00+00:00,1903.3,1917.0,1901.1,1903.2,906.2942656
2023-06-04 16:00:00+00:00,1903.2,1906.0,1897.7,1905.5,332.66530395
2023-06-04 20:00:00+00:00,1905.3,1913.0,1885.5,1890.8,491.66608296
2023-06-05 00:00:00+00:00,1890.4,1891.3,1868.0,1870.0,1074.15996902
2023-06-05 04:00:00+00:00,1869.9,1874.0,1863.1,1873.8,408.74627671
2023-06-05 08:00:00+00:00,1874.0,1874.1,1864.2,1871.1,311.15370988
2023-06-05 12:00:00+00:00,1870.2,1871.6,1821.8,1822.2,1644.86822701
2023-06-05 16:00:00+00:00,1821.8,1823.5,1779.0,1807.0,4819.42108802
2023-06-05 20:00:00+00:00,1807.0,1816.6,1793.7,1811.8,894.53034952
2023-06-06 00:00:00+00:00,1811.9,1814.3,1804.6,1813.0,921.5046706100001
2023-06-06 04:00:00+00:00,1812.7,1819.9,1812.2,1814.2,166.96445772
2023-06-06 08:00:00+00:00,1814.4,1823.2,1810.1,1814.3,353.05957802
2023-06-06 12:00:00+00:00,1814.1,1847.4,1798.6,1843.0,2413.36275045
2023-06-06 16:00:00+00:00,1843.1,1898.6,1843.1,1893.7,2694.98025419
2023-06-06 20:00:00+00:00,1893.4,1896.3,1875.3,1884.8,1111.24014155
2023-06-07 00:00:00+00:00,1885.0,1897.2,1872.5,1878.6,627.72378702
2023-06-07 04:00:00+00:00,1878.3,1884.1,1875.3,1875.7,321.61240214000003
2023-06-07 08:00:00+00:00,1875.9,1878.1,1844.1,1871.0,1283.8945768
2023-06-07 12:00:00+00:00,1871.5,1871.6,1836.3,1839.0,1564.11893965
2023-06-07 16:00:00+00:00,1839.8,1852.9,1834.2,1851.5,834.3925592100001
2023-06-07 20:00:00+00:00,1851.6,1851.6,1822.6,1833.6,3257.8836815
2023-06-08 00:00:00+00:00,1833.5,1842.2,1830.0,1836.0,509.92337657
2023-06-08 04:00:00+00:00,1836.6,1847.2,1834.5,1844.0,451.09202439
2023-06-08 08:00:00+00:00,1843.4,1850.6,1840.1,1845.5,540.7302487
2023-06-08 12:00:00+00:00,1845.4,1862.7,1839.8,1858.0,1514.04593964
2023-06-08 16:00:00+00:00,1858.1,1858.2,1843.5,1849.8,350.71542805
2023-06-08 20:00:00+00:00,1848.8,1855.7,1847.5,1847.5,647.6532352
2023-06-09 00:00:00+00:00,1847.5,1850.3,1829.2,1840.0,1329.68868585
2023-06-09 04:00:00+00:00,1839.4,1842.7,1833.6,1837.7,545.32460017
2023-06-09 08:00:00+00:00,1837.8,1848.8,1837.0,1846.0,476.09002119
2023-06-09 12:00:00+00:00,1845.7,1856.0,1841.1,1841.1,796.41021927
2023-06-09 16:00:00+00:00,1842.5,1844.7,1831.8,1832.4,192.76804386
2023-06-09 20:00:00+00:00,1832.0,1842.2,1830.0,1841.8,199.88780692
2023-06-10 00:00:00+00:00,1842.2,1846.4,1824.2,1828.0,411.43398677
2023-06-10 04:00:00+00:00,1828.5,1830.7,1726.1,1734.0,3715.2846299
2023-06-10 08:00:00+00:00,1733.7,1751.4,1718.9,1750.1,5182.20884067
2023-06-10 12:00:00+00:00,1750.1,1750.1,1735.1,1738.4,528.85794722
2023-06-10 16:00:00+00:00,1739.1,1774.1,1721.4,1745.7,1183.91108378
2023-06-10 20:00:00+00:00,1746.5,1759.6,1740.9,1753.1,280.89030876
2023-06-11 00:00:00+00:00,1753.3,1753.7,1746.1,1752.3,423.21732749
2023-06-11 04:00:00+00:00,1753.2,1761.1,1746.1,1754.8,821.33342843
2023-06-11 08:00:00+00:00,1754.7,1756.9,1747.5,1754.0,166.98664638
2023-06-11 12:00:00+00:00,1754.1,1754.1,1740.3,1743.9,335.69761492
2023-06-11 16:00:00+00:00,1742.7,1770.0,1742.2,1764.6,529.57377936
2023-06-11 20:00:00+00:00,1764.9,1779.4,1744.5,1754.8,686.86580828
2023-06-12 00:00:00+00:00,1754.7,1756.1,1722.2,1737.5,786.06810478
2023-06-12 04:00:00+00:00,1737.5,1749.3,1734.5,1737.9,326.38204817
2023-06-12 08:00:00+00:00,1738.0,1760.1,1736.4,1747.4,476.13664047
2023-06-12 12:00:00+00:00,1746.9,1748.3,1730.8,1733.6,369.07411508
2023-06-12 16:00:00+00:00,1733.3,1748.2,1722.4,1735.1,2647.20762661
2023-06-12 20:00:00+00:00,1735.1,1747.3,1732.0,1744.2,254.92579144
2023-06-13 00:00:00+00:00,1743.8,1757.0,1730.2,1748.8,613.99567909
2023-06-13 04:00:00+00:00,1748.7,1754.4,1743.2,1750.0,234.1384734
2023-06-13 08:00:00+00:00,1749.9,1760.2,1748.5,1754.2,589.23367444
2023-06-13 12:00:00+00:00,1754.7,1768.4,1725.3,1731.9,2926.60493997
2023-06-13 16:00:00+00:00,1731.5,1751.7,1730.9,1741.6,494.67333434
2023-06-13 20:00:00+00:00,1741.2,1744.9,1735.5,1740.4,187.64242536
2023-06-14 00:00:00+00:00,1740.4,1748.7,1739.9,1747.3,141.96413959
2023-06-14 04:00:00+00:00,1747.2,1748.0,1738.9,1742.9,186.9035739
2023-06-14 08:00:00+00:00,1742.9,1751.0,1742.7,1747.6,268.41207094
2023-06-14 12:00:00+00:00,1748.3,1750.3,1738.6,1742.8,188.91089335
2023-06-14 16:00:00+00:00,1742.2,1748.1,1721.7,1730.0,1548.5251149
2023-06-14 20:00:00+00:00,1729.7,1729.7,1629.4,1652.1,7883.21251992
2023-06-15 00:00:00+00:00,1652.0,1656.7,1644.7,1653.0,575.6611666700001
2023-06-15 04:00:00+00:00,1652.9,1653.8,1632.0,1639.9,1179.9472282
2023-06-15 08:00:00+00:00,1639.8,1645.6,1628.3,1643.7,2964.76210415
2023-06-15 12:00:00+00:00,1644.4,1651.9,1636.8,1643.4,492.07107485
2023-06-15 16:00:00+00:00,1643.4,1673.7,1635.3,1670.0,1098.02850595
2023-06-15 20:00:00+00:00,1670.0,1680.5,1655.2,1668.3,721.06378263
2023-06-16 00:00:00+00:00,1667.8,1670.0,1661.3,1669.6,578.3374573899999
2023-06-16 04:00:00+00:00,1667.9,1675.2,1667.9,1671.6,270.33855993
2023-06-16 08:00:00+00:00,1672.5,1677.6,1664.6,1664.9,187.60759055
2023-06-16 12:00:00+00:00,1664.9,1688.4,1650.9,1682.4,775.58962539
2023-06-16 16:00:00+00:00,1684.1,1730.0,1678.9,1722.7,1228.16675099
2023-06-16 20:00:00+00:00,1722.7,1729.6,1717.5,1719.0,381.06525088
2023-06-17 00:00:00+00:00,1718.9,1722.4,1715.7,1719.6,356.67082679
2023-06-17 04:00:00+00:00,1720.0,1773.5,1719.1,1745.8,2216.26795992
2023-06-17 08:00:00+00:00,1745.6,1748.0,1735.8,1739.9,459.23088604
2023-06-17 12:00:00+00:00,1739.8,1743.6,1721.5,1729.0,837.55226838
2023-06-17 16:00:00+00:00,1728.9,1733.3,1723.2,1729.0,280.11848826
2023-06-17 20:00:00+00:00,1729.3,1733.7,1724.4,1729.1,263.17308781
2023-06-18 00:00:00+00:00,1728.9,1731.1,1721.7,1730.1,290.45177786
2023-06-18 04:00:00+00:00,1730.1,1739.0,1724.3,1731.1,282.68851175
2023-06-18 08:00:00+00:00,1732.1,1736.3,1728.2,1735.9,278.75057196
2023-06-18 12:00:00+00:00,1735.9,1743.6,1732.1,1739.6,204.54078792
2023-06-18 16:00:00+00:00,1739.6,1749.2,1738.0,1742.6,283.06083171
2023-06-18 20:00:00+00:00,1743.3,1744.3,1713.7,1722.4,859.07459077
2023-06-19 00:00:00+00:00,1722.0,1728.9,1715.7,1724.3,544.48876911
2023-06-19 04:00:00+00:00,1725.0,1728.6,1721.6,1726.7,291.78623651
2023-06-19 08:00:00+00:00,1726.0,1728.5,1722.1,1727.1,858.1807014999999
2023-06-19 12:00:00+00:00,1726.8,1735.9,1717.8,1722.7,714.38156634
2023-06-19 16:00:00+00:00,1722.7,1752.2,1697.9,1725.6,1978.42230957
2023-06-19 20:00:00+00:00,1726.0,1738.7,1724.2,1738.7,702.40289532
2023-06-20 00:00:00+00:00,1738.8,1751.0,1732.2,1732.4,2734.7409066
2023-06-20 04:00:00+00:00,1732.3,1735.2,1725.6,1731.3,486.20039834
2023-06-20 08:00:00+00:00,1731.2,1735.0,1725.5,1735.0,377.44414677
2023-06-20 12:00:00+00:00,1735.0,1738.7,1716.0,1734.1,602.80911407
2023-06-20 16:00:00+00:00,1733.6,1794.0,1729.7,1782.2,2433.9869593
2023-06-20 20:00:00+00:00,1783.7,1797.2,1775.4,1793.2,1223.09092326
2023-06-21 00:00:00+00:00,1793.6,1827.5,1788.8,1811.8,1648.76464764
2023-06-21 04:00:00+00:00,1812.8,1823.9,1809.7,1813.8,915.90679623
2023-06-21 08:00:00+00:00,1813.8,1833.4,1808.8,1831.7,1052.20590978
2023-06-21 12:00:00+00:00,1830.9,1858.4,1816.8,1852.0,2310.99939874
2023-06-21 16:00:00+00:00,1851.1,1903.4,1848.6,1884.1,5280.15121741
2023-06-21 20:00:00+00:00,1884.3,1902.5,1874.4,1891.3,755.72027514
2023-06-22 00:00:00+00:00,1891.3,1934.0,1886.1,1919.9,1183.82999548
2023-06-22 04:00:00+00:00,1919.8,1921.4,1905.0,1911.9,709.83515362
2023-06-22 08:00:00+00:00,1912.3,1913.2,1884.0,1888.3,838.14094537
2023-06-22 12:00:00+00:00,1888.6,1911.0,1868.7,1878.4,1225.87883802
2023-06-22 16:00:00+00:00,1879.2,1893.5,1878.1,1891.4,321.7834348
2023-06-22 20:00:00+00:00,1891.8,1893.1,1869.5,1873.6,284.39147158000003
2023-06-23 00:00:00+00:00,1873.8,1884.7,1864.9,1883.7,347.35456847
2023-06-23 04:00:00+00:00,1883.7,1887.5,1877.2,1882.7,202.81094235
2023-06-23 08:00:00+00:00,1882.2,1890.8,1877.4,1881.5,246.14351874
2023-06-23 12:00:00+00:00,1882.2,1924.4,1863.0,1918.3,1361.31546676
2023-06-23 16:00:00+00:00,1919.1,1938.7,1890.2,1902.6,1409.76443481
2023-06-23 20:00:00+00:00,1902.6,1909.9,1879.4,1894.0,692.59655395
2023-06-24 00:00:00+00:00,1894.5,1898.8,1880.7,1895.8,377.95011346
2023-06-24 04:00:00+00:00,1895.8,1898.9,1883.9,1884.7,250.95731095
2023-06-24 08:00:00+00:00,1884.8,1894.6,1884.8,1892.0,283.19458061
2023-06-24 12:00:00+00:00,1891.4,1907.0,1871.0,1876.8,886.03019259
2023-06-24 16:00:00+00:00,1875.7,1890.0,1867.5,1889.0,506.19978392
2023-06-24 20:00:00+00:00,1888.1,1888.1,1866.2,1876.8,536.01708612
2023-06-25 00:00:00+00:00,1876.7,1897.6,1870.5,1896.5,423.00897042
2023-06-25 04:00:00+00:00,1896.6,1930.9,1896.6,1913.7,1024.53996321
2023-06-25 08:00:00+00:00,1912.8,1925.9,1909.6,1919.2,453.42762101
2023-06-25 12:00:00+00:00,1918.5,1920.5,1883.7,1888.7,952.030493
2023-06-25 16:00:00+00:00,1888.0,1896.6,1883.5,1896.4,277.38493644
2023-06-25 20:00:00+00:00,1896.7,1907.7,1890.8,1900.8,503.90057091
2023-06-26 00:00:00+00:00,1900.7,1905.7,1865.7,1881.7,888.01554198
2023-06-26 04:00:00+00:00,1881.6,1905.0,1872.8,1893.4,826.82977394
2023-06-26 08:00:00+00:00,1893.2,1894.8,1873.7,1882.2,414.90057519
2023-06-26 12:00:00+00:00,1882.0,1909.8,1873.4,1890.5,722.54099352
2023-06-26 16:00:00+00:00,1890.6,1891.6,1839.0,1856.3,1279.61547575
2023-06-26 20:00:00+00:00,1856.3,1861.3,1848.9,1860.6,391.85727674
2023-06-27 00:00:00+00:00,1860.1,1867.8,1856.9,1864.6,282.02155962
2023-06-27 04:00:00+00:00,1873.2,1879.7,1863.6,1876.0,314.63414099
2023-06-27 08:00:00+00:00,1876.1,1891.4,1872.8,1883.3,553.82762963
2023-06-27 12:00:00+00:00,1883.0,1897.6,1865.9,1872.5,1145.01635821
2023-06-27 16:00:00+00:00,1872.5,1913.8,1871.7,1896.4,1133.1356161
2023-06-27 20:00:00+00:00,1896.6,1899.0,1887.4,1891.1,450.3076547
2023-06-28 00:00:00+00:00,1891.9,1891.9,1856.1,1868.4,638.50876537
2023-06-28 04:00:00+00:00,1867.8,1870.8,1850.8,1852.4,592.4811228
2023-06-28 08:00:00+00:00,1852.4,1865.9,1852.4,1862.5,250.38700656
2023-06-28 12:00:00+00:00,1862.5,1869.3,1846.1,1860.3,675.82085941
2023-06-28 16:00:00+00:00,1861.0,1866.2,1817.3,1834.0,1222.91279102
2023-06-28 20:00:00+00:00,1833.2,1837.1,1826.2,1828.0,414.42431919
2023-06-29 00:00:00+00:00,1828.7,1843.2,1827.6,1838.3,319.99996894
2023-06-29 04:00:00+00:00,1838.3,1851.0,1837.4,1848.7,131.35343991
2023-06-29 08:00:00+00:00,1848.5,1873.6,1847.9,1870.8,690.53678202
2023-06-29 12:00:00+00:00,1870.8,1880.4,1848.9,1854.3,734.6702763
2023-06-29 16:00:00+00:00,1853.3,1861.1,1844.2,1859.5,269.43106982
2023-06-29 20:00:00+00:00,1859.5,1860.9,1845.3,1853.2,120.9948336
2023-06-30 00:00:00+00:00,1853.4,1879.1,1843.1,1874.5,552.11893646
2023-06-30 04:00:00+00:00,1874.7,1909.3,1872.2,1890.3,1532.54643038
2023-06-30 08:00:00+00:00,1889.8,1896.0,1886.2,1894.1,610.90312153
2023-06-30 12:00:00+00:00,1894.8,1915.5,1827.4,1853.8,3242.24557321
2023-06-30 16:00:00+00:00,1853.7,1949.0,1850.7,1928.9,2920.6085224
2023-06-30 20:00:00+00:00,1928.8,1945.0,1920.4,1936.2,742.7382838
2023-07-01 00:00:00+00:00,1935.9,1945.7,1919.6,1922.0,688.50888664
2023-07-01 04:00:00+00:00,1922.1,1923.7,1911.6,1922.0,625.54491372
2023-07-01 08:00:00+00:00,1921.7,1927.7,1913.7,1924.2,452.49919647
2023-07-01 12:00:00+00:00,1924.4,1931.1,1920.0,1925.0,192.927335
2023-07-01 16:00:00+00:00,1925.0,1925.2,1918.3,1924.5,481.83092546
2023-07-01 20:00:00+00:00,1924.2,1928.0,1922.8,1926.0,146.34889333
2023-07-02 00:00:00+00:00,1925.9,1927.7,1912.9,1915.1,269.72113471
2023-07-02 04:00:00+00:00,1915.5,1918.1,1911.5,1917.2,474.92115174
2023-07-02 08:00:00+00:00,1917.3,1924.2,1914.4,1921.7,599.96819171
2023-07-02 12:00:00+00:00,1922.4,1929.0,1888.7,1920.8,2443.42697891
2023-07-02 16:00:00+00:00,1920.2,1925.5,1904.1,1916.0,389.88516854
2023-07-02 20:00:00+00:00,1916.0,1963.2,1913.1,1940.1,3402.97173495
2023-07-03 00:00:00+00:00,1939.6,1955.3,1936.4,1951.7,343.16946615
2023-07-03 04:00:00+00:00,1951.4,1976.5,1944.7,1969.4,1253.98755678
2023-07-03 08:00:00+00:00,1970.0,1978.4,1957.5,1964.3,1641.42649021
2023-07-03 12:00:00+00:00,1963.2,1977.5,1956.9,1970.5,1119.77723476
2023-07-03 16:00:00+00:00,1970.3,1976.1,1956.2,1969.0,1049.82833292
2023-07-03 20:00:00+00:00,1968.9,1970.0,1950.3,1957.1,450.26997409
2023-07-04 00:00:00+00:00,1957.2,1968.6,1953.1,1964.6,539.07103805
2023-07-04 04:00:00+00:00,1964.9,1965.2,1948.4,1950.8,302.25156637
2023-07-04 08:00:00+00:00,1950.9,1962.9,1948.6,1962.3,1898.66492047
2023-07-04 12:00:00+00:00,1962.3,1962.9,1952.5,1956.0,314.70060828
2023-07-04 16:00:00+00:00,1955.7,1966.1,1933.1,1935.4,963.93771842
2023-07-04 20:00:00+00:00,1935.3,1943.1,1933.5,1936.7,301.58753072
2023-07-05 00:00:00+00:00,1937.5,1943.9,1935.3,1942.6,205.73519894
2023-07-05 04:00:00+00:00,1942.6,1942.9,1934.7,1938.3,497.95070328
2023-07-05 08:00:00+00:00,1938.5,1938.5,1906.3,1911.0,826.68524331
2023-07-05 12:00:00+00:00,1911.6,1915.0,1896.3,1904.2,723.48022725
2023-07-05 16:00:00+00:00,1904.2,1918.7,1904.2,1909.6,298.95548527
2023-07-05 20:00:00+00:00,1909.4,1917.2,1906.3,1912.0,261.22635047
2023-07-06 00:00:00+00:00,1911.7,1916.2,1900.2,1914.7,360.89420874
2023-07-06 04:00:00+00:00,1914.7,1931.0,1911.5,1926.5,430.21040025
2023-07-06 08:00:00+00:00,1926.4,1959.0,1913.1,1919.0,1851.74427158
2023-07-06 12:00:00+00:00,1918.4,1919.7,1866.8,1890.3,2803.23791165
2023-07-06 16:00:00+00:00,1890.0,1894.9,1880.3,1886.8,1003.90407653
2023-07-06 20:00:00+00:00,1886.2,1888.3,1848.1,1848.1,1068.13915486
2023-07-07 00:00:00+00:00,1848.0,1860.4,1828.2,1859.6,726.12772115
2023-07-07 04:00:00+00:00,1859.4,1864.4,1853.8,1857.9,267.85352043
2023-07-07 08:00:00+00:00,1857.4,1866.8,1856.0,1862.4,184.27093675
2023-07-07 12:00:00+00:00,1862.4,1879.3,1853.9,1874.2,472.12164428
2023-07-07 16:00:00+00:00,1873.6,1876.3,1858.1,1865.1,292.47108943
2023-07-07 20:00:00+00:00,1865.1,1872.6,1864.9,1872.1,354.83904685
2023-07-08 00:00:00+00:00,1872.2,1875.0,1864.7,1865.8,306.78602465
2023-07-08 04:00:00+00:00,1865.7,1865.7,1857.1,1863.2,253.04563839
2023-07-08 08:00:00+00:00,1863.3,1869.0,1859.5,1861.1,337.41978514
2023-07-08 12:00:00+00:00,1860.3,1863.9,1858.4,1861.2,170.68724764
2023-07-08 16:00:00+00:00,1861.2,1867.7,1846.6,1848.4,505.55746688
2023-07-08 20:00:00+00:00,1848.5,1867.7,1844.7,1867.4,321.72676538
2023-07-09 00:00:00+00:00,1867.1,1876.0,1864.5,1871.0,210.87448424000002
2023-07-09 04:00:00+00:00,1869.7,1872.6,1866.4,1868.8,278.42965448
2023-07-09 08:00:00+00:00,1869.0,1871.1,1866.9,1871.1,227.25251169
2023-07-09 12:00:00+00:00,1870.7,1880.4,1859.0,1867.6,819.96770033
2023-07-09 16:00:00+00:00,1868.4,1870.1,1864.3,1870.0,98.59230181
2023-07-09 20:00:00+00:00,1870.0,1873.3,1858.2,1864.1,378.72894391
2023-07-10 00:00:00+00:00,1863.8,1868.8,1848.6,1863.6,633.11289386
2023-07-10 04:00:00+00:00,1863.6,1864.3,1854.7,1857.6,169.75880753
2023-07-10 08:00:00+00:00,1857.5,1866.6,1851.0,1866.2,274.81858671
2023-07-10 12:00:00+00:00,1865.7,1874.7,1862.0,1873.4,649.99907933
2023-07-10 16:00:00+00:00,1872.5,1902.4,1867.7,1901.0,868.25471673
2023-07-10 20:00:00+00:00,1902.3,1906.9,1869.3,1882.2,1228.08599727
2023-07-11 00:00:00+00:00,1882.3,1885.7,1877.8,1881.8,491.10887745
2023-07-11 04:00:00+00:00,1881.6,1892.3,1879.1,1884.0,640.14440982
2023-07-11 08:00:00+00:00,1884.2,1885.1,1865.9,1869.9,767.49884578
2023-07-11 12:00:00+00:00,1869.2,1884.0,1864.6,1873.5,372.17172961
2023-07-11 16:00:00+00:00,1874.0,1877.9,1868.5,1876.9,147.36585325000001
2023-07-11 20:00:00+00:00,1876.6,1881.5,1874.6,1879.9,207.14066183
2023-07-12 00:00:00+00:00,1880.1,1890.3,1878.7,1882.4,221.7429812
2023-07-12 04:00:00+00:00,1882.1,1897.7,1881.4,1892.5,551.79779378
2023-07-12 08:00:00+00:00,1892.8,1892.9,1889.0,1892.2,229.47580787
2023-07-12 12:00:00+00:00,1892.7,1906.0,1881.0,1885.9,1248.08407808
2023-07-12 16:00:00+00:00,1886.1,1893.5,1869.8,1872.9,500.64156869
2023-07-12 20:00:00+00:00,1872.9,1875.9,1867.5,1874.5,343.62501372
2023-07-13 00:00:00+00:00,1874.4,1878.1,1869.1,1870.1,230.20773818
2023-07-13 04:00:00+00:00,1869.8,1876.5,1866.0,1872.4,240.13541988
2023-07-13 08:00:00+00:00,1872.7,1887.1,1872.2,1886.5,217.46345434
2023-07-13 12:00:00+00:00,1886.5,1945.7,1878.7,1934.3,2286.28378244
2023-07-13 16:00:00+00:00,1934.6,2014.7,1933.2,1998.7,7437.3890734
2023-07-13 20:00:00+00:00,1997.8,2012.2,1974.2,2008.2,1040.89053153
2023-07-14 00:00:00+00:00,2007.2,2031.4,2005.1,2011.9,1158.58686038
2023-07-14 04:00:00+00:00,2012.0,2014.2,1989.9,1994.9,1259.2763811500001
2023-07-14 08:00:00+00:00,1993.3,2005.1,1987.0,1995.0,1925.58785103
2023-07-14 12:00:00+00:00,1995.5,2009.4,1988.6,2000.9,1954.0943354400001
2023-07-14 16:00:00+00:00,2001.5,2003.1,1901.2,1915.9,3503.93562809
2023-07-14 20:00:00+00:00,1915.4,1940.3,1903.0,1940.1,839.3813474899999
2023-07-15 00:00:00+00:00,1940.3,1940.3,1928.8,1932.4,318.62616861
2023-07-15 04:00:00+00:00,1932.5,1944.9,1929.4,1944.2,726.06194474
2023-07-15 08:00:00+00:00,1944.1,1948.0,1939.5,1941.3,249.47847254
2023-07-15 12:00:00+00:00,1941.5,1943.2,1931.8,1937.1,190.78016399
2023-07-15 16:00:00+00:00,1936.8,1941.0,1931.8,1936.2,340.37695054
2023-07-15 20:00:00+00:00,1936.1,1936.1,1928.7,1932.4,255.50493952
2023-07-16 00:00:00+00:00,1932.9,1939.2,1915.9,1924.8,866.33512474
2023-07-16 04:00:00+00:00,1925.0,1933.4,1922.8,1928.0,170.3371169
2023-07-16 08:00:00+00:00,1927.9,1938.5,1927.9,1935.0,155.86010589
2023-07-16 12:00:00+00:00,1935.0,1945.1,1931.4,1939.2,247.0333599
2023-07-16 16:00:00+00:00,1939.4,1941.2,1928.9,1929.9,217.45491817
2023-07-16 20:00:00+00:00,1929.5,1938.7,1919.7,1923.9,310.67815185
2023-07-17 00:00:00+00:00,1924.2,1933.4,1920.1,1933.4,213.89818215
2023-07-17 04:00:00+00:00,1932.9,1937.5,1929.7,1931.1,156.52962589
2023-07-17 08:00:00+00:00,1930.8,1932.9,1895.2,1913.1,789.14097098
2023-07-17 12:00:00+00:00,1912.6,1919.3,1903.9,1911.0,302.5328657
2023-07-17 16:00:00+00:00,1910.7,1915.0,1876.6,1889.4,1363.2219783
2023-07-17 20:00:00+00:00,1888.6,1921.9,1888.6,1914.7,469.42464665
2023-07-18 00:00:00+00:00,1914.5,1919.0,1909.0,1912.3,180.58752199
2023-07-18 04:00:00+00:00,1911.2,1912.7,1896.4,1901.2,397.30843124
2023-07-18 08:00:00+00:00,1900.8,1911.9,1893.2,1896.0,419.32464122
2023-07-18 12:00:00+00:00,1896.0,1905.6,1888.0,1899.4,3529.08209567
2023-07-18 16:00:00+00:00,1899.4,1905.2,1879.1,1893.6,480.50378552
2023-07-18 20:00:00+00:00,1894.2,1904.2,1892.6,1898.9,339.46740677
2023-07-19 00:00:00+00:00,1898.4,1916.9,1897.3,1914.7,214.59990591
2023-07-19 04:00:00+00:00,1914.7,1920.0,1910.5,1911.5,285.34279083
2023-07-19 08:00:00+00:00,1911.0,1914.4,1905.2,1912.2,110.03088075
2023-07-19 12:00:00+00:00,1911.8,1925.1,1897.4,1908.4,658.9347226900001
2023-07-19 16:00:00+00:00,1908.1,1919.5,1903.6,1911.8,252.28645473
2023-07-19 20:00:00+00:00,1912.0,1912.1,1883.3,1891.3,678.2758684300001
2023-07-20 00:00:00+00:00,1890.0,1900.9,1885.2,1895.5,416.16461121
2023-07-20 04:00:00+00:00,1896.4,1915.5,1895.4,1914.0,600.1961346
2023-07-20 08:00:00+00:00,1914.3,1929.6,1913.8,1923.6,4289.6942887000005
2023-07-20 12:00:00+00:00,1923.6,1924.7,1887.9,1891.4,7253.79101553
2023-07-20 16:00:00+00:00,1890.7,1895.6,1881.4,1890.2,437.93890956
2023-07-20 20:00:00+00:00,1890.1,1900.9,1885.0,1893.5,711.76510882
2023-07-21 00:00:00+00:00,1894.0,1903.6,1890.0,1900.0,197.64276581000001
2023-07-21 04:00:00+00:00,1899.3,1899.5,1890.4,1892.0,352.9599078
2023-07-21 08:00:00+00:00,1892.1,1895.9,1887.5,1890.4,219.91231229
2023-07-21 12:00:00+00:00,1891.4,1898.0,1888.6,1893.8,331.5962996
2023-07-21 16:00:00+00:00,1893.6,1907.5,1887.4,1898.1,762.7476181
2023-07-21 20:00:00+00:00,1896.6,1897.9,1893.3,1893.8,280.89644983
2023-07-22 00:00:00+00:00,1893.9,1899.3,1893.6,1894.7,341.00370117
2023-07-22 04:00:00+00:00,1895.0,1898.0,1892.5,1894.5,243.60173844
2023-07-22 08:00:00+00:00,1894.5,1896.2,1886.7,1890.9,348.01537097
2023-07-22 12:00:00+00:00,1889.8,1892.2,1887.8,1891.3,187.22496459
2023-07-22 16:00:00+00:00,1891.1,1892.9,1884.7,1890.0,181.36780685
2023-07-22 20:00:00+00:00,1889.7,1890.7,1853.5,1868.1,2155.81842756
2023-07-23 00:00:00+00:00,1868.3,1875.0,1860.6,1871.5,543.95621238
2023-07-23 04:00:00+00:00,1871.5,1880.9,1871.4,1877.2,132.52455349
2023-07-23 08:00:00+00:00,1877.3,1880.5,1876.1,1876.7,73.74819047
2023-07-23 12:00:00+00:00,1877.1,1877.8,1874.0,1875.5,114.38925996
2023-07-23 16:00:00+00:00,1876.1,1906.6,1876.1,1891.3,672.87539755
2023-07-23 20:00:00+00:00,1891.2,1895.1,1877.4,1891.0,362.89453024
2023-07-24 00:00:00+00:00,1890.9,1891.9,1868.9,1870.3,325.33001081
2023-07-24 04:00:00+00:00,1870.7,1879.1,1865.4,1876.8,235.27422418
2023-07-24 08:00:00+00:00,1876.3,1876.8,1835.1,1855.1,3077.76101523
2023-07-24 12:00:00+00:00,1855.7,1856.4,1837.8,1845.0,1418.16840655
2023-07-24 16:00:00+00:00,1845.4,1853.1,1842.5,1851.5,1092.96885715
2023-07-24 20:00:00+00:00,1852.1,1853.7,1848.5,1853.2,292.17837083
2023-07-25 00:00:00+00:00,1852.7,1859.1,1848.4,1853.8,234.81845962
2023-07-25 04:00:00+00:00,1853.4,1856.0,1849.8,1853.3,73.45826545
2023-07-25 08:00:00+00:00,1853.8,1865.6,1853.3,1855.4,192.90748306
2023-07-25 12:00:00+00:00,1856.7,1870.4,1855.0,1861.9,233.08901915
2023-07-25 16:00:00+00:00,1860.5,1868.0,1856.0,1860.0,271.78762615
2023-07-25 20:00:00+00:00,1860.0,1866.7,1859.4,1860.9,143.34639895
2023-07-26 00:00:00+00:00,1860.9,1869.2,1854.8,1862.0,228.30053161
2023-07-26 04:00:00+00:00,1861.6,1862.9,1855.3,1855.6,328.48080004
2023-07-26 08:00:00+00:00,1856.5,1858.1,1851.2,1853.9,85.66587175000001
2023-07-26 12:00:00+00:00,1853.8,1863.5,1853.0,1862.9,252.76343165
2023-07-26 16:00:00+00:00,1863.1,1885.8,1859.2,1875.4,782.32412591
2023-07-26 20:00:00+00:00,1875.7,1890.7,1869.8,1874.0,681.82568204
2023-07-27 00:00:00+00:00,1874.3,1881.0,1870.4,1878.3,140.50545781
2023-07-27 04:00:00+00:00,1878.4,1884.7,1869.9,1873.9,781.16205256
2023-07-27 08:00:00+00:00,1873.4,1888.2,1872.9,1879.0,433.94755862
2023-07-27 12:00:00+00:00,1878.7,1881.4,1866.8,1871.3,279.06713657
2023-07-27 16:00:00+00:00,1871.6,1872.0,1858.1,1862.7,329.56160479
2023-07-27 20:00:00+00:00,1862.7,1864.3,1857.8,1863.3,235.35988476
2023-07-28 00:00:00+00:00,1863.3,1866.7,1862.6,1864.4,111.57301636
2023-07-28 04:00:00+00:00,1864.7,1866.9,1859.3,1861.9,135.70628348
2023-07-28 08:00:00+00:00,1862.0,1871.4,1861.9,1869.3,162.56589718
2023-07-28 12:00:00+00:00,1869.0,1885.3,1869.0,1878.0,517.6583685
2023-07-28 16:00:00+00:00,1878.4,1881.8,1869.7,1877.0,220.61478958
2023-07-28 20:00:00+00:00,1876.3,1879.9,1875.7,1877.5,66.87502437
2023-07-29 00:00:00+00:00,1877.4,1879.7,1876.1,1876.5,70.51480748
2023-07-29 04:00:00+00:00,1876.5,1879.9,1874.7,1874.9,95.12279964
2023-07-29 08:00:00+00:00,1874.9,1876.9,1872.9,1873.5,155.88349857
2023-07-29 12:00:00+00:00,1873.5,1878.3,1873.4,1874.9,163.06254464
2023-07-29 16:00:00+00:00,1875.2,1881.9,1874.6,1880.3,173.54332429
2023-07-29 20:00:00+00:00,1880.5,1889.1,1880.5,1883.5,1317.97045544
2023-07-30 00:00:00+00:00,1883.8,1884.3,1880.2,1881.3,103.92206382
2023-07-30 04:00:00+00:00,1881.2,1881.9,1876.6,1878.1,89.42221172
2023-07-30 08:00:00+00:00,1878.1,1879.4,1875.5,1878.8,78.01291593
2023-07-30 12:00:00+00:00,1878.5,1888.0,1875.4,1879.1,389.2401116
2023-07-30 16:00:00+00:00,1879.6,1881.9,1861.0,1865.2,306.50506286
2023-07-30 20:00:00+00:00,1863.2,1867.9,1852.2,1864.2,933.90498999
2023-07-31 00:00:00+00:00,1863.8,1879.2,1863.3,1870.5,171.03131873
2023-07-31 04:00:00+00:00,1871.6,1872.0,1865.7,1867.3,171.24732419
2023-07-31 08:00:00+00:00,1867.2,1872.0,1867.2,1870.3,211.43408613
2023-07-31 12:00:00+00:00,1870.2,1875.5,1859.6,1860.2,406.89356187
2023-07-31 16:00:00+00:00,1860.1,1865.1,1857.7,1858.4,251.7097119
2023-07-31 20:00:00+00:00,1858.5,1862.4,1853.8,1858.6,171.53268477
2023-08-01 00:00:00+00:00,1858.2,1866.4,1817.6,1828.7,2076.25353432
2023-08-01 04:00:00+00:00,1829.1,1838.1,1824.8,1837.2,643.26143896
2023-08-01 08:00:00+00:00,1837.3,1839.5,1833.4,1834.0,101.617435
2023-08-01 12:00:00+00:00,1833.2,1839.2,1815.2,1835.0,2878.93885055
2023-08-01 16:00:00+00:00,1836.6,1858.5,1831.6,1853.2,466.83647263
2023-08-01 20:00:00+00:00,1852.8,1877.2,1848.9,1873.9,990.18691888
2023-08-02 00:00:00+00:00,1876.0,1881.1,1865.1,1865.3,444.95158765
2023-08-02 04:00:00+00:00,1865.1,1865.8,1857.8,1858.6,175.46000923
2023-08-02 08:00:00+00:00,1857.8,1862.3,1855.4,1861.2,271.77027215
2023-08-02 12:00:00+00:00,1861.5,1862.3,1835.8,1843.4,419.78106142
2023-08-02 16:00:00+00:00,1843.5,1847.7,1823.2,1842.8,666.01601955
2023-08-02 20:00:00+00:00,1843.0,1846.6,1839.4,1842.0,364.77061034
2023-08-03 00:00:00+00:00,1841.3,1847.2,1839.2,1841.7,150.01476093
2023-08-03 04:00:00+00:00,1842.1,1842.1,1833.4,1833.9,229.07901031
2023-08-03 08:00:00+00:00,1833.8,1839.3,1827.4,1839.2,125.69159949
2023-08-03 12:00:00+00:00,1838.9,1850.3,1834.7,1841.6,423.13109853
2023-08-03 16:00:00+00:00,1841.2,1859.8,1840.5,1846.5,950.83155785
2023-08-03 20:00:00+00:00,1846.2,1854.1,1832.1,1836.9,448.49848319
2023-08-04 00:00:00+00:00,1836.8,1839.2,1829.8,1834.0,202.42080049
2023-08-04 04:00:00+00:00,1835.1,1838.4,1832.1,1838.4,90.8035045
2023-08-04 08:00:00+00:00,1838.0,1841.0,1834.1,1835.6,251.4510727
2023-08-04 12:00:00+00:00,1835.3,1852.0,1833.3,1848.2,1020.30121223
2023-08-04 16:00:00+00:00,1848.1,1848.9,1828.5,1831.7,284.76058232
2023-08-04 20:00:00+00:00,1831.9,1834.7,1816.0,1830.4,1037.90935442
2023-08-05 00:00:00+00:00,1830.4,1833.5,1828.0,1831.9,100.58144639
2023-08-05 04:00:00+00:00,1832.3,1833.7,1829.4,1831.2,60.15861059
2023-08-05 08:00:00+00:00,1831.2,1834.9,1830.6,1833.3,930.26795275
2023-08-05 12:00:00+00:00,1833.4,1837.2,1830.7,1833.7,632.79850839
2023-08-05 16:00:00+00:00,1833.7,1839.4,1830.9,1836.0,1639.9536698900001
2023-08-05 20:00:00+00:00,1836.0,1838.8,1834.7,1836.8,136.83091436
2023-08-06 00:00:00+00:00,1836.8,1838.5,1834.2,1834.3,100.29090261
2023-08-06 04:00:00+00:00,1834.6,1836.7,1832.2,1835.1,87.77484026
2023-08-06 08:00:00+00:00,1834.6,1837.4,1829.6,1832.9,2562.976208
2023-08-06 12:00:00+00:00,1832.6,1832.8,1826.6,1828.7,1850.50625158
2023-08-06 16:00:00+00:00,1829.0,1835.7,1828.9,1831.8,830.57271665
2023-08-06 20:00:00+00:00,1832.0,1837.5,1828.3,1830.2,506.3265761
2023-08-07 00:00:00+00:00,1830.2,1846.5,1826.8,1839.2,597.82467471
2023-08-07 04:00:00+00:00,1839.3,1842.0,1831.9,1836.4,865.17717283
2023-08-07 08:00:00+00:00,1836.4,1836.7,1831.7,1834.2,2730.16616913
2023-08-07 12:00:00+00:00,1833.6,1836.9,1814.7,1818.9,2828.37321706
2023-08-07 16:00:00+00:00,1818.3,1831.2,1802.6,1825.8,2364.96104703
2023-08-07 20:00:00+00:00,1826.0,1831.0,1824.4,1829.3,167.54167186
2023-08-08 00:00:00+00:00,1829.3,1836.0,1828.0,1831.3,2156.52327797
2023-08-08 04:00:00+00:00,1831.4,1840.3,1831.2,1831.5,152.81812672
2023-08-08 08:00:00+00:00,1831.7,1839.8,1830.9,1839.4,627.46346799
2023-08-08 12:00:00+00:00,1840.2,1849.8,1835.2,1844.4,1022.43684017
2023-08-08 16:00:00+00:00,1844.0,1872.0,1844.0,1860.2,1264.02433273
2023-08-08 20:00:00+00:00,1860.3,1877.4,1855.5,1857.6,1145.27947489
2023-08-09 00:00:00+00:00,1857.3,1861.4,1853.7,1855.6,185.7803596
2023-08-09 04:00:00+00:00,1855.7,1863.8,1854.7,1862.7,249.8180265
2023-08-09 08:00:00+00:00,1862.6,1867.3,1861.1,1863.9,313.97492139
2023-08-09 12:00:00+00:00,1864.2,1872.7,1853.2,1854.4,531.96306434
2023-08-09 16:00:00+00:00,1854.5,1855.8,1847.1,1849.0,473.40450704
2023-08-09 20:00:00+00:00,1848.9,1859.0,1848.7,1856.5,216.75375283
2023-08-10 00:00:00+00:00,1856.4,1858.7,1853.9,1854.0,78.56392173
2023-08-10 04:00:00+00:00,1853.7,1855.9,1851.4,1851.6,261.64060588
2023-08-10 08:00:00+00:00,1852.6,1855.7,1851.4,1852.6,121.60360778
2023-08-10 12:00:00+00:00,1852.6,1866.3,1848.8,1853.2,392.05685045
2023-08-10 16:00:00+00:00,1853.7,1854.4,1846.3,1850.7,392.91800181
2023-08-10 20:00:00+00:00,1851.0,1853.1,1849.5,1853.1,70.21335517
2023-08-11 00:00:00+00:00,1852.4,1854.2,1843.7,1846.1,129.83277098
2023-08-11 04:00:00+00:00,1846.9,1850.9,1846.9,1849.3,118.96242357
2023-08-11 08:00:00+00:00,1849.6,1851.2,1846.1,1851.2,112.49153881
2023-08-11 12:00:00+00:00,1851.3,1857.2,1842.8,1844.0,1663.66405537
2023-08-11 16:00:00+00:00,1845.3,1848.1,1838.6,1844.4,436.45376323
2023-08-11 20:00:00+00:00,1844.7,1851.0,1843.8,1849.6,277.66958417
2023-08-12 00:00:00+00:00,1849.4,1853.6,1848.3,1848.6,115.98950104
2023-08-12 04:00:00+00:00,1848.5,1851.5,1847.8,1851.4,42.39881612
2023-08-12 08:00:00+00:00,1851.5,1852.2,1849.5,1851.7,156.09846688
2023-08-12 12:00:00+00:00,1851.9,1854.3,1851.6,1852.2,119.10703942
2023-08-12 16:00:00+00:00,1851.8,1853.5,1848.8,1848.8,172.49056188
2023-08-12 20:00:00+00:00,1848.7,1850.8,1847.7,1850.5,70.89754017
2023-08-13 00:00:00+00:00,1850.5,1852.0,1850.0,1850.3,56.72512286
2023-08-13 04:00:00+00:00,1850.4,1850.4,1848.2,1850.0,32.76944988
2023-08-13 08:00:00+00:00,1850.3,1851.5,1849.6,1850.0,11.781185840000001
2023-08-13 12:00:00+00:00,1850.2,1852.7,1848.8,1849.8,42.624321450000004
2023-08-13 16:00:00+00:00,1849.0,1862.5,1847.0,1858.9,334.85991784
2023-08-13 20:00:00+00:00,1859.5,1861.0,1835.0,1841.7,491.97055366
2023-08-14 00:00:00+00:00,1841.5,1848.1,1836.0,1845.3,214.28955736
2023-08-14 04:00:00+00:00,1846.6,1851.5,1846.6,1850.0,232.58422037
2023-08-14 08:00:00+00:00,1850.0,1852.2,1846.9,1847.5,116.73186899
2023-08-14 12:00:00+00:00,1848.1,1856.1,1844.3,1853.7,411.38691255
2023-08-14 16:00:00+00:00,1853.7,1855.7,1840.3,1843.2,225.16349218
2023-08-14 20:00:00+00:00,1841.8,1846.2,1841.6,1845.3,85.51702188
2023-08-15 00:00:00+00:00,1845.6,1847.1,1843.4,1843.9,89.22114165
2023-08-15 04:00:00+00:00,1844.6,1844.9,1841.3,1843.2,68.01162459
2023-08-15 08:00:00+00:00,1843.2,1844.8,1838.1,1840.2,372.68554135
2023-08-15 12:00:00+00:00,1840.2,1845.6,1838.1,1840.5,302.14918717
2023-08-15 16:00:00+00:00,1840.3,1842.4,1810.8,1827.7,1034.62825439
2023-08-15 20:00:00+00:00,1827.7,1831.6,1825.1,1829.1,229.75749453
2023-08-16 00:00:00+00:00,1829.4,1831.2,1828.2,1829.0,78.05883542
2023-08-16 04:00:00+00:00,1828.9,1829.0,1820.4,1827.7,305.04328639
2023-08-16 08:00:00+00:00,1827.6,1827.6,1819.6,1824.0,934.10280803
2023-08-16 12:00:00+00:00,1824.6,1827.6,1819.7,1820.3,432.23964447
2023-08-16 16:00:00+00:00,1820.2,1829.8,1816.8,1822.1,364.49938754
2023-08-16 20:00:00+00:00,1821.1,1823.1,1798.3,1808.0,1295.08795858
2023-08-17 00:00:00+00:00,1807.9,1809.4,1778.7,1799.1,820.16277086
2023-08-17 04:00:00+00:00,1799.0,1802.6,1797.8,1800.1,179.54602745
2023-08-17 08:00:00+00:00,1800.1,1800.1,1785.8,1788.5,736.66780404
2023-08-17 12:00:00+00:00,1788.5,1793.1,1724.2,1740.3,2742.79518078
2023-08-17 16:00:00+00:00,1740.3,1749.5,1725.4,1738.7,1267.48891337
2023-08-17 20:00:00+00:00,1739.0,1739.3,1517.0,1682.4,12519.29021565
2023-08-18 00:00:00+00:00,1682.4,1699.3,1673.8,1678.1,2082.70473576
2023-08-18 04:00:00+00:00,1677.7,1697.4,1663.0,1690.5,1887.81695029
2023-08-18 08:00:00+00:00,1690.8,1697.0,1679.8,1686.9,1260.43146677
2023-08-18 12:00:00+00:00,1687.0,1688.1,1655.6,1661.3,1982.56075553
2023-08-18 16:00:00+00:00,1661.5,1678.6,1643.1,1658.1,2862.31338418
2023-08-18 20:00:00+00:00,1658.8,1670.8,1657.9,1662.3,599.16218337
2023-08-19 00:00:00+00:00,1662.3,1672.4,1657.7,1660.1,378.92348658
2023-08-19 04:00:00+00:00,1660.6,1664.5,1655.2,1661.9,212.89759307
2023-08-19 08:00:00+00:00,1662.6,1666.3,1661.0,1661.7,288.51593508
2023-08-19 12:00:00+00:00,1661.5,1685.0,1659.3,1684.7,917.99695335
2023-08-19 16:00:00+00:00,1684.4,1697.0,1676.6,1678.5,1025.35141894
2023-08-19 20:00:00+00:00,1678.5,1679.4,1665.0,1670.0,689.16676641
2023-08-20 00:00:00+00:00,1670.5,1676.1,1666.1,1669.8,272.94465659
2023-08-20 04:00:00+00:00,1669.2,1670.8,1662.9,1666.5,448.92019488
2023-08-20 08:00:00+00:00,1666.9,1676.3,1664.6,1676.2,366.61952349
2023-08-20 12:00:00+00:00,1676.3,1680.7,1665.9,1672.1,716.56637618
2023-08-20 16:00:00+00:00,1672.1,1680.5,1667.4,1679.3,221.71325528
2023-08-20 20:00:00+00:00,1679.5,1695.6,1679.5,1686.4,862.91933131
2023-08-21 00:00:00+00:00,1686.4,1686.4,1677.2,1678.7,915.02380974
2023-08-21 04:00:00+00:00,1678.7,1689.5,1671.3,1673.7,926.45886926
2023-08-21 08:00:00+00:00,1673.5,1676.4,1661.8,1673.2,1311.13914217
2023-08-21 12:00:00+00:00,1674.3,1684.6,1647.7,1659.0,1457.07884285
2023-08-21 16:00:00+00:00,1659.1,1676.4,1658.2,1672.7,556.79336584
2023-08-21 20:00:00+00:00,1674.0,1678.1,1668.4,1670.1,373.98230183
2023-08-22 00:00:00+00:00,1669.0,1670.2,1663.5,1665.2,94.94854849
2023-08-22 04:00:00+00:00,1665.1,1668.0,1662.6,1667.9,115.23259082999999
2023-08-22 08:00:00+00:00,1668.0,1668.7,1661.7,1663.6,205.03005711
2023-08-22 12:00:00+00:00,1663.4,1668.1,1647.1,1651.2,853.49958105
2023-08-22 16:00:00+00:00,1650.8,1651.7,1619.5,1626.3,1879.55384608
2023-08-22 20:00:00+00:00,1626.5,1640.0,1582.9,1636.0,4019.4286098000002
2023-08-23 00:00:00+00:00,1636.0,1642.5,1630.6,1632.5,330.66636063
2023-08-23 04:00:00+00:00,1633.1,1659.2,1632.0,1646.2,3156.61314972
2023-08-23 08:00:00+00:00,1646.5,1649.8,1641.6,1643.8,456.0469053
2023-08-23 12:00:00+00:00,1643.7,1660.8,1635.9,1659.1,863.85335579
2023-08-23 16:00:00+00:00,1658.7,1702.9,1657.7,1688.7,3303.26230203
2023-08-23 20:00:00+00:00,1689.0,1693.9,1662.5,1680.4,1416.00583652
2023-08-24 00:00:00+00:00,1681.1,1684.7,1674.2,1676.9,537.70461808
2023-08-24 04:00:00+00:00,1677.0,1680.4,1674.7,1676.3,189.86412367
2023-08-24 08:00:00+00:00,1676.4,1678.9,1668.1,1670.1,578.55888937
2023-08-24 12:00:00+00:00,1669.9,1670.9,1643.9,1644.9,1088.70798053
2023-08-24 16:00:00+00:00,1645.0,1657.0,1637.9,1651.4,1478.49364507
2023-08-24 20:00:00+00:00,1651.7,1665.5,1645.5,1662.2,409.61640397
2023-08-25 00:00:00+00:00,1663.2,1665.4,1647.6,1656.1,378.96836029
2023-08-25 04:00:00+00:00,1656.6,1656.6,1649.0,1652.9,148.80468337
2023-08-25 08:00:00+00:00,1653.4,1660.1,1653.4,1655.3,151.99371896
2023-08-25 12:00:00+00:00,1655.7,1677.9,1638.6,1648.6,1630.31746997
2023-08-25 16:00:00+00:00,1647.6,1656.5,1637.3,1648.3,588.1921278
2023-08-25 20:00:00+00:00,1648.0,1656.5,1647.7,1655.1,565.82254845
2023-08-26 00:00:00+00:00,1654.7,1656.5,1653.3,1655.8,62.53795936
2023-08-26 04:00:00+00:00,1655.6,1655.8,1652.5,1654.8,119.59160499
2023-08-26 08:00:00+00:00,1654.3,1655.2,1648.4,1651.3,445.19276041
2023-08-26 12:00:00+00:00,1651.4,1654.3,1649.0,1652.8,66.99900938
2023-08-26 16:00:00+00:00,1652.8,1653.4,1645.6,1647.8,133.76311224
2023-08-26 20:00:00+00:00,1647.4,1651.6,1647.0,1648.1,141.08382366
2023-08-27 00:00:00+00:00,1648.4,1651.5,1647.9,1648.4,105.23240756999999
2023-08-27 04:00:00+00:00,1648.4,1656.3,1648.4,1650.5,93.04097105
2023-08-27 08:00:00+00:00,1651.1,1654.0,1649.7,1651.6,125.34132314
2023-08-27 12:00:00+00:00,1650.9,1660.9,1650.6,1656.8,192.88584717
2023-08-27 16:00:00+00:00,1656.7,1661.2,1652.1,1656.5,246.1339941
2023-08-27 20:00:00+00:00,1657.1,1660.0,1652.8,1659.6,166.22712981
2023-08-28 00:00:00+00:00,1658.8,1659.1,1650.4,1651.2,187.1836894
2023-08-28 04:00:00+00:00,1651.4,1652.9,1638.3,1642.8,265.92919324
2023-08-28 08:00:00+00:00,1643.5,1644.3,1624.6,1641.6,948.8079524
2023-08-28 12:00:00+00:00,1641.6,1665.7,1641.6,1649.7,990.55490858
2023-08-28 16:00:00+00:00,1649.8,1656.2,1640.2,1648.4,462.32421164
2023-08-28 20:00:00+00:00,1648.1,1658.2,1646.8,1655.4,179.0543588
2023-08-29 00:00:00+00:00,1654.8,1663.3,1652.7,1654.3,217.63444496
2023-08-29 04:00:00+00:00,1654.1,1655.0,1646.8,1648.9,150.95797576
2023-08-29 08:00:00+00:00,1647.8,1648.7,1642.4,1644.2,114.18326358
2023-08-29 12:00:00+00:00,1643.3,1738.0,1642.3,1717.5,4233.30210829
2023-08-29 16:00:00+00:00,1717.7,1748.5,1711.9,1737.3,2232.55063703
2023-08-29 20:00:00+00:00,1738.1,1744.7,1724.8,1729.8,819.96695324
2023-08-30 00:00:00+00:00,1731.1,1732.2,1714.8,1720.0,393.4340537
2023-08-30 04:00:00+00:00,1720.1,1722.9,1717.9,1718.9,396.04905372
2023-08-30 08:00:00+00:00,1718.3,1722.0,1712.7,1718.0,469.5880568
2023-08-30 12:00:00+00:00,1717.4,1723.3,1697.3,1705.1,1945.24895101
2023-08-30 16:00:00+00:00,1705.2,1706.5,1698.0,1703.7,229.27028629
2023-08-30 20:00:00+00:00,1704.5,1709.6,1703.2,1706.9,304.30542516
2023-08-31 00:00:00+00:00,1707.3,1707.3,1699.5,1700.6,92.30124299
2023-08-31 04:00:00+00:00,1700.4,1708.5,1700.4,1707.5,58.46638158
2023-08-31 08:00:00+00:00,1708.3,1728.4,1706.1,1716.0,1079.35648352
2023-08-31 12:00:00+00:00,1715.3,1715.3,1678.9,1690.1,937.84312181
2023-08-31 16:00:00+00:00,1690.1,1690.1,1645.6,1659.1,2950.79094026
2023-08-31 20:00:00+00:00,1658.9,1659.6,1632.1,1648.2,1389.93326842
2023-09-01 00:00:00+00:00,1647.7,1655.6,1647.4,1654.7,170.15912321
2023-09-01 04:00:00+00:00,1654.1,1654.4,1645.9,1648.0,394.18757004
2023-09-01 08:00:00+00:00,1648.4,1649.9,1642.7,1648.9,487.1765727
2023-09-01 12:00:00+00:00,1649.6,1652.9,1622.4,1635.3,1335.43302572
2023-09-01 16:00:00+00:00,1635.2,1638.1,1602.4,1620.2,1466.65471002
2023-09-01 20:00:00+00:00,1620.2,1638.4,1617.3,1629.9,619.54910833
2023-09-02 00:00:00+00:00,1630.1,1634.3,1628.4,1633.0,404.62522162
2023-09-02 04:00:00+00:00,1632.5,1636.9,1630.7,1631.9,264.0518494
2023-09-02 08:00:00+00:00,1632.3,1637.4,1631.5,1635.7,187.60547502
2023-09-02 12:00:00+00:00,1636.2,1646.3,1634.5,1640.4,716.4035906
2023-09-02 16:00:00+00:00,1640.4,1641.6,1630.0,1634.3,586.71260736
2023-09-02 20:00:00+00:00,1634.3,1640.2,1633.5,1637.4,192.0225724
2023-09-03 00:00:00+00:00,1637.4,1638.5,1632.8,1636.7,158.32006423
2023-09-03 04:00:00+00:00,1636.6,1639.9,1635.5,1636.4,60.7372226
2023-09-03 08:00:00+00:00,1636.4,1636.6,1632.2,1634.7,236.41569666
2023-09-03 12:00:00+00:00,1634.9,1641.6,1630.0,1633.7,289.18205468
2023-09-03 16:00:00+00:00,1633.1,1643.7,1626.4,1640.2,523.82712656
2023-09-03 20:00:00+00:00,1640.7,1648.2,1634.7,1636.6,521.12436987
2023-09-04 00:00:00+00:00,1636.7,1644.8,1632.7,1637.7,114.79725893
2023-09-04 04:00:00+00:00,1637.9,1640.2,1635.5,1639.5,76.50203905
2023-09-04 08:00:00+00:00,1639.6,1640.9,1631.6,1632.8,341.23001328
2023-09-04 12:00:00+00:00,1632.5,1635.2,1619.8,1626.3,1162.96920468
2023-09-04 16:00:00+00:00,1626.7,1635.5,1626.6,1631.2,343.65954007
2023-09-04 20:00:00+00:00,1631.3,1632.7,1617.1,1630.8,784.20365797
2023-09-05 00:00:00+00:00,1631.0,1631.0,1610.6,1618.1,709.55917095
2023-09-05 04:00:00+00:00,1618.3,1627.6,1618.3,1625.1,1191.11489135
2023-09-05 08:00:00+00:00,1625.0,1638.2,1621.3,1636.1,313.83127265
2023-09-05 12:00:00+00:00,1636.0,1649.5,1627.6,1637.2,786.55700478
2023-09-05 16:00:00+00:00,1637.4,1644.2,1633.0,1633.0,1537.61267163
2023-09-05 20:00:00+00:00,1633.0,1634.6,1627.3,1634.6,2189.87094008
2023-09-06 00:00:00+00:00,1634.8,1640.8,1632.6,1634.6,2378.14153735
2023-09-06 04:00:00+00:00,1634.3,1634.8,1628.8,1630.1,1909.41810154
2023-09-06 08:00:00+00:00,1630.1,1636.5,1630.1,1633.1,577.12379914
2023-09-06 12:00:00+00:00,1633.2,1636.2,1621.1,1624.8,1400.39993528
2023-09-06 16:00:00+00:00,1624.6,1672.0,1609.8,1633.3,2138.86914159
2023-09-06 20:00:00+00:00,1632.7,1636.1,1629.8,1634.3,419.39291753
2023-09-07 00:00:00+00:00,1634.3,1641.2,1633.6,1640.8,359.12454284
2023-09-07 04:00:00+00:00,1641.4,1643.5,1636.9,1637.6,320.22799527
2023-09-07 08:00:00+00:00,1636.9,1636.9,1627.2,1628.0,452.31786131
2023-09-07 12:00:00+00:00,1628.3,1634.6,1625.0,1632.2,757.94069239
2023-09-07 16:00:00+00:00,1631.4,1642.0,1631.0,1638.8,256.65543902
2023-09-07 20:00:00+00:00,1638.4,1661.7,1637.3,1649.7,1171.30857993
2023-09-08 00:00:00+00:00,1649.4,1659.7,1645.9,1648.0,351.89076461999997
2023-09-08 04:00:00+00:00,1647.8,1654.3,1644.8,1648.0,228.20366622
2023-09-08 08:00:00+00:00,1647.9,1647.9,1617.0,1626.4,2317.67021671
2023-09-08 12:00:00+00:00,1626.7,1635.0,1625.7,1629.4,592.94347975
2023-09-08 16:00:00+00:00,1629.3,1635.6,1625.5,1635.1,610.60318861
2023-09-08 20:00:00+00:00,1635.1,1639.9,1633.9,1637.4,502.77402963000003
2023-09-09 00:00:00+00:00,1637.2,1637.6,1634.4,1635.0,161.23906602
2023-09-09 04:00:00+00:00,1635.0,1635.9,1632.8,1635.0,100.84019359
2023-09-09 08:00:00+00:00,1635.4,1636.3,1634.1,1635.7,192.65704021
2023-09-09 12:00:00+00:00,1635.7,1637.6,1630.6,1635.8,793.68107947
2023-09-09 16:00:00+00:00,1635.8,1638.0,1633.0,1634.9,373.300169
2023-09-09 20:00:00+00:00,1635.0,1637.5,1634.7,1636.3,451.2506416
2023-09-10 00:00:00+00:00,1636.3,1636.3,1627.2,1631.8,326.21144769
2023-09-10 04:00:00+00:00,1631.8,1631.8,1619.3,1625.6,263.27272558
2023-09-10 08:00:00+00:00,1625.2,1627.0,1620.5,1625.4,840.36507311
2023-09-10 12:00:00+00:00,1625.4,1628.9,1612.0,1620.5,1585.83999114
2023-09-10 16:00:00+00:00,1620.6,1620.7,1597.9,1617.9,1103.87200322
2023-09-10 20:00:00+00:00,1617.8,1628.3,1615.4,1618.8,577.87970124
2023-09-11 00:00:00+00:00,1618.0,1619.6,1605.0,1613.2,195.04411261
2023-09-11 04:00:00+00:00,1613.1,1618.5,1609.2,1612.7,515.61830341
2023-09-11 08:00:00+00:00,1613.2,1613.2,1577.4,1588.0,1382.23508614
2023-09-11 12:00:00+00:00,1587.5,1599.0,1550.0,1564.2,3036.08536315
2023-09-11 16:00:00+00:00,1563.3,1568.6,1538.9,1538.9,975.0363177
2023-09-11 20:00:00+00:00,1541.0,1552.4,1532.2,1552.4,794.19082315
2023-09-12 00:00:00+00:00,1552.8,1595.2,1551.1,1585.8,1086.17344502
2023-09-12 04:00:00+00:00,1586.3,1593.6,1576.2,1580.7,853.58347712
2023-09-12 08:00:00+00:00,1581.6,1626.9,1577.4,1610.3,1389.63906493
2023-09-12 12:00:00+00:00,1610.5,1614.8,1597.1,1606.1,786.19146443
2023-09-12 16:00:00+00:00,1605.4,1623.0,1586.5,1600.4,1089.1009654
2023-09-12 20:00:00+00:00,1600.3,1605.5,1592.1,1593.7,145.9442895
2023-09-13 00:00:00+00:00,1593.6,1602.4,1588.8,1590.7,227.80341811
2023-09-13 04:00:00+00:00,1590.7,1605.0,1583.8,1585.3,700.43080441
2023-09-13 08:00:00+00:00,1584.7,1607.8,1584.7,1605.5,946.55404774
2023-09-13 12:00:00+00:00,1605.3,1620.2,1593.9,1609.5,900.03487227
2023-09-13 16:00:00+00:00,1609.8,1616.9,1597.4,1601.2,371.67608268
2023-09-13 20:00:00+00:00,1601.0,1611.3,1601.0,1609.2,141.87723332
2023-09-14 00:00:00+00:00,1609.0,1639.6,1608.7,1621.2,1274.78875561
2023-09-14 04:00:00+00:00,1621.3,1626.3,1614.4,1622.4,138.08766155
2023-09-14 08:00:00+00:00,1622.2,1627.9,1619.1,1626.1,388.85922965
2023-09-14 12:00:00+00:00,1626.2,1645.0,1619.3,1636.2,1075.33395644
2023-09-14 16:00:00+00:00,1636.5,1645.0,1628.8,1636.7,788.58784635
2023-09-14 20:00:00+00:00,1636.9,1638.4,1625.5,1627.6,197.30606002
2023-09-15 00:00:00+00:00,1627.1,1637.1,1624.4,1635.0,391.41054333
2023-09-15 04:00:00+00:00,1635.7,1637.0,1629.2,1629.2,161.58243783
2023-09-15 08:00:00+00:00,1629.1,1633.0,1620.1,1621.8,942.32477131
2023-09-15 12:00:00+00:00,1621.6,1626.7,1613.6,1620.9,290.90126445
2023-09-15 16:00:00+00:00,1620.8,1624.3,1619.5,1623.2,107.02463181
2023-09-15 20:00:00+00:00,1622.8,1654.8,1621.2,1642.8,706.80289037
2023-09-16 00:00:00+00:00,1643.0,1653.6,1640.3,1642.8,456.30612208
2023-09-16 04:00:00+00:00,1643.2,1643.3,1636.5,1637.0,80.46231404
2023-09-16 08:00:00+00:00,1638.1,1639.5,1633.6,1637.5,119.25755485
2023-09-16 12:00:00+00:00,1636.7,1640.4,1633.1,1636.8,158.60820565
2023-09-16 16:00:00+00:00,1636.7,1640.4,1633.6,1634.9,664.0578113400001
2023-09-16 20:00:00+00:00,1634.5,1639.0,1634.2,1635.8,48.71946633
2023-09-17 00:00:00+00:00,1635.9,1635.9,1621.1,1630.2,692.46190327
2023-09-17 04:00:00+00:00,1630.1,1632.7,1628.7,1629.5,71.35268254
2023-09-17 08:00:00+00:00,1629.4,1636.0,1629.3,1631.2,79.18472917
2023-09-17 12:00:00+00:00,1631.2,1633.2,1629.6,1630.7,99.37013826
2023-09-17 16:00:00+00:00,1630.6,1630.6,1619.6,1627.4,68.89855155
2023-09-17 20:00:00+00:00,1627.3,1627.9,1613.8,1624.3,371.82295837
2023-09-18 00:00:00+00:00,1624.1,1637.5,1605.0,1631.2,845.39637961
2023-09-18 04:00:00+00:00,1631.7,1639.7,1628.9,1635.9,279.43899669
2023-09-18 08:00:00+00:00,1635.9,1660.6,1632.4,1656.7,1041.20348673
2023-09-18 12:00:00+00:00,1657.0,1671.3,1653.8,1657.3,1180.94475833
2023-09-18 16:00:00+00:00,1658.0,1660.5,1635.1,1642.4,828.66721775
2023-09-18 20:00:00+00:00,1643.2,1643.6,1637.7,1638.4,395.89507238
2023-09-19 00:00:00+00:00,1638.1,1640.9,1628.9,1635.9,155.79316601
2023-09-19 04:00:00+00:00,1636.1,1639.9,1635.3,1638.8,97.72124976
2023-09-19 08:00:00+00:00,1638.7,1662.6,1638.0,1649.3,626.81136699
2023-09-19 12:00:00+00:00,1649.5,1660.0,1637.0,1657.6,1494.11609882
2023-09-19 16:00:00+00:00,1658.7,1660.8,1642.5,1645.3,548.59334671
2023-09-19 20:00:00+00:00,1646.1,1646.4,1639.1,1645.6,390.16872197
2023-09-20 00:00:00+00:00,1644.8,1651.1,1638.3,1639.4,178.60509389
2023-09-20 04:00:00+00:00,1638.9,1640.6,1632.4,1636.5,347.73798586
2023-09-20 08:00:00+00:00,1636.4,1639.2,1621.0,1631.2,641.22488881
2023-09-20 12:00:00+00:00,1631.5,1635.1,1622.7,1629.9,674.15772873
2023-09-20 16:00:00+00:00,1630.1,1640.6,1605.6,1616.6,1889.70109083
2023-09-20 20:00:00+00:00,1616.7,1630.1,1616.0,1623.1,526.52699839
2023-09-21 00:00:00+00:00,1623.1,1626.4,1616.3,1624.9,704.97369951
2023-09-21 04:00:00+00:00,1624.8,1626.0,1619.2,1620.2,333.8065925
2023-09-21 08:00:00+00:00,1620.2,1623.6,1590.0,1596.3,3060.56196023
2023-09-21 12:00:00+00:00,1595.6,1598.0,1570.1,1585.5,2287.13343802
2023-09-21 16:00:00+00:00,1585.3,1594.1,1583.8,1591.5,999.62009356
2023-09-21 20:00:00+00:00,1591.3,1592.2,1585.5,1586.0,314.58814593
2023-09-22 00:00:00+00:00,1587.1,1597.7,1579.4,1596.3,333.79550019
2023-09-22 04:00:00+00:00,1596.3,1598.7,1589.4,1597.2,334.11422651
2023-09-22 08:00:00+00:00,1597.3,1603.8,1595.3,1599.2,239.93509593
2023-09-22 12:00:00+00:00,1599.3,1602.2,1595.5,1595.5,316.65793195
2023-09-22 16:00:00+00:00,1595.4,1600.7,1589.2,1594.0,543.47238156
2023-09-22 20:00:00+00:00,1594.0,1596.7,1591.7,1595.4,197.34134681
2023-09-23 00:00:00+00:00,1595.9,1600.0,1592.5,1594.3,315.53077621
2023-09-23 04:00:00+00:00,1592.9,1596.8,1592.2,1596.0,633.13313077
2023-09-23 08:00:00+00:00,1596.6,1596.6,1593.9,1595.0,145.73373647
2023-09-23 12:00:00+00:00,1595.1,1596.7,1590.5,1593.2,138.68137679
2023-09-23 16:00:00+00:00,1592.7,1597.2,1591.4,1596.6,66.51382503
2023-09-23 20:00:00+00:00,1596.6,1596.8,1592.4,1595.6,75.54782846
2023-09-24 00:00:00+00:00,1595.4,1596.6,1593.6,1594.4,29.38548837
2023-09-24 04:00:00+00:00,1594.4,1595.4,1594.0,1594.0,19.3832603
2023-09-24 08:00:00+00:00,1594.0,1597.9,1594.0,1596.4,90.21502328
2023-09-24 12:00:00+00:00,1596.5,1598.6,1591.2,1593.2,168.71756607
2023-09-24 16:00:00+00:00,1593.2,1603.5,1580.0,1590.2,852.84477485
2023-09-24 20:00:00+00:00,1589.1,1593.8,1573.1,1583.5,642.73976621
2023-09-25 00:00:00+00:00,1582.8,1589.6,1566.1,1580.4,733.32789746
2023-09-25 04:00:00+00:00,1580.2,1583.4,1575.5,1583.2,679.94480201
2023-09-25 08:00:00+00:00,1583.5,1584.8,1568.4,1571.0,365.44845948
2023-09-25 12:00:00+00:00,1571.3,1591.8,1566.8,1586.5,578.09308521
2023-09-25 16:00:00+00:00,1586.7,1599.3,1586.7,1593.5,804.36101869
2023-09-25 20:00:00+00:00,1593.3,1597.7,1586.5,1590.4,199.93899685
2023-09-26 00:00:00+00:00,1590.0,1595.7,1588.1,1593.7,257.2671141
2023-09-26 04:00:00+00:00,1593.5,1595.9,1588.8,1590.1,133.9575846
2023-09-26 08:00:00+00:00,1590.1,1602.4,1588.0,1593.3,377.1673818
2023-09-26 12:00:00+00:00,1593.3,1595.1,1582.3,1585.5,461.50870967
2023-09-26 16:00:00+00:00,1584.8,1594.3,1583.7,1591.7,554.9079706
2023-09-26 20:00:00+00:00,1591.5,1596.4,1586.2,1594.8,184.59947626
2023-09-27 00:00:00+00:00,1595.5,1599.2,1591.7,1598.2,124.65466153
2023-09-27 04:00:00+00:00,1597.3,1598.2,1592.8,1593.5,121.62838846
2023-09-27 08:00:00+00:00,1593.2,1635.6,1592.6,1631.2,1457.31739539
2023-09-27 12:00:00+00:00,1631.5,1632.9,1594.0,1602.8,925.45426325
2023-09-27 16:00:00+00:00,1602.7,1604.4,1585.8,1599.0,820.25749803
2023-09-27 20:00:00+00:00,1599.1,1600.7,1594.8,1599.7,184.17353216
2023-09-28 00:00:00+00:00,1599.8,1616.3,1599.5,1607.2,289.20572157
2023-09-28 04:00:00+00:00,1607.4,1622.7,1606.2,1619.9,346.31856687
2023-09-28 08:00:00+00:00,1621.6,1640.8,1616.0,1624.5,1228.90627538
2023-09-28 12:00:00+00:00,1624.6,1655.1,1622.9,1653.8,959.93892433
2023-09-28 16:00:00+00:00,1653.6,1669.3,1647.2,1657.6,1498.2917895
2023-09-28 20:00:00+00:00,1659.5,1662.7,1645.1,1654.6,643.18310057
2023-09-29 00:00:00+00:00,1655.4,1659.9,1650.9,1653.3,463.89920218
2023-09-29 04:00:00+00:00,1653.4,1690.2,1651.5,1688.5,3475.35651763
2023-09-29 08:00:00+00:00,1688.6,1691.0,1669.3,1670.1,1109.37453955
2023-09-29 12:00:00+00:00,1670.2,1685.2,1657.4,1673.6,810.08449246
2023-09-29 16:00:00+00:00,1673.6,1674.4,1658.3,1666.8,296.4787161
2023-09-29 20:00:00+00:00,1667.3,1672.0,1665.8,1668.9,245.01611164
2023-09-30 00:00:00+00:00,1668.8,1673.4,1667.8,1671.6,202.88655964
2023-09-30 04:00:00+00:00,1671.8,1676.4,1671.3,1673.7,132.76065945
2023-09-30 08:00:00+00:00,1673.7,1680.4,1673.6,1678.4,332.81191887
2023-09-30 12:00:00+00:00,1677.6,1695.0,1675.2,1684.2,1298.94044644
2023-09-30 16:00:00+00:00,1684.2,1686.8,1675.1,1681.5,324.17371597
2023-09-30 20:00:00+00:00,1680.3,1684.2,1667.7,1671.8,263.21012248
2023-10-01 00:00:00+00:00,1671.9,1678.4,1671.5,1674.2,106.90188366
2023-10-01 04:00:00+00:00,1674.5,1681.3,1674.2,1680.0,129.23119157
2023-10-01 08:00:00+00:00,1679.5,1693.6,1677.9,1689.4,265.52154586
2023-10-01 12:00:00+00:00,1690.3,1691.6,1680.2,1684.6,341.53237695
2023-10-01 16:00:00+00:00,1684.7,1684.8,1672.0,1676.8,162.04223677
2023-10-01 20:00:00+00:00,1676.8,1765.0,1669.2,1735.5,2988.42588784
2023-10-02 00:00:00+00:00,1736.2,1737.2,1721.4,1731.3,819.13075046
2023-10-02 04:00:00+00:00,1731.7,1736.2,1715.6,1732.2,3176.80740083
2023-10-02 08:00:00+00:00,1732.5,1746.0,1727.3,1727.3,626.53916684
2023-10-02 12:00:00+00:00,1727.1,1735.5,1689.7,1694.1,1256.12899001
2023-10-02 16:00:00+00:00,1692.9,1694.2,1645.1,1675.5,2926.59774892
2023-10-02 20:00:00+00:00,1673.5,1673.5,1637.9,1664.9,1609.38133629
2023-10-03 00:00:00+00:00,1664.7,1670.1,1661.7,1667.1,468.07173155
2023-10-03 04:00:00+00:00,1667.3,1672.2,1664.8,1665.1,514.0891868
2023-10-03 08:00:00+00:00,1665.2,1669.1,1651.8,1657.6,1249.50832873
2023-10-03 12:00:00+00:00,1657.3,1663.7,1644.9,1649.1,837.08952993
2023-10-03 16:00:00+00:00,1648.9,1658.3,1647.4,1651.4,262.76287029
2023-10-03 20:00:00+00:00,1650.9,1660.1,1646.9,1656.7,361.64165879
2023-10-04 00:00:00+00:00,1656.7,1658.1,1623.1,1641.7,789.48736306
2023-10-04 04:00:00+00:00,1641.7,1645.2,1636.9,1645.2,330.10310463
2023-10-04 08:00:00+00:00,1645.4,1652.5,1643.9,1646.1,193.95504158
2023-10-04 12:00:00+00:00,1647.3,1650.5,1627.6,1632.7,936.60604567
2023-10-04 16:00:00+00:00,1633.2,1656.0,1632.6,1644.0,731.79450336
2023-10-04 20:00:00+00:00,1643.6,1654.0,1642.2,1648.4,329.98240364
2023-10-05 00:00:00+00:00,1648.2,1656.1,1643.6,1643.6,226.57641668
2023-10-05 04:00:00+00:00,1643.5,1646.8,1632.9,1636.6,167.09276202
2023-10-05 08:00:00+00:00,1636.5,1642.3,1636.3,1637.2,173.99427972
2023-10-05 12:00:00+00:00,1637.0,1649.6,1607.1,1618.8,1567.1556094
2023-10-05 16:00:00+00:00,1618.9,1621.3,1608.4,1617.2,652.85873034
2023-10-05 20:00:00+00:00,1617.3,1619.9,1610.7,1611.5,148.96152934
2023-10-06 00:00:00+00:00,1612.4,1625.3,1612.4,1624.0,133.63461771000001
2023-10-06 04:00:00+00:00,1624.5,1632.7,1619.5,1631.0,135.49988303
2023-10-06 08:00:00+00:00,1632.0,1639.9,1630.1,1634.8,362.17394431
2023-10-06 12:00:00+00:00,1635.3,1650.0,1612.6,1643.3,1918.40017706
2023-10-06 16:00:00+00:00,1643.6,1655.3,1635.8,1647.9,1420.41828439
2023-10-06 20:00:00+00:00,1646.7,1663.5,1644.0,1645.7,466.23356885
2023-10-07 00:00:00+00:00,1645.5,1647.9,1641.3,1643.1,144.18980497
2023-10-07 04:00:00+00:00,1642.3,1643.3,1637.5,1637.5,159.7448823
2023-10-07 08:00:00+00:00,1637.5,1643.5,1637.1,1639.0,205.88393498
2023-10-07 12:00:00+00:00,1639.3,1643.3,1636.0,1638.8,94.06829643
2023-10-07 16:00:00+00:00,1638.8,1639.9,1630.7,1630.7,213.43770046
2023-10-07 20:00:00+00:00,1630.7,1636.1,1630.5,1634.5,136.2396882
2023-10-08 00:00:00+00:00,1634.5,1641.2,1634.5,1640.0,154.95847061
2023-10-08 04:00:00+00:00,1639.4,1639.8,1625.9,1629.0,426.06171767
2023-10-08 08:00:00+00:00,1628.4,1630.1,1617.0,1618.6,207.56034838
2023-10-08 12:00:00+00:00,1618.3,1637.3,1618.3,1632.4,338.23041419
2023-10-08 16:00:00+00:00,1632.5,1639.1,1630.0,1636.3,221.17323639
2023-10-08 20:00:00+00:00,1636.6,1639.2,1628.6,1633.2,200.67306744
2023-10-09 00:00:00+00:00,1633.6,1636.0,1624.4,1634.5,251.21609965
2023-10-09 04:00:00+00:00,1634.5,1635.4,1620.4,1622.6,1939.55342857
2023-10-09 08:00:00+00:00,1622.4,1623.5,1588.1,1593.3,2672.0324364900002
2023-10-09 12:00:00+00:00,1591.8,1599.1,1585.6,1587.4,964.92212031
2023-10-09 16:00:00+00:00,1587.3,1588.6,1549.3,1583.7,2654.45034448
2023-10-09 20:00:00+00:00,1583.6,1585.9,1575.8,1581.3,179.59744144
2023-10-10 00:00:00+00:00,1581.7,1594.0,1578.4,1586.9,352.66951915
2023-10-10 04:00:00+00:00,1586.9,1594.9,1584.4,1591.8,167.97403819
2023-10-10 08:00:00+00:00,1591.5,1596.0,1580.0,1581.7,488.6328665
2023-10-10 12:00:00+00:00,1582.0,1589.6,1565.2,1568.8,454.5370118
2023-10-10 16:00:00+00:00,1569.1,1573.6,1559.4,1567.1,567.962708
2023-10-10 20:00:00+00:00,1567.0,1571.8,1551.3,1568.9,776.69362544
2023-10-11 00:00:00+00:00,1568.8,1576.4,1545.4,1558.2,278.96953367
2023-10-11 04:00:00+00:00,1557.5,1562.3,1550.0,1558.2,306.02730048
2023-10-11 08:00:00+00:00,1558.1,1579.3,1557.7,1574.0,276.41432751
2023-10-11 12:00:00+00:00,1573.5,1577.5,1556.3,1561.5,804.38301853
2023-10-11 16:00:00+00:00,1561.2,1566.9,1550.1,1564.2,2918.11257978
2023-10-11 20:00:00+00:00,1564.0,1570.1,1562.0,1567.4,1004.15218295
2023-10-12 00:00:00+00:00,1567.4,1570.0,1557.8,1562.8,1497.2543576
2023-10-12 04:00:00+00:00,1563.1,1568.3,1559.6,1560.7,756.20404043
2023-10-12 08:00:00+00:00,1561.0,1561.5,1536.9,1552.8,2330.82406132
2023-10-12 12:00:00+00:00,1552.7,1554.4,1539.7,1542.3,1745.21576455
2023-10-12 16:00:00+00:00,1542.4,1546.6,1521.8,1533.7,3201.29914444
2023-10-12 20:00:00+00:00,1533.3,1542.2,1532.7,1542.0,1224.9309601
2023-10-13 00:00:00+00:00,1541.6,1548.7,1539.4,1540.4,1121.42218812
2023-10-13 04:00:00+00:00,1540.2,1556.0,1540.2,1550.4,243.18784456
2023-10-13 08:00:00+00:00,1550.5,1554.1,1545.1,1548.1,297.23556587
2023-10-13 12:00:00+00:00,1548.0,1554.9,1539.1,1540.7,791.56971516
2023-10-13 16:00:00+00:00,1540.7,1549.7,1540.7,1546.6,387.4172965
2023-10-13 20:00:00+00:00,1546.6,1575.4,1545.0,1552.9,754.89110967
2023-10-14 00:00:00+00:00,1552.9,1556.8,1550.0,1554.0,644.15896774
2023-10-14 04:00:00+00:00,1554.4,1555.2,1545.8,1548.4,513.54326392
2023-10-14 08:00:00+00:00,1548.5,1550.3,1546.5,1548.5,319.26498372
2023-10-14 12:00:00+00:00,1548.9,1558.9,1548.0,1558.1,522.72173027
2023-10-14 16:00:00+00:00,1557.7,1559.4,1553.6,1556.3,625.44491965
2023-10-14 20:00:00+00:00,1556.3,1563.0,1554.7,1555.8,232.40621946
2023-10-15 00:00:00+00:00,1555.8,1559.3,1551.4,1555.7,207.92001105
2023-10-15 04:00:00+00:00,1555.7,1556.3,1554.3,1556.3,119.49137024
2023-10-15 08:00:00+00:00,1556.3,1560.9,1555.9,1556.7,193.45961481
2023-10-15 12:00:00+00:00,1556.3,1562.5,1549.5,1554.9,266.3495123
2023-10-15 16:00:00+00:00,1554.9,1566.8,1552.0,1561.8,453.87809456
2023-10-15 20:00:00+00:00,1561.0,1567.9,1553.9,1558.7,635.47146892
2023-10-16 00:00:00+00:00,1558.2,1567.5,1556.5,1563.7,384.58055921
2023-10-16 04:00:00+00:00,1564.2,1590.2,1562.0,1580.5,1526.73447736
2023-10-16 08:00:00+00:00,1580.6,1588.5,1577.0,1583.8,294.53938667
2023-10-16 12:00:00+00:00,1584.0,1656.0,1568.1,1578.7,3001.74177997
2023-10-16 16:00:00+00:00,1578.7,1603.5,1575.0,1590.5,586.99411606
2023-10-16 20:00:00+00:00,1591.3,1606.1,1579.0,1600.9,570.24293281
2023-10-17 00:00:00+00:00,1600.8,1601.6,1589.7,1589.7,148.35041278
2023-10-17 04:00:00+00:00,1590.1,1593.1,1584.2,1591.4,290.49973002
2023-10-17 08:00:00+00:00,1591.4,1594.3,1584.4,1585.5,619.87161104
2023-10-17 12:00:00+00:00,1585.1,1586.4,1565.5,1577.0,735.29612872
2023-10-17 16:00:00+00:00,1576.5,1580.6,1552.4,1564.3,653.66419246
2023-10-17 20:00:00+00:00,1564.3,1566.3,1558.3,1565.5,1036.93792819
2023-10-18 00:00:00+00:00,1565.6,1572.5,1563.5,1568.3,344.04387165
2023-10-18 04:00:00+00:00,1568.2,1583.3,1567.0,1573.2,1125.65020132
2023-10-18 08:00:00+00:00,1572.6,1586.1,1570.5,1580.3,324.66389754
2023-10-18 12:00:00+00:00,1580.8,1582.6,1569.9,1571.6,414.9415015
2023-10-18 16:00:00+00:00,1571.3,1575.7,1563.6,1563.6,445.05589934
2023-10-18 20:00:00+00:00,1563.7,1566.4,1556.4,1564.2,509.96010552
2023-10-19 00:00:00+00:00,1563.5,1567.7,1542.6,1549.9,658.33071875
2023-10-19 04:00:00+00:00,1549.9,1553.9,1546.5,1552.6,812.83359977
2023-10-19 08:00:00+00:00,1552.1,1556.6,1542.3,1554.7,968.81362492
2023-10-19 12:00:00+00:00,1555.1,1565.8,1551.7,1562.1,5687.08889672
2023-10-19 16:00:00+00:00,1562.1,1575.7,1560.6,1569.0,342.54836591000003
2023-10-19 20:00:00+00:00,1569.9,1575.0,1565.2,1568.8,225.0948577
2023-10-20 00:00:00+00:00,1568.5,1596.4,1563.4,1588.8,305.32541527
2023-10-20 04:00:00+00:00,1588.8,1590.5,1581.6,1585.1,663.40756439
2023-10-20 08:00:00+00:00,1585.0,1631.9,1585.0,1614.9,1375.53947805
2023-10-20 12:00:00+00:00,1615.5,1618.6,1600.3,1605.4,824.71305244
2023-10-20 16:00:00+00:00,1605.5,1610.1,1597.9,1607.7,327.39398526
2023-10-20 20:00:00+00:00,1607.0,1610.5,1604.0,1604.9,259.1462986
2023-10-21 00:00:00+00:00,1604.6,1607.3,1593.8,1598.4,253.7074982
2023-10-21 04:00:00+00:00,1598.5,1607.3,1598.5,1607.0,151.72321512
2023-10-21 08:00:00+00:00,1607.2,1611.3,1603.9,1609.7,274.15431609
2023-10-21 12:00:00+00:00,1610.1,1630.1,1604.3,1629.5,587.99250762
2023-10-21 16:00:00+00:00,1629.2,1645.7,1621.0,1636.5,648.25702776
2023-10-21 20:00:00+00:00,1636.4,1636.5,1626.8,1628.9,236.84814812
2023-10-22 00:00:00+00:00,1629.4,1640.7,1625.0,1630.4,554.35337435
2023-10-22 04:00:00+00:00,1630.4,1648.7,1625.3,1630.9,856.3684587500001
2023-10-22 08:00:00+00:00,1631.1,1636.4,1625.9,1628.9,226.84131224
2023-10-22 12:00:00+00:00,1628.8,1637.6,1621.9,1626.3,450.40033379
2023-10-22 16:00:00+00:00,1626.3,1641.9,1626.0,1636.3,482.09696252
2023-10-22 20:00:00+00:00,1636.4,1669.2,1636.2,1665.0,911.21949328
2023-10-23 00:00:00+00:00,1665.1,1702.9,1659.6,1695.5,1679.3488806
2023-10-23 04:00:00+00:00,1695.6,1706.4,1673.2,1675.9,926.41268001
2023-10-23 08:00:00+00:00,1676.8,1685.3,1664.1,1679.2,386.35371208
2023-10-23 12:00:00+00:00,1679.1,1686.4,1665.8,1678.6,1462.15391287
2023-10-23 16:00:00+00:00,1678.6,1713.5,1673.5,1710.6,1351.03616985
2023-10-23 20:00:00+00:00,1709.6,1799.0,1704.7,1766.3,7305.72520739
2023-10-24 00:00:00+00:00,1766.3,1850.6,1758.8,1809.3,4961.01841496
2023-10-24 04:00:00+00:00,1809.5,1837.3,1801.5,1809.7,2111.15491272
2023-10-24 08:00:00+00:00,1810.2,1846.6,1808.5,1846.6,4129.74180054
2023-10-24 12:00:00+00:00,1847.0,1855.6,1764.0,1778.6,5939.37355691
2023-10-24 16:00:00+00:00,1779.8,1800.7,1756.8,1778.7,2627.90011255
2023-10-24 20:00:00+00:00,1778.1,1797.4,1764.9,1786.5,1147.55717341
2023-10-25 00:00:00+00:00,1786.5,1808.0,1779.2,1789.4,1626.46515243
2023-10-25 04:00:00+00:00,1790.2,1796.6,1763.6,1771.0,320.14843715
2023-10-25 08:00:00+00:00,1771.3,1794.3,1762.3,1787.3,396.22342449
2023-10-25 12:00:00+00:00,1787.6,1818.2,1781.2,1807.7,1165.56182704
2023-10-25 16:00:00+00:00,1807.9,1815.5,1781.0,1790.3,863.19321023
2023-10-25 20:00:00+00:00,1790.3,1796.3,1776.9,1787.4,492.85332662
2023-10-26 00:00:00+00:00,1787.5,1817.7,1781.2,1816.5,498.66425848
2023-10-26 04:00:00+00:00,1817.3,1858.1,1792.1,1849.6,1315.52930647
2023-10-26 08:00:00+00:00,1849.7,1866.1,1805.2,1812.4,1690.86303761
2023-10-26 12:00:00+00:00,1812.6,1825.6,1768.1,1778.8,1396.6750277
2023-10-26 16:00:00+00:00,1778.5,1795.0,1761.9,1793.1,847.40769251
2023-10-26 20:00:00+00:00,1792.6,1811.8,1791.4,1804.9,500.62557985
2023-10-27 00:00:00+00:00,1804.3,1804.8,1774.2,1791.2,245.43755294
2023-10-27 04:00:00+00:00,1792.8,1797.7,1778.7,1779.1,293.42687162
2023-10-27 08:00:00+00:00,1780.7,1792.0,1777.3,1783.3,357.91369363
2023-10-27 12:00:00+00:00,1782.9,1797.8,1772.4,1783.7,1370.62353523
2023-10-27 16:00:00+00:00,1783.6,1785.9,1743.8,1775.1,1737.0029435
2023-10-27 20:00:00+00:00,1776.1,1784.5,1775.2,1780.6,750.53918215
2023-10-28 00:00:00+00:00,1780.8,1794.9,1780.6,1792.8,457.20283125
2023-10-28 04:00:00+00:00,1792.1,1796.7,1787.2,1788.4,233.0051952
2023-10-28 08:00:00+00:00,1788.4,1805.0,1787.4,1791.5,328.44436089
2023-10-28 12:00:00+00:00,1790.5,1792.7,1778.3,1791.8,525.68798764
2023-10-28 16:00:00+00:00,1792.1,1792.1,1778.5,1778.5,177.21992374
2023-10-28 20:00:00+00:00,1778.7,1784.6,1771.1,1777.6,214.82384913
2023-10-29 00:00:00+00:00,1777.2,1782.7,1764.5,1776.0,196.61634756
2023-10-29 04:00:00+00:00,1776.1,1785.2,1775.7,1784.8,487.83415894
2023-10-29 08:00:00+00:00,1784.8,1794.0,1784.8,1790.9,1100.58676297
2023-10-29 12:00:00+00:00,1791.5,1802.3,1790.7,1792.9,441.61655973
2023-10-29 16:00:00+00:00,1793.1,1808.7,1787.4,1795.0,462.23948849
2023-10-29 20:00:00+00:00,1795.4,1812.9,1793.2,1796.0,393.05296838
2023-10-30 00:00:00+00:00,1796.9,1799.7,1780.8,1784.4,283.01486821
2023-10-30 04:00:00+00:00,1784.3,1792.3,1779.4,1788.3,448.80868897
2023-10-30 08:00:00+00:00,1787.8,1828.6,1785.6,1817.2,2073.61461254
2023-10-30 12:00:00+00:00,1817.2,1831.5,1806.9,1820.6,1441.14474558
2023-10-30 16:00:00+00:00,1820.5,1820.5,1779.1,1802.3,675.30913779
2023-10-30 20:00:00+00:00,1802.9,1817.5,1798.0,1810.1,459.54739681
2023-10-31 00:00:00+00:00,1810.1,1820.3,1795.9,1796.9,475.5236938
2023-10-31 04:00:00+00:00,1796.8,1805.9,1789.2,1792.2,310.5457036
2023-10-31 08:00:00+00:00,1791.9,1815.8,1785.6,1812.4,485.30037963
2023-10-31 12:00:00+00:00,1812.0,1814.8,1783.8,1793.0,813.11786437
2023-10-31 16:00:00+00:00,1793.2,1815.6,1790.5,1812.8,441.02360583
2023-10-31 20:00:00+00:00,1811.7,1818.2,1803.8,1817.2,350.09544313
2023-11-01 00:00:00+00:00,1815.8,1831.0,1809.7,1812.4,536.32042867
2023-11-01 04:00:00+00:00,1811.8,1811.8,1798.9,1805.6,395.12862187
2023-11-01 08:00:00+00:00,1804.9,1809.0,1793.7,1800.6,464.42415484
2023-11-01 12:00:00+00:00,1799.9,1827.7,1784.5,1792.7,1016.11677962
2023-11-01 16:00:00+00:00,1792.9,1852.5,1792.8,1837.2,2147.89950963
2023-11-01 20:00:00+00:00,1837.4,1859.4,1837.4,1848.4,3089.42492782
2023-11-02 00:00:00+00:00,1848.4,1876.0,1843.9,1860.4,861.79978825
2023-11-02 04:00:00+00:00,1860.9,1862.1,1830.4,1836.2,1960.33040233
2023-11-02 08:00:00+00:00,1835.3,1842.0,1823.0,1838.2,640.05818347
2023-11-02 12:00:00+00:00,1837.9,1844.5,1801.8,1804.1,1860.79737055
2023-11-02 16:00:00+00:00,1803.9,1812.1,1785.7,1812.1,846.84796616
2023-11-02 20:00:00+00:00,1812.4,1812.9,1793.2,1801.1,897.20965869
2023-11-03 00:00:00+00:00,1801.3,1802.8,1777.6,1800.2,1103.28158596
2023-11-03 04:00:00+00:00,1799.5,1802.8,1789.5,1799.4,203.17017947
2023-11-03 08:00:00+00:00,1799.5,1805.3,1782.9,1791.6,218.34443029
2023-11-03 12:00:00+00:00,1791.1,1815.5,1786.7,1814.0,935.90429325
2023-11-03 16:00:00+00:00,1814.5,1825.4,1801.2,1819.6,1107.39585522
2023-11-03 20:00:00+00:00,1819.4,1835.9,1817.3,1834.6,1739.1704508999999
2023-11-04 00:00:00+00:00,1835.2,1841.9,1826.9,1836.5,362.58655378
2023-11-04 04:00:00+00:00,1836.5,1841.6,1827.9,1835.4,1192.41778704
2023-11-04 08:00:00+00:00,1836.3,1849.7,1832.9,1839.3,369.49356702
2023-11-04 12:00:00+00:00,1840.3,1842.8,1831.2,1833.3,146.57046441
2023-11-04 16:00:00+00:00,1834.3,1842.6,1834.2,1838.9,54.99295041
2023-11-04 20:00:00+00:00,1838.4,1872.5,1837.1,1859.1,645.60124951
2023-11-05 00:00:00+00:00,1858.8,1896.1,1848.9,1891.3,3437.09044614
2023-11-05 04:00:00+00:00,1891.2,1898.1,1880.0,1887.6,2168.53518885
2023-11-05 08:00:00+00:00,1887.9,1899.8,1881.1,1890.5,1237.91291161
2023-11-05 12:00:00+00:00,1890.5,1903.2,1866.3,1877.9,1037.93843723
2023-11-05 16:00:00+00:00,1876.5,1915.8,1875.5,1890.8,1531.17233007
2023-11-05 20:00:00+00:00,1890.8,1913.2,1856.2,1895.3,1720.99585209
2023-11-06 00:00:00+00:00,1894.3,1902.7,1884.3,1888.2,373.65316441
2023-11-06 04:00:00+00:00,1890.4,1892.3,1872.0,1881.9,919.26356299
2023-11-06 08:00:00+00:00,1881.6,1901.6,1876.1,1901.6,463.84237813
2023-11-06 12:00:00+00:00,1901.9,1916.5,1891.5,1902.8,1681.68828005
2023-11-06 16:00:00+00:00,1903.1,1905.2,1887.3,1902.6,835.14231093
2023-11-06 20:00:00+00:00,1904.0,1908.0,1883.5,1902.1,543.60549602
2023-11-07 00:00:00+00:00,1902.1,1904.6,1880.0,1891.3,422.2623971
2023-11-07 04:00:00+00:00,1891.2,1897.4,1888.0,1894.2,177.0593445
2023-11-07 08:00:00+00:00,1893.9,1896.1,1869.6,1875.9,825.9218779
2023-11-07 12:00:00+00:00,1875.9,1882.0,1859.4,1862.8,2771.93550322
2023-11-07 16:00:00+00:00,1863.3,1902.1,1853.5,1897.0,4593.18499984
2023-11-07 20:00:00+00:00,1896.7,1908.6,1875.2,1888.9,999.06987769
2023-11-08 00:00:00+00:00,1887.3,1894.4,1881.6,1881.6,205.20580835
2023-11-08 04:00:00+00:00,1883.6,1886.9,1875.0,1876.3,391.78620398
2023-11-08 08:00:00+00:00,1875.7,1890.3,1875.1,1883.0,457.12268119
2023-11-08 12:00:00+00:00,1882.9,1892.7,1880.7,1889.7,356.18122659
2023-11-08 16:00:00+00:00,1888.8,1904.0,1887.6,1899.7,1182.42577167
2023-11-08 20:00:00+00:00,1900.2,1904.4,1884.0,1889.1,851.18304864
2023-11-09 00:00:00+00:00,1888.6,1925.8,1883.4,1919.8,2695.22711302
2023-11-09 04:00:00+00:00,1919.8,1928.8,1911.2,1912.4,3093.98648007
2023-11-09 08:00:00+00:00,1913.2,1920.2,1906.7,1913.9,768.62712588
2023-11-09 12:00:00+00:00,1914.3,2051.4,1910.0,2034.7,11016.44299425
2023-11-09 16:00:00+00:00,2036.1,2047.9,1974.5,2019.0,4012.49947523
2023-11-09 20:00:00+00:00,2018.7,2131.5,2011.8,2120.9,9764.93234891
2023-11-10 00:00:00+00:00,2120.9,2127.7,2095.0,2120.3,7446.59159551
2023-11-10 04:00:00+00:00,2120.3,2134.7,2099.2,2100.1,8734.47860711
2023-11-10 08:00:00+00:00,2100.3,2100.5,2083.0,2094.4,12024.46769987
2023-11-10 12:00:00+00:00,2094.1,2095.1,2066.2,2089.8,5504.42728031
2023-11-10 16:00:00+00:00,2090.1,2102.8,2086.1,2087.5,8460.23471632
2023-11-10 20:00:00+00:00,2088.6,2097.3,2070.0,2077.4,6703.79795148
2023-11-11 00:00:00+00:00,2078.4,2083.9,2031.1,2046.5,6199.97479746
2023-11-11 04:00:00+00:00,2047.0,2060.4,2035.9,2055.4,821.72320486
2023-11-11 08:00:00+00:00,2055.9,2065.9,2047.3,2057.5,513.54537917
2023-11-11 12:00:00+00:00,2057.0,2089.0,2054.5,2069.6,2794.31270894
2023-11-11 16:00:00+00:00,2068.5,2088.8,2067.5,2076.2,3128.61393553
2023-11-11 20:00:00+00:00,2075.8,2075.8,2032.8,2053.3,760.89973466
2023-11-12 00:00:00+00:00,2053.5,2055.0,2013.5,2051.0,539.85543265
2023-11-12 04:00:00+00:00,2051.1,2058.9,2044.3,2057.4,5493.82016091
2023-11-12 08:00:00+00:00,2057.4,2057.4,2046.6,2048.4,11497.59956176
2023-11-12 12:00:00+00:00,2047.3,2064.6,2036.8,2057.0,13766.007727299999
2023-11-12 16:00:00+00:00,2056.6,2058.5,2044.4,2048.9,11736.61752823
2023-11-12 20:00:00+00:00,2048.5,2063.8,2029.8,2044.2,10834.69672445
2023-11-13 00:00:00+00:00,2042.9,2074.3,2036.3,2039.5,1327.55354087
2023-11-13 04:00:00+00:00,2041.2,2056.7,2029.9,2049.0,808.70087821
2023-11-13 08:00:00+00:00,2048.7,2061.2,2040.6,2048.5,731.71099635
2023-11-13 12:00:00+00:00,2048.8,2109.1,2041.3,2108.2,2085.87568615
2023-11-13 16:00:00+00:00,2107.5,2118.8,2067.1,2101.3,2179.18840324
2023-11-13 20:00:00+00:00,2101.3,2103.9,2046.0,2055.2,1562.97916491
2023-11-14 00:00:00+00:00,2054.9,2058.5,2033.1,2056.7,827.08992701
2023-11-14 04:00:00+00:00,2056.3,2065.2,2048.6,2061.1,333.75094027
2023-11-14 08:00:00+00:00,2061.2,2064.5,2026.7,2033.6,1452.88506853
2023-11-14 12:00:00+00:00,2032.3,2054.1,2020.6,2039.2,1865.37686938
2023-11-14 16:00:00+00:00,2039.5,2054.7,1933.0,1979.0,4372.08928905
2023-11-14 20:00:00+00:00,1979.0,1995.5,1969.8,1980.0,554.1763691900001
2023-11-15 00:00:00+00:00,1980.0,1991.8,1968.2,1969.1,1023.81847819
2023-11-15 04:00:00+00:00,1969.0,1987.3,1968.7,1983.8,285.43081405
2023-11-15 08:00:00+00:00,1984.0,2014.5,1982.2,2012.7,937.64401711
2023-11-15 12:00:00+00:00,2014.7,2023.7,2007.1,2022.3,556.13980963
2023-11-15 16:00:00+00:00,2021.3,2054.2,2003.7,2052.0,1736.40627972
2023-11-15 20:00:00+00:00,2052.1,2063.2,2037.1,2059.5,816.52026831
2023-11-16 00:00:00+00:00,2059.8,2081.2,2052.7,2054.1,693.00522672
2023-11-16 04:00:00+00:00,2054.0,2064.7,2049.4,2054.3,303.17071173
2023-11-16 08:00:00+00:00,2054.2,2090.8,2037.4,2069.3,616.73358815
2023-11-16 12:00:00+00:00,2070.1,2070.1,1982.6,1998.6,1442.42991308
2023-11-16 16:00:00+00:00,1996.5,2014.7,1940.0,1966.0,1611.44825008
2023-11-16 20:00:00+00:00,1966.9,1971.1,1947.7,1962.0,518.6115779
2023-11-17 00:00:00+00:00,1962.1,1991.4,1960.9,1984.1,367.26643718
2023-11-17 04:00:00+00:00,1986.1,1987.8,1969.0,1970.8,294.63850896
2023-11-17 08:00:00+00:00,1971.2,1982.4,1956.4,1967.3,459.98124978
2023-11-17 12:00:00+00:00,1965.6,1971.4,1914.1,1918.8,2263.97266756
2023-11-17 16:00:00+00:00,1918.7,1950.1,1906.2,1940.1,1993.09662676
2023-11-17 20:00:00+00:00,1939.7,1967.3,1939.0,1961.8,717.39996416
2023-11-18 00:00:00+00:00,1961.5,1962.3,1942.0,1942.0,196.88968685
2023-11-18 04:00:00+00:00,1942.3,1946.0,1919.5,1936.1,2597.94982134
2023-11-18 08:00:00+00:00,1937.1,1946.3,1933.0,1935.9,929.54473279
2023-11-18 12:00:00+00:00,1936.2,1955.4,1932.7,1953.7,1187.703547
2023-11-18 16:00:00+00:00,1953.3,1973.0,1953.3,1965.2,1227.63659499
2023-11-18 20:00:00+00:00,1966.9,1967.3,1952.2,1962.9,1076.59406145
2023-11-19 00:00:00+00:00,1963.4,1963.4,1945.2,1957.8,328.83665049
2023-11-19 04:00:00+00:00,1956.8,1967.0,1954.1,1962.9,180.15567875
2023-11-19 08:00:00+00:00,1962.8,1967.1,1947.9,1951.4,151.52687458
2023-11-19 12:00:00+00:00,1952.7,1970.6,1946.9,1967.8,211.96664551
2023-11-19 16:00:00+00:00,1968.5,1986.4,1967.8,1985.5,487.52012178
2023-11-19 20:00:00+00:00,1986.4,2015.9,1977.0,2012.6,1078.50799966
2023-11-20 00:00:00+00:00,2013.1,2013.8,1996.3,2001.0,342.97498381
2023-11-20 04:00:00+00:00,2001.0,2026.0,1995.8,2020.5,509.45363006
2023-11-20 08:00:00+00:00,2021.0,2043.6,2010.7,2026.0,836.48574619
2023-11-20 12:00:00+00:00,2026.0,2049.3,1991.5,2040.6,1369.11992137
2023-11-20 16:00:00+00:00,2042.4,2066.3,2012.6,2036.0,1282.95296787
2023-11-20 20:00:00+00:00,2036.9,2038.9,2016.0,2021.6,478.25194477
2023-11-21 00:00:00+00:00,2021.6,2034.9,2008.2,2018.4,601.35453205
2023-11-21 04:00:00+00:00,2018.2,2019.2,2003.6,2003.6,315.29995225
2023-11-21 08:00:00+00:00,2003.9,2016.6,2002.1,2003.6,255.59127908
2023-11-21 12:00:00+00:00,2004.3,2014.9,1951.2,1990.2,1812.64206362
2023-11-21 16:00:00+00:00,1989.7,2022.0,1962.0,1985.1,1561.70404465
2023-11-21 20:00:00+00:00,1986.2,2006.0,1931.4,1934.1,1110.20119149
2023-11-22 00:00:00+00:00,1933.2,1980.3,1930.5,1979.8,295.32580015
2023-11-22 04:00:00+00:00,1979.5,2002.5,1978.3,1993.7,637.22543771
2023-11-22 08:00:00+00:00,1995.6,2030.0,1993.3,2016.3,1966.01165516
2023-11-22 12:00:00+00:00,2016.7,2042.2,2013.5,2035.6,707.04795863
2023-11-22 16:00:00+00:00,2035.3,2083.3,2029.2,2077.7,1365.98899627
2023-11-22 20:00:00+00:00,2077.8,2092.4,2058.9,2063.9,1437.70758914
2023-11-23 00:00:00+00:00,2064.2,2070.8,2053.8,2060.3,291.6476635
2023-11-23 04:00:00+00:00,2060.3,2069.2,2058.5,2065.5,138.49179843
2023-11-23 08:00:00+00:00,2066.1,2089.3,2042.2,2062.8,764.91913106
2023-11-23 12:00:00+00:00,2061.2,2069.7,2040.4,2043.1,696.91064654
2023-11-23 16:00:00+00:00,2042.4,2067.3,2040.8,2062.7,291.04406734
2023-11-23 20:00:00+00:00,2062.6,2077.1,2060.6,2062.5,241.27479972
2023-11-24 00:00:00+00:00,2061.6,2076.0,2059.9,2064.0,550.73896712
2023-11-24 04:00:00+00:00,2065.0,2082.0,2063.0,2080.3,392.05570235
2023-11-24 08:00:00+00:00,2081.1,2127.2,2075.6,2099.4,2931.74988702
2023-11-24 12:00:00+00:00,2098.0,2132.8,2097.9,2118.0,5746.46226239
2023-11-24 16:00:00+00:00,2117.4,2125.5,2080.7,2087.8,3261.88572655
2023-11-24 20:00:00+00:00,2087.6,2096.8,2063.5,2079.7,988.32170974
2023-11-25 00:00:00+00:00,2080.9,2089.1,2072.7,2087.1,378.48385104
2023-11-25 04:00:00+00:00,2086.8,2089.3,2081.1,2089.1,666.6881289
2023-11-25 08:00:00+00:00,2088.6,2090.0,2065.4,2069.8,315.93796227
2023-11-25 12:00:00+00:00,2070.1,2078.6,2067.9,2078.6,224.97554293
2023-11-25 16:00:00+00:00,2078.5,2084.0,2075.3,2083.2,119.79481622
2023-11-25 20:00:00+00:00,2083.1,2087.0,2081.2,2084.5,140.46268345
2023-11-26 00:00:00+00:00,2083.3,2083.5,2068.6,2076.0,244.03357986
2023-11-26 04:00:00+00:00,2076.0,2091.7,2071.4,2089.3,658.24982432
2023-11-26 08:00:00+00:00,2089.2,2094.1,2082.6,2084.5,532.248101
2023-11-26 12:00:00+00:00,2084.7,2089.5,2061.1,2065.0,1729.20021347
2023-11-26 16:00:00+00:00,2065.0,2068.7,2036.8,2057.2,1966.53776048
2023-11-26 20:00:00+00:00,2055.9,2081.1,2055.9,2061.7,492.38094029
2023-11-27 00:00:00+00:00,2062.5,2070.4,2039.4,2047.8,331.39902184
2023-11-27 04:00:00+00:00,2048.4,2054.5,2030.7,2046.1,367.3136433
2023-11-27 08:00:00+00:00,2046.1,2052.7,2018.0,2026.2,8832.75874618
2023-11-27 12:00:00+00:00,2026.1,2030.1,2001.5,2003.1,4955.74732692
2023-11-27 16:00:00+00:00,2003.6,2024.6,1987.6,1996.6,2519.47520131
2023-11-27 20:00:00+00:00,1995.0,2030.0,1988.9,2029.1,369.02447287
2023-11-28 00:00:00+00:00,2027.3,2040.3,2021.6,2027.0,131.81367811
2023-11-28 04:00:00+00:00,2027.3,2029.2,1996.5,2016.3,1447.47982273
2023-11-28 08:00:00+00:00,2015.9,2029.5,2006.8,2029.5,177.53068733
2023-11-28 12:00:00+00:00,2029.7,2042.5,2021.2,2038.7,508.32841999
2023-11-28 16:00:00+00:00,2037.7,2074.5,2036.5,2058.9,8631.703938030001
2023-11-28 20:00:00+00:00,2058.9,2064.3,2043.8,2046.0,2856.33641463
2023-11-29 00:00:00+00:00,2045.8,2056.9,2039.9,2052.3,383.1753814
2023-11-29 04:00:00+00:00,2052.6,2062.3,2047.2,2056.4,2700.23267553
2023-11-29 08:00:00+00:00,2057.0,2074.9,2045.6,2053.0,380.65370264
2023-11-29 12:00:00+00:00,2052.9,2060.9,2018.3,2031.1,560.10552052
2023-11-29 16:00:00+00:00,2031.5,2042.4,2019.2,2040.0,242.67690651
2023-11-29 20:00:00+00:00,2037.9,2038.0,2020.3,2028.5,189.56447227
2023-11-30 00:00:00+00:00,2028.2,2040.2,2022.8,2039.8,90.98211368
2023-11-30 04:00:00+00:00,2040.6,2043.6,2032.5,2034.3,229.37334277
2023-11-30 08:00:00+00:00,2035.1,2046.2,2021.5,2046.2,152.7202505
2023-11-30 12:00:00+00:00,2046.3,2051.7,2025.7,2032.3,404.83342482
2023-11-30 16:00:00+00:00,2032.4,2043.7,2028.8,2041.7,149.14804682
2023-11-30 20:00:00+00:00,2041.7,2054.9,2040.3,2052.0,197.22541870999999
2023-12-01 00:00:00+00:00,2052.7,2093.0,2046.1,2091.6,916.29681779
2023-12-01 04:00:00+00:00,2091.7,2105.9,2087.7,2093.5,2416.1686382
2023-12-01 08:00:00+00:00,2092.5,2109.1,2086.9,2093.7,4352.08120932
2023-12-01 12:00:00+00:00,2092.8,2093.8,2071.3,2080.8,1348.4613215
2023-12-01 16:00:00+00:00,2080.0,2109.5,2078.7,2090.6,2631.34884015
2023-12-01 20:00:00+00:00,2091.1,2095.9,2083.2,2087.1,1914.8688869100001
2023-12-02 00:00:00+00:00,2087.2,2096.1,2087.1,2092.7,2106.44487664
2023-12-02 04:00:00+00:00,2093.1,2105.5,2090.8,2095.6,614.37553519
2023-12-02 08:00:00+00:00,2097.7,2105.9,2097.4,2100.0,148.45683959
2023-12-02 12:00:00+00:00,2099.0,2107.8,2093.7,2104.3,184.16177749
2023-12-02 16:00:00+00:00,2103.7,2184.0,2098.0,2158.1,4380.79441089
2023-12-02 20:00:00+00:00,2158.7,2175.4,2154.3,2163.9,3555.76024
2023-12-03 00:00:00+00:00,2163.9,2175.4,2155.2,2160.1,3286.58091663
2023-12-03 04:00:00+00:00,2160.2,2162.4,2152.8,2161.2,1217.46548908
2023-12-03 08:00:00+00:00,2161.2,2164.3,2154.6,2155.8,1562.43329948
2023-12-03 12:00:00+00:00,2156.3,2163.6,2146.8,2159.2,1359.45047459
2023-12-03 16:00:00+00:00,2159.4,2169.2,2150.3,2166.9,787.46985586
2023-12-03 20:00:00+00:00,2166.9,2214.7,2165.0,2191.5,3564.8220891
2023-12-04 00:00:00+00:00,2192.1,2225.4,2191.0,2209.0,6655.94298608
2023-12-04 04:00:00+00:00,2208.6,2261.7,2208.6,2244.7,4071.9887121
2023-12-04 08:00:00+00:00,2245.0,2269.0,2211.5,2235.0,3665.30232033
2023-12-04 12:00:00+00:00,2235.3,2254.3,2200.0,2211.2,2147.2385066
2023-12-04 16:00:00+00:00,2209.8,2233.5,2208.7,2233.2,1552.42415037
2023-12-04 20:00:00+00:00,2232.0,2251.2,2218.5,2241.2,437.54528602
2023-12-05 00:00:00+00:00,2241.4,2250.8,2221.9,2227.3,537.40567214
2023-12-05 04:00:00+00:00,2227.4,2235.9,2186.1,2197.1,1860.31104499
2023-12-05 08:00:00+00:00,2199.0,2207.4,2188.9,2201.9,481.67280099
2023-12-05 12:00:00+00:00,2201.8,2233.0,2198.6,2229.5,770.72275347
2023-12-05 16:00:00+00:00,2227.7,2307.8,2220.6,2271.3,3712.97456274
2023-12-05 20:00:00+00:00,2271.8,2298.4,2252.3,2294.7,5091.84168675
2023-12-06 00:00:00+00:00,2295.5,2312.5,2276.3,2283.1,2905.72640366
2023-12-06 04:00:00+00:00,2283.8,2285.6,2260.3,2267.0,1127.03808482
2023-12-06 08:00:00+00:00,2266.6,2286.8,2234.5,2253.8,1625.38343968
2023-12-06 12:00:00+00:00,2252.1,2268.2,2249.7,2255.1,1399.03456931
2023-12-06 16:00:00+00:00,2254.1,2285.1,2252.7,2263.9,2309.21525626
2023-12-06 20:00:00+00:00,2263.4,2265.5,2222.4,2235.7,1303.78356526
2023-12-07 00:00:00+00:00,2235.3,2251.8,2233.3,2251.2,550.5487478
2023-12-07 04:00:00+00:00,2251.3,2271.5,2250.5,2263.1,187.13593374
2023-12-07 08:00:00+00:00,2263.7,2270.5,2224.2,2236.5,911.30330696
2023-12-07 12:00:00+00:00,2238.0,2329.0,2234.6,2323.2,4154.93697793
2023-12-07 16:00:00+00:00,2322.5,2356.0,2318.5,2334.6,9730.26228084
2023-12-07 20:00:00+00:00,2337.4,2382.7,2337.4,2357.5,917.78321901
2023-12-08 00:00:00+00:00,2356.5,2387.9,2354.7,2379.2,446.9229374
2023-12-08 04:00:00+00:00,2376.2,2392.2,2353.6,2353.6,615.7720276
2023-12-08 08:00:00+00:00,2353.0,2373.4,2346.2,2366.7,543.3062312
2023-12-08 12:00:00+00:00,2365.1,2377.8,2336.4,2346.9,1387.19275958
2023-12-08 16:00:00+00:00,2346.7,2361.9,2340.9,2353.5,701.14477721
2023-12-08 20:00:00+00:00,2354.2,2377.1,2353.6,2358.3,470.30974405
2023-12-09 00:00:00+00:00,2359.2,2365.9,2350.5,2358.9,226.71201867
2023-12-09 04:00:00+00:00,2361.2,2386.1,2359.9,2384.1,1707.12434289
2023-12-09 08:00:00+00:00,2383.1,2404.1,2350.8,2358.5,2920.59072518
2023-12-09 12:00:00+00:00,2357.8,2371.1,2340.2,2365.6,669.56127683
2023-12-09 16:00:00+00:00,2365.5,2368.2,2345.2,2359.1,237.19917076000002
2023-12-09 20:00:00+00:00,2358.6,2363.4,2330.5,2341.9,676.57721543
2023-12-10 00:00:00+00:00,2342.5,2356.6,2342.1,2352.1,236.3371905
2023-12-10 04:00:00+00:00,2353.1,2360.7,2347.7,2355.1,152.02389521
2023-12-10 08:00:00+00:00,2355.4,2357.9,2324.5,2338.9,620.71216802
2023-12-10 12:00:00+00:00,2339.7,2357.9,2339.6,2353.7,168.62450979
2023-12-10 16:00:00+00:00,2353.9,2362.8,2343.5,2357.2,280.43975762
2023-12-10 20:00:00+00:00,2357.3,2378.9,2346.5,2354.6,599.76813236
2023-12-11 00:00:00+00:00,2353.6,2356.4,2137.8,2254.9,4354.83304481
2023-12-11 04:00:00+00:00,2252.8,2256.3,2229.7,2238.1,1142.18497906
2023-12-11 08:00:00+00:00,2237.5,2254.4,2232.2,2251.3,779.89191484
2023-12-11 12:00:00+00:00,2251.3,2253.8,2204.6,2219.3,1464.08055887
2023-12-11 16:00:00+00:00,2220.0,2222.9,2159.0,2188.9,2600.92673685
2023-12-11 20:00:00+00:00,2188.4,2229.3,2183.3,2226.9,912.72852701
2023-12-12 00:00:00+00:00,2226.3,2245.0,2223.4,2232.6,581.50881962
2023-12-12 04:00:00+00:00,2232.9,2240.1,2213.9,2235.9,286.93745592
2023-12-12 08:00:00+00:00,2235.1,2239.4,2209.3,2209.5,613.91356861
2023-12-12 12:00:00+00:00,2211.5,2233.9,2187.8,2194.3,726.2484758
2023-12-12 16:00:00+00:00,2194.6,2197.9,2168.4,2177.9,1351.34110497
2023-12-12 20:00:00+00:00,2180.5,2207.7,2166.7,2204.4,1077.50068306
2023-12-13 00:00:00+00:00,2204.5,2207.8,2151.4,2166.0,710.09378164
2023-12-13 04:00:00+00:00,2167.6,2181.1,2147.8,2174.2,1150.48717317
2023-12-13 08:00:00+00:00,2174.9,2187.0,2170.0,2171.2,431.49109658
2023-12-13 12:00:00+00:00,2172.6,2227.6,2172.6,2219.0,1367.53136997
2023-12-13 16:00:00+00:00,2219.7,2256.1,2203.4,2251.9,894.86453162
2023-12-13 20:00:00+00:00,2254.7,2285.1,2248.2,2262.5,809.66566849
2023-12-14 00:00:00+00:00,2262.1,2264.4,2248.2,2253.0,163.94208512
2023-12-14 04:00:00+00:00,2253.6,2284.7,2249.6,2284.7,288.97563206
2023-12-14 08:00:00+00:00,2284.8,2309.1,2273.7,2309.1,692.08437755
2023-12-14 12:00:00+00:00,2309.1,2319.1,2229.5,2277.2,2334.94862307
2023-12-14 16:00:00+00:00,2277.8,2315.4,2277.7,2295.9,461.42546296
2023-12-14 20:00:00+00:00,2293.7,2334.1,2286.0,2319.1,264.46538922
2023-12-15 00:00:00+00:00,2317.5,2319.8,2275.5,2283.3,1241.90458848
2023-12-15 04:00:00+00:00,2282.3,2285.2,2258.1,2273.1,510.48224993
2023-12-15 08:00:00+00:00,2273.8,2287.8,2267.8,2274.6,170.61566756
2023-12-15 12:00:00+00:00,2275.3,2275.3,2227.4,2233.7,341.08832776
2023-12-15 16:00:00+00:00,2233.4,2250.9,2231.4,2244.0,181.84080972
2023-12-15 20:00:00+00:00,2243.0,2254.4,2201.6,2220.8,624.06273346
2023-12-16 00:00:00+00:00,2223.9,2260.9,2213.5,2257.0,962.48656771
2023-12-16 04:00:00+00:00,2257.7,2257.7,2240.1,2243.5,460.74604968
2023-12-16 08:00:00+00:00,2243.8,2255.0,2243.0,2253.5,182.97574245
2023-12-16 12:00:00+00:00,2253.4,2261.1,2242.9,2258.3,223.67367842
2023-12-16 16:00:00+00:00,2257.3,2265.6,2233.1,2238.2,229.95938696
2023-12-16 20:00:00+00:00,2237.0,2242.1,2222.9,2231.7,242.30432209
2023-12-17 00:00:00+00:00,2232.3,2235.6,2214.5,2217.8,266.63833141
2023-12-17 04:00:00+00:00,2219.0,2225.7,2203.7,2210.1,178.74568902
2023-12-17 08:00:00+00:00,2210.5,2222.5,2207.8,2218.4,134.43118167
2023-12-17 12:00:00+00:00,2216.8,2227.7,2203.2,2222.9,609.64192246
2023-12-17 16:00:00+00:00,2223.9,2242.6,2212.5,2236.5,344.22234061
2023-12-17 20:00:00+00:00,2238.5,2250.0,2192.0,2197.7,715.76156468
2023-12-18 00:00:00+00:00,2198.1,2205.6,2163.0,2176.8,547.22877196
2023-12-18 04:00:00+00:00,2176.3,2185.3,2167.8,2170.6,364.61445853
2023-12-18 08:00:00+00:00,2170.8,2179.1,2118.2,2143.5,1997.00435007
2023-12-18 12:00:00+00:00,2143.5,2174.4,2128.9,2154.7,899.48035846
2023-12-18 16:00:00+00:00,2157.6,2176.6,2151.6,2176.5,487.75763402
2023-12-18 20:00:00+00:00,2175.9,2224.7,2169.1,2219.4,795.60872019
2023-12-19 00:00:00+00:00,2220.7,2253.6,2213.4,2238.6,1308.37352853
2023-12-19 04:00:00+00:00,2239.6,2254.8,2233.6,2250.5,646.72366639
2023-12-19 08:00:00+00:00,2250.2,2257.2,2236.4,2238.0,331.19166989
2023-12-19 12:00:00+00:00,2240.2,2242.4,2180.8,2192.6,729.78278041
2023-12-19 16:00:00+00:00,2191.2,2206.1,2138.0,2177.2,981.13815988
2023-12-19 20:00:00+00:00,2176.6,2187.5,2167.1,2180.5,242.76062024
2023-12-20 00:00:00+00:00,2180.1,2192.2,2172.1,2187.3,316.46234245
2023-12-20 04:00:00+00:00,2188.4,2224.0,2186.3,2217.9,521.44809159
2023-12-20 08:00:00+00:00,2219.6,2225.7,2206.7,2212.0,548.29570474
2023-12-20 12:00:00+00:00,2213.0,2268.0,2204.7,2249.1,2065.48791471
2023-12-20 16:00:00+00:00,2250.4,2251.8,2195.5,2207.5,1084.18228051
2023-12-20 20:00:00+00:00,2207.5,2209.0,2160.2,2203.7,731.46753658
2023-12-21 00:00:00+00:00,2201.6,2205.5,2187.0,2203.4,297.06882069
2023-12-21 04:00:00+00:00,2202.8,2222.5,2195.7,2219.2,522.34136014
2023-12-21 08:00:00+00:00,2218.7,2260.0,2207.7,2256.0,1492.39588108
2023-12-21 12:00:00+00:00,2257.5,2281.8,2203.3,2235.0,1240.8659604
2023-12-21 16:00:00+00:00,2235.8,2248.0,2221.4,2228.3,698.81887769
2023-12-21 20:00:00+00:00,2227.7,2265.4,2220.7,2241.5,1005.53959926
2023-12-22 00:00:00+00:00,2242.3,2262.4,2233.1,2250.4,354.59044201
2023-12-22 04:00:00+00:00,2251.5,2300.0,2248.0,2276.5,1788.9525449
2023-12-22 08:00:00+00:00,2276.0,2335.0,2272.3,2316.7,2049.81049615
2023-12-22 12:00:00+00:00,2319.0,2346.9,2293.9,2324.5,1363.56344279
2023-12-22 16:00:00+00:00,2323.0,2345.1,2310.8,2314.1,628.09660826
2023-12-22 20:00:00+00:00,2314.6,2331.2,2307.3,2330.0,293.55804655000003
2023-12-23 00:00:00+00:00,2329.7,2337.1,2270.1,2275.2,667.42157351
2023-12-23 04:00:00+00:00,2275.7,2297.7,2269.2,2287.7,217.58351463
2023-12-23 08:00:00+00:00,2287.1,2296.2,2283.2,2290.1,315.97066946
2023-12-23 12:00:00+00:00,2290.3,2300.4,2288.6,2289.1,144.31061576
2023-12-23 16:00:00+00:00,2288.9,2315.0,2287.0,2296.8,338.78827978
2023-12-23 20:00:00+00:00,2297.7,2318.2,2289.6,2312.8,207.41371514
2023-12-24 00:00:00+00:00,2312.6,2323.5,2298.5,2312.3,293.95617434
2023-12-24 04:00:00+00:00,2313.3,2325.2,2277.9,2298.8,771.82845529
2023-12-24 08:00:00+00:00,2297.3,2301.2,2277.9,2290.6,584.57756692
2023-12-24 12:00:00+00:00,2290.7,2309.9,2288.7,2296.9,276.10655679
2023-12-24 16:00:00+00:00,2297.1,2300.1,2286.1,2291.5,130.12381507
2023-12-24 20:00:00+00:00,2290.2,2290.5,2248.1,2267.1,559.96875927
2023-12-25 00:00:00+00:00,2267.1,2278.5,2257.3,2278.5,137.8829697
2023-12-25 04:00:00+00:00,2279.7,2293.3,2278.7,2283.4,157.63199563
2023-12-25 08:00:00+00:00,2283.5,2290.1,2269.1,2283.8,242.06112528
2023-12-25 12:00:00+00:00,2283.5,2308.4,2277.8,2290.0,431.75057454
2023-12-25 16:00:00+00:00,2290.4,2290.7,2271.9,2277.3,333.88696221
2023-12-25 20:00:00+00:00,2276.0,2288.6,2260.0,2275.0,432.37509786
2023-12-26 00:00:00+00:00,2274.2,2277.0,2266.7,2271.0,104.66259463
2023-12-26 04:00:00+00:00,2271.5,2274.5,2223.0,2245.0,703.94806436
2023-12-26 08:00:00+00:00,2244.9,2246.6,2219.7,2245.0,886.90599094
2023-12-26 12:00:00+00:00,2245.1,2252.3,2228.0,2231.2,820.7190335
2023-12-26 16:00:00+00:00,2231.7,2234.9,2182.0,2212.7,2011.63079889
2023-12-26 20:00:00+00:00,2213.1,2234.8,2211.5,2234.0,143.3655232
2023-12-27 00:00:00+00:00,2233.1,2235.0,2215.3,2222.8,192.41897479
2023-12-27 04:00:00+00:00,2220.0,2234.6,2219.3,2233.8,129.83943772
2023-12-27 08:00:00+00:00,2230.8,2294.0,2230.1,2288.2,703.03026202
2023-12-27 12:00:00+00:00,2289.5,2358.6,2280.5,2345.6,2871.98547802
2023-12-27 16:00:00+00:00,2346.4,2377.6,2336.9,2348.9,7053.00094449
2023-12-27 20:00:00+00:00,2351.0,2393.5,2348.5,2379.6,4071.1146261
2023-12-28 00:00:00+00:00,2380.7,2447.1,2379.2,2413.7,7370.92784698
2023-12-28 04:00:00+00:00,2415.2,2424.6,2366.5,2383.4,2204.98972328
2023-12-28 08:00:00+00:00,2383.8,2412.5,2375.6,2402.7,2360.3895209400002
2023-12-28 12:00:00+00:00,2404.8,2415.4,2347.4,2360.6,4971.48114589
2023-12-28 16:00:00+00:00,2359.9,2384.9,2351.3,2367.5,1811.73318701
2023-12-28 20:00:00+00:00,2365.6,2366.4,2337.1,2348.0,964.3350203
2023-12-29 00:00:00+00:00,2346.5,2367.0,2314.5,2355.0,1645.95837136
2023-12-29 04:00:00+00:00,2356.1,2363.1,2334.9,2336.5,473.41312056
2023-12-29 08:00:00+00:00,2337.1,2381.9,2337.1,2376.3,485.61132287
2023-12-29 12:00:00+00:00,2376.7,2388.6,2320.9,2329.3,665.90066289
2023-12-29 16:00:00+00:00,2330.7,2335.7,2288.9,2319.3,1673.70659652
2023-12-29 20:00:00+00:00,2317.3,2317.3,2258.1,2302.7,1117.15623993
2023-12-30 00:00:00+00:00,2299.7,2312.5,2290.8,2300.5,149.31667778
2023-12-30 04:00:00+00:00,2300.2,2310.8,2297.3,2297.6,133.95987406
2023-12-30 08:00:00+00:00,2296.1,2299.1,2271.3,2289.1,1127.8423329
2023-12-30 12:00:00+00:00,2291.0,2318.0,2285.5,2317.1,578.60930284
2023-12-30 16:00:00+00:00,2318.7,2324.7,2299.3,2301.0,328.79126877
2023-12-30 20:00:00+00:00,2302.5,2307.4,2277.0,2293.5,443.56999366
2023-12-31 00:00:00+00:00,2294.0,2306.7,2280.3,2284.7,120.51632906
2023-12-31 04:00:00+00:00,2286.1,2307.0,2282.7,2298.5,96.33013481
2023-12-31 08:00:00+00:00,2297.9,2318.2,2292.4,2310.9,785.30854485
2023-12-31 12:00:00+00:00,2311.2,2323.7,2294.8,2301.2,390.12239588
2023-12-31 16:00:00+00:00,2300.3,2310.4,2293.4,2297.6,203.45406618
2023-12-31 20:00:00+00:00,2295.9,2296.5,2260.0,2284.9,527.82783018
2024-01-01 00:00:00+00:00,2286.5,2308.3,2273.9,2275.7,176.57705497
2024-01-01 04:00:00+00:00,2275.4,2288.8,2269.5,2286.3,182.76175535
2024-01-01 08:00:00+00:00,2287.5,2308.0,2282.8,2307.4,2970.76200256
2024-01-01 12:00:00+00:00,2308.6,2321.5,2299.4,2319.8,455.2373584
2024-01-01 16:00:00+00:00,2318.1,2341.9,2310.2,2339.1,713.70777795
2024-01-01 20:00:00+00:00,2339.4,2352.6,2326.6,2352.5,741.27545504
2024-01-02 00:00:00+00:00,2352.7,2398.1,2348.1,2386.0,3052.15223943
2024-01-02 04:00:00+00:00,2386.0,2391.6,2374.8,2387.9,1874.66192812
2024-01-02 08:00:00+00:00,2386.0,2431.9,2380.9,2393.0,4292.71716405
2024-01-02 12:00:00+00:00,2392.9,2406.1,2355.0,2359.9,2167.76050571
2024-01-02 16:00:00+00:00,2362.2,2375.0,2353.4,2371.1,672.38967049
2024-01-02 20:00:00+00:00,2370.2,2382.4,2340.0,2356.7,845.56406117
2024-01-03 00:00:00+00:00,2358.2,2387.1,2350.3,2371.1,402.25398353
2024-01-03 04:00:00+00:00,2371.9,2383.3,2361.2,2365.3,270.56009732
2024-01-03 08:00:00+00:00,2366.3,2387.1,2298.8,2307.7,1408.37282607
2024-01-03 12:00:00+00:00,2309.2,2309.3,2097.4,2244.0,17759.95155266
2024-01-03 16:00:00+00:00,2244.1,2248.3,2192.1,2209.5,1602.09889888
2024-01-03 20:00:00+00:00,2208.9,2230.0,2198.9,2211.8,388.12675724
2024-01-04 00:00:00+00:00,2211.3,2241.2,2204.7,2233.4,364.69234478
2024-01-04 04:00:00+00:00,2233.2,2246.9,2224.1,2226.0,480.86819921
2024-01-04 08:00:00+00:00,2225.4,2233.0,2208.4,2229.8,324.17507926
2024-01-04 12:00:00+00:00,2229.9,2287.4,2226.5,2279.8,1593.05664162
2024-01-04 16:00:00+00:00,2279.8,2297.1,2263.9,2279.5,2041.87796707
2024-01-04 20:00:00+00:00,2277.4,2298.4,2266.3,2270.8,1420.87922674
2024-01-05 00:00:00+00:00,2271.0,2277.1,2213.3,2244.1,1246.95831365
2024-01-05 04:00:00+00:00,2246.1,2267.3,2237.8,2256.7,280.88350496
2024-01-05 08:00:00+00:00,2256.1,2271.9,2238.2,2244.3,385.54506313
2024-01-05 12:00:00+00:00,2248.8,2255.1,2221.1,2224.3,867.77803496
2024-01-05 16:00:00+00:00,2226.9,2242.7,2209.5,2236.1,367.72419727
2024-01-05 20:00:00+00:00,2237.6,2279.5,2237.6,2270.1,969.50534472
2024-01-06 00:00:00+00:00,2271.6,2272.9,2253.6,2256.4,179.23748269
2024-01-06 04:00:00+00:00,2255.2,2256.7,2218.5,2235.1,1441.22318902
2024-01-06 08:00:00+00:00,2235.1,2241.4,2230.9,2240.2,461.45500507
2024-01-06 12:00:00+00:00,2238.2,2249.0,2230.0,2247.4,791.49301607
2024-01-06 16:00:00+00:00,2247.5,2255.2,2239.7,2247.0,169.61442084
2024-01-06 20:00:00+00:00,2246.3,2249.0,2233.0,2242.0,289.44488226
2024-01-07 00:00:00+00:00,2242.9,2255.8,2239.1,2245.0,98.31869198
2024-01-07 04:00:00+00:00,2245.4,2253.4,2244.1,2251.0,150.23109350000001
2024-01-07 08:00:00+00:00,2252.9,2254.7,2233.9,2240.7,366.21554243
2024-01-07 12:00:00+00:00,2239.5,2260.0,2224.3,2232.4,565.11936923
2024-01-07 16:00:00+00:00,2234.6,2252.4,2224.0,2250.5,235.85643634
2024-01-07 20:00:00+00:00,2251.0,2253.3,2206.6,2224.1,492.60447957
2024-01-08 00:00:00+00:00,2223.6,2226.5,2168.4,2192.8,927.9355356
2024-01-08 04:00:00+00:00,2192.2,2232.1,2190.8,2226.9,339.3419571
2024-01-08 08:00:00+00:00,2227.4,2243.9,2208.7,2243.4,322.38679687
2024-01-08 12:00:00+00:00,2243.6,2286.2,2243.2,2276.3,1223.6780734
2024-01-08 16:00:00+00:00,2274.6,2359.2,2262.9,2355.9,3642.59654899
2024-01-08 20:00:00+00:00,2358.9,2359.6,2327.5,2333.0,770.9225378900001
2024-01-09 00:00:00+00:00,2333.0,2337.5,2290.1,2311.1,878.67792131
2024-01-09 04:00:00+00:00,2309.8,2317.8,2299.2,2307.3,743.05587054
2024-01-09 08:00:00+00:00,2306.9,2311.8,2287.4,2300.7,657.28405736
2024-01-09 12:00:00+00:00,2300.7,2306.1,2226.7,2258.6,2598.80872512
2024-01-09 16:00:00+00:00,2258.5,2278.5,2245.9,2272.1,2532.93131183
2024-01-09 20:00:00+00:00,2272.8,2371.5,2246.6,2344.1,5187.96175629
2024-01-10 00:00:00+00:00,2344.5,2401.5,2340.4,2360.3,7840.89026649
2024-01-10 04:00:00+00:00,2364.0,2393.4,2358.4,2371.0,1514.44356563
2024-01-10 08:00:00+00:00,2373.4,2430.1,2364.2,2403.2,3336.90348953
2024-01-10 12:00:00+00:00,2402.4,2459.5,2344.1,2450.8,3801.23877431
2024-01-10 16:00:00+00:00,2450.5,2482.2,2403.5,2479.3,3098.28856257
2024-01-10 20:00:00+00:00,2474.9,2635.1,2412.9,2580.4,14733.39924674
2024-01-11 00:00:00+00:00,2583.3,2613.2,2566.1,2613.0,2470.99129725
2024-01-11 04:00:00+00:00,2613.1,2629.4,2572.6,2588.6,2857.69755404
2024-01-11 08:00:00+00:00,2589.2,2662.7,2587.8,2654.1,9091.26385969
2024-01-11 12:00:00+00:00,2655.4,2685.9,2596.5,2612.3,5203.03631373
2024-01-11 16:00:00+00:00,2612.9,2624.6,2562.3,2619.4,4283.20847285
2024-01-11 20:00:00+00:00,2620.0,2628.9,2587.1,2620.0,2254.8694539900002
2024-01-12 00:00:00+00:00,2618.5,2624.3,2581.0,2590.8,701.29768799
2024-01-12 04:00:00+00:00,2588.8,2624.3,2585.7,2595.1,1111.99200897
2024-01-12 08:00:00+00:00,2590.0,2664.3,2583.1,2647.2,2288.81876329
2024-01-12 12:00:00+00:00,2648.8,2715.9,2634.9,2647.1,4581.10451575
2024-01-12 16:00:00+00:00,2643.5,2691.3,2557.2,2584.4,6048.58738822
2024-01-12 20:00:00+00:00,2583.4,2597.9,2457.3,2524.0,3028.97375539
2024-01-13 00:00:00+00:00,2527.0,2556.3,2498.2,2547.2,821.76545477
2024-01-13 04:00:00+00:00,2547.3,2559.8,2539.0,2549.8,1636.91329959
2024-01-13 08:00:00+00:00,2550.2,2559.6,2520.8,2541.6,641.85000182
2024-01-13 12:00:00+00:00,2540.8,2567.2,2533.0,2565.1,1187.13400057
2024-01-13 16:00:00+00:00,2564.6,2578.8,2549.5,2571.0,1059.50764152
2024-01-13 20:00:00+00:00,2574.5,2589.0,2563.7,2576.2,285.33810636
2024-01-14 00:00:00+00:00,2577.5,2578.5,2550.4,2550.8,576.22605963
2024-01-14 04:00:00+00:00,2550.2,2555.6,2543.3,2551.0,398.13337945
2024-01-14 08:00:00+00:00,2551.0,2553.8,2535.7,2537.3,370.92357359
2024-01-14 12:00:00+00:00,2537.1,2546.0,2525.0,2539.0,230.76567803
2024-01-14 16:00:00+00:00,2539.4,2543.6,2499.2,2500.0,509.84632268
2024-01-14 20:00:00+00:00,2499.8,2531.1,2468.7,2472.7,1587.7230971
2024-01-15 00:00:00+00:00,2474.6,2513.2,2472.1,2504.7,865.96980514
2024-01-15 04:00:00+00:00,2503.4,2520.6,2503.4,2513.9,139.903352
2024-01-15 08:00:00+00:00,2513.6,2542.5,2507.2,2539.1,323.4141739
2024-01-15 12:00:00+00:00,2539.1,2549.1,2506.2,2514.7,702.68505628
2024-01-15 16:00:00+00:00,2514.5,2552.5,2514.5,2534.5,459.94759902
2024-01-15 20:00:00+00:00,2534.1,2539.8,2501.2,2514.6,377.94660883
2024-01-16 00:00:00+00:00,2512.2,2537.2,2505.5,2536.8,456.160255
2024-01-16 04:00:00+00:00,2539.1,2541.1,2522.4,2527.2,229.41642922
2024-01-16 08:00:00+00:00,2527.6,2548.8,2522.5,2530.3,468.09146551
2024-01-16 12:00:00+00:00,2530.4,2572.3,2497.2,2560.4,1219.76067099
2024-01-16 16:00:00+00:00,2560.6,2580.1,2550.0,2574.6,621.18196978
2024-01-16 20:00:00+00:00,2575.3,2616.7,2573.9,2586.7,584.7048332
2024-01-17 00:00:00+00:00,2588.6,2593.9,2572.6,2572.6,361.0401638
2024-01-17 04:00:00+00:00,2572.6,2574.6,2552.1,2552.4,270.26556363
2024-01-17 08:00:00+00:00,2552.0,2554.1,2535.4,2544.2,473.43754959
2024-01-17 12:00:00+00:00,2542.3,2574.5,2531.6,2541.4,1785.29591939
2024-01-17 16:00:00+00:00,2540.4,2544.4,2518.4,2534.5,1058.13843076
2024-01-17 20:00:00+00:00,2534.2,2544.8,2508.0,2530.8,1693.06925499
2024-01-18 00:00:00+00:00,2530.4,2532.7,2511.1,2530.3,396.15774326
2024-01-18 04:00:00+00:00,2531.0,2539.6,2526.0,2539.1,578.63499075
2024-01-18 08:00:00+00:00,2538.7,2549.1,2516.2,2522.7,479.18449847
2024-01-18 12:00:00+00:00,2523.8,2535.0,2505.0,2525.8,338.80302503
2024-01-18 16:00:00+00:00,2525.4,2525.4,2430.5,2439.1,2305.3196176
2024-01-18 20:00:00+00:00,2438.8,2473.5,2428.6,2471.0,751.05368141
2024-01-19 00:00:00+00:00,2470.9,2475.2,2446.0,2463.1,305.21239715
2024-01-19 04:00:00+00:00,2462.6,2476.0,2459.1,2466.6,318.75216158
2024-01-19 08:00:00+00:00,2466.9,2496.6,2462.1,2491.0,537.68739386
2024-01-19 12:00:00+00:00,2490.9,2501.8,2464.6,2465.8,405.63812728
2024-01-19 16:00:00+00:00,2466.1,2506.4,2418.6,2494.6,6678.78801769
2024-01-19 20:00:00+00:00,2495.9,2507.6,2484.3,2494.1,525.63507112
2024-01-20 00:00:00+00:00,2493.4,2494.0,2479.3,2485.7,1085.64074946
2024-01-20 04:00:00+00:00,2486.5,2491.2,2480.1,2484.0,289.17881782
2024-01-20 08:00:00+00:00,2483.5,2484.7,2467.8,2474.6,468.65764007
2024-01-20 12:00:00+00:00,2474.2,2479.9,2463.1,2468.1,92.41220746
2024-01-20 16:00:00+00:00,2468.1,2470.7,2457.6,2465.9,443.25602794
2024-01-20 20:00:00+00:00,2464.9,2478.2,2464.9,2473.3,192.70110422
2024-01-21 00:00:00+00:00,2475.8,2486.7,2470.1,2479.3,277.16116475
2024-01-21 04:00:00+00:00,2480.7,2480.7,2472.9,2480.4,63.02119544
2024-01-21 08:00:00+00:00,2481.5,2486.2,2478.3,2478.5,207.56975432
2024-01-21 12:00:00+00:00,2478.7,2485.6,2469.4,2473.1,117.37878186
2024-01-21 16:00:00+00:00,2472.0,2482.4,2470.3,2478.4,158.06004855
2024-01-21 20:00:00+00:00,2479.3,2479.9,2456.5,2458.0,289.55070595
2024-01-22 00:00:00+00:00,2462.5,2469.4,2428.8,2440.9,335.62603062
2024-01-22 04:00:00+00:00,2441.0,2442.3,2406.9,2425.2,2583.41231083
2024-01-22 08:00:00+00:00,2423.6,2423.6,2366.2,2384.7,3246.15264973
2024-01-22 12:00:00+00:00,2384.4,2406.3,2355.0,2382.0,4108.51416317
2024-01-22 16:00:00+00:00,2380.7,2389.1,2310.2,2323.0,3781.10457041
2024-01-22 20:00:00+00:00,2322.9,2354.5,2305.0,2315.0,5735.7113339
2024-01-23 00:00:00+00:00,2315.7,2344.0,2314.4,2341.2,1257.35510841
2024-01-23 04:00:00+00:00,2341.8,2353.5,2319.6,2324.4,460.20776579
2024-01-23 08:00:00+00:00,2325.5,2327.4,2202.0,2222.2,8845.43410168
2024-01-23 12:00:00+00:00,2219.4,2232.7,2168.4,2220.6,6715.6387543
2024-01-23 16:00:00+00:00,2220.6,2235.6,2184.8,2188.0,8791.27686623
2024-01-23 20:00:00+00:00,2188.8,2250.4,2188.0,2246.3,5974.37307423
2024-01-24 00:00:00+00:00,2244.6,2257.2,2215.4,2215.7,477.36968129
2024-01-24 04:00:00+00:00,2216.1,2247.1,2216.1,2236.9,154.79918249
2024-01-24 08:00:00+00:00,2237.5,2267.0,2231.5,2245.4,275.69247325
2024-01-24 12:00:00+00:00,2246.8,2249.8,2220.8,2237.8,274.24691132
2024-01-24 16:00:00+00:00,2237.1,2245.7,2206.2,2214.0,1906.02052055
2024-01-24 20:00:00+00:00,2217.0,2240.7,2195.6,2237.1,1449.23372296
2024-01-25 00:00:00+00:00,2236.5,2242.6,2208.8,2218.7,404.64599402
2024-01-25 04:00:00+00:00,2218.7,2229.9,2205.6,2229.9,192.24628834
2024-01-25 08:00:00+00:00,2230.1,2244.6,2221.0,2233.0,407.98865499
2024-01-25 12:00:00+00:00,2232.6,2235.2,2179.9,2190.5,1728.64978085
2024-01-25 16:00:00+00:00,2188.3,2225.0,2172.0,2219.0,1292.74525892
2024-01-25 20:00:00+00:00,2218.7,2230.9,2212.7,2220.1,837.59506791
2024-01-26 00:00:00+00:00,2220.5,2239.6,2213.9,2223.4,212.89430791
2024-01-26 04:00:00+00:00,2225.4,2228.3,2198.3,2198.3,163.36603752
2024-01-26 08:00:00+00:00,2198.0,2261.9,2197.5,2255.5,488.36685061000003
2024-01-26 12:00:00+00:00,2255.4,2265.5,2236.2,2258.3,837.57940293
2024-01-26 16:00:00+00:00,2258.7,2287.9,2251.5,2258.7,1364.64769929
2024-01-26 20:00:00+00:00,2257.9,2271.4,2252.0,2266.9,249.01011269
2024-01-27 00:00:00+00:00,2268.1,2282.9,2265.3,2273.4,77.93511234
2024-01-27 04:00:00+00:00,2275.7,2276.4,2253.7,2256.9,285.9491433
2024-01-27 08:00:00+00:00,2258.7,2270.6,2251.5,2265.7,112.34529576
2024-01-27 12:00:00+00:00,2265.5,2273.9,2261.8,2270.1,60.38093035
2024-01-27 16:00:00+00:00,2270.1,2278.2,2262.9,2273.4,170.97407529
2024-01-27 20:00:00+00:00,2271.9,2274.3,2262.0,2268.7,227.14552544
2024-01-28 00:00:00+00:00,2267.7,2288.9,2263.1,2286.7,85.59807149
2024-01-28 04:00:00+00:00,2286.8,2306.3,2282.4,2282.8,408.76852203
2024-01-28 08:00:00+00:00,2282.5,2300.7,2277.1,2280.3,440.87289253
2024-01-28 12:00:00+00:00,2281.7,2285.1,2262.1,2269.5,231.09848485
2024-01-28 16:00:00+00:00,2271.1,2274.8,2247.3,2254.4,294.81541372
2024-01-28 20:00:00+00:00,2254.1,2265.5,2239.0,2257.4,360.70933709
2024-01-29 00:00:00+00:00,2257.3,2277.4,2251.0,2272.2,121.11600819
2024-01-29 04:00:00+00:00,2272.1,2272.9,2258.8,2259.7,46.52908132
2024-01-29 08:00:00+00:00,2260.0,2276.3,2254.6,2264.0,112.34164864
2024-01-29 12:00:00+00:00,2266.7,2275.2,2234.1,2275.2,776.45181636
2024-01-29 16:00:00+00:00,2275.7,2313.6,2266.6,2293.7,1295.53647862
2024-01-29 20:00:00+00:00,2294.3,2322.3,2292.8,2317.0,1343.69421197
2024-01-30 00:00:00+00:00,2312.7,2327.6,2305.0,2311.8,194.79499759
2024-01-30 04:00:00+00:00,2311.6,2313.6,2301.6,2309.8,125.58785816
2024-01-30 08:00:00+00:00,2309.3,2317.1,2303.3,2315.0,199.33376034
2024-01-30 12:00:00+00:00,2313.2,2346.5,2297.6,2339.7,1006.75964184
2024-01-30 16:00:00+00:00,2341.0,2380.0,2336.1,2374.9,1827.18661729
2024-01-30 20:00:00+00:00,2375.2,2391.0,2337.6,2344.2,479.45713511
2024-01-31 00:00:00+00:00,2346.8,2351.0,2327.7,2342.0,146.04336089
2024-01-31 04:00:00+00:00,2343.0,2343.9,2330.0,2340.4,85.82648298
2024-01-31 08:00:00+00:00,2341.2,2342.1,2282.0,2300.6,267.31514606
2024-01-31 12:00:00+00:00,2300.4,2333.2,2293.0,2328.3,1301.65635628
2024-01-31 16:00:00+00:00,2329.5,2349.8,2311.6,2323.2,291.41779992
2024-01-31 20:00:00+00:00,2322.5,2322.5,2264.2,2283.6,762.56460773
2024-02-01 00:00:00+00:00,2283.0,2289.2,2240.9,2257.0,519.86000862
2024-02-01 04:00:00+00:00,2256.9,2276.6,2253.5,2271.8,329.32852549
2024-02-01 08:00:00+00:00,2271.1,2277.2,2265.5,2266.0,261.79244308
2024-02-01 12:00:00+00:00,2267.4,2309.0,2263.2,2289.0,1352.31621975
2024-02-01 16:00:00+00:00,2288.9,2311.4,2269.3,2307.9,621.99526694
2024-02-01 20:00:00+00:00,2304.7,2309.5,2287.3,2304.7,406.26543944
2024-02-02 00:00:00+00:00,2304.9,2319.7,2300.0,2302.1,365.65923974
2024-02-02 04:00:00+00:00,2302.6,2318.9,2297.5,2314.2,199.8489606
2024-02-02 08:00:00+00:00,2314.1,2317.9,2304.9,2316.0,635.79975882
2024-02-02 12:00:00+00:00,2318.2,2324.3,2282.3,2312.1,353.00555712
2024-02-02 16:00:00+00:00,2314.8,2323.2,2286.4,2300.8,378.90446141
2024-02-02 20:00:00+00:00,2300.8,2309.0,2294.7,2308.0,336.04879611
2024-02-03 00:00:00+00:00,2307.4,2329.0,2307.4,2322.1,320.07104929
2024-02-03 04:00:00+00:00,2321.2,2323.6,2313.6,2313.6,74.02822282
2024-02-03 08:00:00+00:00,2314.2,2316.2,2300.9,2303.9,83.09172429
2024-02-03 12:00:00+00:00,2302.7,2308.9,2293.2,2303.3,139.49919468
2024-02-03 16:00:00+00:00,2303.3,2312.2,2297.6,2302.7,198.04522191
2024-02-03 20:00:00+00:00,2302.4,2305.0,2293.3,2296.1,192.89906542
2024-02-04 00:00:00+00:00,2295.8,2306.5,2290.7,2302.4,56.40826262
2024-02-04 04:00:00+00:00,2303.3,2303.3,2287.4,2290.5,889.76536011
2024-02-04 08:00:00+00:00,2290.5,2309.6,2286.4,2306.5,216.0604861
2024-02-04 12:00:00+00:00,2305.9,2309.1,2297.6,2302.5,119.60878634
2024-02-04 16:00:00+00:00,2301.0,2308.1,2267.1,2280.1,258.48752989
2024-02-04 20:00:00+00:00,2279.3,2310.0,2274.2,2289.3,1333.88711389
2024-02-05 00:00:00+00:00,2289.2,2296.6,2269.9,2296.3,353.74946709
2024-02-05 04:00:00+00:00,2294.5,2311.3,2290.7,2310.0,197.33513167
2024-02-05 08:00:00+00:00,2310.1,2331.5,2310.1,2328.5,412.47884775
2024-02-05 12:00:00+00:00,2329.6,2338.1,2295.1,2298.8,622.59227861
2024-02-05 16:00:00+00:00,2296.1,2312.0,2290.7,2304.0,274.15359237
2024-02-05 20:00:00+00:00,2304.0,2304.8,2284.3,2301.1,439.84504831
2024-02-06 00:00:00+00:00,2300.3,2328.4,2299.1,2317.1,314.24329252
2024-02-06 04:00:00+00:00,2316.2,2326.5,2308.6,2326.5,392.80954683
2024-02-06 08:00:00+00:00,2326.5,2343.0,2318.8,2325.4,447.1612692
2024-02-06 12:00:00+00:00,2326.5,2348.0,2311.4,2344.1,892.78253777
2024-02-06 16:00:00+00:00,2343.7,2379.1,2340.9,2379.1,1387.34254748
2024-02-06 20:00:00+00:00,2379.6,2391.0,2372.4,2374.3,502.28143855
2024-02-07 00:00:00+00:00,2372.6,2389.4,2363.2,2364.4,144.24336905
2024-02-07 04:00:00+00:00,2364.3,2367.8,2357.9,2360.6,138.9770014
2024-02-07 08:00:00+00:00,2362.7,2376.6,2354.8,2360.5,140.39316597
2024-02-07 12:00:00+00:00,2361.4,2386.7,2361.4,2370.5,262.43990751
2024-02-07 16:00:00+00:00,2371.0,2425.4,2371.0,2421.1,1279.47176942
2024-02-07 20:00:00+00:00,2422.4,2444.3,2421.2,2423.7,934.9225928
2024-02-08 00:00:00+00:00,2424.4,2442.4,2422.8,2432.1,379.28517414
2024-02-08 04:00:00+00:00,2433.6,2433.6,2411.6,2419.8,179.7331056
2024-02-08 08:00:00+00:00,2420.7,2428.2,2417.2,2423.6,316.19155054
2024-02-08 12:00:00+00:00,2424.2,2460.8,2416.3,2453.0,1681.02174941
2024-02-08 16:00:00+00:00,2452.6,2453.0,2411.8,2420.5,722.47266228
2024-02-08 20:00:00+00:00,2422.0,2431.4,2418.0,2419.2,148.19949764
2024-02-09 00:00:00+00:00,2420.6,2464.1,2418.5,2446.0,542.04087551
2024-02-09 04:00:00+00:00,2447.3,2460.2,2440.0,2452.0,5099.53267876
2024-02-09 08:00:00+00:00,2451.4,2508.8,2451.2,2508.4,18742.30240791
2024-02-09 12:00:00+00:00,2505.0,2528.4,2477.6,2496.9,8430.2543913
2024-02-09 16:00:00+00:00,2495.8,2524.1,2480.0,2487.2,1018.61349486
2024-02-09 20:00:00+00:00,2488.2,2507.4,2486.7,2487.6,681.1809701
2024-02-10 00:00:00+00:00,2488.1,2515.9,2484.6,2512.4,302.36186071
2024-02-10 04:00:00+00:00,2513.7,2516.6,2497.0,2497.0,449.11484301
2024-02-10 08:00:00+00:00,2496.8,2499.7,2473.7,2484.4,345.51898909
2024-02-10 12:00:00+00:00,2485.3,2497.1,2482.7,2493.3,170.73527008
2024-02-10 16:00:00+00:00,2491.0,2499.5,2486.3,2499.5,1123.31428612
2024-02-10 20:00:00+00:00,2499.9,2518.8,2494.4,2503.3,1157.08784275
2024-02-11 00:00:00+00:00,2502.9,2528.9,2497.0,2528.8,690.46308978
2024-02-11 04:00:00+00:00,2529.0,2537.5,2516.1,2528.8,406.98603102
2024-02-11 08:00:00+00:00,2529.1,2541.3,2515.2,2532.4,2011.69123619
2024-02-11 12:00:00+00:00,2531.3,2533.4,2507.6,2513.0,189.08028671
2024-02-11 16:00:00+00:00,2512.0,2520.9,2498.9,2510.2,807.24829951
2024-02-11 20:00:00+00:00,2511.8,2516.6,2496.3,2508.9,226.96838615
2024-02-12 00:00:00+00:00,2509.6,2526.6,2496.4,2504.5,97.03995244000001
2024-02-12 04:00:00+00:00,2502.0,2504.9,2484.0,2503.6,451.4728649
2024-02-12 08:00:00+00:00,2503.5,2506.3,2474.4,2489.0,649.83376176
2024-02-12 12:00:00+00:00,2488.8,2568.2,2483.3,2558.8,3172.24083105
2024-02-12 16:00:00+00:00,2560.0,2640.0,2539.0,2611.3,5569.8514548
2024-02-12 20:00:00+00:00,2612.1,2665.4,2612.1,2659.8,6214.67900677
2024-02-13 00:00:00+00:00,2662.4,2685.7,2639.4,2641.3,5305.23344728
2024-02-13 04:00:00+00:00,2642.4,2655.9,2639.4,2651.5,555.4319213699999
2024-02-13 08:00:00+00:00,2652.1,2687.8,2649.8,2680.8,925.9839158
2024-02-13 12:00:00+00:00,2682.6,2688.0,2592.3,2633.8,1930.88117884
2024-02-13 16:00:00+00:00,2633.6,2641.8,2594.1,2613.8,2533.03920489
2024-02-13 20:00:00+00:00,2614.3,2652.0,2614.3,2643.9,921.44159166
2024-02-14 00:00:00+00:00,2643.7,2646.9,2622.4,2640.0,369.42098416
2024-02-14 04:00:00+00:00,2639.9,2656.5,2625.3,2656.0,320.15825768
2024-02-14 08:00:00+00:00,2656.2,2761.5,2652.1,2757.3,7067.99354189
2024-02-14 12:00:00+00:00,2757.9,2772.1,2732.8,2746.7,4654.12776588
2024-02-14 16:00:00+00:00,2748.9,2765.3,2728.3,2762.8,2333.22987495
2024-02-14 20:00:00+00:00,2762.8,2785.8,2755.1,2775.0,2000.01819563
2024-02-15 00:00:00+00:00,2774.8,2819.0,2766.4,2797.3,11218.052006330001
2024-02-15 04:00:00+00:00,2797.8,2798.8,2757.5,2771.9,1745.5012053
2024-02-15 08:00:00+00:00,2771.7,2802.0,2768.6,2790.2,623.37899973
2024-02-15 12:00:00+00:00,2790.6,2858.9,2772.2,2820.8,6046.576708
2024-02-15 16:00:00+00:00,2822.6,2838.2,2801.1,2831.0,2620.99352731
2024-02-15 20:00:00+00:00,2831.4,2842.5,2778.3,2822.7,2912.69083294
2024-02-16 00:00:00+00:00,2821.9,2851.2,2820.9,2844.6,7247.80033549
2024-02-16 04:00:00+00:00,2845.0,2849.5,2812.0,2814.9,1203.41402019
2024-02-16 08:00:00+00:00,2814.8,2833.5,2794.6,2824.2,540.46405341
2024-02-16 12:00:00+00:00,2823.5,2847.3,2741.9,2777.9,1880.4121521
2024-02-16 16:00:00+00:00,2774.1,2804.7,2757.4,2763.0,476.67517748
2024-02-16 20:00:00+00:00,2760.4,2809.1,2760.4,2801.8,245.02227239
2024-02-17 00:00:00+00:00,2801.1,2803.4,2778.5,2792.4,188.64955977
2024-02-17 04:00:00+00:00,2793.0,2797.1,2779.9,2795.5,211.12656263
2024-02-17 08:00:00+00:00,2792.8,2792.8,2763.6,2780.2,547.63268544
2024-02-17 12:00:00+00:00,2780.0,2785.8,2717.4,2754.1,1335.82013206
2024-02-17 16:00:00+00:00,2754.1,2776.2,2743.1,2775.0,462.90844769
2024-02-17 20:00:00+00:00,2774.9,2800.8,2773.4,2785.3,512.47136559
2024-02-18 00:00:00+00:00,2783.5,2795.8,2764.0,2780.3,122.85869167
2024-02-18 04:00:00+00:00,2781.5,2805.5,2779.0,2797.4,193.06287032
2024-02-18 08:00:00+00:00,2801.7,2825.2,2796.0,2801.1,476.92322375
2024-02-18 12:00:00+00:00,2803.6,2813.0,2787.0,2808.5,162.33353084
2024-02-18 16:00:00+00:00,2806.3,2849.8,2795.6,2830.0,741.86813483
2024-02-18 20:00:00+00:00,2830.0,2893.4,2819.5,2877.1,14416.52212877
2024-02-19 00:00:00+00:00,2877.1,2889.9,2856.4,2884.9,3032.08351233
2024-02-19 04:00:00+00:00,2885.8,2928.5,2881.4,2926.6,5086.9603838
2024-02-19 08:00:00+00:00,2925.4,2926.7,2892.9,2909.5,1184.0362867
2024-02-19 12:00:00+00:00,2911.8,2918.7,2887.3,2907.3,2139.10796587
2024-02-19 16:00:00+00:00,2907.6,2949.5,2887.0,2932.6,6677.91268891
2024-02-19 20:00:00+00:00,2931.1,2976.6,2926.1,2941.5,5609.88265932
2024-02-20 00:00:00+00:00,2943.0,2952.7,2901.7,2906.2,348.33289195
2024-02-20 04:00:00+00:00,2905.9,2933.5,2902.9,2918.4,261.34104172
2024-02-20 08:00:00+00:00,2918.9,2938.0,2873.6,2934.5,1168.47380949
2024-02-20 12:00:00+00:00,2932.0,2998.5,2898.8,2923.4,5177.73862315
2024-02-20 16:00:00+00:00,2923.2,2980.5,2882.1,2979.8,6306.3569389
2024-02-20 20:00:00+00:00,2979.8,3022.1,2963.5,3010.3,9818.72737438
2024-02-21 00:00:00+00:00,3009.7,3011.8,2985.4,3000.9,599.14325656
2024-02-21 04:00:00+00:00,3002.0,3003.3,2922.6,2937.1,1134.66556059
2024-02-21 08:00:00+00:00,2937.2,2952.8,2886.4,2901.2,4999.0730839
2024-02-21 12:00:00+00:00,2896.5,2926.7,2870.0,2912.1,1911.40504324
2024-02-21 16:00:00+00:00,2910.6,2934.0,2887.2,2912.4,1109.55432988
2024-02-21 20:00:00+00:00,2912.3,2979.3,2899.3,2969.1,1633.63452203
2024-02-22 00:00:00+00:00,2968.6,2968.6,2906.9,2937.9,370.66852393
2024-02-22 04:00:00+00:00,2934.8,2994.9,2921.7,2990.6,4571.43892087
2024-02-22 08:00:00+00:00,2990.8,3028.6,2967.6,2990.8,6212.2230882700005
2024-02-22 12:00:00+00:00,2986.4,3003.0,2930.6,2986.7,1445.19606305
2024-02-22 16:00:00+00:00,2983.1,3000.6,2961.1,2986.5,530.03958751
2024-02-22 20:00:00+00:00,2986.5,3032.8,2967.1,2969.0,2558.98038839
2024-02-23 00:00:00+00:00,2973.1,2992.5,2934.3,2954.9,461.68358583
2024-02-23 04:00:00+00:00,2954.0,2966.9,2923.1,2932.8,1188.04395041
2024-02-23 08:00:00+00:00,2933.5,2947.5,2912.7,2940.9,668.82726562
2024-02-23 12:00:00+00:00,2941.2,2960.1,2914.2,2916.3,598.89414779
2024-02-23 16:00:00+00:00,2915.7,2951.1,2905.7,2944.1,476.86664964
2024-02-23 20:00:00+00:00,2943.3,2952.2,2906.2,2922.0,293.17010037
2024-02-24 00:00:00+00:00,2921.7,2936.7,2907.4,2931.6,171.75457276
2024-02-24 04:00:00+00:00,2930.5,2964.0,2929.6,2962.3,366.35248117
2024-02-24 08:00:00+00:00,2963.0,2964.9,2948.5,2961.3,171.11482525
2024-02-24 12:00:00+00:00,2960.4,2968.1,2953.3,2955.4,1271.05935001
2024-02-24 16:00:00+00:00,2956.3,3007.2,2956.3,2989.8,1162.43399808
2024-02-24 20:00:00+00:00,2989.6,2998.6,2982.1,2994.4,376.01756555000003
2024-02-25 00:00:00+00:00,2994.9,3052.8,2988.7,3028.3,2572.79849777
2024-02-25 04:00:00+00:00,3030.3,3049.7,3016.9,3030.0,3708.62910463
2024-02-25 08:00:00+00:00,3031.5,3043.9,3012.1,3041.1,709.2606859
2024-02-25 12:00:00+00:00,3042.0,3072.9,3029.4,3044.0,5879.19787783
2024-02-25 16:00:00+00:00,3044.5,3084.1,3029.0,3080.6,7485.13114353
2024-02-25 20:00:00+00:00,3080.7,3113.2,3080.7,3112.5,9177.30328294
2024-02-26 00:00:00+00:00,3112.3,3130.0,3087.2,3107.7,2953.52747049
2024-02-26 04:00:00+00:00,3109.1,3115.5,3087.2,3087.3,1213.89281722
2024-02-26 08:00:00+00:00,3087.5,3101.9,3036.1,3057.1,1856.1126625
2024-02-26 12:00:00+00:00,3057.3,3142.5,3037.7,3142.5,5097.90250984
2024-02-26 16:00:00+00:00,3142.5,3170.6,3126.9,3170.6,7771.91582356
2024-02-26 20:00:00+00:00,3169.8,3188.7,3158.6,3173.0,4647.17883874
2024-02-27 00:00:00+00:00,3174.3,3249.0,3161.6,3204.4,13484.79535087
2024-02-27 04:00:00+00:00,3204.4,3231.0,3193.4,3211.5,5819.90816631
2024-02-27 08:00:00+00:00,3211.3,3260.3,3211.2,3249.3,3169.31973551
2024-02-27 12:00:00+00:00,3249.3,3273.0,3217.3,3226.8,3803.40506505
2024-02-27 16:00:00+00:00,3226.4,3265.1,3199.7,3247.4,2028.32719882
2024-02-27 20:00:00+00:00,3248.4,3264.8,3230.9,3240.4,800.917872
2024-02-28 00:00:00+00:00,3240.5,3254.8,3227.2,3246.4,368.90409979
2024-02-28 04:00:00+00:00,3245.0,3301.5,3243.1,3298.6,3110.2718291
2024-02-28 08:00:00+00:00,3300.6,3367.2,3279.0,3295.5,5590.63712537
2024-02-28 12:00:00+00:00,3294.3,3372.9,3286.0,3346.1,1627.64749656
2024-02-28 16:00:00+00:00,3345.2,3475.1,3173.0,3294.0,13095.10109729
2024-02-28 20:00:00+00:00,3290.6,3381.7,3248.9,3380.1,1502.19162199
2024-02-29 00:00:00+00:00,3381.7,3461.1,3373.9,3402.9,790.45792863
2024-02-29 04:00:00+00:00,3402.5,3488.5,3394.3,3464.5,2246.03547315
2024-02-29 08:00:00+00:00,3466.5,3518.0,3442.6,3510.2,3717.33629677
2024-02-29 12:00:00+00:00,3507.9,3512.4,3442.3,3466.8,6869.27640778
2024-02-29 16:00:00+00:00,3466.2,3468.6,3349.0,3401.1,4680.13829578
2024-02-29 20:00:00+00:00,3400.5,3413.8,3301.0,3339.6,1322.22010189
2024-03-01 00:00:00+00:00,3339.2,3386.5,3339.2,3369.2,364.50037691
2024-03-01 04:00:00+00:00,3367.0,3396.6,3364.3,3364.3,661.48237697
2024-03-01 08:00:00+00:00,3364.6,3436.0,3354.9,3410.8,1078.12183838
2024-03-01 12:00:00+00:00,3413.9,3450.0,3381.0,3390.7,1623.66328703
2024-03-01 16:00:00+00:00,3390.5,3432.2,3381.3,3423.2,823.34574092
2024-03-01 20:00:00+00:00,3423.5,3446.5,3418.1,3432.7,800.66918066
2024-03-02 00:00:00+00:00,3433.1,3456.8,3423.3,3440.2,202.96505591
2024-03-02 04:00:00+00:00,3441.0,3457.3,3402.0,3431.6,1454.77377536
2024-03-02 08:00:00+00:00,3431.6,3435.9,3393.7,3406.0,1613.20623609
2024-03-02 12:00:00+00:00,3406.0,3427.4,3394.3,3417.4,744.82095354
2024-03-02 16:00:00+00:00,3418.3,3430.2,3411.7,3424.1,396.43687683
2024-03-02 20:00:00+00:00,3424.3,3428.5,3402.5,3420.1,242.81925636
2024-03-03 00:00:00+00:00,3419.7,3431.2,3410.1,3430.2,802.57224503
2024-03-03 04:00:00+00:00,3430.9,3443.7,3367.3,3393.7,1545.1696981
2024-03-03 08:00:00+00:00,3394.0,3413.6,3376.7,3412.2,221.02310946
2024-03-03 12:00:00+00:00,3412.7,3449.5,3407.0,3424.6,512.32309332
2024-03-03 16:00:00+00:00,3424.6,3485.6,3420.1,3467.2,1662.23356261
2024-03-03 20:00:00+00:00,3467.6,3491.4,3461.5,3488.8,5386.95760144
2024-03-04 00:00:00+00:00,3487.7,3530.0,3429.6,3472.2,2917.13221739
2024-03-04 04:00:00+00:00,3469.9,3486.8,3457.7,3479.5,920.31145228
2024-03-04 08:00:00+00:00,3478.5,3545.4,3478.5,3509.1,1620.30414829
2024-03-04 12:00:00+00:00,3509.1,3571.3,3465.9,3560.2,12037.37648183
2024-03-04 16:00:00+00:00,3561.5,3609.6,3533.6,3592.3,4833.92574321
2024-03-04 20:00:00+00:00,3592.3,3630.8,3557.9,3621.1,7070.873269
2024-03-05 00:00:00+00:00,3620.0,3688.0,3599.9,3683.5,4672.04536631
2024-03-05 04:00:00+00:00,3683.8,3732.6,3642.7,3673.6,5999.76168757
2024-03-05 08:00:00+00:00,3672.7,3735.2,3654.2,3730.0,4295.43226053
2024-03-05 12:00:00+00:00,3727.5,3805.7,3727.5,3779.0,11659.17938375
2024-03-05 16:00:00+00:00,3777.2,3788.3,3200.0,3380.0,11252.75966396
2024-03-05 20:00:00+00:00,3369.3,3583.6,3328.8,3558.6,5031.07647862
2024-03-06 00:00:00+00:00,3556.7,3595.1,3500.9,3539.2,1660.52194288
2024-03-06 04:00:00+00:00,3538.7,3789.0,3536.8,3788.7,2243.79950597
2024-03-06 08:00:00+00:00,3787.7,3894.8,3779.9,3882.0,6035.21869924
2024-03-06 12:00:00+00:00,3882.1,3900.0,3729.0,3794.8,6100.45680345
2024-03-06 16:00:00+00:00,3793.0,3882.2,3769.3,3857.3,2887.32930146
2024-03-06 20:00:00+00:00,3855.6,3892.5,3795.8,3817.5,3046.97598875
2024-03-07 00:00:00+00:00,3818.9,3851.1,3768.8,3776.2,1561.07290416
2024-03-07 04:00:00+00:00,3776.5,3802.3,3738.6,3789.0,1575.9589911
2024-03-07 08:00:00+00:00,3790.9,3815.0,3771.4,3786.3,1736.18231714
2024-03-07 12:00:00+00:00,3786.1,3852.3,3764.9,3837.6,1975.17650389
2024-03-07 16:00:00+00:00,3835.0,3882.7,3815.5,3870.0,2018.49600656
2024-03-07 20:00:00+00:00,3869.9,3925.5,3838.2,3864.1,3935.04420981
2024-03-08 00:00:00+00:00,3864.8,3930.8,3860.5,3896.4,4320.23251391
2024-03-08 04:00:00+00:00,3896.5,3939.8,3879.4,3906.2,2523.90872901
2024-03-08 08:00:00+00:00,3906.4,3950.0,3906.2,3944.6,1596.72751557
2024-03-08 12:00:00+00:00,3944.6,3987.9,3887.2,3897.0,4878.28801692
2024-03-08 16:00:00+00:00,3899.9,3973.3,3822.2,3923.4,3685.99345997
2024-03-08 20:00:00+00:00,3923.8,3943.9,3871.2,3879.9,2085.33595288
2024-03-09 00:00:00+00:00,3880.2,3921.7,3875.7,3916.9,809.14008195
2024-03-09 04:00:00+00:00,3917.6,3935.3,3908.4,3920.6,554.24200687
2024-03-09 08:00:00+00:00,3920.7,3928.5,3886.3,3909.8,885.2246553800001
2024-03-09 12:00:00+00:00,3909.3,3922.4,3900.0,3912.0,336.29740154
2024-03-09 16:00:00+00:00,3912.1,3915.7,3865.6,3876.1,400.03707361
2024-03-09 20:00:00+00:00,3876.1,3906.1,3876.1,3901.3,438.87508192
2024-03-10 00:00:00+00:00,3900.5,3932.9,3895.0,3928.7,801.75835417
2024-03-10 04:00:00+00:00,3929.0,3944.4,3925.5,3943.0,959.12196656
2024-03-10 08:00:00+00:00,3942.9,3960.3,3915.6,3928.7,1641.18352969
2024-03-10 12:00:00+00:00,3931.1,3945.0,3862.4,3880.9,1030.43548497
2024-03-10 16:00:00+00:00,3881.1,3924.1,3881.1,3895.8,272.3363997
2024-03-10 20:00:00+00:00,3895.1,3900.3,3789.4,3878.6,1563.47056786
2024-03-11 00:00:00+00:00,3878.6,3888.8,3721.0,3862.5,1121.9824414
2024-03-11 04:00:00+00:00,3862.5,4011.3,3832.2,4004.1,10129.79873985
2024-03-11 08:00:00+00:00,4004.0,4047.6,3980.9,4023.8,11250.46031353
2024-03-11 12:00:00+00:00,4025.4,4058.9,4010.0,4012.0,2388.67653419
2024-03-11 16:00:00+00:00,4012.0,4082.1,3993.5,4024.4,1589.90561537
2024-03-11 20:00:00+00:00,4024.5,4074.7,4023.2,4058.6,1618.27748339
2024-03-12 00:00:00+00:00,4059.2,4084.4,4017.1,4024.0,449.52121472
2024-03-12 04:00:00+00:00,4023.3,4044.7,3995.3,4022.0,1475.73758272
2024-03-12 08:00:00+00:00,4021.9,4059.6,3960.0,4017.0,919.09050003
2024-03-12 12:00:00+00:00,4018.1,4047.9,3938.8,3971.7,5646.25467694
2024-03-12 16:00:00+00:00,3970.5,3975.3,3812.7,3957.8,17635.95049616
2024-03-12 20:00:00+00:00,3957.8,3969.2,3913.3,3969.0,9719.87893037
2024-03-13 00:00:00+00:00,3968.2,4040.1,3963.1,4039.3,1189.25861297
2024-03-13 04:00:00+00:00,4039.4,4073.8,4028.8,4036.2,925.72907653
2024-03-13 08:00:00+00:00,4036.2,4077.0,4036.1,4045.2,3177.81070645
2024-03-13 12:00:00+00:00,4045.1,4049.0,3927.7,3958.0,3595.13704505
2024-03-13 16:00:00+00:00,3958.3,4006.6,3949.5,3998.7,704.13333206
2024-03-13 20:00:00+00:00,3998.1,4014.9,3970.6,4001.4,686.21735892
2024-03-14 00:00:00+00:00,4003.4,4007.5,3952.8,3988.9,613.93423008
2024-03-14 04:00:00+00:00,3990.2,3999.7,3933.0,3959.6,2163.87902829
2024-03-14 08:00:00+00:00,3961.2,3992.1,3938.8,3949.3,609.04652273
2024-03-14 12:00:00+00:00,3948.7,3961.5,3820.0,3842.9,2184.2740853
2024-03-14 16:00:00+00:00,3844.1,3890.7,3719.6,3779.4,2944.47239236
2024-03-14 20:00:00+00:00,3781.3,3887.1,3778.2,3879.4,1218.44067443
2024-03-15 00:00:00+00:00,3880.5,3928.9,3615.6,3718.2,2456.44603602
2024-03-15 04:00:00+00:00,3716.2,3774.4,3651.3,3751.8,1052.05068693
2024-03-15 08:00:00+00:00,3751.5,3757.9,3566.0,3688.0,2849.99511366
2024-03-15 12:00:00+00:00,3688.2,3743.0,3672.1,3686.6,1138.72570162
2024-03-15 16:00:00+00:00,3686.2,3806.8,3657.1,3686.7,1182.78386449
2024-03-15 20:00:00+00:00,3684.5,3748.5,3610.0,3742.0,847.16274248
2024-03-16 00:00:00+00:00,3744.2,3784.8,3723.5,3736.1,843.75829571
2024-03-16 04:00:00+00:00,3735.3,3740.9,3688.5,3739.7,370.04060043
2024-03-16 08:00:00+00:00,3739.7,3739.7,3661.1,3691.0,481.17102302
2024-03-16 12:00:00+00:00,3691.0,3707.1,3639.0,3678.6,858.11579216
2024-03-16 16:00:00+00:00,3676.6,3677.9,3570.1,3600.1,939.6242243199999
2024-03-16 20:00:00+00:00,3598.4,3631.7,3470.2,3521.0,2672.63592965
2024-03-17 00:00:00+00:00,3521.0,3583.7,3504.3,3573.7,895.26819003
2024-03-17 04:00:00+00:00,3574.8,3574.8,3417.6,3475.8,3654.40199394
2024-03-17 08:00:00+00:00,3475.0,3607.3,3464.7,3579.8,1520.80528239
2024-03-17 12:00:00+00:00,3581.5,3651.9,3534.2,3630.5,2522.9194761100002
2024-03-17 16:00:00+00:00,3631.2,3660.1,3606.1,3655.9,5580.54317117
2024-03-17 20:00:00+00:00,3656.1,3679.7,3629.4,3647.2,1702.59334563
2024-03-18 00:00:00+00:00,3645.8,3645.8,3562.1,3600.0,797.52935976
2024-03-18 04:00:00+00:00,3598.5,3642.1,3578.0,3628.2,3000.9103157
2024-03-18 08:00:00+00:00,3627.5,3627.5,3551.8,3598.7,518.73434308
2024-03-18 12:00:00+00:00,3597.8,3611.6,3488.0,3524.8,497.48619821
2024-03-18 16:00:00+00:00,3525.5,3562.8,3457.8,3476.9,847.93220302
2024-03-18 20:00:00+00:00,3479.5,3544.1,3479.4,3521.3,917.77798314
2024-03-19 00:00:00+00:00,3521.0,3546.2,3366.7,3420.0,7589.25130843
2024-03-19 04:00:00+00:00,3421.7,3428.2,3309.3,3361.4,6843.99042369
2024-03-19 08:00:00+00:00,3362.3,3362.7,3208.0,3278.3,14404.74973134
2024-03-19 12:00:00+00:00,3277.4,3326.5,3227.4,3306.8,1465.9774354
2024-03-19 16:00:00+00:00,3305.3,3363.8,3287.7,3339.1,3453.21875956
2024-03-19 20:00:00+00:00,3339.0,3342.5,3157.2,3171.0,3231.05742517
2024-03-20 00:00:00+00:00,3164.0,3267.4,3158.3,3165.3,785.22695953
2024-03-20 04:00:00+00:00,3163.7,3229.5,3063.1,3222.6,5347.55829387
2024-03-20 08:00:00+00:00,3223.2,3298.5,3210.7,3294.9,896.11852554
2024-03-20 12:00:00+00:00,3295.7,3398.2,3279.9,3298.3,5754.48960987
2024-03-20 16:00:00+00:00,3294.4,3405.9,3144.3,3380.0,3931.42785167
2024-03-20 20:00:00+00:00,3382.3,3537.8,3375.9,3519.0,7676.68808406
2024-03-21 00:00:00+00:00,3519.0,3567.2,3499.1,3518.7,9285.26532332
2024-03-21 04:00:00+00:00,3519.5,3541.4,3454.4,3523.5,1539.53575538
2024-03-21 08:00:00+00:00,3523.6,3589.3,3523.6,3537.7,1453.5065975
2024-03-21 12:00:00+00:00,3538.7,3580.8,3484.7,3502.4,2206.60285271
2024-03-21 16:00:00+00:00,3501.8,3545.3,3417.2,3446.2,1579.12570027
2024-03-21 20:00:00+00:00,3445.4,3525.0,3416.2,3494.7,3415.85472414
2024-03-22 00:00:00+00:00,3496.4,3530.4,3457.2,3523.9,834.07246178
2024-03-22 04:00:00+00:00,3526.3,3546.3,3507.2,3516.2,516.07964378
2024-03-22 08:00:00+00:00,3516.2,3528.5,3402.5,3407.5,2320.97356301
2024-03-22 12:00:00+00:00,3407.4,3424.7,3280.2,3349.1,10935.1194598
2024-03-22 16:00:00+00:00,3348.0,3359.2,3289.6,3342.9,679.98666274
2024-03-22 20:00:00+00:00,3342.6,3344.9,3250.0,3336.2,556.6120957
2024-03-23 00:00:00+00:00,3337.3,3361.5,3272.8,3306.6,262.2761635
2024-03-23 04:00:00+00:00,3304.5,3384.8,3301.4,3367.0,320.59426143
2024-03-23 08:00:00+00:00,3368.5,3380.9,3330.4,3360.3,224.93617425
2024-03-23 12:00:00+00:00,3365.5,3424.4,3348.4,3407.7,1573.27870123
2024-03-23 16:00:00+00:00,3407.8,3435.0,3385.9,3385.9,544.86123233
2024-03-23 20:00:00+00:00,3388.7,3400.9,3328.4,3331.9,331.08935697
2024-03-24 00:00:00+00:00,3331.5,3369.5,3310.1,3311.0,277.28456932
2024-03-24 04:00:00+00:00,3310.9,3343.1,3301.2,3343.1,225.29482999
2024-03-24 08:00:00+00:00,3343.0,3393.6,3338.2,3387.6,632.29748971
2024-03-24 12:00:00+00:00,3389.8,3415.9,3379.9,3399.1,461.86675839000003
2024-03-24 16:00:00+00:00,3400.6,3410.9,3335.3,3383.1,466.90976148
2024-03-24 20:00:00+00:00,3384.5,3473.5,3378.1,3458.7,675.96694526
2024-03-25 00:00:00+00:00,3458.5,3463.5,3424.2,3457.2,385.56219773
2024-03-25 04:00:00+00:00,3457.2,3510.0,3444.7,3447.7,1042.16662902
2024-03-25 08:00:00+00:00,3447.2,3475.1,3436.3,3436.7,714.90772912
2024-03-25 12:00:00+00:00,3438.3,3586.5,3434.0,3580.4,2417.94014442
2024-03-25 16:00:00+00:00,3580.5,3649.4,3566.9,3631.0,13292.30950411
2024-03-25 20:00:00+00:00,3631.7,3638.0,3564.2,3586.6,6025.07926774
2024-03-26 00:00:00+00:00,3586.8,3637.7,3579.2,3621.1,1111.06824707
2024-03-26 04:00:00+00:00,3622.4,3675.0,3618.0,3635.3,2779.2019468
2024-03-26 08:00:00+00:00,3635.3,3665.8,3629.5,3631.0,3393.59146017
2024-03-26 12:00:00+00:00,3629.8,3651.6,3545.3,3591.7,830.51416899
2024-03-26 16:00:00+00:00,3593.0,3601.8,3543.6,3559.9,243.30495248
2024-03-26 20:00:00+00:00,3560.5,3612.3,3559.4,3587.5,223.4248548
2024-03-27 00:00:00+00:00,3588.1,3626.2,3578.3,3603.9,197.04341432
2024-03-27 04:00:00+00:00,3604.3,3615.4,3561.4,3566.8,155.08390016
2024-03-27 08:00:00+00:00,3567.0,3590.6,3534.0,3584.8,274.83619718
2024-03-27 12:00:00+00:00,3584.9,3661.3,3495.8,3512.9,2865.27266153
2024-03-27 16:00:00+00:00,3512.8,3531.2,3461.5,3490.1,573.14513984
2024-03-27 20:00:00+00:00,3491.1,3522.6,3491.1,3501.6,192.23272131
2024-03-28 00:00:00+00:00,3502.6,3532.5,3466.2,3499.1,448.53494958
2024-03-28 04:00:00+00:00,3497.6,3578.6,3497.6,3574.2,319.29855149
2024-03-28 08:00:00+00:00,3575.0,3593.7,3567.1,3579.8,239.82345486
2024-03-28 12:00:00+00:00,3580.0,3612.2,3550.2,3577.8,789.6972773
2024-03-28 16:00:00+00:00,3577.9,3580.1,3539.8,3565.4,217.14149799
2024-03-28 20:00:00+00:00,3565.3,3579.3,3545.2,3561.4,232.24528123
2024-03-29 00:00:00+00:00,3561.8,3584.9,3550.9,3561.4,122.68856391
2024-03-29 04:00:00+00:00,3561.5,3579.0,3515.2,3519.6,395.07350625
2024-03-29 08:00:00+00:00,3519.4,3563.1,3518.9,3551.7,205.18649313
2024-03-29 12:00:00+00:00,3551.8,3560.8,3478.9,3484.8,354.2422633
2024-03-29 16:00:00+00:00,3484.3,3499.6,3470.5,3499.6,868.77473218
2024-03-29 20:00:00+00:00,3498.5,3523.7,3476.3,3511.3,142.73904805
2024-03-30 00:00:00+00:00,3511.3,3513.3,3488.8,3489.9,103.29372381
2024-03-30 04:00:00+00:00,3489.9,3531.3,3488.9,3496.8,1255.76651043
2024-03-30 08:00:00+00:00,3496.8,3564.3,3496.8,3562.5,1122.98803656
2024-03-30 12:00:00+00:00,3564.5,3566.2,3533.6,3537.7,231.85436145
2024-03-30 16:00:00+00:00,3539.1,3548.2,3491.1,3511.5,794.41709523
2024-03-30 20:00:00+00:00,3510.4,3521.3,3499.9,3509.9,301.94210924
2024-03-31 00:00:00+00:00,3510.0,3546.6,3509.9,3539.3,394.56367186
2024-03-31 04:00:00+00:00,3540.0,3634.4,3536.5,3627.4,621.18883049
2024-03-31 08:00:00+00:00,3628.8,3635.5,3605.3,3613.7,440.90281273
2024-03-31 12:00:00+00:00,3613.8,3643.9,3613.0,3623.2,925.9891422000001
2024-03-31 16:00:00+00:00,3623.4,3658.0,3618.3,3643.7,401.46481905
2024-03-31 20:00:00+00:00,3643.8,3654.7,3625.0,3650.6,422.96448707
2024-04-01 00:00:00+00:00,3650.6,3650.6,3605.0,3615.9,120.22321661
2024-04-01 04:00:00+00:00,3615.8,3616.7,3507.1,3550.8,614.59762571
2024-04-01 08:00:00+00:00,3550.6,3563.1,3525.2,3542.9,173.73457141
2024-04-01 12:00:00+00:00,3541.2,3572.0,3442.7,3447.8,1242.60876501
2024-04-01 16:00:00+00:00,3446.9,3491.3,3415.7,3487.7,1062.87269018
2024-04-01 20:00:00+00:00,3489.0,3515.5,3473.6,3504.8,101.91621231
2024-04-02 00:00:00+00:00,3506.4,3507.0,3318.8,3366.3,873.69175249
2024-04-02 04:00:00+00:00,3364.7,3386.5,3336.2,3362.9,616.18977335
2024-04-02 08:00:00+00:00,3362.1,3368.8,3274.3,3305.9,2498.53089495
2024-04-02 12:00:00+00:00,3304.3,3320.3,3235.0,3240.6,1832.28078473
2024-04-02 16:00:00+00:00,3240.5,3284.3,3212.4,3279.5,570.4232534
2024-04-02 20:00:00+00:00,3279.4,3305.4,3242.1,3278.1,227.49472543
2024-04-03 00:00:00+00:00,3279.8,3321.8,3204.9,3316.2,531.00559864
2024-04-03 04:00:00+00:00,3315.7,3324.0,3282.4,3306.0,127.37181662
2024-04-03 08:00:00+00:00,3306.6,3356.4,3291.7,3320.2,529.32898264
2024-04-03 12:00:00+00:00,3321.2,3363.3,3295.2,3329.5,606.89477376
2024-04-03 16:00:00+00:00,3329.4,3367.6,3283.6,3316.5,495.75153336
2024-04-03 20:00:00+00:00,3316.3,3323.7,3290.1,3311.0,341.58405507
2024-04-04 00:00:00+00:00,3311.0,3331.4,3263.3,3274.5,328.45252663
2024-04-04 04:00:00+00:00,3273.3,3331.4,3251.2,3320.7,861.35076359
2024-04-04 08:00:00+00:00,3320.7,3352.7,3317.7,3337.5,899.71652852
2024-04-04 12:00:00+00:00,3337.5,3396.4,3336.6,3362.6,1222.11938439
2024-04-04 16:00:00+00:00,3363.1,3442.9,3360.3,3365.2,575.17727717
2024-04-04 20:00:00+00:00,3365.4,3368.9,3276.9,3329.2,975.68359634
2024-04-05 00:00:00+00:00,3327.6,3334.3,3254.4,3307.7,688.68365066
2024-04-05 04:00:00+00:00,3307.9,3318.0,3241.5,3285.8,433.80108825
2024-04-05 08:00:00+00:00,3286.0,3312.6,3239.6,3244.3,282.25405536
2024-04-05 12:00:00+00:00,3245.0,3329.3,3209.7,3328.7,1648.33179989
2024-04-05 16:00:00+00:00,3328.9,3347.0,3307.6,3321.6,521.32292216
2024-04-05 20:00:00+00:00,3320.8,3345.7,3310.8,3318.2,307.63875616
2024-04-06 00:00:00+00:00,3318.5,3345.5,3308.5,3333.2,122.67842772
2024-04-06 04:00:00+00:00,3331.5,3351.8,3323.1,3329.8,88.23120596
2024-04-06 08:00:00+00:00,3334.1,3351.7,3326.7,3329.0,946.85777227
2024-04-06 12:00:00+00:00,3328.7,3361.5,3315.0,3335.8,702.37520031
2024-04-06 16:00:00+00:00,3338.1,3356.7,3332.3,3349.2,206.61086382
2024-04-06 20:00:00+00:00,3348.3,3397.0,3345.5,3352.5,410.47128171
2024-04-07 00:00:00+00:00,3352.6,3416.5,3345.6,3388.7,230.40042727
2024-04-07 04:00:00+00:00,3390.6,3404.4,3376.3,3385.8,512.82925496
2024-04-07 08:00:00+00:00,3384.6,3393.8,3376.5,3388.8,110.94551833
2024-04-07 12:00:00+00:00,3389.0,3419.8,3385.3,3387.6,176.46347218
2024-04-07 16:00:00+00:00,3390.9,3410.3,3367.1,3378.3,146.55110441
2024-04-07 20:00:00+00:00,3377.2,3456.8,3376.8,3451.7,355.31801863
2024-04-08 00:00:00+00:00,3452.4,3455.4,3407.4,3421.6,138.9315889
2024-04-08 04:00:00+00:00,3422.0,3478.7,3413.6,3472.0,310.61714229
2024-04-08 08:00:00+00:00,3475.4,3642.7,3472.0,3636.1,7935.27484221
2024-04-08 12:00:00+00:00,3636.3,3682.4,3615.3,3633.8,9195.36235357
2024-04-08 16:00:00+00:00,3634.0,3713.6,3632.0,3703.3,4047.57065477
2024-04-08 20:00:00+00:00,3704.3,3731.0,3683.2,3695.5,4161.59247458
2024-04-09 00:00:00+00:00,3695.5,3723.8,3667.1,3691.7,2454.20121217
2024-04-09 04:00:00+00:00,3691.6,3701.0,3632.4,3642.4,1860.86771907
2024-04-09 08:00:00+00:00,3641.8,3647.8,3583.0,3635.0,1897.85971062
2024-04-09 12:00:00+00:00,3635.1,3644.7,3478.8,3528.9,2168.19489318
2024-04-09 16:00:00+00:00,3529.2,3531.7,3455.0,3520.0,3260.30620662
2024-04-09 20:00:00+00:00,3520.0,3527.4,3488.3,3504.4,497.85517327
2024-04-10 00:00:00+00:00,3505.5,3537.6,3469.2,3513.8,133.24551455
2024-04-10 04:00:00+00:00,3510.4,3553.1,3507.7,3537.5,381.95987682
2024-04-10 08:00:00+00:00,3537.8,3542.3,3496.7,3524.4,974.99232424
2024-04-10 12:00:00+00:00,3524.7,3528.6,3417.4,3482.7,2033.96292377
2024-04-10 16:00:00+00:00,3481.4,3548.8,3473.2,3524.1,708.1094895
2024-04-10 20:00:00+00:00,3524.3,3568.9,3498.1,3549.9,599.4740194
2024-04-11 00:00:00+00:00,3550.0,3581.2,3529.8,3577.1,296.81352321
2024-04-11 04:00:00+00:00,3577.1,3607.2,3556.3,3587.7,625.60947667
2024-04-11 08:00:00+00:00,3587.1,3620.5,3519.0,3525.6,309.03957008
2024-04-11 12:00:00+00:00,3525.4,3576.3,3491.2,3511.5,450.21050416
2024-04-11 16:00:00+00:00,3511.0,3527.4,3478.9,3521.3,344.63450329
2024-04-11 20:00:00+00:00,3521.3,3537.7,3495.9,3507.2,270.85124093
2024-04-12 00:00:00+00:00,3507.1,3540.0,3506.5,3538.3,114.6666871
2024-04-12 04:00:00+00:00,3537.6,3555.3,3510.8,3520.2,166.39666423
2024-04-12 08:00:00+00:00,3520.3,3545.5,3513.2,3537.5,392.09732267
2024-04-12 12:00:00+00:00,3537.4,3537.4,3443.5,3444.5,430.56691282
2024-04-12 16:00:00+00:00,3444.3,3456.6,3079.5,3209.3,6631.92253491
2024-04-12 20:00:00+00:00,3208.8,3254.3,3204.8,3235.6,11275.40946712
2024-04-13 00:00:00+00:00,3235.4,3235.4,3143.6,3230.7,745.7589817
2024-04-13 04:00:00+00:00,3227.5,3267.8,3223.0,3253.6,2460.90321701
2024-04-13 08:00:00+00:00,3253.5,3303.5,3245.7,3269.8,451.30451301
2024-04-13 12:00:00+00:00,3270.0,3295.0,3252.7,3270.9,500.6841459
2024-04-13 16:00:00+00:00,3274.0,3278.1,2984.0,3083.0,9636.64220792
2024-04-13 20:00:00+00:00,3082.6,3091.3,2848.9,3010.9,7570.67709328
2024-04-14 00:00:00+00:00,3008.7,3021.8,2908.9,2974.0,1545.40168591
2024-04-14 04:00:00+00:00,2971.3,3106.7,2970.0,3087.1,8365.42658693
2024-04-14 08:00:00+00:00,3085.8,3103.7,3014.1,3029.0,458.78346147999997
2024-04-14 12:00:00+00:00,3031.3,3077.4,3010.3,3058.2,513.79679991
2024-04-14 16:00:00+00:00,3062.7,3102.9,2979.6,3076.6,1370.94343336
2024-04-14 20:00:00+00:00,3077.5,3178.3,3050.8,3159.5,739.77645794
2024-04-15 00:00:00+00:00,3159.7,3161.0,3106.3,3149.4,460.26194511
2024-04-15 04:00:00+00:00,3149.5,3260.0,3127.9,3248.8,720.27749951
2024-04-15 08:00:00+00:00,3248.8,3279.2,3231.2,3231.5,1450.22635215
2024-04-15 12:00:00+00:00,3237.5,3245.8,3106.5,3168.6,3837.55818048
2024-04-15 16:00:00+00:00,3168.3,3185.0,3028.9,3105.7,6127.13772418
2024-04-15 20:00:00+00:00,3105.7,3131.3,3067.1,3104.9,4214.7084567
2024-04-16 00:00:00+00:00,3100.8,3123.1,3056.9,3077.5,753.40481631
2024-04-16 04:00:00+00:00,3077.8,3132.1,2990.7,3112.4,1184.49649743
2024-04-16 08:00:00+00:00,3108.1,3115.1,3009.0,3099.1,520.2184413
2024-04-16 12:00:00+00:00,3098.1,3098.1,3012.8,3012.8,812.0566407800001
2024-04-16 16:00:00+00:00,3010.3,3086.1,3002.9,3063.3,2409.80863394
2024-04-16 20:00:00+00:00,3059.6,3120.0,3054.3,3085.8,332.5511053
2024-04-17 00:00:00+00:00,3088.3,3110.1,3071.5,3098.1,382.00107805
2024-04-17 04:00:00+00:00,3096.4,3126.2,3069.8,3080.9,243.97093804
2024-04-17 08:00:00+00:00,3079.9,3089.7,3042.1,3044.8,331.89058423
2024-04-17 12:00:00+00:00,3044.8,3065.4,2929.0,2950.3,6414.12504883
2024-04-17 16:00:00+00:00,2949.7,3045.8,2920.3,3005.1,1188.9441556
2024-04-17 20:00:00+00:00,3007.6,3018.3,2969.1,2989.1,229.59670088000001
2024-04-18 00:00:00+00:00,2983.6,3038.7,2958.0,3031.0,219.73175866
2024-04-18 04:00:00+00:00,3030.0,3038.6,2962.1,2979.1,332.17186522
2024-04-18 08:00:00+00:00,2978.4,3068.0,2959.6,3050.9,438.31355469
2024-04-18 12:00:00+00:00,3052.7,3094.3,2987.2,3069.0,6322.80312004
2024-04-18 16:00:00+00:00,3071.2,3084.4,3013.6,3065.3,4616.44246998
2024-04-18 20:00:00+00:00,3066.8,3079.7,3056.7,3066.0,2201.16419167
2024-04-19 00:00:00+00:00,3063.0,3070.7,2868.2,2981.9,1278.86195458
2024-04-19 04:00:00+00:00,2981.6,3128.5,2981.3,3087.2,835.61101473
2024-04-19 08:00:00+00:00,3086.7,3126.8,3080.3,3106.9,667.27450549
2024-04-19 12:00:00+00:00,3105.0,3122.2,3058.3,3083.1,856.73379353
2024-04-19 16:00:00+00:00,3084.3,3110.0,3047.9,3106.4,612.61944592
2024-04-19 20:00:00+00:00,3107.4,3108.6,3023.7,3061.6,526.04219467
2024-04-20 00:00:00+00:00,3060.2,3072.9,3022.7,3059.4,220.0899654
2024-04-20 04:00:00+00:00,3057.9,3074.4,3054.3,3064.3,129.37384119
2024-04-20 08:00:00+00:00,3063.2,3063.2,3035.9,3054.3,77.89449243
2024-04-20 12:00:00+00:00,3053.4,3117.0,3044.8,3114.2,150.87549691
2024-04-20 16:00:00+00:00,3114.2,3169.4,3094.3,3152.1,581.4168691
2024-04-20 20:00:00+00:00,3152.5,3173.2,3145.1,3160.7,338.66669744
2024-04-21 00:00:00+00:00,3158.1,3199.0,3132.5,3172.3,390.27134166
2024-04-21 04:00:00+00:00,3169.8,3193.6,3157.4,3187.4,429.20388428
2024-04-21 08:00:00+00:00,3184.0,3189.6,3157.3,3172.9,546.6243874
2024-04-21 12:00:00+00:00,3172.2,3178.4,3141.4,3163.0,169.03576602
2024-04-21 16:00:00+00:00,3164.9,3164.9,3119.1,3139.5,451.03638798
2024-04-21 20:00:00+00:00,3140.0,3171.7,3132.4,3150.6,458.53485147
2024-04-22 00:00:00+00:00,3150.6,3213.0,3133.5,3193.1,472.08048744
2024-04-22 04:00:00+00:00,3193.4,3239.1,3188.8,3207.9,240.11618815
2024-04-22 08:00:00+00:00,3210.0,3227.3,3192.0,3195.1,338.05218423
2024-04-22 12:00:00+00:00,3201.1,3214.7,3171.5,3186.3,529.01163956
2024-04-22 16:00:00+00:00,3186.7,3220.1,3173.6,3193.7,656.73586491
2024-04-22 20:00:00+00:00,3190.2,3227.2,3187.7,3205.2,497.66249693
2024-04-23 00:00:00+00:00,3203.9,3226.2,3185.0,3187.7,141.77807501
2024-04-23 04:00:00+00:00,3191.8,3195.9,3156.7,3163.9,124.82625737
2024-04-23 08:00:00+00:00,3164.1,3188.3,3157.8,3182.0,603.38833144
2024-04-23 12:00:00+00:00,3184.4,3267.2,3179.2,3226.8,887.71424795
2024-04-23 16:00:00+00:00,3229.9,3249.9,3218.1,3218.1,482.38672202
2024-04-23 20:00:00+00:00,3221.1,3225.5,3190.0,3224.0,192.04808129
2024-04-24 00:00:00+00:00,3225.0,3252.5,3215.3,3242.0,206.68484773
2024-04-24 04:00:00+00:00,3242.0,3280.4,3241.0,3254.5,156.89933449
2024-04-24 08:00:00+00:00,3253.6,3289.2,3245.9,3284.8,683.81861064
2024-04-24 12:00:00+00:00,3283.5,3295.2,3172.9,3180.4,910.05688095
2024-04-24 16:00:00+00:00,3178.4,3195.4,3108.8,3135.6,1100.14600703
2024-04-24 20:00:00+00:00,3136.7,3153.3,3115.5,3141.8,263.56685428000003
2024-04-25 00:00:00+00:00,3143.3,3173.1,3130.5,3150.5,176.80177034
2024-04-25 04:00:00+00:00,3149.9,3170.0,3130.2,3142.7,171.83367901
2024-04-25 08:00:00+00:00,3138.5,3154.7,3074.9,3114.8,732.31224552
2024-04-25 12:00:00+00:00,3110.5,3169.8,3088.7,3159.9,643.551546
2024-04-25 16:00:00+00:00,3163.2,3179.7,3149.7,3167.7,549.6547546
2024-04-25 20:00:00+00:00,3167.6,3193.8,3156.8,3160.5,258.01548381
2024-04-26 00:00:00+00:00,3158.9,3164.2,3128.1,3144.6,146.85442576
2024-04-26 04:00:00+00:00,3141.4,3155.7,3132.5,3138.5,107.50650244
2024-04-26 08:00:00+00:00,3138.4,3160.0,3125.9,3131.8,273.62697594
2024-04-26 12:00:00+00:00,3131.0,3169.9,3107.1,3120.0,552.17981118
2024-04-26 16:00:00+00:00,3122.0,3158.2,3109.9,3136.5,402.17545525
2024-04-26 20:00:00+00:00,3136.9,3155.9,3125.7,3137.3,280.99251773
2024-04-27 00:00:00+00:00,3135.9,3142.0,3071.7,3125.2,587.91517265
2024-04-27 04:00:00+00:00,3125.1,3136.2,3112.4,3123.8,199.95950043
2024-04-27 08:00:00+00:00,3121.6,3130.5,3111.5,3125.9,140.72155706
2024-04-27 12:00:00+00:00,3125.5,3169.9,3125.5,3147.6,343.37609525
2024-04-27 16:00:00+00:00,3148.9,3287.0,3146.2,3240.3,988.39265078
2024-04-27 20:00:00+00:00,3240.3,3265.7,3227.9,3258.7,736.51490342
2024-04-28 00:00:00+00:00,3261.6,3334.4,3255.6,3314.5,578.54319085
2024-04-28 04:00:00+00:00,3315.0,3342.2,3306.1,3321.3,363.65444587
2024-04-28 08:00:00+00:00,3322.0,3327.9,3281.5,3282.5,465.99841849
2024-04-28 12:00:00+00:00,3289.6,3332.4,3255.4,3324.4,697.83988982
2024-04-28 16:00:00+00:00,3324.4,3363.1,3312.9,3320.4,631.76950706
2024-04-28 20:00:00+00:00,3320.4,3324.4,3257.9,3264.8,243.51932808
2024-04-29 00:00:00+00:00,3264.7,3289.8,3174.9,3181.6,743.69375145
2024-04-29 04:00:00+00:00,3180.0,3211.1,3158.9,3191.8,480.11137918
2024-04-29 08:00:00+00:00,3191.9,3198.0,3153.7,3164.6,302.39785983
2024-04-29 12:00:00+00:00,3162.9,3190.0,3122.0,3182.1,678.91299369
2024-04-29 16:00:00+00:00,3188.4,3194.0,3161.2,3189.8,195.23949832
2024-04-29 20:00:00+00:00,3190.4,3239.2,3170.8,3221.7,260.15081104
2024-04-30 00:00:00+00:00,3219.4,3255.0,3154.4,3184.9,393.54121868
2024-04-30 04:00:00+00:00,3185.1,3187.5,3157.2,3160.7,249.11273777
2024-04-30 08:00:00+00:00,3161.0,3164.8,3008.8,3012.7,2001.11408803
2024-04-30 12:00:00+00:00,3011.5,3040.6,2970.6,2997.9,1009.36893502
2024-04-30 16:00:00+00:00,2998.0,3000.9,2925.8,2934.1,2360.01810904
2024-04-30 20:00:00+00:00,2933.4,3034.9,2931.5,3019.4,1071.038232
2024-05-01 00:00:00+00:00,3020.3,3028.4,2968.6,3011.9,1567.5018857100001
2024-05-01 04:00:00+00:00,3012.0,3019.7,2866.7,2875.7,9609.53360021
2024-05-01 08:00:00+00:00,2876.0,2908.1,2824.5,2908.1,6291.8887366300005
2024-05-01 12:00:00+00:00,2909.8,2936.1,2868.4,2887.3,2843.11724386
2024-05-01 16:00:00+00:00,2887.3,3020.8,2872.0,2933.2,795.63654141
2024-05-01 20:00:00+00:00,2932.2,2988.4,2921.6,2980.0,444.29078375
2024-05-02 00:00:00+00:00,2975.1,2987.0,2899.4,2936.0,369.27786766
2024-05-02 04:00:00+00:00,2936.9,2943.1,2905.4,2927.3,169.17666542
2024-05-02 08:00:00+00:00,2927.2,3007.5,2924.6,3003.3,776.90033721
2024-05-02 12:00:00+00:00,2998.6,3018.0,2959.5,2996.0,622.0629514
2024-05-02 16:00:00+00:00,2998.0,3013.9,2979.8,3006.3,1319.21281873
2024-05-02 20:00:00+00:00,3005.7,3020.4,2975.3,2995.9,2738.72333124
2024-05-03 00:00:00+00:00,2991.5,3042.3,2985.5,3012.2,155.80038996
2024-05-03 04:00:00+00:00,3013.3,3023.1,2960.4,2972.6,2406.33636402
2024-05-03 08:00:00+00:00,2971.5,2993.9,2960.2,2983.4,468.8822287
2024-05-03 12:00:00+00:00,2982.1,3093.3,2971.8,3083.5,9533.09499188
2024-05-03 16:00:00+00:00,3083.9,3096.4,3068.7,3078.8,604.5508130000001
2024-05-03 20:00:00+00:00,3078.7,3131.6,3077.2,3105.2,276.68314588
2024-05-04 00:00:00+00:00,3108.7,3135.9,3098.1,3118.2,86.34651299
2024-05-04 04:00:00+00:00,3118.4,3128.6,3101.7,3101.7,77.79483802
2024-05-04 08:00:00+00:00,3102.5,3171.9,3102.5,3135.2,223.74089484
2024-05-04 12:00:00+00:00,3132.0,3163.6,3123.5,3133.2,175.43969441
2024-05-04 16:00:00+00:00,3133.1,3143.6,3120.7,3143.1,79.91618179
2024-05-04 20:00:00+00:00,3144.1,3149.4,3110.1,3121.2,153.71364729
2024-05-05 00:00:00+00:00,3124.2,3132.5,3079.7,3093.7,1133.306982
2024-05-05 04:00:00+00:00,3093.1,3121.4,3088.7,3115.0,259.973965
2024-05-05 08:00:00+00:00,3111.8,3177.0,3111.1,3143.3,233.84783661
2024-05-05 12:00:00+00:00,3145.6,3175.0,3134.1,3165.9,189.33197028
2024-05-05 16:00:00+00:00,3167.1,3173.5,3140.0,3152.2,201.20954034
2024-05-05 20:00:00+00:00,3150.2,3154.0,3132.2,3146.6,76.47300688
2024-05-06 00:00:00+00:00,3148.4,3173.0,3132.9,3141.2,167.39216343
2024-05-06 04:00:00+00:00,3142.0,3198.0,3137.7,3186.4,3167.50829799
2024-05-06 08:00:00+00:00,3185.7,3225.8,3137.6,3156.4,5119.65858573
2024-05-06 12:00:00+00:00,3155.7,3159.3,3062.6,3095.4,1237.3737634
2024-05-06 16:00:00+00:00,3093.6,3101.0,3052.2,3074.1,582.88280567
2024-05-06 20:00:00+00:00,3074.5,3093.1,3067.8,3070.8,140.77380444
2024-05-07 00:00:00+00:00,3068.2,3100.9,3026.2,3051.4,507.30261606
2024-05-07 04:00:00+00:00,3055.8,3086.8,3055.1,3083.7,59.64335313
2024-05-07 08:00:00+00:00,3082.5,3133.9,3068.4,3068.8,597.63938645
2024-05-07 12:00:00+00:00,3069.3,3110.0,3052.0,3077.0,354.65857982
2024-05-07 16:00:00+00:00,3076.8,3081.8,3033.1,3057.8,251.59754892
2024-05-07 20:00:00+00:00,3053.1,3065.5,3005.5,3006.7,538.85187997
2024-05-08 00:00:00+00:00,3010.8,3042.9,3001.8,3037.0,241.06825894
2024-05-08 04:00:00+00:00,3036.5,3040.2,3000.7,3001.7,2219.06349219
2024-05-08 08:00:00+00:00,3000.5,3020.0,2988.4,3000.6,3385.47540432
2024-05-08 12:00:00+00:00,2996.9,3036.5,2991.6,3013.2,417.06128381
2024-05-08 16:00:00+00:00,3011.7,3030.5,2992.8,3003.7,374.7197677
2024-05-08 20:00:00+00:00,3005.2,3008.1,2943.0,2980.0,829.62375979
2024-05-09 00:00:00+00:00,2982.1,3009.6,2979.1,3005.5,178.75253047
2024-05-09 04:00:00+00:00,3003.2,3020.3,2982.2,2988.3,198.16143347
2024-05-09 08:00:00+00:00,2989.2,2995.7,2958.3,2984.4,2339.15640722
2024-05-09 12:00:00+00:00,2986.5,3023.7,2962.1,3013.6,194.40406599
2024-05-09 16:00:00+00:00,3013.5,3032.1,2997.0,3027.6,271.22681158
2024-05-09 20:00:00+00:00,3029.2,3064.6,3022.8,3041.4,368.022394
2024-05-10 00:00:00+00:00,3043.5,3046.4,3024.9,3035.0,95.33494987
2024-05-10 04:00:00+00:00,3035.8,3059.3,3027.2,3049.0,77.24560754
2024-05-10 08:00:00+00:00,3050.4,3050.4,3029.9,3044.2,69.24244398
2024-05-10 12:00:00+00:00,3044.7,3049.7,2913.6,2925.9,6771.38967063
2024-05-10 16:00:00+00:00,2925.0,2938.1,2882.7,2904.5,5842.72149468
2024-05-10 20:00:00+00:00,2904.4,2916.4,2889.7,2910.7,5267.79993675
2024-05-11 00:00:00+00:00,2910.7,2936.1,2906.4,2913.3,1378.10541669
2024-05-11 04:00:00+00:00,2912.7,2929.1,2909.9,2926.5,88.93086895
2024-05-11 08:00:00+00:00,2925.0,2925.0,2891.0,2909.1,146.65351163
2024-05-11 12:00:00+00:00,2911.1,2949.2,2899.8,2928.7,212.10454732
2024-05-11 16:00:00+00:00,2930.7,2944.8,2922.6,2934.1,93.07364632
2024-05-11 20:00:00+00:00,2935.6,2936.0,2912.7,2919.0,122.53194207
2024-05-12 00:00:00+00:00,2916.3,2929.4,2915.1,2927.5,33.88930062
2024-05-12 04:00:00+00:00,2925.5,2936.0,2905.0,2911.9,29.06655841
2024-05-12 08:00:00+00:00,2913.8,2947.9,2908.1,2934.3,266.73618923
2024-05-12 12:00:00+00:00,2935.4,2950.0,2932.9,2945.0,257.38538015
2024-05-12 16:00:00+00:00,2944.2,2962.6,2927.9,2936.6,361.78552959
2024-05-12 20:00:00+00:00,2936.4,2943.3,2920.7,2936.3,191.7469756
2024-05-13 00:00:00+00:00,2937.3,2950.4,2872.5,2895.8,1096.8679734
2024-05-13 04:00:00+00:00,2894.6,2963.8,2877.9,2962.5,271.5042287
2024-05-13 08:00:00+00:00,2963.1,3003.6,2955.6,2971.7,720.37225063
2024-05-13 12:00:00+00:00,2971.8,2990.8,2955.0,2966.5,531.28567804
2024-05-13 16:00:00+00:00,2966.1,2981.9,2932.7,2961.1,538.31758937
2024-05-13 20:00:00+00:00,2957.6,2963.4,2943.5,2951.4,120.9518951
2024-05-14 00:00:00+00:00,2951.0,2963.7,2942.4,2946.2,258.15093843
2024-05-14 04:00:00+00:00,2944.1,2953.6,2888.3,2923.3,445.34315566
2024-05-14 08:00:00+00:00,2923.1,2923.3,2903.6,2911.7,215.12280014
2024-05-14 12:00:00+00:00,2912.3,2930.3,2874.9,2904.5,743.22596628
2024-05-14 16:00:00+00:00,2902.0,2905.8,2868.3,2899.3,334.04636612
2024-05-14 20:00:00+00:00,2899.6,2907.7,2883.3,2886.9,286.33408681
2024-05-15 00:00:00+00:00,2886.8,2906.2,2869.3,2905.0,601.5277929
2024-05-15 04:00:00+00:00,2906.3,2924.4,2901.5,2920.0,302.57840844
2024-05-15 08:00:00+00:00,2921.7,2935.7,2891.2,2901.1,262.31735377
2024-05-15 12:00:00+00:00,2902.6,2995.8,2897.7,2979.6,910.6367523
2024-05-15 16:00:00+00:00,2980.8,3030.1,2975.1,3030.0,963.25519898
2024-05-15 20:00:00+00:00,3028.7,3044.0,3015.3,3041.7,496.31611478
2024-05-16 00:00:00+00:00,3038.3,3044.0,2999.7,3019.9,1292.44151615
2024-05-16 04:00:00+00:00,3016.6,3024.2,3008.1,3020.1,154.198636
2024-05-16 08:00:00+00:00,3019.0,3030.2,2994.4,3012.2,686.12725414
2024-05-16 12:00:00+00:00,3010.9,3012.1,2936.0,2960.4,487.66918985
2024-05-16 16:00:00+00:00,2960.1,2963.7,2930.0,2949.0,292.95064429
2024-05-16 20:00:00+00:00,2948.7,2950.1,2928.9,2949.4,162.54188492
2024-05-17 00:00:00+00:00,2949.3,2961.6,2938.4,2954.7,95.78178291
2024-05-17 04:00:00+00:00,2955.2,3038.3,2947.7,3031.3,773.62110311
2024-05-17 08:00:00+00:00,3031.3,3064.0,3023.3,3036.1,607.07081266
2024-05-17 12:00:00+00:00,3039.1,3122.9,3026.8,3116.2,1144.52073152
2024-05-17 16:00:00+00:00,3117.3,3124.2,3074.0,3087.6,233.30159337
2024-05-17 20:00:00+00:00,3091.3,3102.0,3087.1,3099.7,202.55911636
2024-05-18 00:00:00+00:00,3096.0,3132.7,3091.6,3121.9,271.48002088
2024-05-18 04:00:00+00:00,3120.0,3124.4,3098.2,3106.7,145.80059001
2024-05-18 08:00:00+00:00,3107.4,3151.9,3107.4,3141.5,233.53793602
2024-05-18 12:00:00+00:00,3141.0,3141.0,3101.2,3114.2,260.72962949
2024-05-18 16:00:00+00:00,3115.0,3124.1,3110.8,3124.1,176.88799077
2024-05-18 20:00:00+00:00,3123.7,3130.3,3111.5,3126.6,233.42990656999999
2024-05-19 00:00:00+00:00,3127.4,3138.2,3116.4,3131.0,35.68274532
2024-05-19 04:00:00+00:00,3132.8,3134.1,3107.1,3119.0,124.20089423
2024-05-19 08:00:00+00:00,3118.9,3127.7,3085.3,3105.9,211.37858199
2024-05-19 12:00:00+00:00,3104.0,3104.4,3067.8,3080.7,170.51935366
2024-05-19 16:00:00+00:00,3080.3,3086.0,3062.9,3068.3,187.29785508
2024-05-19 20:00:00+00:00,3067.6,3084.9,3057.5,3075.0,482.09406475
2024-05-20 00:00:00+00:00,3074.4,3102.2,3053.0,3091.5,143.24980185
2024-05-20 04:00:00+00:00,3090.8,3143.7,3069.8,3097.7,485.80582918
2024-05-20 08:00:00+00:00,3096.3,3118.9,3092.1,3098.8,379.57763464
2024-05-20 12:00:00+00:00,3099.5,3124.7,3082.4,3121.2,721.38232705
2024-05-20 16:00:00+00:00,3124.1,3458.6,3115.3,3442.0,7753.71976616
2024-05-20 20:00:00+00:00,3442.9,3691.5,3422.9,3659.4,17624.2747448
2024-05-21 00:00:00+00:00,3659.6,3716.3,3634.5,3688.3,13437.95889241
2024-05-21 04:00:00+00:00,3688.5,3691.6,3624.9,3656.3,3917.3830706900003
2024-05-21 08:00:00+00:00,3658.5,3820.7,3646.5,3779.1,6224.18694913
2024-05-21 12:00:00+00:00,3778.6,3829.0,3747.4,3774.5,7556.02720906
2024-05-21 16:00:00+00:00,3771.5,3837.4,3679.9,3710.9,1702.03538722
2024-05-21 20:00:00+00:00,3711.5,3817.7,3710.4,3789.2,1517.94595857
2024-05-22 00:00:00+00:00,3788.3,3808.8,3773.1,3793.8,477.14256217
2024-05-22 04:00:00+00:00,3794.9,3794.9,3723.6,3747.6,587.38954557
2024-05-22 08:00:00+00:00,3745.3,3778.7,3692.2,3692.2,3533.29061623
2024-05-22 12:00:00+00:00,3692.2,3773.1,3657.0,3763.5,1797.5201911
2024-05-22 16:00:00+00:00,3762.9,3795.1,3700.0,3730.7,2315.5619507
2024-05-22 20:00:00+00:00,3736.5,3779.4,3725.7,3738.6,772.1593001
2024-05-23 00:00:00+00:00,3741.8,3788.9,3738.9,3782.3,439.98326957
2024-05-23 04:00:00+00:00,3782.7,3833.0,3761.0,3813.1,1033.80864597
2024-05-23 08:00:00+00:00,3814.7,3920.4,3792.8,3917.7,4327.06365627
2024-05-23 12:00:00+00:00,3916.2,3944.9,3733.0,3816.5,8259.60868369
2024-05-23 16:00:00+00:00,3818.2,3826.8,3704.5,3793.0,2793.61487804
2024-05-23 20:00:00+00:00,3791.9,3903.6,3529.3,3787.0,8351.55237025
2024-05-24 00:00:00+00:00,3786.3,3831.5,3748.4,3805.4,1212.88958491
2024-05-24 04:00:00+00:00,3805.5,3815.7,3654.2,3679.5,1631.81479663
2024-05-24 08:00:00+00:00,3681.1,3722.0,3632.0,3719.0,2090.64009704
2024-05-24 12:00:00+00:00,3719.0,3738.3,3676.8,3697.4,3257.10892775
2024-05-24 16:00:00+00:00,3698.3,3761.1,3660.7,3748.6,1876.83200726
2024-05-24 20:00:00+00:00,3748.8,3756.4,3726.9,3731.2,345.468077
2024-05-25 00:00:00+00:00,3731.2,3748.7,3712.1,3748.7,169.0153508
2024-05-25 04:00:00+00:00,3750.0,3781.5,3748.7,3750.9,280.22111547
2024-05-25 08:00:00+00:00,3752.3,3777.9,3740.9,3744.5,498.41922015
2024-05-25 12:00:00+00:00,3742.9,3759.6,3724.9,3745.7,742.59400306
2024-05-25 16:00:00+00:00,3748.6,3767.8,3740.2,3759.5,144.1211284
2024-05-25 20:00:00+00:00,3760.5,3760.5,3735.7,3751.0,109.03749065
2024-05-26 00:00:00+00:00,3753.8,3774.7,3736.5,3773.5,320.54229407
2024-05-26 04:00:00+00:00,3769.8,3797.5,3745.6,3789.9,199.30658695
2024-05-26 08:00:00+00:00,3786.6,3825.0,3781.0,3817.8,718.30199335
2024-05-26 12:00:00+00:00,3815.2,3877.6,3797.4,3838.9,1669.89119293
2024-05-26 16:00:00+00:00,3843.1,3884.7,3835.3,3876.7,4267.45593553
2024-05-26 20:00:00+00:00,3877.0,3878.0,3821.9,3828.9,418.84032794
2024-05-27 00:00:00+00:00,3828.7,3939.7,3827.3,3919.6,1620.42625036
2024-05-27 04:00:00+00:00,3919.9,3933.1,3888.0,3912.7,4116.86396432
2024-05-27 08:00:00+00:00,3912.7,3953.1,3887.0,3903.7,1833.51659088
2024-05-27 12:00:00+00:00,3904.5,3975.8,3893.9,3962.5,1608.65519034
2024-05-27 16:00:00+00:00,3962.5,3973.8,3858.1,3872.8,1707.16036075
2024-05-27 20:00:00+00:00,3874.3,3905.6,3864.9,3898.1,569.7770757
2024-05-28 00:00:00+00:00,3897.0,3910.0,3832.0,3853.6,351.49283834
2024-05-28 04:00:00+00:00,3851.0,3865.6,3825.5,3851.2,1064.30247104
2024-05-28 08:00:00+00:00,3846.0,3929.8,3840.4,3904.6,702.42777576
2024-05-28 12:00:00+00:00,3902.3,3914.3,3836.1,3873.3,1691.88835686
2024-05-28 16:00:00+00:00,3868.2,3870.9,3776.2,3843.8,2070.60320876
2024-05-28 20:00:00+00:00,3843.6,3874.4,3827.3,3847.5,268.05580377
2024-05-29 00:00:00+00:00,3850.1,3863.9,3838.8,3853.9,428.59796483
2024-05-29 04:00:00+00:00,3852.0,3890.0,3826.1,3826.1,369.80795385
2024-05-29 08:00:00+00:00,3826.2,3831.9,3786.9,3817.8,306.16648582
2024-05-29 12:00:00+00:00,3814.9,3842.2,3754.4,3762.3,944.11596614
2024-05-29 16:00:00+00:00,3763.3,3781.1,3750.0,3753.4,270.427548
2024-05-29 20:00:00+00:00,3754.1,3793.2,3748.9,3769.6,458.6369637
2024-05-30 00:00:00+00:00,3779.0,3799.6,3755.8,3799.6,139.9140077
2024-05-30 04:00:00+00:00,3795.4,3803.4,3720.1,3724.8,463.19360281
2024-05-30 08:00:00+00:00,3723.4,3760.8,3708.2,3741.3,528.26507055
2024-05-30 12:00:00+00:00,3738.2,3798.9,3737.7,3779.3,405.39560251
2024-05-30 16:00:00+00:00,3781.2,3825.9,3754.7,3765.8,743.11440927
2024-05-30 20:00:00+00:00,3762.1,3762.1,3723.5,3750.5,344.2099
2024-05-31 00:00:00+00:00,3747.8,3772.9,3747.7,3762.5,1032.76925385
2024-05-31 04:00:00+00:00,3763.1,3768.1,3727.9,3728.7,1430.77411662
2024-05-31 08:00:00+00:00,3731.1,3814.4,3730.5,3802.3,370.77976351
2024-05-31 12:00:00+00:00,3803.7,3845.7,3745.5,3746.5,2882.73043318
2024-05-31 16:00:00+00:00,3746.4,3792.9,3724.5,3789.8,600.52020739
2024-05-31 20:00:00+00:00,3787.7,3799.0,3743.9,3764.9,479.78578656
2024-06-01 00:00:00+00:00,3768.2,3783.5,3755.3,3780.4,138.59426672
2024-06-01 04:00:00+00:00,3781.0,3794.6,3771.6,3773.0,125.32421558
2024-06-01 08:00:00+00:00,3773.9,3808.0,3773.9,3788.9,77.29941909
2024-06-01 12:00:00+00:00,3793.0,3813.2,3792.7,3800.0,221.05573825
2024-06-01 16:00:00+00:00,3800.2,3811.3,3792.5,3806.3,156.54473922
2024-06-01 20:00:00+00:00,3804.7,3833.7,3800.5,3817.4,84.7971373
2024-06-02 00:00:00+00:00,3817.6,3837.9,3800.2,3810.2,145.31863928
2024-06-02 04:00:00+00:00,3809.0,3823.8,3794.1,3794.1,36.29894438
2024-06-02 08:00:00+00:00,3794.0,3809.4,3772.7,3803.8,229.0031878
2024-06-02 12:00:00+00:00,3809.3,3810.4,3780.0,3799.1,100.09229321
2024-06-02 16:00:00+00:00,3800.0,3803.8,3754.9,3784.1,190.48195098
2024-06-02 20:00:00+00:00,3784.7,3796.3,3769.5,3783.4,120.19577455
2024-06-03 00:00:00+00:00,3781.9,3820.4,3763.2,3799.7,323.48980689
2024-06-03 04:00:00+00:00,3803.2,3842.3,3796.8,3819.8,497.30256033
2024-06-03 08:00:00+00:00,3821.3,3840.2,3805.2,3809.5,863.40173112
2024-06-03 12:00:00+00:00,3809.6,3852.1,3764.0,3795.7,1432.70822271
2024-06-03 16:00:00+00:00,3799.5,3800.6,3761.6,3774.7,119.29874492
2024-06-03 20:00:00+00:00,3774.2,3785.3,3763.2,3767.2,98.04394662
2024-06-04 00:00:00+00:00,3768.3,3784.6,3731.9,3774.4,452.30435817
2024-06-04 04:00:00+00:00,3773.4,3780.1,3755.3,3779.0,180.91165766
2024-06-04 08:00:00+00:00,3775.8,3783.3,3744.9,3767.3,220.70650493
2024-06-04 12:00:00+00:00,3767.1,3819.4,3757.7,3811.8,2148.13937988
2024-06-04 16:00:00+00:00,3816.5,3832.1,3781.5,3804.3,2373.15567536
2024-06-04 20:00:00+00:00,3802.4,3823.2,3795.7,3815.1,138.30933806
2024-06-05 00:00:00+00:00,3812.9,3840.2,3801.5,3812.1,159.22052064
2024-06-05 04:00:00+00:00,3812.1,3820.3,3781.7,3812.5,572.78895048
2024-06-05 08:00:00+00:00,3811.2,3811.6,3787.0,3803.0,1209.6128926
2024-06-05 12:00:00+00:00,3805.0,3823.1,3782.2,3815.4,988.80110471
2024-06-05 16:00:00+00:00,3813.9,3876.9,3796.5,3876.9,480.83265609
2024-06-05 20:00:00+00:00,3876.7,3884.0,3845.1,3864.5,374.74138913
2024-06-06 00:00:00+00:00,3861.6,3878.7,3854.7,3864.1,82.6813189
2024-06-06 04:00:00+00:00,3862.4,3866.2,3841.4,3852.7,329.13253647
2024-06-06 08:00:00+00:00,3852.7,3858.2,3843.8,3851.6,378.73643362
2024-06-06 12:00:00+00:00,3849.3,3866.9,3822.0,3845.9,187.35021955
2024-06-06 16:00:00+00:00,3845.1,3856.4,3787.9,3790.9,288.65508222
2024-06-06 20:00:00+00:00,3792.1,3815.6,3761.1,3815.6,326.85338926
2024-06-07 00:00:00+00:00,3814.0,3814.0,3794.7,3809.0,92.50622828
2024-06-07 04:00:00+00:00,3808.4,3826.4,3808.4,3818.1,144.03413164
2024-06-07 08:00:00+00:00,3817.8,3840.3,3804.5,3835.0,346.07377528
2024-06-07 12:00:00+00:00,3837.0,3842.0,3774.7,3801.0,842.14228508
2024-06-07 16:00:00+00:00,3799.0,3808.7,3584.4,3689.9,3544.38087234
2024-06-07 20:00:00+00:00,3688.5,3702.0,3674.7,3682.0,281.95625036
2024-06-08 00:00:00+00:00,3678.6,3692.7,3676.6,3690.8,73.98514338
2024-06-08 04:00:00+00:00,3691.0,3711.7,3679.5,3711.7,154.04965288
2024-06-08 08:00:00+00:00,3710.7,3711.4,3681.9,3686.4,56.14906523
2024-06-08 12:00:00+00:00,3682.7,3697.8,3663.2,3689.5,119.26410049
2024-06-08 16:00:00+00:00,3692.3,3694.6,3674.5,3683.7,39.13022214
2024-06-08 20:00:00+00:00,3683.1,3684.9,3673.2,3682.5,38.9709293
2024-06-09 00:00:00+00:00,3681.8,3684.9,3666.8,3674.4,75.90850199
2024-06-09 04:00:00+00:00,3674.9,3691.2,3670.0,3686.2,198.69789175
2024-06-09 08:00:00+00:00,3684.7,3694.0,3684.7,3694.0,17.40812638
2024-06-09 12:00:00+00:00,3693.9,3712.0,3683.3,3692.4,395.33818495
2024-06-09 16:00:00+00:00,3692.2,3709.4,3690.9,3701.1,80.81556353
2024-06-09 20:00:00+00:00,3701.3,3721.8,3694.4,3705.8,277.46195968
2024-06-10 00:00:00+00:00,3706.2,3706.2,3681.7,3684.4,87.65510203
2024-06-10 04:00:00+00:00,3682.6,3691.3,3645.6,3649.1,182.24457176
2024-06-10 08:00:00+00:00,3647.4,3679.2,3647.4,3676.0,425.46985922
2024-06-10 12:00:00+00:00,3671.0,3712.3,3663.4,3705.6,658.81853306
2024-06-10 16:00:00+00:00,3702.0,3702.7,3664.1,3665.5,163.63678045
2024-06-10 20:00:00+00:00,3664.8,3675.3,3650.9,3666.8,158.29521943
2024-06-11 00:00:00+00:00,3666.6,3671.5,3567.1,3593.9,2964.56159087
2024-06-11 04:00:00+00:00,3593.0,3593.0,3501.0,3534.1,4634.56294142
2024-06-11 08:00:00+00:00,3530.4,3547.4,3504.7,3532.5,2305.90808856
2024-06-11 12:00:00+00:00,3528.7,3544.3,3431.9,3444.2,1670.32626013
2024-06-11 16:00:00+00:00,3444.2,3502.3,3433.6,3494.7,339.32224844
2024-06-11 20:00:00+00:00,3496.9,3508.6,3484.8,3499.6,223.52283755
2024-06-12 00:00:00+00:00,3498.7,3513.0,3463.6,3510.5,357.59239342
2024-06-12 04:00:00+00:00,3509.4,3530.8,3507.8,3526.1,96.97913009
2024-06-12 08:00:00+00:00,3526.0,3561.9,3517.7,3532.5,722.58044325
2024-06-12 12:00:00+00:00,3530.9,3655.3,3530.9,3620.5,2549.08853873
2024-06-12 16:00:00+00:00,3622.9,3625.0,3515.0,3531.3,1276.30611296
2024-06-12 20:00:00+00:00,3529.9,3574.4,3523.7,3559.8,253.47008965
2024-06-13 00:00:00+00:00,3559.0,3562.0,3478.8,3503.4,507.7809705
2024-06-13 04:00:00+00:00,3503.4,3516.8,3486.7,3505.9,393.54073381
2024-06-13 08:00:00+00:00,3506.9,3510.9,3473.6,3496.5,114.03723005
2024-06-13 12:00:00+00:00,3497.0,3533.3,3435.0,3444.2,731.74627609
2024-06-13 16:00:00+00:00,3443.1,3489.2,3428.4,3482.0,374.06283808
2024-06-13 20:00:00+00:00,3481.5,3490.2,3462.7,3470.3,25.31822815
2024-06-14 00:00:00+00:00,3470.8,3509.2,3458.9,3491.1,319.10727957
2024-06-14 04:00:00+00:00,3491.2,3530.8,3491.2,3515.9,118.12230084
2024-06-14 08:00:00+00:00,3515.9,3530.0,3505.3,3514.3,59.24206069
2024-06-14 12:00:00+00:00,3518.1,3526.5,3462.5,3462.5,248.22607913
2024-06-14 16:00:00+00:00,3462.0,3466.3,3365.0,3408.1,1126.62856248
2024-06-14 20:00:00+00:00,3404.4,3528.0,3404.4,3479.4,964.03277886
2024-06-15 00:00:00+00:00,3481.3,3502.1,3474.1,3501.4,149.18908036
2024-06-15 04:00:00+00:00,3503.9,3555.9,3499.4,3528.2,810.89328316
2024-06-15 08:00:00+00:00,3527.9,3541.0,3518.9,3539.4,265.01875681
2024-06-15 12:00:00+00:00,3538.4,3593.6,3537.7,3563.1,489.55881103
2024-06-15 16:00:00+00:00,3563.4,3575.1,3552.8,3558.0,203.23593922999999
2024-06-15 20:00:00+00:00,3553.8,3573.7,3537.2,3566.8,74.59871026
2024-06-16 00:00:00+00:00,3568.1,3572.3,3550.0,3555.7,53.08720973
2024-06-16 04:00:00+00:00,3554.3,3573.4,3540.9,3563.2,63.66856783
2024-06-16 08:00:00+00:00,3562.0,3568.0,3548.7,3555.4,118.88103921
2024-06-16 12:00:00+00:00,3554.8,3610.2,3553.0,3591.8,265.11355908
2024-06-16 16:00:00+00:00,3592.1,3608.8,3588.2,3598.7,80.68471543
2024-06-16 20:00:00+00:00,3598.4,3652.5,3590.2,3624.2,517.19041735
2024-06-17 00:00:00+00:00,3625.7,3637.8,3577.8,3583.4,496.60555102
2024-06-17 04:00:00+00:00,3582.7,3593.9,3539.8,3551.4,705.42157925
2024-06-17 08:00:00+00:00,3552.3,3559.5,3492.3,3524.4,801.43472297
2024-06-17 12:00:00+00:00,3526.9,3545.1,3488.0,3496.1,970.04040576
2024-06-17 16:00:00+00:00,3497.1,3578.0,3468.5,3555.7,593.97244909
2024-06-17 20:00:00+00:00,3555.7,3557.5,3503.8,3515.3,275.27818718
2024-06-18 00:00:00+00:00,3517.3,3517.6,3354.1,3443.4,1525.69038124
2024-06-18 04:00:00+00:00,3445.2,3465.9,3433.9,3448.2,119.17259905
2024-06-18 08:00:00+00:00,3449.1,3455.0,3397.8,3419.3,328.7816346
2024-06-18 12:00:00+00:00,3419.3,3444.5,3377.3,3428.2,552.21203987
2024-06-18 16:00:00+00:00,3428.0,3439.9,3391.6,3428.8,425.86390667
2024-06-18 20:00:00+00:00,3428.9,3491.0,3421.0,3487.2,689.35807181
2024-06-19 00:00:00+00:00,3488.4,3575.8,3471.6,3575.7,884.10577987
2024-06-19 04:00:00+00:00,3571.2,3588.7,3538.9,3550.2,625.88285217
2024-06-19 08:00:00+00:00,3549.1,3567.3,3525.2,3544.8,576.56622734
2024-06-19 12:00:00+00:00,3542.1,3555.2,3518.5,3528.0,106.59894745
2024-06-19 16:00:00+00:00,3534.6,3591.7,3532.3,3554.4,329.07001039
2024-06-19 20:00:00+00:00,3550.8,3580.6,3537.4,3560.6,210.642219
2024-06-20 00:00:00+00:00,3557.9,3598.1,3542.5,3555.2,650.86144358
2024-06-20 04:00:00+00:00,3559.1,3619.0,3551.1,3611.9,368.12721897
2024-06-20 08:00:00+00:00,3614.4,3628.6,3578.6,3602.3,238.18753421
2024-06-20 12:00:00+00:00,3605.6,3612.5,3500.0,3514.0,856.19379206
2024-06-20 16:00:00+00:00,3512.4,3547.8,3492.2,3542.0,231.61540417
2024-06-20 20:00:00+00:00,3542.4,3543.3,3517.9,3519.7,175.1614828
2024-06-21 00:00:00+00:00,3522.8,3539.3,3500.0,3508.8,168.06012244
2024-06-21 04:00:00+00:00,3509.9,3527.9,3476.0,3480.6,195.5755502
2024-06-21 08:00:00+00:00,3480.9,3536.8,3455.6,3510.2,1038.73349489
2024-06-21 12:00:00+00:00,3511.2,3523.4,3461.4,3496.2,466.36226988
2024-06-21 16:00:00+00:00,3491.1,3541.8,3475.5,3538.4,274.29195919
2024-06-21 20:00:00+00:00,3540.6,3551.5,3506.1,3523.8,300.66598455
2024-06-22 00:00:00+00:00,3526.7,3526.7,3500.5,3513.3,59.25491756
2024-06-22 04:00:00+00:00,3513.4,3514.2,3495.8,3498.2,101.09945512
2024-06-22 08:00:00+00:00,3496.8,3502.6,3481.7,3497.7,138.77602419
2024-06-22 12:00:00+00:00,3498.3,3515.2,3492.8,3509.6,110.52087155
2024-06-22 16:00:00+00:00,3510.6,3512.5,3490.4,3495.6,183.64750338
2024-06-22 20:00:00+00:00,3494.0,3510.5,3490.5,3500.5,30.51063757
2024-06-23 00:00:00+00:00,3505.0,3523.0,3504.6,3523.0,62.21845765
2024-06-23 04:00:00+00:00,3523.3,3525.0,3512.9,3517.0,50.13394658
2024-06-23 08:00:00+00:00,3514.3,3515.7,3493.3,3502.8,126.83160995
2024-06-23 12:00:00+00:00,3503.3,3508.3,3476.5,3479.9,202.4531073
2024-06-23 16:00:00+00:00,3477.6,3485.5,3466.9,3483.6,167.12479995
2024-06-23 20:00:00+00:00,3484.1,3484.3,3412.4,3427.7,927.29836684
2024-06-24 00:00:00+00:00,3425.1,3437.4,3393.7,3409.9,291.79691213
2024-06-24 04:00:00+00:00,3407.8,3417.2,3361.0,3374.5,546.32762034
2024-06-24 08:00:00+00:00,3377.4,3397.6,3231.8,3324.3,2802.68640109
2024-06-24 12:00:00+00:00,3322.7,3340.7,3264.0,3278.5,1792.12716667
2024-06-24 16:00:00+00:00,3279.7,3313.3,3245.0,3293.8,464.80284949
2024-06-24 20:00:00+00:00,3293.8,3366.7,3260.8,3356.5,903.24873333
2024-06-25 00:00:00+00:00,3356.4,3390.8,3340.8,3376.0,144.92101093
2024-06-25 04:00:00+00:00,3376.0,3399.3,3362.2,3363.2,106.37466814
2024-06-25 08:00:00+00:00,3365.1,3395.5,3352.6,3381.9,531.2932951
2024-06-25 12:00:00+00:00,3378.0,3427.6,3362.8,3426.5,1250.56864042
2024-06-25 16:00:00+00:00,3424.2,3431.9,3386.7,3421.8,1485.41692109
2024-06-25 20:00:00+00:00,3421.2,3423.1,3392.8,3399.2,870.30053216
2024-06-26 00:00:00+00:00,3397.7,3428.9,3389.2,3398.8,1698.59075593
2024-06-26 04:00:00+00:00,3398.8,3408.2,3380.1,3404.2,939.80850057
2024-06-26 08:00:00+00:00,3406.6,3406.6,3372.8,3383.6,372.19537501
2024-06-26 12:00:00+00:00,3386.1,3398.6,3350.9,3365.5,308.13000798
2024-06-26 16:00:00+00:00,3365.4,3413.0,3331.0,3412.4,360.09068925
2024-06-26 20:00:00+00:00,3411.8,3419.4,3371.9,3374.8,170.56173793
2024-06-27 00:00:00+00:00,3376.2,3394.8,3365.2,3386.0,120.52398603
2024-06-27 04:00:00+00:00,3388.6,3391.7,3370.7,3379.5,14.43163338
2024-06-27 08:00:00+00:00,3382.0,3415.7,3374.2,3408.0,154.54349515
2024-06-27 12:00:00+00:00,3410.6,3482.0,3410.5,3458.7,2364.07875607
2024-06-27 16:00:00+00:00,3459.2,3472.3,3446.3,3458.2,114.11263068
2024-06-27 20:00:00+00:00,3454.6,3460.6,3445.2,3452.4,51.39056801
2024-06-28 00:00:00+00:00,3455.3,3492.5,3442.3,3463.8,197.98994278
2024-06-28 04:00:00+00:00,3464.1,3465.6,3433.5,3439.3,132.97425506
2024-06-28 08:00:00+00:00,3439.1,3465.4,3425.5,3457.9,218.7326153
2024-06-28 12:00:00+00:00,3457.6,3480.0,3407.4,3418.8,569.30983897
2024-06-28 16:00:00+00:00,3419.9,3419.9,3371.5,3383.9,253.84990079
2024-06-28 20:00:00+00:00,3384.2,3396.4,3374.0,3384.6,53.91916835
2024-06-29 00:00:00+00:00,3386.4,3403.9,3385.1,3391.3,77.05399687
2024-06-29 04:00:00+00:00,3392.0,3412.4,3388.9,3406.5,112.99001901
2024-06-29 08:00:00+00:00,3405.0,3410.0,3392.0,3404.4,80.21461385
2024-06-29 12:00:00+00:00,3404.7,3406.8,3387.9,3398.4,69.23746797
2024-06-29 16:00:00+00:00,3398.7,3398.8,3381.6,3390.5,149.28803264
2024-06-29 20:00:00+00:00,3390.5,3392.8,3377.4,3381.2,33.92976453
2024-06-30 00:00:00+00:00,3381.2,3393.1,3358.5,3374.3,423.9895622
2024-06-30 04:00:00+00:00,3374.5,3404.2,3364.2,3393.4,182.89079163
2024-06-30 08:00:00+00:00,3398.8,3402.6,3390.8,3393.6,27.276666249999998
2024-06-30 12:00:00+00:00,3395.0,3408.4,3386.0,3400.9,33.23128288
2024-06-30 16:00:00+00:00,3404.6,3436.3,3397.1,3436.3,122.93379464
2024-06-30 20:00:00+00:00,3431.1,3462.6,3415.0,3441.0,256.12346929
2024-07-01 00:00:00+00:00,3441.7,3526.7,3436.7,3503.8,932.28072701
2024-07-01 04:00:00+00:00,3501.2,3502.7,3487.2,3492.3,437.32042022
2024-07-01 08:00:00+00:00,3494.1,3497.1,3462.4,3464.2,145.38881466
2024-07-01 12:00:00+00:00,3465.5,3482.8,3458.0,3476.3,134.41684078
2024-07-01 16:00:00+00:00,3477.9,3502.2,3468.2,3473.5,158.00087681
2024-07-01 20:00:00+00:00,3473.7,3476.7,3428.2,3444.8,196.73864819
2024-07-02 00:00:00+00:00,3445.8,3466.0,3437.0,3462.6,65.27789306
2024-07-02 04:00:00+00:00,3459.4,3465.9,3438.1,3441.9,87.6486768
2024-07-02 08:00:00+00:00,3441.0,3457.4,3435.5,3454.3,156.59661654
2024-07-02 12:00:00+00:00,3453.7,3462.4,3405.7,3418.8,578.2714675
2024-07-02 16:00:00+00:00,3418.7,3436.5,3413.2,3416.7,193.38151771
2024-07-02 20:00:00+00:00,3417.8,3432.0,3417.0,3425.3,175.82295928
2024-07-03 00:00:00+00:00,3425.1,3435.6,3336.0,3363.9,846.5080151
2024-07-03 04:00:00+00:00,3362.7,3376.2,3355.8,3358.3,450.1372443
2024-07-03 08:00:00+00:00,3354.9,3359.6,3282.8,3310.7,1633.97458803
2024-07-03 12:00:00+00:00,3306.4,3329.2,3281.1,3310.2,1074.52492943
2024-07-03 16:00:00+00:00,3306.8,3326.1,3260.0,3269.4,389.83697231
2024-07-03 20:00:00+00:00,3270.4,3309.3,3255.2,3299.9,239.70970837
2024-07-04 00:00:00+00:00,3299.1,3315.8,3163.7,3246.4,1318.31823808
2024-07-04 04:00:00+00:00,3245.8,3249.1,3177.5,3177.8,294.47270045
2024-07-04 08:00:00+00:00,3186.3,3197.4,3128.8,3160.6,3426.99042046
2024-07-04 12:00:00+00:00,3160.0,3160.3,3090.8,3139.1,1809.06307705
2024-07-04 16:00:00+00:00,3134.9,3154.3,3116.5,3138.6,225.7470272
2024-07-04 20:00:00+00:00,3136.9,3172.5,3055.8,3060.0,592.39135327
2024-07-05 00:00:00+00:00,3062.9,3111.3,2882.0,2924.7,5664.2262546
2024-07-05 04:00:00+00:00,2923.8,2933.1,2815.8,2883.8,3638.76740599
2024-07-05 08:00:00+00:00,2881.7,2959.0,2827.6,2949.5,4794.72309074
2024-07-05 12:00:00+00:00,2948.3,3008.3,2926.6,2991.5,856.51069662
2024-07-05 16:00:00+00:00,2994.4,3003.0,2963.3,2987.4,158.00046625
2024-07-05 20:00:00+00:00,2984.5,2999.1,2970.0,2989.3,127.11684115
2024-07-06 00:00:00+00:00,2987.0,3031.7,2962.7,2987.8,211.78896567
2024-07-06 04:00:00+00:00,2987.5,3022.6,2969.5,3011.6,149.21616228
2024-07-06 08:00:00+00:00,3011.5,3020.3,2992.7,3013.8,137.76850728
2024-07-06 12:00:00+00:00,3013.6,3034.5,3000.0,3023.2,1829.01586872
2024-07-06 16:00:00+00:00,3025.3,3068.6,3019.4,3063.1,560.84106309
2024-07-06 20:00:00+00:00,3063.0,3085.1,3061.6,3072.6,119.6194198
2024-07-07 00:00:00+00:00,3067.2,3079.2,3046.2,3058.4,147.954546
2024-07-07 04:00:00+00:00,3054.6,3054.8,2999.0,3010.3,259.59402702
2024-07-07 08:00:00+00:00,3011.0,3037.4,3011.0,3019.6,533.4081187
2024-07-07 12:00:00+00:00,3020.0,3028.2,2961.6,2977.4,397.01857025
2024-07-07 16:00:00+00:00,2977.1,3015.9,2970.9,2991.8,186.92191133
2024-07-07 20:00:00+00:00,2991.7,3008.0,2932.0,2940.5,5730.9001640100005
2024-07-08 00:00:00+00:00,2940.6,2960.1,2834.7,2889.4,730.34715584
2024-07-08 04:00:00+00:00,2891.5,2941.6,2885.5,2936.5,413.53665069
2024-07-08 08:00:00+00:00,2933.6,3103.9,2932.5,3063.6,601.05990059
2024-07-08 12:00:00+00:00,3061.6,3070.0,2898.8,2975.0,645.69234454
2024-07-08 16:00:00+00:00,2974.9,3014.5,2950.2,3013.0,394.90437219
2024-07-08 20:00:00+00:00,3009.9,3051.7,2991.3,3026.2,915.85177746
2024-07-09 00:00:00+00:00,3027.2,3081.6,3011.8,3074.8,1341.7555025000001
2024-07-09 04:00:00+00:00,3069.6,3096.8,3062.5,3068.5,181.06394957
2024-07-09 08:00:00+00:00,3069.6,3119.1,3064.2,3096.6,391.14287985
2024-07-09 12:00:00+00:00,3091.1,3110.0,3044.8,3075.7,1884.41963268
2024-07-09 16:00:00+00:00,3075.1,3095.4,3054.3,3076.9,268.89307398
2024-07-09 20:00:00+00:00,3078.0,3086.0,3055.8,3073.6,111.11184692
2024-07-10 00:00:00+00:00,3072.0,3090.7,3033.8,3087.3,92.38401189
2024-07-10 04:00:00+00:00,3090.0,3139.7,3090.0,3104.3,445.75935255
2024-07-10 08:00:00+00:00,3104.5,3113.8,3085.3,3105.3,123.63962942
2024-07-10 12:00:00+00:00,3107.0,3137.2,3084.2,3130.7,372.98969289
2024-07-10 16:00:00+00:00,3130.1,3158.5,3101.2,3117.3,193.22366392
2024-07-10 20:00:00+00:00,3116.5,3120.0,3090.6,3110.4,205.99395201000002
2024-07-11 00:00:00+00:00,3106.5,3137.7,3062.6,3084.9,286.18220649
2024-07-11 04:00:00+00:00,3084.8,3132.6,3082.1,3126.6,99.2169284
2024-07-11 08:00:00+00:00,3133.1,3166.1,3125.9,3154.6,173.45591393
2024-07-11 12:00:00+00:00,3154.8,3223.5,3112.0,3120.0,832.06616555
2024-07-11 16:00:00+00:00,3124.3,3155.3,3107.0,3115.2,403.59203217
2024-07-11 20:00:00+00:00,3113.0,3127.2,3092.9,3105.4,178.0501283
2024-07-12 00:00:00+00:00,3107.4,3121.0,3062.2,3092.6,189.28168231
2024-07-12 04:00:00+00:00,3094.2,3104.7,3066.5,3078.5,125.51065422
2024-07-12 08:00:00+00:00,3079.1,3092.3,3054.4,3077.5,601.30043236
2024-07-12 12:00:00+00:00,3077.8,3146.0,3066.3,3139.4,613.79599098
2024-07-12 16:00:00+00:00,3139.4,3163.3,3122.0,3122.0,215.00634103000002
2024-07-12 20:00:00+00:00,3127.0,3142.4,3098.2,3142.1,919.61384935
2024-07-13 00:00:00+00:00,3143.1,3147.4,3129.1,3129.1,63.18340705
2024-07-13 04:00:00+00:00,3128.2,3151.6,3122.4,3147.4,132.4848123
2024-07-13 08:00:00+00:00,3148.1,3179.1,3139.0,3165.2,738.96874806
2024-07-13 12:00:00+00:00,3164.6,3172.8,3149.8,3165.0,122.48451603
2024-07-13 16:00:00+00:00,3165.3,3174.0,3157.2,3172.6,21.62004016
2024-07-13 20:00:00+00:00,3171.4,3210.0,3153.7,3183.0,346.7313555
2024-07-14 00:00:00+00:00,3185.7,3202.9,3172.5,3181.1,103.87275492
2024-07-14 04:00:00+00:00,3180.5,3215.7,3180.1,3204.9,100.36783537
2024-07-14 08:00:00+00:00,3204.4,3235.6,3204.4,3210.1,702.86376235
2024-07-14 12:00:00+00:00,3207.2,3211.0,3184.0,3199.1,138.46439342
2024-07-14 16:00:00+00:00,3195.8,3206.7,3192.0,3199.7,76.18851498
2024-07-14 20:00:00+00:00,3199.7,3275.0,3199.4,3250.2,512.99433506
2024-07-15 00:00:00+00:00,3251.9,3353.4,3241.8,3337.3,877.04998235
2024-07-15 04:00:00+00:00,3339.6,3374.0,3330.5,3361.0,408.61104354
2024-07-15 08:00:00+00:00,3361.8,3378.4,3334.7,3347.2,190.68363191
2024-07-15 12:00:00+00:00,3346.6,3399.2,3342.2,3372.4,227.33433697
2024-07-15 16:00:00+00:00,3376.2,3437.3,3365.5,3408.6,556.27308086
2024-07-15 20:00:00+00:00,3412.5,3500.0,3412.5,3495.9,1055.58995669
2024-07-16 00:00:00+00:00,3491.2,3503.5,3463.0,3477.6,349.39992164
2024-07-16 04:00:00+00:00,3474.8,3484.8,3379.8,3385.0,627.91429372
2024-07-16 08:00:00+00:00,3385.1,3432.3,3355.2,3429.9,586.00878785
2024-07-16 12:00:00+00:00,3430.1,3492.0,3384.8,3486.4,447.73670504
2024-07-16 16:00:00+00:00,3485.2,3502.2,3451.2,3482.2,369.32041414
2024-07-16 20:00:00+00:00,3482.0,3482.7,3422.6,3448.2,167.00623759
2024-07-17 00:00:00+00:00,3452.7,3521.7,3452.7,3494.2,334.15056899
2024-07-17 04:00:00+00:00,3486.2,3520.2,3479.1,3492.7,184.53626846
2024-07-17 08:00:00+00:00,3492.1,3505.1,3447.7,3453.6,245.90474906
2024-07-17 12:00:00+00:00,3454.7,3479.9,3439.0,3442.3,251.10284879
2024-07-17 16:00:00+00:00,3440.2,3443.6,3382.7,3425.0,442.2768406
2024-07-17 20:00:00+00:00,3420.0,3432.4,3390.4,3392.1,216.33499799
2024-07-18 00:00:00+00:00,3391.2,3444.2,3388.7,3436.1,190.82099361000002
2024-07-18 04:00:00+00:00,3435.9,3458.5,3414.7,3441.0,91.75023986
2024-07-18 08:00:00+00:00,3440.1,3465.1,3437.6,3462.0,113.75793968
2024-07-18 12:00:00+00:00,3463.3,3493.2,3390.7,3393.4,281.64676046
2024-07-18 16:00:00+00:00,3394.5,3426.8,3372.4,3407.5,269.95417525
2024-07-18 20:00:00+00:00,3408.5,3441.1,3400.8,3436.5,52.03344951
2024-07-19 00:00:00+00:00,3430.2,3436.5,3390.4,3434.8,72.77864693
2024-07-19 04:00:00+00:00,3436.0,3454.4,3392.1,3396.4,281.50560566
2024-07-19 08:00:00+00:00,3396.8,3414.6,3382.1,3402.8,134.28654841
2024-07-19 12:00:00+00:00,3409.5,3478.8,3401.5,3468.5,476.74317902
2024-07-19 16:00:00+00:00,3470.6,3546.6,3470.6,3528.1,904.23379006
2024-07-19 20:00:00+00:00,3530.1,3530.3,3499.6,3510.5,281.07772851
2024-07-20 00:00:00+00:00,3510.3,3513.9,3487.8,3501.3,201.88933486
2024-07-20 04:00:00+00:00,3501.3,3515.0,3496.1,3496.1,167.76728236
2024-07-20 08:00:00+00:00,3494.4,3499.9,3487.7,3492.1,124.93569393
2024-07-20 12:00:00+00:00,3491.0,3512.9,3488.9,3507.8,62.69104808
2024-07-20 16:00:00+00:00,3508.8,3544.5,3498.3,3519.9,628.1692326
2024-07-20 20:00:00+00:00,3520.6,3532.2,3509.5,3524.6,215.95706813
2024-07-21 00:00:00+00:00,3522.6,3532.4,3510.2,3517.0,87.8925586
2024-07-21 04:00:00+00:00,3516.5,3518.2,3483.4,3494.5,112.78236763
2024-07-21 08:00:00+00:00,3490.2,3511.3,3490.2,3503.2,55.3815041
2024-07-21 12:00:00+00:00,3505.3,3522.8,3489.8,3506.8,484.16348226
2024-07-21 16:00:00+00:00,3506.5,3532.1,3417.6,3498.4,1185.31066021
2024-07-21 20:00:00+00:00,3494.6,3551.7,3491.7,3541.5,703.73956348
2024-07-22 00:00:00+00:00,3542.5,3566.4,3521.2,3523.5,662.09414276
2024-07-22 04:00:00+00:00,3523.0,3528.3,3464.6,3486.3,298.40551837
2024-07-22 08:00:00+00:00,3483.4,3505.7,3474.3,3505.7,62.13113251
2024-07-22 12:00:00+00:00,3505.2,3510.6,3443.6,3463.3,182.33291375
2024-07-22 16:00:00+00:00,3461.7,3504.6,3450.9,3502.9,161.90810762
2024-07-22 20:00:00+00:00,3504.5,3504.5,3433.3,3448.1,230.64722811000001
2024-07-23 00:00:00+00:00,3446.5,3498.2,3446.4,3481.1,187.06918796
2024-07-23 04:00:00+00:00,3481.1,3489.6,3432.9,3458.4,169.8855227
2024-07-23 08:00:00+00:00,3460.3,3548.1,3460.2,3522.2,302.89903493
2024-07-23 12:00:00+00:00,3524.3,3524.3,3428.0,3460.5,1031.98278404
2024-07-23 16:00:00+00:00,3457.6,3502.1,3395.6,3462.1,770.79437791
2024-07-23 20:00:00+00:00,3462.4,3507.4,3462.4,3488.1,549.76351304
2024-07-24 00:00:00+00:00,3490.1,3493.1,3436.7,3453.5,193.07496238
2024-07-24 04:00:00+00:00,3454.6,3466.5,3436.2,3453.1,997.66159282
2024-07-24 08:00:00+00:00,3452.7,3501.9,3449.2,3466.5,3228.11932782
2024-07-24 12:00:00+00:00,3468.9,3477.6,3418.3,3425.3,516.24823191
2024-07-24 16:00:00+00:00,3423.4,3440.0,3369.5,3372.5,947.71403286
2024-07-24 20:00:00+00:00,3372.4,3383.7,3304.2,3342.5,1545.31270148
2024-07-25 00:00:00+00:00,3342.6,3347.7,3162.3,3173.2,1506.13328781
2024-07-25 04:00:00+00:00,3173.0,3199.0,3137.9,3175.8,775.87668792
2024-07-25 08:00:00+00:00,3173.0,3191.5,3155.8,3180.9,770.857402
2024-07-25 12:00:00+00:00,3175.8,3187.1,3112.0,3143.5,1859.98115812
2024-07-25 16:00:00+00:00,3147.2,3177.1,3107.3,3127.4,1062.53342702
2024-07-25 20:00:00+00:00,3128.2,3201.2,3093.9,3178.9,990.06187699
2024-07-26 00:00:00+00:00,3179.0,3263.0,3177.1,3241.1,508.94118079
2024-07-26 04:00:00+00:00,3240.1,3279.0,3238.0,3252.0,455.49187213
2024-07-26 08:00:00+00:00,3260.2,3267.7,3241.2,3252.1,430.43151856
2024-07-26 12:00:00+00:00,3251.6,3275.4,3229.5,3257.9,482.41234264
2024-07-26 16:00:00+00:00,3261.2,3292.7,3249.5,3281.4,473.37391266000003
2024-07-26 20:00:00+00:00,3281.4,3292.5,3259.2,3281.7,342.30417109
2024-07-27 00:00:00+00:00,3282.5,3282.5,3250.0,3251.7,154.436967
2024-07-27 04:00:00+00:00,3251.4,3283.1,3251.1,3283.0,125.83726791000001
2024-07-27 08:00:00+00:00,3284.3,3288.8,3270.7,3285.1,68.1174299
2024-07-27 12:00:00+00:00,3286.0,3333.0,3279.2,3288.5,368.19669976
2024-07-27 16:00:00+00:00,3290.9,3299.0,3238.7,3268.6,504.58992292
2024-07-27 20:00:00+00:00,3258.9,3301.7,3202.0,3254.3,827.00353551
2024-07-28 00:00:00+00:00,3253.9,3262.1,3233.6,3246.4,84.95064172
2024-07-28 04:00:00+00:00,3246.1,3250.7,3205.8,3233.1,173.98325461
2024-07-28 08:00:00+00:00,3229.9,3272.4,3223.9,3266.9,187.37691977
2024-07-28 12:00:00+00:00,3263.4,3286.0,3262.2,3275.9,103.16397518
2024-07-28 16:00:00+00:00,3279.4,3292.5,3270.5,3279.8,354.98276365
2024-07-28 20:00:00+00:00,3279.3,3280.7,3259.5,3280.2,78.94727285
2024-07-29 00:00:00+00:00,3277.7,3363.9,3274.6,3357.6,650.84260994
2024-07-29 04:00:00+00:00,3360.0,3397.5,3350.0,3373.5,346.08379199
2024-07-29 08:00:00+00:00,3375.6,3403.7,3372.3,3383.4,602.22997109
2024-07-29 12:00:00+00:00,3385.6,3394.4,3298.4,3314.9,545.7992429
2024-07-29 16:00:00+00:00,3314.8,3329.5,3264.2,3314.8,984.14251517
2024-07-29 20:00:00+00:00,3317.6,3359.0,3317.6,3327.9,215.57270927
2024-07-30 00:00:00+00:00,3324.3,3342.0,3288.9,3324.3,214.98272787
2024-07-30 04:00:00+00:00,3326.8,3358.0,3306.6,3347.4,125.30191787
2024-07-30 08:00:00+00:00,3347.8,3361.2,3334.6,3342.7,128.4168851
2024-07-30 12:00:00+00:00,3342.6,3372.5,3300.0,3330.0,161.50146385
2024-07-30 16:00:00+00:00,3327.0,3332.5,3267.0,3276.0,185.7875218
2024-07-30 20:00:00+00:00,3276.8,3292.6,3240.3,3285.7,181.97472719
2024-07-31 00:00:00+00:00,3286.3,3311.5,3271.1,3299.9,82.94501824
2024-07-31 04:00:00+00:00,3302.0,3337.1,3270.7,3324.1,104.64787117
2024-07-31 08:00:00+00:00,3323.0,3330.9,3312.5,3328.5,109.74038729
2024-07-31 12:00:00+00:00,3328.6,3354.8,3304.6,3309.4,358.06713508
2024-07-31 16:00:00+00:00,3309.7,3332.0,3253.0,3266.2,542.96425652
2024-07-31 20:00:00+00:00,3270.9,3276.0,3219.7,3239.4,720.03267756
2024-08-01 00:00:00+00:00,3237.0,3246.8,3176.2,3182.5,553.44094955
2024-08-01 04:00:00+00:00,3181.0,3191.5,3140.6,3170.1,603.96548848
2024-08-01 08:00:00+00:00,3169.7,3199.4,3169.7,3196.5,145.52199683
2024-08-01 12:00:00+00:00,3194.8,3213.0,3111.0,3123.8,738.62781435
2024-08-01 16:00:00+00:00,3120.7,3142.6,3086.3,3138.7,823.07535327
2024-08-01 20:00:00+00:00,3138.6,3222.1,3129.0,3210.1,190.77921318
2024-08-02 00:00:00+00:00,3209.0,3223.0,3143.5,3173.8,341.62894566
2024-08-02 04:00:00+00:00,3174.4,3178.5,3133.7,3153.5,332.41942974
2024-08-02 08:00:00+00:00,3152.6,3170.0,3141.9,3158.1,240.53609189
2024-08-02 12:00:00+00:00,3158.8,3185.7,2992.5,3043.5,2822.22525301
2024-08-02 16:00:00+00:00,3042.2,3050.0,2997.6,3015.5,251.11307447
2024-08-02 20:00:00+00:00,3015.4,3044.6,2973.0,2993.8,765.23969686
2024-08-03 00:00:00+00:00,2992.9,3005.2,2918.0,2984.4,1028.96232755
2024-08-03 04:00:00+00:00,2984.7,2999.0,2964.8,2989.7,245.10613848
2024-08-03 08:00:00+00:00,2987.5,3008.5,2980.2,3002.4,231.26514389
2024-08-03 12:00:00+00:00,3002.2,3021.2,2945.7,2947.4,629.91045778
2024-08-03 16:00:00+00:00,2947.9,2957.3,2886.2,2898.2,1492.79597997
2024-08-03 20:00:00+00:00,2904.0,2926.6,2865.1,2910.0,928.33158356
2024-08-04 00:00:00+00:00,2908.5,2940.3,2883.7,2921.4,280.05403985
2024-08-04 04:00:00+00:00,2921.5,2925.6,2894.3,2898.9,88.27695417
2024-08-04 08:00:00+00:00,2897.9,2928.6,2883.5,2920.6,100.0136353
2024-08-04 12:00:00+00:00,2920.8,2929.6,2825.8,2832.7,1072.35252217
2024-08-04 16:00:00+00:00,2830.8,2843.1,2629.1,2761.8,4602.82138475
2024-08-04 20:00:00+00:00,2759.1,2774.7,2684.3,2691.0,686.8887706
2024-08-05 00:00:00+00:00,2692.5,2700.1,2099.9,2318.6,8914.34205377
2024-08-05 04:00:00+00:00,2320.0,2388.0,2161.8,2361.8,4314.6999968
2024-08-05 08:00:00+00:00,2361.8,2364.4,2230.7,2297.7,5107.17125974
2024-08-05 12:00:00+00:00,2297.0,2466.9,2189.6,2453.4,3981.88354454
2024-08-05 16:00:00+00:00,2454.3,2522.3,2371.2,2410.4,1661.60261222
2024-08-05 20:00:00+00:00,2413.8,2480.7,2410.3,2423.7,1010.78359134
2024-08-06 00:00:00+00:00,2425.9,2553.5,2425.2,2499.9,385.42615419
2024-08-06 04:00:00+00:00,2499.7,2538.9,2486.8,2527.9,945.37821109
2024-08-06 08:00:00+00:00,2528.0,2528.9,2446.8,2466.2,301.11751938
2024-08-06 12:00:00+00:00,2463.2,2559.9,2423.3,2535.1,625.55023705
2024-08-06 16:00:00+00:00,2536.2,2555.6,2489.0,2504.0,966.52031162
2024-08-06 20:00:00+00:00,2498.7,2518.3,2452.3,2466.4,876.48014661
2024-08-07 00:00:00+00:00,2467.6,2535.3,2433.0,2513.7,503.35138318
2024-08-07 04:00:00+00:00,2510.6,2538.8,2490.4,2516.0,225.89370048
2024-08-07 08:00:00+00:00,2515.2,2556.9,2477.7,2479.3,827.65854448
2024-08-07 12:00:00+00:00,2480.7,2490.7,2370.7,2414.5,1044.58534623
2024-08-07 16:00:00+00:00,2416.7,2419.7,2332.0,2354.3,583.29189615
2024-08-07 20:00:00+00:00,2352.5,2371.0,2313.6,2345.9,409.17243704000003
2024-08-08 00:00:00+00:00,2345.5,2469.0,2325.6,2436.6,395.03955836
2024-08-08 04:00:00+00:00,2441.3,2449.6,2418.3,2418.3,365.92396965
2024-08-08 08:00:00+00:00,2417.5,2464.2,2414.0,2454.3,171.7081597
2024-08-08 12:00:00+00:00,2453.9,2528.4,2417.3,2510.2,2111.9428433900002
2024-08-08 16:00:00+00:00,2512.2,2609.6,2512.2,2577.2,1678.03761543
2024-08-08 20:00:00+00:00,2577.2,2725.7,2572.6,2687.5,1172.57200114
2024-08-09 00:00:00+00:00,2688.3,2704.1,2651.2,2698.2,401.26374502
2024-08-09 04:00:00+00:00,2696.9,2710.3,2654.5,2669.4,199.47893981
2024-08-09 08:00:00+00:00,2675.9,2684.1,2623.2,2639.8,590.59619115
2024-08-09 12:00:00+00:00,2640.2,2666.1,2556.6,2562.7,591.71218144
2024-08-09 16:00:00+00:00,2562.0,2611.8,2557.5,2599.5,132.0117702
2024-08-09 20:00:00+00:00,2597.0,2615.8,2568.9,2604.4,536.89294082
2024-08-10 00:00:00+00:00,2603.0,2647.3,2581.3,2606.4,182.55304931999999
2024-08-10 04:00:00+00:00,2607.1,2642.3,2592.4,2636.8,156.8721459
2024-08-10 08:00:00+00:00,2635.7,2646.2,2628.3,2639.0,57.10804634
2024-08-10 12:00:00+00:00,2641.9,2641.9,2602.1,2603.0,50.97088493
2024-08-10 16:00:00+00:00,2606.3,2626.0,2593.6,2606.5,376.9881171
2024-08-10 20:00:00+00:00,2606.9,2619.9,2601.4,2612.1,218.81618661000002
2024-08-11 00:00:00+00:00,2614.0,2671.4,2611.1,2651.0,113.33433092
2024-08-11 04:00:00+00:00,2652.2,2685.0,2639.6,2680.7,134.66452317
2024-08-11 08:00:00+00:00,2684.9,2723.5,2650.6,2659.0,419.83130384
2024-08-11 12:00:00+00:00,2656.9,2659.7,2600.0,2613.7,121.92164657
2024-08-11 16:00:00+00:00,2618.8,2648.2,2601.8,2605.8,489.32884642
2024-08-11 20:00:00+00:00,2603.6,2607.0,2546.5,2557.8,905.4376266
2024-08-12 00:00:00+00:00,2558.9,2580.6,2514.5,2543.4,514.02672994
2024-08-12 04:00:00+00:00,2545.2,2585.6,2521.0,2573.7,535.33902836
2024-08-12 08:00:00+00:00,2573.5,2685.3,2564.5,2677.4,1383.1138865
2024-08-12 12:00:00+00:00,2677.6,2727.2,2598.5,2692.9,1141.70020233
2024-08-12 16:00:00+00:00,2693.3,2701.6,2633.5,2663.1,209.08483127
2024-08-12 20:00:00+00:00,2664.2,2757.0,2663.7,2727.3,1102.3729146
2024-08-13 00:00:00+00:00,2727.9,2742.7,2655.1,2661.4,823.6281427
2024-08-13 04:00:00+00:00,2660.3,2666.8,2640.6,2656.3,502.85257226
2024-08-13 08:00:00+00:00,2651.5,2659.5,2615.4,2644.0,189.59606996
2024-08-13 12:00:00+00:00,2652.4,2677.9,2635.0,2654.1,253.16993952
2024-08-13 16:00:00+00:00,2659.5,2733.4,2659.5,2716.7,705.95720013
2024-08-13 20:00:00+00:00,2718.9,2737.6,2698.3,2703.1,225.92972439
2024-08-14 00:00:00+00:00,2707.1,2727.7,2692.0,2714.5,67.23538065
2024-08-14 04:00:00+00:00,2712.8,2752.9,2712.8,2731.1,124.80958954
2024-08-14 08:00:00+00:00,2729.9,2766.8,2721.5,2757.4,80.91523251
2024-08-14 12:00:00+00:00,2755.1,2784.6,2637.1,2681.7,1005.251902
2024-08-14 16:00:00+00:00,2679.1,2679.1,2648.9,2674.0,173.09405457
2024-08-14 20:00:00+00:00,2676.6,2683.2,2645.7,2667.4,179.7259053
2024-08-15 00:00:00+00:00,2665.0,2676.4,2638.0,2657.3,288.78186353
2024-08-15 04:00:00+00:00,2655.6,2658.4,2594.1,2618.9,504.22809852
2024-08-15 08:00:00+00:00,2617.9,2646.8,2610.5,2640.0,169.26274104
2024-08-15 12:00:00+00:00,2642.1,2678.0,2638.7,2675.5,344.64857305
2024-08-15 16:00:00+00:00,2672.8,2678.1,2526.3,2553.0,1692.0504521
2024-08-15 20:00:00+00:00,2552.9,2591.6,2521.7,2570.9,963.52913284
2024-08-16 00:00:00+00:00,2572.8,2613.7,2555.3,2583.3,334.18425636
2024-08-16 04:00:00+00:00,2583.2,2631.0,2583.2,2617.1,325.61204804
2024-08-16 08:00:00+00:00,2620.4,2629.0,2611.1,2616.1,349.60370337
2024-08-16 12:00:00+00:00,2616.5,2622.6,2557.0,2572.8,287.16248866
2024-08-16 16:00:00+00:00,2572.3,2634.3,2568.0,2625.1,302.46939281
2024-08-16 20:00:00+00:00,2625.4,2630.6,2592.9,2598.3,175.26641247
2024-08-17 00:00:00+00:00,2598.8,2613.2,2594.1,2599.6,45.84452025
2024-08-17 04:00:00+00:00,2600.4,2607.7,2595.3,2604.6,347.20857482
2024-08-17 08:00:00+00:00,2603.7,2610.8,2598.2,2603.7,61.12983004
2024-08-17 12:00:00+00:00,2603.9,2623.0,2602.9,2612.1,73.07380624
2024-08-17 16:00:00+00:00,2611.8,2632.9,2611.8,2619.6,132.87682390999998
2024-08-17 20:00:00+00:00,2620.0,2622.1,2605.6,2619.0,225.93530709
2024-08-18 00:00:00+00:00,2619.2,2643.8,2610.5,2611.6,75.957797
2024-08-18 04:00:00+00:00,2613.0,2614.8,2600.6,2611.0,93.45680563
2024-08-18 08:00:00+00:00,2612.8,2672.3,2612.8,2652.2,987.3060847200001
2024-08-18 12:00:00+00:00,2655.2,2692.1,2649.8,2679.0,279.15452818
2024-08-18 16:00:00+00:00,2677.7,2683.1,2649.2,2672.3,62.49188204
2024-08-18 20:00:00+00:00,2675.0,2675.0,2614.9,2614.9,229.01092248
2024-08-19 00:00:00+00:00,2617.0,2651.4,2609.7,2650.5,542.54671745
2024-08-19 04:00:00+00:00,2648.5,2653.0,2618.2,2619.1,116.94670945
2024-08-19 08:00:00+00:00,2621.2,2626.4,2573.6,2594.5,721.24932784
2024-08-19 12:00:00+00:00,2592.1,2607.6,2569.4,2593.8,304.39104282
2024-08-19 16:00:00+00:00,2589.2,2634.1,2580.3,2614.2,160.59249335
2024-08-19 20:00:00+00:00,2614.8,2645.2,2611.8,2645.2,150.92536027
2024-08-20 00:00:00+00:00,2641.7,2680.5,2628.6,2664.5,662.96378078
2024-08-20 04:00:00+00:00,2666.0,2699.4,2662.2,2677.2,176.09104011
2024-08-20 08:00:00+00:00,2679.8,2679.8,2644.7,2646.2,161.95345179
2024-08-20 12:00:00+00:00,2646.0,2660.2,2560.9,2582.8,7218.51433174
2024-08-20 16:00:00+00:00,2582.8,2613.1,2574.5,2609.1,1392.1659798
2024-08-20 20:00:00+00:00,2608.0,2615.7,2572.4,2580.5,478.0477684
2024-08-21 00:00:00+00:00,2580.0,2603.2,2565.0,2596.8,143.8908988
2024-08-21 04:00:00+00:00,2598.1,2611.1,2596.1,2603.7,199.39937807
2024-08-21 08:00:00+00:00,2604.2,2610.5,2572.4,2584.4,86.39584966
2024-08-21 12:00:00+00:00,2580.2,2621.2,2540.3,2607.2,1038.32560926
2024-08-21 16:00:00+00:00,2607.2,2653.7,2597.2,2651.4,703.97642291
2024-08-21 20:00:00+00:00,2650.9,2666.7,2625.0,2634.6,600.4255223600001
2024-08-22 00:00:00+00:00,2635.6,2643.9,2589.8,2619.8,184.64164621
2024-08-22 04:00:00+00:00,2620.0,2645.2,2618.4,2641.4,2162.79142563
2024-08-22 08:00:00+00:00,2637.7,2646.0,2624.7,2645.1,5965.36646017
2024-08-22 12:00:00+00:00,2645.1,2648.2,2595.2,2603.5,438.56240435
2024-08-22 16:00:00+00:00,2603.1,2621.2,2601.8,2610.4,179.41563941
2024-08-22 20:00:00+00:00,2609.9,2630.9,2609.9,2628.2,390.6331139
2024-08-23 00:00:00+00:00,2627.3,2657.5,2627.3,2642.1,95.2156733
2024-08-23 04:00:00+00:00,2640.3,2694.0,2640.3,2674.7,514.11904514
2024-08-23 08:00:00+00:00,2674.7,2683.6,2657.7,2657.7,271.98636968
2024-08-23 12:00:00+00:00,2661.4,2704.2,2638.8,2675.2,703.71705923
2024-08-23 16:00:00+00:00,2673.6,2754.4,2670.9,2751.0,1403.7929889
2024-08-23 20:00:00+00:00,2751.6,2803.6,2750.4,2766.3,1376.80297009
2024-08-24 00:00:00+00:00,2767.7,2773.3,2747.1,2750.8,124.62168736
2024-08-24 04:00:00+00:00,2752.6,2767.0,2746.3,2763.1,81.78505252
2024-08-24 08:00:00+00:00,2764.6,2789.9,2761.0,2761.0,314.52076559
2024-08-24 12:00:00+00:00,2763.5,2768.6,2757.3,2766.6,115.93467149
2024-08-24 16:00:00+00:00,2766.9,2823.3,2765.7,2797.4,1107.06531121
2024-08-24 20:00:00+00:00,2798.0,2810.5,2737.8,2771.1,409.67133505
2024-08-25 00:00:00+00:00,2771.8,2785.7,2754.4,2769.3,204.74133094
2024-08-25 04:00:00+00:00,2768.5,2772.8,2739.3,2747.8,81.49783637
2024-08-25 08:00:00+00:00,2744.8,2763.0,2743.3,2754.8,72.07053185
2024-08-25 12:00:00+00:00,2755.3,2776.4,2750.4,2768.2,79.35126589
2024-08-25 16:00:00+00:00,2768.3,2777.8,2765.5,2770.6,61.12680634
2024-08-25 20:00:00+00:00,2770.1,2796.4,2747.2,2748.8,173.57713143
2024-08-26 00:00:00+00:00,2752.9,2766.4,2726.0,2747.4,118.27025182
2024-08-26 04:00:00+00:00,2749.2,2755.8,2733.7,2738.8,260.82794782
2024-08-26 08:00:00+00:00,2739.3,2751.7,2717.6,2746.9,808.35992865
2024-08-26 12:00:00+00:00,2745.7,2747.9,2708.2,2726.8,247.45487251
2024-08-26 16:00:00+00:00,2724.9,2736.4,2682.4,2683.3,228.23113457
2024-08-26 20:00:00+00:00,2685.4,2697.3,2672.5,2685.5,232.58831076
2024-08-27 00:00:00+00:00,2684.9,2697.7,2674.2,2691.4,122.35808193
2024-08-27 04:00:00+00:00,2691.5,2704.3,2680.6,2693.8,166.77269925
2024-08-27 08:00:00+00:00,2694.8,2697.1,2626.1,2629.8,514.87230394
2024-08-27 12:00:00+00:00,2629.7,2633.7,2562.5,2583.8,1036.35448525
2024-08-27 16:00:00+00:00,2581.1,2598.6,2570.4,2591.8,5173.29895874
2024-08-27 20:00:00+00:00,2591.6,2593.7,2398.9,2463.3,4966.81924568
2024-08-28 00:00:00+00:00,2460.2,2487.2,2424.0,2486.0,5218.69228808
2024-08-28 04:00:00+00:00,2485.3,2492.3,2441.0,2441.0,1340.0760066
2024-08-28 08:00:00+00:00,2444.0,2555.0,2435.1,2530.3,1258.92889167
2024-08-28 12:00:00+00:00,2530.1,2545.1,2476.1,2501.7,981.62347838
2024-08-28 16:00:00+00:00,2496.7,2552.9,2463.4,2511.6,812.37052615
2024-08-28 20:00:00+00:00,2512.5,2560.6,2512.5,2533.1,218.66932796
2024-08-29 00:00:00+00:00,2532.9,2542.1,2518.9,2530.2,87.09589725000001
2024-08-29 04:00:00+00:00,2529.5,2568.3,2525.0,2555.0,150.58659303
2024-08-29 08:00:00+00:00,2554.3,2582.2,2545.9,2564.5,284.53309405
2024-08-29 12:00:00+00:00,2561.2,2601.1,2560.4,2585.0,284.35331284
2024-08-29 16:00:00+00:00,2584.2,2591.0,2515.6,2532.3,236.92106788
2024-08-29 20:00:00+00:00,2534.3,2549.0,2512.7,2535.6,144.80231939
2024-08-30 00:00:00+00:00,2533.4,2540.6,2512.7,2526.7,578.83860396
2024-08-30 04:00:00+00:00,2524.5,2539.3,2510.8,2525.7,203.79027647
2024-08-30 08:00:00+00:00,2524.5,2533.3,2514.7,2518.7,405.05108137
2024-08-30 12:00:00+00:00,2517.9,2556.1,2441.6,2454.1,1310.84175649
2024-08-30 16:00:00+00:00,2454.4,2547.0,2441.0,2516.0,1904.17043224
2024-08-30 20:00:00+00:00,2513.6,2536.9,2512.5,2532.4,129.51211397
2024-08-31 00:00:00+00:00,2533.3,2540.0,2526.6,2531.2,184.85101543
2024-08-31 04:00:00+00:00,2530.5,2537.2,2525.8,2528.8,605.70429088
2024-08-31 08:00:00+00:00,2528.7,2534.5,2518.0,2531.3,205.51631218
2024-08-31 12:00:00+00:00,2531.8,2532.8,2521.1,2525.0,45.01498245
2024-08-31 16:00:00+00:00,2526.1,2526.1,2500.1,2506.7,134.97436061
2024-08-31 20:00:00+00:00,2503.8,2534.5,2502.0,2518.2,209.85721175999998
2024-09-01 00:00:00+00:00,2519.4,2522.2,2479.2,2493.7,773.31759816
2024-09-01 04:00:00+00:00,2493.4,2495.5,2465.0,2492.1,581.56850892
2024-09-01 08:00:00+00:00,2495.3,2499.7,2468.2,2486.5,777.97009125
2024-09-01 12:00:00+00:00,2486.8,2494.6,2445.1,2487.2,142.12746049
2024-09-01 16:00:00+00:00,2487.1,2520.2,2465.7,2507.6,1137.62709926
2024-09-01 20:00:00+00:00,2510.1,2522.4,2407.6,2437.4,550.68945529
2024-09-02 00:00:00+00:00,2431.4,2460.5,2426.9,2454.8,2528.83305957
2024-09-02 04:00:00+00:00,2457.0,2472.5,2442.6,2447.7,5462.81233246
2024-09-02 08:00:00+00:00,2449.2,2547.2,2448.1,2522.8,719.06353062
2024-09-02 12:00:00+00:00,2523.3,2531.1,2499.2,2520.7,491.70396391
2024-09-02 16:00:00+00:00,2520.4,2534.3,2512.7,2529.6,130.02587183
2024-09-02 20:00:00+00:00,2531.4,2571.0,2531.3,2545.5,337.2245137
2024-09-03 00:00:00+00:00,2546.3,2557.9,2521.8,2521.8,837.01062299
2024-09-03 04:00:00+00:00,2523.2,2531.2,2520.3,2527.2,56.58017957
2024-09-03 08:00:00+00:00,2524.0,2524.0,2501.6,2514.6,68.26943186
2024-09-03 12:00:00+00:00,2516.2,2523.8,2443.0,2449.4,387.72844166
2024-09-03 16:00:00+00:00,2449.8,2476.1,2445.5,2453.3,1824.26812474
2024-09-03 20:00:00+00:00,2457.3,2477.0,2420.0,2428.5,1881.71108926
2024-09-04 00:00:00+00:00,2432.8,2455.8,2315.4,2379.7,2954.86330651
2024-09-04 04:00:00+00:00,2380.3,2422.0,2373.0,2408.8,1346.4473443
2024-09-04 08:00:00+00:00,2408.8,2417.8,2395.7,2406.9,532.66400693
2024-09-04 12:00:00+00:00,2406.2,2462.2,2398.9,2459.2,682.81098809
2024-09-04 16:00:00+00:00,2459.0,2493.4,2446.2,2458.6,478.58819541
2024-09-04 20:00:00+00:00,2457.1,2474.1,2449.7,2454.6,166.10737866
2024-09-05 00:00:00+00:00,2456.5,2472.0,2412.2,2413.6,576.22172074
2024-09-05 04:00:00+00:00,2412.1,2424.6,2384.8,2418.1,193.49611241
2024-09-05 08:00:00+00:00,2417.0,2420.7,2388.4,2393.7,269.70842618
2024-09-05 12:00:00+00:00,2395.0,2419.9,2362.2,2381.2,4572.9380231000005
2024-09-05 16:00:00+00:00,2376.6,2400.7,2354.3,2366.4,376.7293191
2024-09-05 20:00:00+00:00,2367.9,2382.9,2356.9,2371.5,245.87419575
2024-09-06 00:00:00+00:00,2374.2,2413.3,2363.6,2398.6,85.05348907
2024-09-06 04:00:00+00:00,2399.4,2402.5,2327.4,2350.5,391.28461682
2024-09-06 08:00:00+00:00,2348.8,2384.5,2345.8,2382.1,301.13713567
2024-09-06 12:00:00+00:00,2381.6,2413.6,2269.5,2295.0,7266.55016376
2024-09-06 16:00:00+00:00,2295.3,2297.3,2213.7,2233.4,2548.73546971
2024-09-06 20:00:00+00:00,2226.8,2233.9,2156.6,2231.1,3000.16464484
2024-09-07 00:00:00+00:00,2232.6,2249.9,2228.8,2244.5,533.22918722
2024-09-07 04:00:00+00:00,2245.0,2300.6,2244.5,2296.7,457.73374409
2024-09-07 08:00:00+00:00,2292.6,2305.3,2282.9,2291.2,946.8111782
2024-09-07 12:00:00+00:00,2292.8,2317.9,2289.3,2307.6,334.44456801
2024-09-07 16:00:00+00:00,2309.0,2311.8,2271.2,2298.3,554.03967306
2024-09-07 20:00:00+00:00,2296.7,2296.7,2265.2,2282.0,208.37859677
2024-09-08 00:00:00+00:00,2279.7,2293.9,2269.9,2291.7,66.93027531
2024-09-08 04:00:00+00:00,2291.7,2309.3,2291.0,2301.3,179.26427438
2024-09-08 08:00:00+00:00,2301.5,2315.0,2294.8,2303.1,128.01123064
2024-09-08 12:00:00+00:00,2302.5,2304.3,2246.7,2249.8,466.69735006
2024-09-08 16:00:00+00:00,2251.1,2288.4,2245.7,2279.6,451.55785763
2024-09-08 20:00:00+00:00,2278.2,2339.3,2275.3,2303.2,1259.14123643
2024-09-09 00:00:00+00:00,2303.9,2326.3,2295.4,2311.3,296.87179639
2024-09-09 04:00:00+00:00,2311.1,2321.0,2290.0,2320.3,148.97449235
2024-09-09 08:00:00+00:00,2320.1,2345.9,2317.5,2322.1,262.59599246
2024-09-09 12:00:00+00:00,2322.5,2330.1,2280.2,2299.8,587.22462572
2024-09-09 16:00:00+00:00,2299.4,2358.8,2299.4,2353.8,1408.15260445
2024-09-09 20:00:00+00:00,2354.5,2383.0,2342.2,2361.2,411.39472445
2024-09-10 00:00:00+00:00,2364.9,2364.9,2340.5,2347.1,145.27631179
2024-09-10 04:00:00+00:00,2345.6,2370.7,2333.4,2366.7,114.37198688
2024-09-10 08:00:00+00:00,2367.4,2375.9,2345.0,2355.6,459.18273262
2024-09-10 12:00:00+00:00,2354.7,2366.8,2325.4,2328.7,337.85955634
2024-09-10 16:00:00+00:00,2329.1,2395.0,2328.5,2386.9,239.21055797
2024-09-10 20:00:00+00:00,2385.8,2403.4,2377.5,2393.2,83.11524049
2024-09-11 00:00:00+00:00,2393.8,2393.8,2344.9,2352.5,490.784396
2024-09-11 04:00:00+00:00,2352.9,2352.9,2324.2,2345.7,266.98332663
2024-09-11 08:00:00+00:00,2345.2,2345.2,2312.4,2329.5,407.63994934
2024-09-11 12:00:00+00:00,2329.4,2357.2,2284.1,2331.4,2012.13679646
2024-09-11 16:00:00+00:00,2331.9,2375.0,2331.9,2347.1,690.3203909
2024-09-11 20:00:00+00:00,2346.4,2355.7,2338.9,2344.2,380.01394222
2024-09-12 00:00:00+00:00,2346.2,2396.5,2344.8,2375.3,492.15689488
2024-09-12 04:00:00+00:00,2374.8,2384.6,2359.3,2364.5,195.41485019
2024-09-12 08:00:00+00:00,2365.2,2371.6,2350.3,2355.0,87.12526743
2024-09-12 12:00:00+00:00,2354.4,2371.5,2321.7,2328.4,537.87833596
2024-09-12 16:00:00+00:00,2328.2,2366.7,2328.2,2366.2,149.16483412
2024-09-12 20:00:00+00:00,2366.1,2378.6,2348.0,2368.0,662.11965203
2024-09-13 00:00:00+00:00,2368.1,2370.0,2357.3,2363.0,32.99276175
2024-09-13 04:00:00+00:00,2362.3,2364.5,2343.0,2353.2,434.34525972
2024-09-13 08:00:00+00:00,2353.8,2380.7,2347.0,2358.5,115.15625156
2024-09-13 12:00:00+00:00,2359.2,2417.3,2348.3,2411.6,984.20893173
2024-09-13 16:00:00+00:00,2413.7,2437.3,2401.8,2424.6,1510.21114624
2024-09-13 20:00:00+00:00,2425.4,2469.1,2417.9,2444.7,747.82874597
2024-09-14 00:00:00+00:00,2444.2,2444.5,2427.5,2437.6,87.70533189
2024-09-14 04:00:00+00:00,2435.5,2437.6,2418.2,2424.5,79.35457382
2024-09-14 08:00:00+00:00,2424.6,2425.4,2414.2,2421.2,70.2298587
2024-09-14 12:00:00+00:00,2420.7,2427.8,2418.2,2424.0,64.55381976
2024-09-14 16:00:00+00:00,2421.9,2426.0,2385.6,2415.4,1394.69908725
2024-09-14 20:00:00+00:00,2414.9,2427.6,2413.4,2423.6,54.65326467
2024-09-15 00:00:00+00:00,2423.8,2436.3,2423.8,2425.5,67.70534574
2024-09-15 04:00:00+00:00,2427.0,2428.9,2420.8,2428.1,18.75863697
2024-09-15 08:00:00+00:00,2426.1,2426.1,2409.5,2413.2,30.24239411
2024-09-15 12:00:00+00:00,2412.2,2423.9,2402.1,2416.0,136.97479277
2024-09-15 16:00:00+00:00,2414.4,2414.4,2368.6,2377.1,1158.13367161
2024-09-15 20:00:00+00:00,2377.1,2377.1,2290.0,2323.2,1565.14231044
2024-09-16 00:00:00+00:00,2322.5,2327.8,2259.4,2282.8,595.71220704
2024-09-16 04:00:00+00:00,2283.0,2317.2,2282.4,2316.7,237.8005892
2024-09-16 08:00:00+00:00,2315.3,2340.2,2294.1,2313.4,306.99394985
2024-09-16 12:00:00+00:00,2313.6,2317.9,2276.8,2294.3,528.11930605
2024-09-16 16:00:00+00:00,2293.5,2315.6,2275.3,2278.7,951.79184948
2024-09-16 20:00:00+00:00,2280.8,2306.4,2274.5,2301.6,195.72943762
2024-09-17 00:00:00+00:00,2300.9,2304.5,2269.0,2289.7,298.53241915
2024-09-17 04:00:00+00:00,2289.6,2315.8,2288.2,2315.6,198.36610099
2024-09-17 08:00:00+00:00,2315.9,2328.3,2309.3,2314.8,811.03763789
2024-09-17 12:00:00+00:00,2315.5,2396.4,2309.6,2387.7,1250.74073988
2024-09-17 16:00:00+00:00,2387.6,2393.1,2335.7,2358.8,579.1867885
2024-09-17 20:00:00+00:00,2358.9,2367.1,2335.5,2346.2,231.95605831
2024-09-18 00:00:00+00:00,2346.3,2346.4,2315.8,2340.3,330.86352927
2024-09-18 04:00:00+00:00,2339.7,2340.3,2318.4,2336.2,92.00028207
2024-09-18 08:00:00+00:00,2335.5,2335.5,2282.1,2305.7,770.41457006
2024-09-18 12:00:00+00:00,2305.0,2321.5,2292.6,2301.1,291.38586602
2024-09-18 16:00:00+00:00,2300.4,2366.6,2293.4,2319.8,915.8235458
2024-09-18 20:00:00+00:00,2318.6,2379.6,2296.1,2379.4,569.60999894
2024-09-19 00:00:00+00:00,2379.2,2416.3,2376.9,2409.0,548.53368519
2024-09-19 04:00:00+00:00,2408.8,2446.9,2405.6,2440.5,333.79351563
2024-09-19 08:00:00+00:00,2443.2,2448.1,2429.3,2441.6,811.64358261
2024-09-19 12:00:00+00:00,2442.1,2455.9,2426.1,2444.2,2174.6272123
2024-09-19 16:00:00+00:00,2446.0,2498.0,2440.0,2464.7,983.17246951
2024-09-19 20:00:00+00:00,2465.7,2481.3,2457.6,2467.7,242.49451512
2024-09-20 00:00:00+00:00,2469.8,2523.8,2442.2,2523.8,613.75548253
2024-09-20 04:00:00+00:00,2524.7,2576.3,2521.7,2565.7,538.84601781
2024-09-20 08:00:00+00:00,2566.9,2568.6,2544.1,2547.9,162.09599879
2024-09-20 12:00:00+00:00,2548.6,2570.9,2521.4,2562.6,8222.88735397
2024-09-20 16:00:00+00:00,2562.3,2570.6,2528.5,2540.8,14102.25164823
2024-09-20 20:00:00+00:00,2540.8,2560.7,2539.6,2560.1,6257.57796104
2024-09-21 00:00:00+00:00,2560.2,2587.6,2537.0,2546.6,1848.82065706
2024-09-21 04:00:00+00:00,2546.8,2559.9,2531.3,2557.0,296.74972753
2024-09-21 08:00:00+00:00,2557.6,2559.2,2548.4,2559.2,423.73543455
2024-09-21 12:00:00+00:00,2559.2,2577.4,2554.3,2564.0,3414.99791477
2024-09-21 16:00:00+00:00,2563.4,2579.7,2559.8,2573.0,2365.04707646
2024-09-21 20:00:00+00:00,2573.0,2622.6,2563.5,2615.0,2559.82152577
2024-09-22 00:00:00+00:00,2615.0,2633.2,2591.8,2599.2,903.37330994
2024-09-22 04:00:00+00:00,2599.6,2607.9,2580.8,2590.6,64.37352111
2024-09-22 08:00:00+00:00,2591.4,2598.6,2572.8,2584.6,382.10763772
2024-09-22 12:00:00+00:00,2583.8,2591.7,2560.0,2574.4,313.78080725
2024-09-22 16:00:00+00:00,2573.9,2593.9,2557.6,2582.4,289.76158149
2024-09-22 20:00:00+00:00,2583.3,2597.1,2529.5,2585.0,310.62282145
2024-09-23 00:00:00+00:00,2585.0,2689.7,2545.0,2679.0,1487.04954102
2024-09-23 04:00:00+00:00,2679.9,2684.9,2643.4,2650.8,295.69562801
2024-09-23 08:00:00+00:00,2651.6,2666.9,2640.1,2649.7,1172.43919719
2024-09-23 12:00:00+00:00,2651.7,2690.0,2637.8,2679.4,1819.16596566
2024-09-23 16:00:00+00:00,2680.9,2708.8,2664.1,2678.8,637.29087064
2024-09-23 20:00:00+00:00,2678.8,2687.3,2646.2,2653.1,698.90246447
2024-09-24 00:00:00+00:00,2653.5,2656.8,2615.7,2631.9,763.87395148
2024-09-24 04:00:00+00:00,2632.9,2654.9,2625.8,2652.6,329.50784264
2024-09-24 08:00:00+00:00,2651.8,2672.1,2639.4,2641.2,614.18057541
2024-09-24 12:00:00+00:00,2641.4,2650.2,2595.5,2618.3,1658.12869296
2024-09-24 16:00:00+00:00,2618.1,2660.1,2616.6,2657.4,393.11751179
2024-09-24 20:00:00+00:00,2656.0,2675.8,2645.4,2657.5,845.25656045
2024-09-25 00:00:00+00:00,2658.2,2678.7,2637.0,2650.8,591.37966037
2024-09-25 04:00:00+00:00,2651.3,2651.3,2616.6,2628.7,244.26857422
2024-09-25 08:00:00+00:00,2626.0,2634.4,2619.6,2632.2,175.0333977
2024-09-25 12:00:00+00:00,2631.1,2633.7,2601.4,2606.1,398.49831305
2024-09-25 16:00:00+00:00,2606.0,2612.6,2571.8,2574.3,445.54516034
2024-09-25 20:00:00+00:00,2576.5,2590.0,2560.2,2584.8,487.08874058
2024-09-26 00:00:00+00:00,2586.3,2610.7,2563.0,2607.6,653.30662907
2024-09-26 04:00:00+00:00,2608.3,2639.0,2598.0,2635.8,105.48390404
2024-09-26 08:00:00+00:00,2635.2,2644.0,2619.0,2632.9,149.44690697000001
2024-09-26 12:00:00+00:00,2634.4,2668.7,2614.2,2658.4,502.53055116
2024-09-26 16:00:00+00:00,2657.7,2670.1,2632.8,2657.3,1046.11433755
2024-09-26 20:00:00+00:00,2658.1,2661.2,2625.0,2637.5,413.78556844
2024-09-27 00:00:00+00:00,2637.7,2649.4,2620.9,2645.3,77.17864865
2024-09-27 04:00:00+00:00,2644.6,2673.2,2643.1,2662.6,757.22839757
2024-09-27 08:00:00+00:00,2662.4,2681.6,2646.6,2656.8,143.76786648
2024-09-27 12:00:00+00:00,2657.8,2703.6,2648.4,2688.4,612.95563444
2024-09-27 16:00:00+00:00,2689.3,2732.1,2686.0,2702.4,1038.81161716
2024-09-27 20:00:00+00:00,2709.5,2713.2,2695.9,2701.2,282.12066202
2024-09-28 00:00:00+00:00,2702.1,2710.1,2694.2,2698.3,51.82634134
2024-09-28 04:00:00+00:00,2696.6,2705.0,2681.9,2685.2,313.94407293
2024-09-28 08:00:00+00:00,2681.9,2682.7,2657.4,2682.7,385.61891146
2024-09-28 12:00:00+00:00,2679.6,2680.6,2660.0,2676.3,151.62934042
2024-09-28 16:00:00+00:00,2676.0,2689.2,2670.0,2683.1,52.70252565
2024-09-28 20:00:00+00:00,2683.9,2685.4,2661.0,2681.6,81.7765349
2024-09-29 00:00:00+00:00,2681.9,2689.1,2670.9,2680.5,47.7963219
2024-09-29 04:00:00+00:00,2680.3,2680.3,2641.6,2641.6,268.76830409
2024-09-29 08:00:00+00:00,2645.8,2659.6,2641.2,2657.8,126.0732857
2024-09-29 12:00:00+00:00,2659.3,2674.0,2647.7,2671.6,80.48879049
2024-09-29 16:00:00+00:00,2672.2,2677.3,2658.0,2671.3,116.9406705
2024-09-29 20:00:00+00:00,2672.0,2678.0,2654.6,2664.3,167.24817708
2024-09-30 00:00:00+00:00,2663.5,2668.9,2609.9,2636.6,624.8136313
2024-09-30 04:00:00+00:00,2635.8,2648.7,2630.4,2644.2,149.5297673
2024-09-30 08:00:00+00:00,2641.3,2648.3,2597.2,2636.7,1174.26097788
2024-09-30 12:00:00+00:00,2636.7,2642.9,2601.2,2601.2,548.908283
2024-09-30 16:00:00+00:00,2598.8,2614.1,2580.5,2600.6,540.97459668
2024-09-30 20:00:00+00:00,2599.7,2621.9,2584.5,2609.0,81.91464507
2024-10-01 00:00:00+00:00,2607.8,2637.7,2596.7,2635.0,165.93347289
2024-10-01 04:00:00+00:00,2636.3,2663.4,2634.9,2650.2,585.12780965
2024-10-01 08:00:00+00:00,2650.6,2650.6,2635.3,2635.6,121.28011372
2024-10-01 12:00:00+00:00,2634.1,2637.7,2486.9,2535.1,1724.6738227
2024-10-01 16:00:00+00:00,2528.6,2533.7,2435.6,2492.9,1968.51517398
2024-10-01 20:00:00+00:00,2493.0,2493.1,2420.0,2455.1,791.0238783
2024-10-02 00:00:00+00:00,2452.1,2504.1,2449.0,2494.5,348.23914007
2024-10-02 04:00:00+00:00,2494.3,2496.9,2472.8,2487.4,188.99482744
2024-10-02 08:00:00+00:00,2487.0,2489.3,2447.5,2462.4,140.78710521
2024-10-02 12:00:00+00:00,2461.1,2467.7,2425.2,2463.3,1368.8691264
2024-10-02 16:00:00+00:00,2466.7,2483.7,2374.5,2379.4,869.26701119
2024-10-02 20:00:00+00:00,2377.3,2395.2,2358.4,2369.8,518.3586199
2024-10-03 00:00:00+00:00,2369.1,2403.8,2359.6,2403.5,196.95633444
2024-10-03 04:00:00+00:00,2402.1,2406.0,2367.0,2368.5,308.22256674
2024-10-03 08:00:00+00:00,2370.7,2374.3,2325.6,2358.7,375.33846121
2024-10-03 12:00:00+00:00,2356.8,2370.3,2315.8,2346.8,2681.58207818
2024-10-03 16:00:00+00:00,2345.4,2357.0,2319.0,2356.9,294.21764787
2024-10-03 20:00:00+00:00,2358.5,2362.3,2338.4,2354.9,214.45193224
2024-10-04 00:00:00+00:00,2355.4,2383.5,2344.6,2370.9,118.37704472
2024-10-04 04:00:00+00:00,2372.1,2391.2,2372.1,2390.0,455.5624419
2024-10-04 08:00:00+00:00,2385.9,2398.0,2380.4,2389.6,172.68357827
2024-10-04 12:00:00+00:00,2387.7,2428.8,2359.7,2422.0,720.73545968
2024-10-04 16:00:00+00:00,2422.3,2445.2,2416.1,2435.5,197.63367125
2024-10-04 20:00:00+00:00,2433.2,2435.4,2417.9,2419.8,53.16943308
2024-10-05 00:00:00+00:00,2421.4,2432.8,2395.5,2403.7,161.8908708
2024-10-05 04:00:00+00:00,2405.6,2430.5,2402.7,2420.3,108.44570013
2024-10-05 08:00:00+00:00,2419.9,2430.0,2419.8,2420.0,83.32514629
2024-10-05 12:00:00+00:00,2422.6,2426.6,2408.5,2417.4,99.85708408
2024-10-05 16:00:00+00:00,2415.5,2416.0,2395.7,2397.5,191.39893774
2024-10-05 20:00:00+00:00,2395.6,2421.2,2392.8,2417.5,62.584248450000004
2024-10-06 00:00:00+00:00,2417.6,2423.6,2408.8,2415.4,2178.35946903
2024-10-06 04:00:00+00:00,2415.6,2421.9,2412.8,2419.2,182.84776923
2024-10-06 08:00:00+00:00,2419.4,2432.5,2418.4,2429.5,169.91665071
2024-10-06 12:00:00+00:00,2429.9,2458.7,2427.8,2449.5,204.37767540000002
2024-10-06 16:00:00+00:00,2450.8,2455.3,2439.0,2443.7,60.23496058
2024-10-06 20:00:00+00:00,2442.0,2447.2,2419.2,2442.9,255.11433437
2024-10-07 00:00:00+00:00,2440.8,2516.3,2438.2,2496.9,1247.99220666
2024-10-07 04:00:00+00:00,2499.1,2501.2,2481.3,2484.1,138.67525818
2024-10-07 08:00:00+00:00,2487.1,2492.1,2442.6,2478.5,569.26458588
2024-10-07 12:00:00+00:00,2477.8,2522.3,2467.2,2477.4,548.27989157
2024-10-07 16:00:00+00:00,2477.4,2483.3,2423.8,2448.7,1886.30836461
2024-10-07 20:00:00+00:00,2448.7,2459.6,2405.9,2422.9,917.32416108
2024-10-08 00:00:00+00:00,2423.2,2449.1,2423.0,2438.1,745.00067221
2024-10-08 04:00:00+00:00,2440.4,2445.9,2413.1,2431.2,348.73290158
2024-10-08 08:00:00+00:00,2428.0,2442.6,2421.4,2442.0,109.67544374
2024-10-08 12:00:00+00:00,2442.0,2454.5,2403.5,2421.7,664.34908803
2024-10-08 16:00:00+00:00,2422.0,2456.5,2415.2,2445.1,206.40893145
2024-10-08 20:00:00+00:00,2438.9,2467.3,2438.0,2444.7,102.94477202
2024-10-09 00:00:00+00:00,2445.1,2474.3,2429.6,2449.3,170.62859681
2024-10-09 04:00:00+00:00,2448.6,2454.0,2435.0,2438.2,219.92838436
2024-10-09 08:00:00+00:00,2439.9,2443.4,2430.4,2441.8,158.27520345
2024-10-09 12:00:00+00:00,2442.0,2475.0,2424.9,2464.4,347.40603255
2024-10-09 16:00:00+00:00,2463.1,2463.1,2408.1,2421.7,458.05129608
2024-10-09 20:00:00+00:00,2416.6,2417.4,2352.9,2374.5,810.07888701
2024-10-10 00:00:00+00:00,2371.4,2401.3,2366.8,2398.1,653.1689824
2024-10-10 04:00:00+00:00,2397.7,2411.9,2395.3,2397.0,63.91323629
2024-10-10 08:00:00+00:00,2397.9,2408.2,2370.8,2408.2,489.87784792
2024-10-10 12:00:00+00:00,2410.6,2410.6,2373.2,2406.5,449.81900425
2024-10-10 16:00:00+00:00,2405.3,2422.1,2331.3,2367.8,951.29807392
2024-10-10 20:00:00+00:00,2367.1,2386.7,2359.0,2386.3,264.65689304
2024-10-11 00:00:00+00:00,2385.1,2417.2,2378.7,2410.7,358.5809394
2024-10-11 04:00:00+00:00,2411.6,2419.1,2405.0,2408.4,329.73984271
2024-10-11 08:00:00+00:00,2408.4,2426.9,2405.1,2419.4,115.51118008
2024-10-11 12:00:00+00:00,2422.9,2455.4,2417.6,2445.4,680.74006544
2024-10-11 16:00:00+00:00,2448.7,2472.3,2435.8,2460.2,714.91166774
2024-10-11 20:00:00+00:00,2461.9,2463.8,2438.0,2438.9,314.6678426
2024-10-12 00:00:00+00:00,2440.6,2452.1,2438.5,2443.2,153.78017302
2024-10-12 04:00:00+00:00,2443.2,2452.9,2442.7,2449.2,178.29111536
2024-10-12 08:00:00+00:00,2449.8,2470.6,2446.6,2455.8,142.04411862
2024-10-12 12:00:00+00:00,2456.9,2488.2,2453.5,2477.7,412.73748348
2024-10-12 16:00:00+00:00,2478.1,2490.4,2471.5,2477.9,146.61658432
2024-10-12 20:00:00+00:00,2474.5,2493.7,2474.5,2482.4,79.52135133
2024-10-13 00:00:00+00:00,2482.2,2488.0,2458.8,2463.6,183.34885355
2024-10-13 04:00:00+00:00,2464.3,2472.7,2464.3,2466.3,85.37771569
2024-10-13 08:00:00+00:00,2470.9,2474.8,2463.7,2463.7,92.6574487
2024-10-13 12:00:00+00:00,2464.5,2473.1,2442.8,2447.3,303.61027829
2024-10-13 16:00:00+00:00,2445.1,2467.3,2445.1,2462.7,200.16522068
2024-10-13 20:00:00+00:00,2462.6,2487.9,2458.2,2470.1,48.59712308
2024-10-14 00:00:00+00:00,2473.8,2529.7,2447.9,2525.2,586.10947533
2024-10-14 04:00:00+00:00,2526.1,2551.4,2515.8,2539.7,728.97880549
2024-10-14 08:00:00+00:00,2537.6,2548.8,2522.8,2542.0,484.96669609
2024-10-14 12:00:00+00:00,2540.6,2645.1,2538.4,2639.4,2059.99623716
2024-10-14 16:00:00+00:00,2637.6,2643.0,2618.6,2623.2,435.97783233
2024-10-14 20:00:00+00:00,2623.9,2656.1,2619.2,2634.0,630.8670299
2024-10-15 00:00:00+00:00,2632.8,2639.2,2612.1,2615.8,427.70554406
2024-10-15 04:00:00+00:00,2615.7,2626.0,2594.1,2619.5,201.41779077
2024-10-15 08:00:00+00:00,2621.8,2624.0,2585.7,2586.2,383.88523838
2024-10-15 12:00:00+00:00,2593.2,2687.7,2539.7,2576.7,2750.34776957
2024-10-15 16:00:00+00:00,2574.8,2619.9,2573.9,2594.2,394.33410736
2024-10-15 20:00:00+00:00,2594.7,2610.7,2566.8,2610.7,388.09544548
2024-10-16 00:00:00+00:00,2610.5,2632.5,2592.7,2620.7,197.40497051
2024-10-16 04:00:00+00:00,2620.7,2627.0,2604.8,2610.2,145.15292856
2024-10-16 08:00:00+00:00,2613.4,2642.0,2608.6,2632.9,779.96300251
2024-10-16 12:00:00+00:00,2630.3,2648.1,2596.8,2608.2,604.22301357
2024-10-16 16:00:00+00:00,2608.3,2629.1,2592.8,2617.3,737.59452368
2024-10-16 20:00:00+00:00,2616.2,2629.0,2610.9,2610.9,101.90421601
2024-10-17 00:00:00+00:00,2615.9,2644.7,2611.7,2644.2,143.34794518
2024-10-17 04:00:00+00:00,2643.6,2648.4,2622.5,2624.4,45.81084849
2024-10-17 08:00:00+00:00,2629.4,2629.4,2598.2,2601.2,363.01160459
2024-10-17 12:00:00+00:00,2598.6,2633.3,2586.3,2633.3,361.31137238
2024-10-17 16:00:00+00:00,2630.6,2631.5,2578.6,2596.6,471.16926788
2024-10-17 20:00:00+00:00,2598.0,2615.1,2598.0,2605.7,79.69416297
2024-10-18 00:00:00+00:00,2606.4,2652.2,2598.7,2611.8,409.59537032000003
2024-10-18 04:00:00+00:00,2612.6,2646.4,2612.6,2646.4,154.67274204
2024-10-18 08:00:00+00:00,2645.7,2650.3,2622.8,2623.1,365.77385756
2024-10-18 12:00:00+00:00,2622.8,2663.2,2614.3,2652.2,589.31855478
2024-10-18 16:00:00+00:00,2652.1,2674.9,2629.7,2650.4,702.94821912
2024-10-18 20:00:00+00:00,2648.7,2650.3,2632.6,2640.5,91.35578465
2024-10-19 00:00:00+00:00,2640.3,2662.0,2635.1,2645.5,83.6524546
2024-10-19 04:00:00+00:00,2648.9,2650.3,2638.8,2640.6,146.92814354
2024-10-19 08:00:00+00:00,2643.0,2649.2,2632.5,2632.5,1581.12132468
2024-10-19 12:00:00+00:00,2633.9,2653.7,2633.9,2645.9,363.65109889
2024-10-19 16:00:00+00:00,2646.3,2646.3,2638.0,2641.7,192.73864427
2024-10-19 20:00:00+00:00,2643.9,2655.5,2642.7,2649.7,64.78770289
2024-10-20 00:00:00+00:00,2648.8,2651.7,2636.6,2641.4,158.01130848
2024-10-20 04:00:00+00:00,2640.8,2650.9,2638.8,2645.9,120.56778568
2024-10-20 08:00:00+00:00,2646.9,2650.5,2643.9,2649.6,68.21757572
2024-10-20 12:00:00+00:00,2650.0,2719.7,2643.5,2708.0,894.89958596
2024-10-20 16:00:00+00:00,2706.8,2709.9,2687.3,2700.6,134.23118647
2024-10-20 20:00:00+00:00,2699.2,2758.6,2699.2,2747.7,3112.13312348
2024-10-21 00:00:00+00:00,2748.2,2769.5,2726.9,2734.7,1275.91092857
2024-10-21 04:00:00+00:00,2732.9,2743.0,2724.0,2724.0,333.8798623
2024-10-21 08:00:00+00:00,2728.7,2729.6,2702.3,2706.4,448.30616007000003
2024-10-21 12:00:00+00:00,2708.2,2710.7,2662.8,2682.4,1283.99014063
2024-10-21 16:00:00+00:00,2681.4,2686.6,2658.2,2684.4,158.52972355
2024-10-21 20:00:00+00:00,2682.4,2685.7,2668.5,2668.5,100.28760398
2024-10-22 00:00:00+00:00,2668.7,2672.9,2618.0,2645.5,652.82316294
2024-10-22 04:00:00+00:00,2645.4,2659.7,2638.8,2647.8,50.96044291
2024-10-22 08:00:00+00:00,2645.4,2649.0,2616.5,2633.5,260.0396174
2024-10-22 12:00:00+00:00,2633.4,2644.9,2607.1,2624.2,1307.3477898
2024-10-22 16:00:00+00:00,2621.5,2633.0,2608.0,2629.0,337.3184722
2024-10-22 20:00:00+00:00,2628.5,2643.5,2620.0,2620.2,353.25584993
2024-10-23 00:00:00+00:00,2623.0,2626.2,2602.5,2615.8,183.29433284
2024-10-23 04:00:00+00:00,2617.4,2624.5,2602.7,2602.7,30.70753768
2024-10-23 08:00:00+00:00,2602.6,2607.8,2564.7,2579.8,614.94897653
2024-10-23 12:00:00+00:00,2580.0,2585.4,2530.9,2537.0,671.31388655
2024-10-23 16:00:00+00:00,2540.4,2541.5,2450.0,2510.6,3385.25669745
2024-10-23 20:00:00+00:00,2510.2,2527.2,2502.4,2526.3,529.3798941
2024-10-24 00:00:00+00:00,2524.1,2560.0,2510.2,2545.0,839.10229748
2024-10-24 04:00:00+00:00,2545.0,2561.2,2539.5,2542.4,244.93896083
2024-10-24 08:00:00+00:00,2542.3,2550.1,2508.0,2528.7,554.14035553
2024-10-24 12:00:00+00:00,2533.1,2543.8,2513.7,2524.5,495.84993102
2024-10-24 16:00:00+00:00,2529.0,2540.3,2507.3,2537.4,139.2393462
2024-10-24 20:00:00+00:00,2539.5,2559.8,2527.6,2534.9,253.40992989
2024-10-25 00:00:00+00:00,2535.3,2537.6,2510.0,2520.4,92.8460576
2024-10-25 04:00:00+00:00,2521.2,2521.4,2463.4,2482.6,643.6970885000001
2024-10-25 08:00:00+00:00,2482.9,2546.3,2478.7,2546.3,359.9248109
2024-10-25 12:00:00+00:00,2547.6,2566.7,2510.0,2526.5,1256.01133743
2024-10-25 16:00:00+00:00,2524.2,2536.2,2450.0,2475.1,1798.33112733
2024-10-25 20:00:00+00:00,2475.4,2495.7,2380.5,2439.8,1611.06752263
2024-10-26 00:00:00+00:00,2439.1,2457.0,2432.4,2451.9,810.05077719
2024-10-26 04:00:00+00:00,2452.7,2478.5,2452.0,2466.1,824.36988558
2024-10-26 08:00:00+00:00,2469.7,2479.5,2464.8,2473.2,95.45918986
2024-10-26 12:00:00+00:00,2473.7,2478.5,2443.1,2455.6,514.07963477
2024-10-26 16:00:00+00:00,2457.0,2487.4,2456.1,2486.3,211.14973742
2024-10-26 20:00:00+00:00,2485.6,2506.3,2481.6,2482.7,75.48424316
2024-10-27 00:00:00+00:00,2482.3,2483.2,2469.1,2483.2,50.96711848
2024-10-27 04:00:00+00:00,2483.5,2486.2,2477.6,2481.2,121.60402153
2024-10-27 08:00:00+00:00,2482.1,2482.8,2463.2,2469.0,69.9899623
2024-10-27 12:00:00+00:00,2468.8,2505.2,2468.8,2499.9,255.85821122
2024-10-27 16:00:00+00:00,2503.4,2511.4,2485.6,2494.4,274.84326949
2024-10-27 20:00:00+00:00,2495.4,2527.7,2491.7,2509.7,225.5026788
2024-10-28 00:00:00+00:00,2508.7,2512.7,2472.4,2474.6,158.64786865
2024-10-28 04:00:00+00:00,2478.1,2526.7,2475.2,2512.5,163.11481027
2024-10-28 08:00:00+00:00,2512.3,2544.7,2506.1,2527.7,352.89156709
2024-10-28 12:00:00+00:00,2527.9,2536.1,2500.9,2501.4,377.49762603
2024-10-28 16:00:00+00:00,2502.6,2525.1,2490.3,2508.4,514.76325666
2024-10-28 20:00:00+00:00,2507.5,2590.1,2507.5,2568.4,1024.62193386
2024-10-29 00:00:00+00:00,2568.6,2630.2,2562.3,2607.4,598.87107025
2024-10-29 04:00:00+00:00,2608.5,2627.2,2608.5,2614.0,203.66048329
2024-10-29 08:00:00+00:00,2615.2,2640.3,2615.2,2633.1,275.94373976
2024-10-29 12:00:00+00:00,2632.7,2650.7,2614.3,2648.5,1212.28289558
2024-10-29 16:00:00+00:00,2649.2,2680.8,2622.0,2624.0,2060.25882774
2024-10-29 20:00:00+00:00,2624.3,2646.9,2607.5,2638.3,313.49239928
2024-10-30 00:00:00+00:00,2638.1,2651.4,2600.4,2641.3,249.4774381
2024-10-30 04:00:00+00:00,2641.6,2684.5,2637.5,2670.0,368.25176762
2024-10-30 08:00:00+00:00,2671.8,2696.2,2658.9,2658.9,344.24488157
2024-10-30 12:00:00+00:00,2660.2,2723.9,2654.0,2685.1,1463.03281606
2024-10-30 16:00:00+00:00,2682.7,2697.9,2655.8,2655.8,335.41729548
2024-10-30 20:00:00+00:00,2655.8,2689.4,2637.5,2660.0,4354.37028218
2024-10-31 00:00:00+00:00,2662.0,2669.8,2641.9,2660.0,123.22632478
2024-10-31 04:00:00+00:00,2660.0,2660.0,2634.8,2648.2,198.07215536
2024-10-31 08:00:00+00:00,2647.4,2647.4,2626.7,2636.0,858.17160198
2024-10-31 12:00:00+00:00,2637.8,2639.2,2541.1,2567.2,1318.74115561
2024-10-31 16:00:00+00:00,2561.3,2563.6,2508.1,2513.0,1228.93993772
2024-10-31 20:00:00+00:00,2512.9,2528.1,2503.0,2519.2,1591.69386019
2024-11-01 00:00:00+00:00,2519.0,2531.0,2468.9,2502.6,783.78326607
2024-11-01 04:00:00+00:00,2503.1,2515.4,2485.8,2504.2,153.91939959
2024-11-01 08:00:00+00:00,2502.5,2525.3,2497.0,2517.6,259.53503353
2024-11-01 12:00:00+00:00,2515.7,2585.3,2483.6,2499.3,1302.63193275
2024-11-01 16:00:00+00:00,2500.3,2538.3,2498.5,2517.1,883.89847275
2024-11-01 20:00:00+00:00,2516.9,2528.4,2487.7,2515.5,311.75628606
2024-11-02 00:00:00+00:00,2512.3,2524.2,2504.6,2504.6,93.26705624
2024-11-02 04:00:00+00:00,2507.0,2514.4,2501.9,2509.4,30.56823422
2024-11-02 08:00:00+00:00,2510.0,2510.9,2494.2,2502.6,72.9920655
2024-11-02 12:00:00+00:00,2504.2,2504.2,2472.0,2483.9,729.14990325
2024-11-02 16:00:00+00:00,2488.1,2496.1,2480.0,2493.5,33.83680126
2024-11-02 20:00:00+00:00,2492.3,2496.3,2485.2,2492.8,371.75187622
2024-11-03 00:00:00+00:00,2493.8,2495.4,2423.7,2453.0,929.00274464
2024-11-03 04:00:00+00:00,2450.6,2463.6,2443.8,2451.7,126.12824963
2024-11-03 08:00:00+00:00,2451.7,2463.2,2445.7,2456.2,1145.9072292
2024-11-03 12:00:00+00:00,2458.3,2460.8,2416.5,2446.3,932.07213254
2024-11-03 16:00:00+00:00,2442.7,2459.9,2413.8,2454.3,652.0322728900001
2024-11-03 20:00:00+00:00,2454.7,2476.3,2449.0,2458.5,364.58173323
2024-11-04 00:00:00+00:00,2459.0,2491.4,2436.7,2475.5,222.85480014
2024-11-04 04:00:00+00:00,2475.5,2482.5,2460.2,2461.2,277.40484946
2024-11-04 08:00:00+00:00,2463.8,2478.4,2448.8,2472.3,161.22323928
2024-11-04 12:00:00+00:00,2471.8,2487.0,2433.6,2443.4,1248.62783465
2024-11-04 16:00:00+00:00,2442.2,2448.1,2408.4,2432.9,780.89504722
2024-11-04 20:00:00+00:00,2431.5,2432.2,2360.0,2398.8,1173.86761545
2024-11-05 00:00:00+00:00,2398.7,2422.3,2382.8,2422.3,685.74229783
2024-11-05 04:00:00+00:00,2423.2,2447.3,2419.3,2445.4,188.99291549
2024-11-05 08:00:00+00:00,2446.8,2449.0,2433.0,2442.4,383.69587013
2024-11-05 12:00:00+00:00,2443.4,2482.4,2426.9,2440.3,3008.97932203
2024-11-05 16:00:00+00:00,2443.9,2477.2,2405.7,2412.7,902.66721305
2024-11-05 20:00:00+00:00,2410.7,2442.2,2405.7,2425.6,394.17008282
2024-11-06 00:00:00+00:00,2425.3,2633.3,2421.0,2579.0,4363.47022399
2024-11-06 04:00:00+00:00,2579.8,2643.9,2562.9,2590.9,1819.75955946
2024-11-06 08:00:00+00:00,2595.2,2638.0,2571.0,2631.4,776.11765413
2024-11-06 12:00:00+00:00,2631.3,2668.0,2610.8,2636.1,991.00759783
2024-11-06 16:00:00+00:00,2638.7,2686.2,2638.7,2686.2,806.09071021
2024-11-06 20:00:00+00:00,2686.3,2743.1,2669.0,2720.6,1203.61820344
2024-11-07 00:00:00+00:00,2722.1,2878.7,2700.5,2854.1,2530.78028848
2024-11-07 04:00:00+00:00,2853.4,2855.7,2781.0,2824.4,1347.7901879
2024-11-07 08:00:00+00:00,2821.7,2830.7,2790.0,2792.3,573.7312348
2024-11-07 12:00:00+00:00,2792.5,2849.8,2777.7,2849.5,740.61947673
2024-11-07 16:00:00+00:00,2847.8,2891.3,2826.3,2883.8,1714.1054506
2024-11-07 20:00:00+00:00,2882.4,2912.9,2863.0,2894.7,1818.79881114
2024-11-08 00:00:00+00:00,2895.3,2954.6,2887.9,2900.9,767.11719406
2024-11-08 04:00:00+00:00,2902.0,2924.5,2893.6,2913.6,159.42686863
2024-11-08 08:00:00+00:00,2914.0,2930.3,2895.8,2915.8,155.04122016
2024-11-08 12:00:00+00:00,2916.2,2957.2,2903.3,2936.5,911.12325798
2024-11-08 16:00:00+00:00,2937.6,2980.5,2891.5,2949.5,1388.68914704
2024-11-08 20:00:00+00:00,2949.3,2974.3,2916.1,2957.8,515.10291527
2024-11-09 00:00:00+00:00,2962.3,2993.7,2956.7,2965.0,935.86994698
2024-11-09 04:00:00+00:00,2966.7,3058.0,2955.0,3030.3,1797.88702754
2024-11-09 08:00:00+00:00,3030.1,3055.5,3021.5,3051.7,566.00341904
2024-11-09 12:00:00+00:00,3053.5,3053.8,3030.4,3041.4,265.44747337
2024-11-09 16:00:00+00:00,3041.3,3092.9,2990.1,3070.1,710.26023517
2024-11-09 20:00:00+00:00,3069.7,3156.4,3066.1,3126.9,3315.33776337
2024-11-10 00:00:00+00:00,3126.5,3148.2,3104.4,3135.0,3167.84059749
2024-11-10 04:00:00+00:00,3133.7,3215.3,3129.6,3184.0,2606.64896967
2024-11-10 08:00:00+00:00,3186.2,3226.5,3167.1,3221.1,4616.70465995
2024-11-10 12:00:00+00:00,3218.2,3232.9,3166.8,3209.6,3646.34136954
2024-11-10 16:00:00+00:00,3207.6,3244.0,3147.1,3163.0,2945.39349043
2024-11-10 20:00:00+00:00,3164.0,3225.0,3071.0,3188.8,2106.17153952
2024-11-11 00:00:00+00:00,3183.9,3221.3,3173.3,3195.0,1262.8527062
2024-11-11 04:00:00+00:00,3194.5,3195.2,3106.4,3143.8,1078.42930035
2024-11-11 08:00:00+00:00,3145.6,3212.9,3133.2,3198.2,1282.19357267
2024-11-11 12:00:00+00:00,3198.7,3259.2,3142.5,3234.7,3861.68057729
2024-11-11 16:00:00+00:00,3241.1,3344.0,3232.9,3301.8,2880.79444875
2024-11-11 20:00:00+00:00,3300.7,3384.6,3277.9,3369.4,3852.8517005
2024-11-12 00:00:00+00:00,3367.0,3370.1,3237.8,3336.9,1116.70266209
2024-11-12 04:00:00+00:00,3334.8,3392.4,3317.9,3369.6,1232.62092751
2024-11-12 08:00:00+00:00,3370.5,3441.8,3211.3,3285.0,4325.62615
2024-11-12 12:00:00+00:00,3284.4,3296.8,3211.1,3259.8,3064.3933274
2024-11-12 16:00:00+00:00,3262.8,3305.2,3211.6,3272.9,1567.58972172
2024-11-12 20:00:00+00:00,3271.0,3304.7,3237.6,3240.6,2699.8468236100002
2024-11-13 00:00:00+00:00,3243.0,3283.7,3203.7,3207.4,2053.66996622
2024-11-13 04:00:00+00:00,3210.6,3228.5,3117.8,3159.5,1065.77035124
2024-11-13 08:00:00+00:00,3161.1,3190.7,3143.4,3166.4,454.12177856
2024-11-13 12:00:00+00:00,3169.2,3325.0,3155.5,3311.7,2093.23886091
2024-11-13 16:00:00+00:00,3310.2,3333.1,3155.9,3161.7,3872.99968273
2024-11-13 20:00:00+00:00,3158.6,3197.4,3119.8,3191.0,2084.31579412
2024-11-14 00:00:00+00:00,3191.5,3226.8,3165.7,3216.4,858.74926196
2024-11-14 04:00:00+00:00,3209.6,3238.3,3175.0,3220.0,671.58541654
2024-11-14 08:00:00+00:00,3215.5,3230.1,3156.0,3187.0,1497.75301702
2024-11-14 12:00:00+00:00,3182.2,3198.3,3058.7,3077.0,3375.56073902
2024-11-14 16:00:00+00:00,3077.1,3180.2,3071.0,3145.6,1652.40945475
2024-11-14 20:00:00+00:00,3143.9,3143.9,3030.1,3061.7,1126.08900027
2024-11-15 00:00:00+00:00,3057.0,3092.2,3037.0,3084.0,541.64478555
2024-11-15 04:00:00+00:00,3083.3,3083.3,3017.0,3042.4,690.69171557
2024-11-15 08:00:00+00:00,3042.3,3114.7,3024.6,3106.7,476.23094198
2024-11-15 12:00:00+00:00,3106.2,3131.8,2982.0,3026.4,6209.63726887
2024-11-15 16:00:00+00:00,3023.1,3060.0,3015.7,3043.4,1352.332801
2024-11-15 20:00:00+00:00,3041.4,3120.8,3041.4,3089.5,1239.76513477
2024-11-16 00:00:00+00:00,3087.2,3155.7,3071.7,3154.4,128.20199371
2024-11-16 04:00:00+00:00,3154.2,3163.7,3101.5,3107.1,560.51521046
2024-11-16 08:00:00+00:00,3108.1,3193.4,3107.3,3193.4,806.20660493
2024-11-16 12:00:00+00:00,3193.9,3217.0,3120.0,3140.6,1236.60693958
2024-11-16 16:00:00+00:00,3140.0,3183.6,3128.4,3169.5,494.93658338
2024-11-16 20:00:00+00:00,3169.1,3174.6,3123.4,3132.2,543.75285599
2024-11-17 00:00:00+00:00,3131.9,3151.8,3037.7,3081.3,1264.43316802
2024-11-17 04:00:00+00:00,3079.4,3145.8,3077.1,3136.6,666.93880503
2024-11-17 08:00:00+00:00,3136.2,3159.4,3102.7,3106.2,1105.52550661
2024-11-17 12:00:00+00:00,3107.5,3125.9,3069.4,3085.9,1049.29554779
2024-11-17 16:00:00+00:00,3080.8,3114.6,3074.2,3098.0,251.92466747
2024-11-17 20:00:00+00:00,3098.4,3106.5,3043.6,3077.9,894.620224
2024-11-18 00:00:00+00:00,3070.1,3123.2,3070.1,3110.7,249.43888823
2024-11-18 04:00:00+00:00,3111.9,3150.2,3098.5,3132.3,419.02087092
2024-11-18 08:00:00+00:00,3132.2,3140.3,3053.5,3057.9,1143.79682059
2024-11-18 12:00:00+00:00,3058.5,3157.2,3054.9,3144.4,1551.60762594
2024-11-18 16:00:00+00:00,3144.4,3199.7,3094.8,3132.2,2543.16969867
2024-11-18 20:00:00+00:00,3135.2,3225.0,3127.5,3207.5,2042.25807755
2024-11-19 00:00:00+00:00,3210.0,3222.7,3146.1,3151.2,1345.19639323
2024-11-19 04:00:00+00:00,3151.4,3160.2,3111.0,3120.6,651.44168861
2024-11-19 08:00:00+00:00,3120.6,3130.0,3095.0,3128.1,677.75078231
2024-11-19 12:00:00+00:00,3129.5,3150.0,3077.7,3105.6,1194.08234752
2024-11-19 16:00:00+00:00,3105.4,3142.6,3102.0,3119.4,1080.03215879
2024-11-19 20:00:00+00:00,3115.8,3128.9,3066.0,3106.6,1863.48630188
2024-11-20 00:00:00+00:00,3105.0,3122.1,3070.2,3094.7,292.42348117
2024-11-20 04:00:00+00:00,3092.3,3113.2,3086.8,3109.3,266.92006957
2024-11-20 08:00:00+00:00,3105.0,3133.9,3083.8,3098.9,590.23333633
2024-11-20 12:00:00+00:00,3098.9,3157.0,3081.8,3125.6,1237.7467604
2024-11-20 16:00:00+00:00,3127.8,3131.6,3029.6,3058.4,2003.79246713
2024-11-20 20:00:00+00:00,3051.9,3091.3,3044.7,3069.3,282.11566436
2024-11-21 00:00:00+00:00,3067.3,3096.6,3035.0,3077.9,1183.88041552
2024-11-21 04:00:00+00:00,3078.6,3139.2,3078.3,3136.7,1941.58551178
2024-11-21 08:00:00+00:00,3133.6,3150.9,3116.1,3142.8,2059.61233256
2024-11-21 12:00:00+00:00,3144.4,3368.6,3144.3,3275.4,5435.78920968
2024-11-21 16:00:00+00:00,3275.0,3385.0,3275.0,3342.6,1617.80672054
2024-11-21 20:00:00+00:00,3343.8,3379.6,3333.2,3358.7,2301.89840445
2024-11-22 00:00:00+00:00,3356.3,3376.9,3303.2,3366.5,839.1916618
2024-11-22 04:00:00+00:00,3362.2,3420.0,3352.0,3360.6,875.98290954
2024-11-22 08:00:00+00:00,3364.1,3378.2,3309.6,3342.5,1011.06608411
2024-11-22 12:00:00+00:00,3341.5,3354.4,3256.2,3309.6,1090.21347003
2024-11-22 16:00:00+00:00,3310.9,3316.9,3261.8,3272.9,1368.3506927
2024-11-22 20:00:00+00:00,3270.9,3323.2,3268.5,3322.9,933.60930441
2024-11-23 00:00:00+00:00,3322.9,3356.6,3304.4,3334.8,681.59700465
2024-11-23 04:00:00+00:00,3335.3,3348.0,3317.1,3329.0,773.28123217
2024-11-23 08:00:00+00:00,3329.4,3390.7,3324.4,3347.5,1557.07711801
2024-11-23 12:00:00+00:00,3347.7,3498.4,3342.6,3456.2,5456.85535148
2024-11-23 16:00:00+00:00,3454.2,3467.4,3377.0,3407.1,1205.40970946
2024-11-23 20:00:00+00:00,3404.9,3424.6,3378.8,3389.6,324.86700585
2024-11-24 00:00:00+00:00,3389.0,3444.8,3383.8,3422.3,553.91746748
2024-11-24 04:00:00+00:00,3422.4,3426.4,3393.8,3416.4,281.2824332
2024-11-24 08:00:00+00:00,3416.5,3422.9,3336.1,3342.7,1308.42671381
2024-11-24 12:00:00+00:00,3342.1,3354.2,3270.4,3290.4,2065.94785565
2024-11-24 16:00:00+00:00,3291.0,3330.0,3282.1,3323.3,279.65933159
2024-11-24 20:00:00+00:00,3326.8,3368.5,3324.2,3357.0,350.02167665
2024-11-25 00:00:00+00:00,3350.8,3366.3,3297.2,3360.6,304.89160928
2024-11-25 04:00:00+00:00,3359.5,3414.5,3359.5,3395.6,297.16617402
2024-11-25 08:00:00+00:00,3395.8,3520.5,3393.3,3469.0,5301.18816692
2024-11-25 12:00:00+00:00,3468.8,3538.0,3348.9,3520.2,3541.96927777
2024-11-25 16:00:00+00:00,3519.7,3546.3,3424.1,3466.2,1976.01431626
2024-11-25 20:00:00+00:00,3464.6,3507.4,3368.3,3417.1,920.60253353
2024-11-26 00:00:00+00:00,3416.9,3466.1,3399.0,3438.0,465.40233268
2024-11-26 04:00:00+00:00,3439.1,3446.0,3387.0,3398.7,297.69560232
2024-11-26 08:00:00+00:00,3397.3,3398.4,3283.9,3327.4,1089.49361373
2024-11-26 12:00:00+00:00,3324.6,3364.4,3293.4,3300.0,626.65031933
2024-11-26 16:00:00+00:00,3298.3,3338.3,3256.0,3302.5,1606.93832532
2024-11-26 20:00:00+00:00,3304.8,3347.0,3293.5,3330.0,278.18489655
2024-11-27 00:00:00+00:00,3327.9,3375.0,3307.8,3366.9,289.03458397
2024-11-27 04:00:00+00:00,3362.6,3448.0,3362.6,3427.1,850.94247455
2024-11-27 08:00:00+00:00,3426.9,3488.9,3409.4,3464.6,628.98758978
2024-11-27 12:00:00+00:00,3465.1,3577.6,3444.4,3556.1,2140.77519898
2024-11-27 16:00:00+00:00,3557.8,3613.1,3539.2,3593.2,4227.54330096
2024-11-27 20:00:00+00:00,3592.9,3686.9,3592.9,3654.3,3038.28643302
2024-11-28 00:00:00+00:00,3658.3,3663.5,3567.8,3598.8,757.02238545
2024-11-28 04:00:00+00:00,3604.0,3619.2,3569.4,3594.4,579.44392214
2024-11-28 08:00:00+00:00,3594.2,3642.3,3577.8,3624.2,5054.20139621
2024-11-28 12:00:00+00:00,3623.5,3645.4,3542.0,3549.3,1692.58823872
2024-11-28 16:00:00+00:00,3544.9,3588.2,3533.9,3574.4,392.95640106
2024-11-28 20:00:00+00:00,3579.2,3601.7,3554.9,3583.0,216.46497765
2024-11-29 00:00:00+00:00,3585.1,3605.0,3553.8,3588.0,135.96129226
2024-11-29 04:00:00+00:00,3587.5,3600.2,3541.1,3549.1,198.48796812
2024-11-29 08:00:00+00:00,3554.0,3603.9,3554.0,3600.0,338.76272929
2024-11-29 12:00:00+00:00,3599.7,3648.0,3579.7,3620.2,727.18407355
2024-11-29 16:00:00+00:00,3619.6,3622.1,3564.5,3586.9,1058.70035209
2024-11-29 20:00:00+00:00,3587.1,3607.4,3581.0,3600.0,283.4041133
2024-11-30 00:00:00+00:00,3594.9,3663.4,3573.1,3662.6,1172.60158158
2024-11-30 04:00:00+00:00,3660.4,3727.2,3640.1,3705.5,4051.501229
2024-11-30 08:00:00+00:00,3706.6,3720.1,3627.2,3656.0,2152.93664379
2024-11-30 12:00:00+00:00,3655.4,3684.2,3654.1,3674.7,8046.24417272
2024-11-30 16:00:00+00:00,3672.8,3697.8,3659.3,3693.1,365.25553288
2024-11-30 20:00:00+00:00,3692.7,3741.1,3691.8,3708.2,1267.78285649
2024-12-01 00:00:00+00:00,3708.4,3732.1,3664.1,3711.1,745.53272235
2024-12-01 04:00:00+00:00,3709.4,3720.7,3686.6,3706.8,54.34110279
2024-12-01 08:00:00+00:00,3707.1,3719.3,3681.9,3693.8,456.86738061
2024-12-01 12:00:00+00:00,3694.5,3747.8,3686.0,3731.6,631.00058269
2024-12-01 16:00:00+00:00,3733.0,3747.6,3697.4,3710.5,687.15910014
2024-12-01 20:00:00+00:00,3711.4,3735.5,3683.9,3710.6,1853.9091655
2024-12-02 00:00:00+00:00,3711.3,3761.7,3680.4,3694.3,3793.66176426
2024-12-02 04:00:00+00:00,3689.5,3710.6,3654.9,3671.9,1128.05523259
2024-12-02 08:00:00+00:00,3670.0,3673.9,3568.7,3595.4,866.70440578
2024-12-02 12:00:00+00:00,3593.0,3685.1,3589.2,3679.2,692.60683469
2024-12-02 16:00:00+00:00,3677.1,3685.0,3561.8,3616.1,1535.8700762400001
2024-12-02 20:00:00+00:00,3611.1,3647.0,3600.3,3644.5,489.70912097
2024-12-03 00:00:00+00:00,3646.7,3661.0,3612.5,3643.5,606.63046309
2024-12-03 04:00:00+00:00,3642.1,3673.2,3604.0,3620.6,714.5830991400001
2024-12-03 08:00:00+00:00,3621.1,3635.7,3590.0,3617.7,1426.28326773
2024-12-03 12:00:00+00:00,3618.3,3621.9,3507.9,3575.4,3863.25939618
2024-12-03 16:00:00+00:00,3575.4,3596.4,3534.0,3580.1,594.53125099
2024-12-03 20:00:00+00:00,3581.3,3637.2,3581.3,3620.5,1127.83561171
2024-12-04 00:00:00+00:00,3620.4,3710.3,3620.4,3665.9,995.13996069
2024-12-04 04:00:00+00:00,3668.4,3727.3,3667.2,3720.0,384.32275996
2024-12-04 08:00:00+00:00,3721.3,3753.1,3702.8,3731.7,2671.06885272
2024-12-04 12:00:00+00:00,3730.8,3854.1,3695.6,3824.8,8224.93063319
2024-12-04 16:00:00+00:00,3824.6,3848.0,3739.2,3847.3,5005.50108603
2024-12-04 20:00:00+00:00,3845.4,3894.5,3827.4,3839.5,6571.84220231
2024-12-05 00:00:00+00:00,3840.1,3902.4,3773.1,3833.9,5496.75791101
2024-12-05 04:00:00+00:00,3833.6,3877.6,3822.4,3854.9,7840.73554181
2024-12-05 08:00:00+00:00,3856.8,3944.3,3856.1,3934.9,7550.64080354
2024-12-05 12:00:00+00:00,3933.2,3957.8,3863.7,3899.3,2281.04397746
2024-12-05 16:00:00+00:00,3895.6,3924.7,3820.7,3831.1,5378.03391865
2024-12-05 20:00:00+00:00,3830.1,3862.0,3651.7,3781.6,5479.38197548
2024-12-06 00:00:00+00:00,3780.3,3912.6,3775.9,3908.6,2339.53590141
2024-12-06 04:00:00+00:00,3906.8,3928.2,3875.0,3893.1,1729.82316586
2024-12-06 08:00:00+00:00,3899.2,3910.1,3847.9,3870.2,729.74137395
2024-12-06 12:00:00+00:00,3874.1,4044.0,3837.1,3996.0,4571.22410694
2024-12-06 16:00:00+00:00,3997.8,4075.0,3985.9,4072.5,1840.47756019
2024-12-06 20:00:00+00:00,4070.4,4087.6,3986.2,3999.9,1831.54232558
2024-12-07 00:00:00+00:00,3999.0,4022.4,3971.4,3990.6,1095.44353348
2024-12-07 04:00:00+00:00,3989.6,4003.4,3971.2,3991.5,216.97628476
2024-12-07 08:00:00+00:00,3990.5,4012.3,3978.5,4002.2,240.16252771999999
2024-12-07 12:00:00+00:00,4002.4,4012.0,3980.0,4010.0,257.95935674
2024-12-07 16:00:00+00:00,4008.5,4022.6,3990.2,4017.2,269.09773817
2024-12-07 20:00:00+00:00,4016.2,4026.5,3994.3,3998.7,440.6941832
2024-12-08 00:00:00+00:00,4001.0,4011.3,3990.9,3993.3,229.40895591
2024-12-08 04:00:00+00:00,3993.7,3999.4,3963.2,3983.8,847.92194347
2024-12-08 08:00:00+00:00,3983.9,3984.0,3928.6,3976.1,677.43620485
2024-12-08 12:00:00+00:00,3976.3,4005.6,3960.3,3994.9,685.8937442
2024-12-08 16:00:00+00:00,3994.8,4002.3,3969.0,3993.1,160.50910829
2024-12-08 20:00:00+00:00,3995.0,4018.1,3979.6,4007.9,1254.05633352
2024-12-09 00:00:00+00:00,4007.9,4009.0,3911.3,3934.5,1228.71240517
2024-12-09 04:00:00+00:00,3933.4,3949.8,3885.0,3921.7,3310.59143601
2024-12-09 08:00:00+00:00,3921.6,3921.6,3846.7,3854.8,1492.23756532
2024-12-09 12:00:00+00:00,3853.7,3946.0,3810.0,3830.9,2584.80202955
2024-12-09 16:00:00+00:00,3825.5,3870.5,3790.3,3798.5,1901.5659353199999
2024-12-09 20:00:00+00:00,3793.9,3806.4,3464.1,3724.0,16059.93426911
2024-12-10 00:00:00+00:00,3714.7,3785.0,3619.5,3683.7,3831.72834749
2024-12-10 04:00:00+00:00,3679.4,3744.1,3640.5,3736.1,1627.92721805
2024-12-10 08:00:00+00:00,3734.0,3775.9,3717.5,3754.5,421.81060377
2024-12-10 12:00:00+00:00,3754.2,3757.9,3560.0,3568.4,2427.99648401
2024-12-10 16:00:00+00:00,3570.0,3637.3,3520.0,3634.3,4592.57856144
2024-12-10 20:00:00+00:00,3629.0,3675.6,3615.7,3631.9,607.93743173
2024-12-11 00:00:00+00:00,3630.6,3672.3,3566.0,3664.9,386.7809821
2024-12-11 04:00:00+00:00,3670.5,3684.3,3652.0,3655.8,277.21057973
2024-12-11 08:00:00+00:00,3656.2,3729.7,3656.2,3717.5,430.14712419
2024-12-11 12:00:00+00:00,3719.9,3824.3,3712.9,3789.0,1307.72158482
2024-12-11 16:00:00+00:00,3789.3,3816.0,3753.9,3804.4,750.95607867
2024-12-11 20:00:00+00:00,3803.3,3847.3,3803.3,3827.7,738.21221486
2024-12-12 00:00:00+00:00,3830.7,3947.4,3797.6,3929.1,2089.29476479
2024-12-12 04:00:00+00:00,3934.4,3943.0,3894.2,3903.5,1658.66996272
2024-12-12 08:00:00+00:00,3907.4,3936.5,3893.2,3912.7,1160.28750527
2024-12-12 12:00:00+00:00,3914.3,3985.8,3914.3,3952.9,4003.80148928
2024-12-12 16:00:00+00:00,3960.9,3981.3,3852.3,3866.7,1567.7877704
2024-12-12 20:00:00+00:00,3868.7,3898.2,3835.8,3881.5,1067.06962823
2024-12-13 00:00:00+00:00,3879.9,3942.0,3853.3,3934.5,372.65280628
2024-12-13 04:00:00+00:00,3934.0,3937.0,3875.0,3888.3,239.70063303999999
2024-12-13 08:00:00+00:00,3889.6,3922.4,3874.5,3905.2,289.60121417
2024-12-13 12:00:00+00:00,3901.6,3968.1,3878.4,3886.9,831.38245936
2024-12-13 16:00:00+00:00,3892.2,3944.0,3880.3,3916.6,290.79622084
2024-12-13 20:00:00+00:00,3917.6,3933.7,3890.3,3904.1,172.97926846
2024-12-14 00:00:00+00:00,3904.6,3942.3,3894.8,3909.4,368.93597346
2024-12-14 04:00:00+00:00,3910.2,3933.3,3905.5,3919.6,221.0725123
2024-12-14 08:00:00+00:00,3921.9,3928.7,3886.4,3893.1,622.2165225800001
2024-12-14 12:00:00+00:00,3894.5,3896.1,3845.3,3887.7,844.00175289
2024-12-14 16:00:00+00:00,3888.6,3894.9,3826.0,3855.2,1182.56892576
2024-12-14 20:00:00+00:00,3857.2,3873.6,3823.4,3869.0,416.5410403
2024-12-15 00:00:00+00:00,3868.7,3891.8,3855.7,3873.4,115.99508801
2024-12-15 04:00:00+00:00,3873.6,3909.3,3832.3,3844.6,575.0641323
2024-12-15 08:00:00+00:00,3843.2,3877.1,3837.2,3875.9,247.91731574
2024-12-15 12:00:00+00:00,3876.4,3907.6,3870.4,3895.3,503.76443615
2024-12-15 16:00:00+00:00,3893.1,3917.5,3884.9,3902.7,380.85201864
2024-12-15 20:00:00+00:00,3905.7,3971.0,3843.2,3955.0,1725.83421557
2024-12-16 00:00:00+00:00,3958.5,4020.9,3925.3,3939.2,2790.89728251
2024-12-16 04:00:00+00:00,3939.5,3977.5,3936.6,3970.0,1233.75410654
2024-12-16 08:00:00+00:00,3971.4,3971.4,3898.7,3905.0,646.3242397500001
2024-12-16 12:00:00+00:00,3904.2,3951.8,3879.3,3935.0,617.74700764
2024-12-16 16:00:00+00:00,3935.0,4094.9,3934.9,4051.9,4929.37537792
2024-12-16 20:00:00+00:00,4055.9,4066.0,3971.7,3981.5,954.87810469
2024-12-17 00:00:00+00:00,3980.4,4036.6,3941.2,4029.8,1068.92037346
2024-12-17 04:00:00+00:00,4029.8,4029.8,3979.6,3989.5,2809.24984001
2024-12-17 08:00:00+00:00,3988.1,4022.0,3986.8,3993.4,2384.49008078
2024-12-17 12:00:00+00:00,3989.6,4020.0,3914.5,3932.9,1381.61559605
2024-12-17 16:00:00+00:00,3935.0,3978.8,3913.4,3942.2,959.76544012
2024-12-17 20:00:00+00:00,3943.0,3947.8,3843.9,3888.8,1302.23310513
2024-12-18 00:00:00+00:00,3888.8,3898.2,3828.2,3847.4,871.19484151
2024-12-18 04:00:00+00:00,3844.9,3859.0,3801.9,3846.8,817.81686881
2024-12-18 08:00:00+00:00,3844.1,3885.4,3839.4,3879.2,436.18354277
2024-12-18 12:00:00+00:00,3886.0,3888.6,3822.3,3859.8,1259.11722837
2024-12-18 16:00:00+00:00,3856.9,3904.0,3767.4,3768.8,1117.28636894
2024-12-18 20:00:00+00:00,3767.2,3782.9,3617.2,3623.2,5543.99440811
2024-12-19 00:00:00+00:00,3626.8,3672.7,3542.8,3671.1,2016.87065678
2024-12-19 04:00:00+00:00,3668.5,3698.7,3654.9,3694.7,525.43421027
2024-12-19 08:00:00+00:00,3694.6,3720.3,3667.0,3706.5,365.6901337
2024-12-19 12:00:00+00:00,3707.2,3711.7,3573.7,3618.9,834.43008493
2024-12-19 16:00:00+00:00,3609.0,3638.4,3372.7,3439.1,5582.46909025
2024-12-19 20:00:00+00:00,3438.9,3464.8,3326.6,3418.4,2665.13386505
2024-12-20 00:00:00+00:00,3417.2,3463.3,3371.4,3410.7,1783.36175759
2024-12-20 04:00:00+00:00,3413.3,3429.2,3329.2,3389.1,1880.12842235
2024-12-20 08:00:00+00:00,3386.8,3389.5,3110.0,3110.0,17389.27360796
2024-12-20 12:00:00+00:00,3110.2,3397.0,3106.4,3373.7,4347.51591718
2024-12-20 16:00:00+00:00,3375.8,3500.0,3369.0,3478.7,2084.70046491
2024-12-20 20:00:00+00:00,3479.5,3492.3,3396.8,3475.2,760.76069278
2024-12-21 00:00:00+00:00,3473.8,3491.4,3449.5,3470.0,630.48574742
2024-12-21 04:00:00+00:00,3470.0,3552.6,3465.9,3521.2,9312.33565961
2024-12-21 08:00:00+00:00,3521.7,3524.8,3423.9,3442.2,1049.73343555
2024-12-21 12:00:00+00:00,3442.2,3442.2,3347.1,3390.8,870.34732832
2024-12-21 16:00:00+00:00,3389.9,3399.8,3326.4,3360.3,1653.30690845
2024-12-21 20:00:00+00:00,3359.7,3388.6,3294.0,3341.7,871.77008179
2024-12-22 00:00:00+00:00,3340.4,3374.3,3320.6,3356.6,584.36994315
2024-12-22 04:00:00+00:00,3356.3,3363.1,3296.2,3331.7,564.3696592
2024-12-22 08:00:00+00:00,3333.3,3405.0,3332.9,3383.6,634.39248862
2024-12-22 12:00:00+00:00,3388.6,3399.1,3275.9,3306.0,5089.2897405
2024-12-22 16:00:00+00:00,3304.6,3340.8,3241.6,3250.7,3206.06829631
2024-12-22 20:00:00+00:00,3252.0,3311.5,3225.4,3282.0,2368.64117685
2024-12-23 00:00:00+00:00,3281.9,3357.0,3220.3,3351.2,2575.15356742
2024-12-23 04:00:00+00:00,3351.6,3363.4,3266.0,3304.8,3281.80640896
2024-12-23 08:00:00+00:00,3307.0,3355.8,3295.8,3338.2,611.58748033
2024-12-23 12:00:00+00:00,3340.0,3363.0,3277.0,3279.5,1793.7635301
2024-12-23 16:00:00+00:00,3279.2,3387.0,3277.0,3341.4,1626.67246372
2024-12-23 20:00:00+00:00,3341.2,3469.0,3334.5,3422.0,1431.7668596
2024-12-24 00:00:00+00:00,3423.6,3425.3,3360.6,3397.3,607.5532868
2024-12-24 04:00:00+00:00,3396.0,3434.6,3387.8,3403.0,492.52885121
2024-12-24 08:00:00+00:00,3399.6,3417.0,3389.4,3416.4,252.62052248
2024-12-24 12:00:00+00:00,3417.7,3513.4,3398.8,3496.5,1759.11633804
2024-12-24 16:00:00+00:00,3497.5,3542.1,3469.8,3469.8,1062.29066382
2024-12-24 20:00:00+00:00,3469.7,3507.3,3436.9,3497.1,542.24148842
2024-12-25 00:00:00+00:00,3494.4,3496.8,3461.7,3477.4,302.7171022
2024-12-25 04:00:00+00:00,3480.9,3511.2,3472.4,3490.9,179.93679463
2024-12-25 08:00:00+00:00,3483.8,3549.0,3469.0,3474.8,955.84748715
2024-12-25 12:00:00+00:00,3475.4,3502.3,3462.1,3473.4,295.72349883
2024-12-25 16:00:00+00:00,3479.7,3488.8,3442.8,3482.2,383.49644873
2024-12-25 20:00:00+00:00,3481.9,3500.0,3452.1,3497.3,353.85432996
2024-12-26 00:00:00+00:00,3500.0,3515.3,3451.9,3460.3,486.70579063
2024-12-26 04:00:00+00:00,3455.0,3455.0,3418.8,3425.0,1985.49606902
2024-12-26 08:00:00+00:00,3425.0,3425.5,3353.7,3376.7,8755.4264206
2024-12-26 12:00:00+00:00,3373.1,3377.9,3333.5,3351.3,4717.72520603
2024-12-26 16:00:00+00:00,3347.0,3367.4,3318.5,3341.6,5821.35597288
2024-12-26 20:00:00+00:00,3341.5,3352.2,3310.8,3337.3,2958.494553
2024-12-27 00:00:00+00:00,3337.5,3388.6,3321.8,3383.1,349.77563196
2024-12-27 04:00:00+00:00,3380.9,3400.5,3320.7,3327.8,507.02127897
2024-12-27 08:00:00+00:00,3329.8,3444.1,3329.8,3421.8,675.32331085
2024-12-27 12:00:00+00:00,3419.1,3424.9,3310.6,3328.2,800.38266495
2024-12-27 16:00:00+00:00,3328.1,3371.8,3315.2,3361.5,5493.2478125200005
2024-12-27 20:00:00+00:00,3361.0,3361.0,3317.7,3337.7,242.47197557
2024-12-28 00:00:00+00:00,3340.0,3354.5,3327.4,3353.0,128.1730024
2024-12-28 04:00:00+00:00,3348.5,3364.0,3339.0,3339.0,89.72054167
2024-12-28 08:00:00+00:00,3342.0,3367.2,3337.3,3365.6,60.22045249
2024-12-28 12:00:00+00:00,3365.2,3402.4,3358.1,3374.3,447.27867205
2024-12-28 16:00:00+00:00,3376.5,3418.3,3373.5,3405.9,209.06865859
2024-12-28 20:00:00+00:00,3407.9,3434.5,3398.1,3404.3,306.23211937
2024-12-29 00:00:00+00:00,3410.1,3411.9,3383.7,3390.3,231.39354967
2024-12-29 04:00:00+00:00,3389.3,3413.4,3388.4,3413.4,248.13140931
2024-12-29 08:00:00+00:00,3413.8,3418.1,3397.6,3407.1,197.40514222
2024-12-29 12:00:00+00:00,3405.2,3411.9,3360.2,3385.0,3720.46536144
2024-12-29 16:00:00+00:00,3378.6,3379.8,3351.8,3368.5,104.74511698
2024-12-29 20:00:00+00:00,3364.5,3371.2,3332.4,3367.1,132.5747358
2024-12-30 00:00:00+00:00,3360.7,3438.0,3354.3,3403.7,12070.09707432
2024-12-30 04:00:00+00:00,3405.0,3427.1,3389.1,3420.1,10020.23048134
2024-12-30 08:00:00+00:00,3420.1,3425.5,3394.0,3419.9,8728.76354864
2024-12-30 12:00:00+00:00,3419.9,3425.4,3307.6,3327.1,4648.94629701
2024-12-30 16:00:00+00:00,3326.0,3411.2,3322.3,3406.8,434.29085123
2024-12-30 20:00:00+00:00,3405.8,3423.0,3314.5,3369.9,936.07588379
2024-12-31 00:00:00+00:00,3365.2,3367.0,3321.1,3347.7,677.12309802
2024-12-31 04:00:00+00:00,3346.6,3368.5,3337.0,3360.5,3193.1854845
2024-12-31 08:00:00+00:00,3362.1,3415.8,3362.1,3397.7,2186.31742863
2024-12-31 12:00:00+00:00,3399.1,3454.2,3397.0,3417.3,4369.71992167
2024-12-31 16:00:00+00:00,3418.3,3419.1,3335.2,3358.1,975.14963182
2024-12-31 20:00:00+00:00,3359.9,3367.3,3334.3,3346.8,337.02177973
2025-01-01 00:00:00+00:00,3344.2,3372.9,3344.2,3360.3,532.30469617
2025-01-01 04:00:00+00:00,3359.2,3360.7,3343.8,3352.5,449.47549229
2025-01-01 08:00:00+00:00,3352.7,3353.7,3320.8,3347.3,451.30318538
2025-01-01 12:00:00+00:00,3345.7,3364.4,3334.8,3358.0,80.19975725
2025-01-01 16:00:00+00:00,3360.7,3370.0,3329.5,3358.4,177.08184637
2025-01-01 20:00:00+00:00,3361.9,3378.9,3357.7,3365.5,179.20785753
2025-01-02 00:00:00+00:00,3366.0,3411.3,3359.7,3395.5,453.9649486
2025-01-02 04:00:00+00:00,3396.1,3432.4,3394.4,3426.2,532.69082325
2025-01-02 08:00:00+00:00,3426.2,3480.9,3422.2,3475.4,276.720176
2025-01-02 12:00:00+00:00,3478.6,3514.0,3446.9,3465.2,497.12654502
2025-01-02 16:00:00+00:00,3465.9,3491.9,3433.0,3465.0,551.99570985
2025-01-02 20:00:00+00:00,3466.9,3475.2,3423.2,3458.2,406.04631815
2025-01-03 00:00:00+00:00,3458.8,3477.7,3445.9,3473.3,391.68651998
2025-01-03 04:00:00+00:00,3472.3,3472.7,3434.0,3435.4,427.35241227
2025-01-03 08:00:00+00:00,3434.9,3469.2,3425.8,3468.5,221.07890979
2025-01-03 12:00:00+00:00,3466.1,3578.6,3464.2,3570.0,1029.3150283
2025-01-03 16:00:00+00:00,3569.4,3631.7,3569.4,3623.7,5689.51260455
2025-01-03 20:00:00+00:00,3624.2,3624.8,3598.7,3609.8,405.12719928
2025-01-04 00:00:00+00:00,3610.5,3620.0,3584.1,3599.3,163.59404352
2025-01-04 04:00:00+00:00,3597.0,3611.0,3585.4,3595.5,252.13528464
2025-01-04 08:00:00+00:00,3599.2,3607.2,3575.3,3604.0,474.20814161
2025-01-04 12:00:00+00:00,3604.6,3663.5,3595.5,3610.5,2213.19440013
2025-01-04 16:00:00+00:00,3612.1,3644.5,3602.5,3633.5,187.19183771
2025-01-04 20:00:00+00:00,3633.1,3671.2,3633.1,3660.2,389.77218168
2025-01-05 00:00:00+00:00,3659.4,3676.0,3631.2,3638.0,129.65741094
2025-01-05 04:00:00+00:00,3641.8,3650.3,3631.8,3633.1,362.19330281
2025-01-05 08:00:00+00:00,3632.9,3632.9,3606.0,3614.1,492.18060505
2025-01-05 12:00:00+00:00,3614.5,3640.3,3596.5,3631.8,323.67216758
2025-01-05 16:00:00+00:00,3630.4,3648.4,3616.6,3638.9,124.14709508
2025-01-05 20:00:00+00:00,3639.9,3658.4,3631.9,3638.1,154.79605778
2025-01-06 00:00:00+00:00,3639.8,3686.3,3613.7,3666.3,1248.16202543
2025-01-06 04:00:00+00:00,3667.3,3699.2,3646.7,3652.1,582.23661558
2025-01-06 08:00:00+00:00,3653.9,3662.1,3635.1,3657.5,694.95835729
2025-01-06 12:00:00+00:00,3657.6,3714.3,3624.5,3714.3,1902.10370078
2025-01-06 16:00:00+00:00,3714.4,3744.0,3660.0,3691.7,1589.67287169
2025-01-06 20:00:00+00:00,3690.6,3705.1,3669.4,3690.1,723.45422851
2025-01-07 00:00:00+00:00,3686.2,3701.9,3667.4,3684.8,338.24737802
2025-01-07 04:00:00+00:00,3686.8,3687.3,3660.7,3667.0,192.84271342
2025-01-07 08:00:00+00:00,3669.9,3678.8,3627.6,3641.0,673.54397935
2025-01-07 12:00:00+00:00,3636.2,3645.8,3414.7,3465.0,5649.85867577
2025-01-07 16:00:00+00:00,3463.3,3492.9,3378.3,3388.6,3265.20549284
2025-01-07 20:00:00+00:00,3387.2,3413.8,3357.2,3382.3,2734.88639547
2025-01-08 00:00:00+00:00,3383.2,3416.2,3347.5,3365.9,1206.70730883
2025-01-08 04:00:00+00:00,3365.1,3376.9,3312.1,3358.9,1326.28932356
2025-01-08 08:00:00+00:00,3357.6,3378.8,3324.7,3352.2,1124.79417959
2025-01-08 12:00:00+00:00,3350.9,3386.9,3336.6,3351.0,1129.57813545
2025-01-08 16:00:00+00:00,3350.5,3351.3,3215.1,3288.5,4634.86492807
2025-01-08 20:00:00+00:00,3283.7,3339.5,3272.5,3331.8,489.21525539
2025-01-09 00:00:00+00:00,3331.6,3361.1,3311.2,3329.3,978.81958654
2025-01-09 04:00:00+00:00,3328.6,3346.6,3288.5,3295.5,561.43226601
2025-01-09 08:00:00+00:00,3293.9,3331.1,3273.2,3305.9,780.0652305799999
2025-01-09 12:00:00+00:00,3306.8,3341.6,3216.7,3328.4,1098.28641797
2025-01-09 16:00:00+00:00,3326.3,3332.2,3197.5,3203.1,1270.80337786
2025-01-09 20:00:00+00:00,3200.1,3243.5,3165.5,3223.8,786.5332749
2025-01-10 00:00:00+00:00,3223.7,3265.8,3221.2,3261.2,246.15513369
2025-01-10 04:00:00+00:00,3264.5,3318.1,3250.2,3300.9,91.98152479
2025-01-10 08:00:00+00:00,3301.3,3325.7,3295.1,3313.2,533.14155079
2025-01-10 12:00:00+00:00,3316.4,3318.2,3200.0,3248.7,2953.09054921
2025-01-10 16:00:00+00:00,3248.6,3326.2,3238.6,3302.6,433.01806338
2025-01-10 20:00:00+00:00,3297.9,3297.9,3263.0,3271.0,43.32837446
2025-01-11 00:00:00+00:00,3270.4,3273.0,3236.8,3242.1,63.62905723
2025-01-11 04:00:00+00:00,3242.9,3251.8,3229.9,3237.5,61.54440205
2025-01-11 08:00:00+00:00,3240.1,3284.7,3222.2,3277.4,436.97039675
2025-01-11 12:00:00+00:00,3279.5,3286.0,3262.8,3275.0,190.68930982
2025-01-11 16:00:00+00:00,3275.8,3286.1,3265.0,3282.5,227.34457657
2025-01-11 20:00:00+00:00,3281.0,3322.8,3280.2,3287.5,177.44354798
2025-01-12 00:00:00+00:00,3287.3,3293.4,3280.0,3288.9,186.5430663
2025-01-12 04:00:00+00:00,3290.2,3293.6,3268.7,3270.5,225.60156135
2025-01-12 08:00:00+00:00,3270.8,3275.3,3230.3,3258.6,404.64139206
2025-01-12 12:00:00+00:00,3253.1,3298.0,3253.1,3288.4,210.74450542
2025-01-12 16:00:00+00:00,3291.4,3302.3,3273.1,3282.9,150.79038523
2025-01-12 20:00:00+00:00,3286.1,3290.1,3237.2,3270.7,315.60799783
2025-01-13 00:00:00+00:00,3270.8,3339.5,3238.8,3245.6,734.6639722
2025-01-13 04:00:00+00:00,3248.4,3259.4,3185.4,3201.9,668.97564759
2025-01-13 08:00:00+00:00,3203.5,3203.5,3061.2,3064.1,15968.19644021
2025-01-13 12:00:00+00:00,3063.3,3096.1,2941.8,3061.9,9971.40723664
2025-01-13 16:00:00+00:00,3054.2,3060.9,2993.5,3032.0,14770.70898508
2025-01-13 20:00:00+00:00,3030.2,3147.4,3018.9,3141.1,1082.89989623
2025-01-14 00:00:00+00:00,3142.4,3179.0,3131.6,3165.0,398.93702208999997
2025-01-14 04:00:00+00:00,3166.0,3193.4,3163.2,3176.7,2544.84392346
2025-01-14 08:00:00+00:00,3175.2,3259.1,3174.6,3221.7,1477.78028051
2025-01-14 12:00:00+00:00,3219.9,3236.6,3184.2,3205.6,1646.11437177
2025-01-14 16:00:00+00:00,3204.8,3239.0,3175.7,3218.1,611.62999301
2025-01-14 20:00:00+00:00,3219.1,3244.0,3199.0,3228.7,283.68185775
2025-01-15 00:00:00+00:00,3230.8,3249.7,3211.6,3245.5,530.49458116
2025-01-15 04:00:00+00:00,3245.5,3255.7,3221.8,3237.6,181.53488096
2025-01-15 08:00:00+00:00,3237.7,3252.7,3191.5,3204.2,430.74871778
2025-01-15 12:00:00+00:00,3203.7,3356.1,3191.5,3339.1,1689.47737844
2025-01-15 16:00:00+00:00,3339.3,3441.1,3328.1,3435.9,5036.3597989400005
2025-01-15 20:00:00+00:00,3434.8,3472.6,3420.6,3449.6,2896.34001574
2025-01-16 00:00:00+00:00,3449.7,3457.9,3345.5,3362.3,5339.8803960000005
2025-01-16 04:00:00+00:00,3360.4,3387.6,3360.0,3380.0,5991.125277640001
2025-01-16 08:00:00+00:00,3380.0,3381.0,3297.9,3352.4,1454.79420309
2025-01-16 12:00:00+00:00,3349.6,3362.4,3266.0,3333.0,1362.87508689
2025-01-16 16:00:00+00:00,3332.5,3365.1,3310.8,3345.1,2642.85219316
2025-01-16 20:00:00+00:00,3345.3,3352.9,3270.0,3309.4,547.62603202
2025-01-17 00:00:00+00:00,3308.7,3393.0,3308.7,3356.5,4870.57349022
2025-01-17 04:00:00+00:00,3356.7,3383.5,3345.2,3370.9,6472.16513461
2025-01-17 08:00:00+00:00,3370.6,3435.6,3370.6,3423.6,2166.82669989
2025-01-17 12:00:00+00:00,3423.8,3448.2,3393.1,3419.9,522.04792055
2025-01-17 16:00:00+00:00,3420.9,3446.9,3406.6,3430.7,352.03985429
2025-01-17 20:00:00+00:00,3428.8,3521.6,3426.7,3472.1,1656.82302624
2025-01-18 00:00:00+00:00,3472.6,3491.4,3364.6,3385.7,883.74579373
2025-01-18 04:00:00+00:00,3381.1,3390.8,3279.9,3289.2,1301.8179606
2025-01-18 08:00:00+00:00,3284.9,3322.2,3226.6,3312.1,1470.98078557
2025-01-18 12:00:00+00:00,3309.0,3344.0,3273.0,3307.1,1699.70892504
2025-01-18 16:00:00+00:00,3308.4,3314.7,3251.2,3287.6,1372.13649751
2025-01-18 20:00:00+00:00,3290.3,3319.5,3260.0,3309.5,398.04248116
2025-01-19 00:00:00+00:00,3308.5,3376.0,3299.0,3334.2,461.04545379
2025-01-19 04:00:00+00:00,3334.5,3337.6,3257.3,3274.1,1712.93941814
2025-01-19 08:00:00+00:00,3274.1,3274.9,3130.6,3149.8,4382.47401036
2025-01-19 12:00:00+00:00,3147.7,3421.9,3145.0,3383.3,4333.83123766
2025-01-19 16:00:00+00:00,3382.0,3447.0,3377.2,3416.6,1629.75138616
2025-01-19 20:00:00+00:00,3417.0,3429.9,3156.2,3216.0,8835.8029178
2025-01-20 00:00:00+00:00,3211.5,3276.5,3143.3,3269.4,4568.60068328
2025-01-20 04:00:00+00:00,3270.0,3451.8,3249.1,3379.8,2414.99673314
2025-01-20 08:00:00+00:00,3380.3,3410.3,3334.6,3376.9,2363.0835659
2025-01-20 12:00:00+00:00,3377.2,3379.2,3259.4,3336.2,3198.77926092
2025-01-20 16:00:00+00:00,3336.5,3390.3,3208.1,3346.3,5317.92056085
2025-01-20 20:00:00+00:00,3343.0,3343.0,3256.7,3280.3,2610.47868614
2025-01-21 00:00:00+00:00,3281.6,3285.2,3202.3,3260.9,4364.11823345
2025-01-21 04:00:00+00:00,3258.0,3264.3,3212.7,3251.6,2439.81113297
2025-01-21 08:00:00+00:00,3253.0,3313.5,3233.7,3306.1,2108.60355864
2025-01-21 12:00:00+00:00,3306.2,3334.2,3266.0,3295.6,963.79154971
2025-01-21 16:00:00+00:00,3293.6,3368.9,3293.6,3329.7,1136.31546159
2025-01-21 20:00:00+00:00,3334.6,3346.0,3301.3,3327.8,1056.91062271
2025-01-22 00:00:00+00:00,3330.2,3364.9,3322.7,3330.5,269.69447768
2025-01-22 04:00:00+00:00,3331.5,3337.4,3287.5,3287.5,324.68164499
2025-01-22 08:00:00+00:00,3289.6,3328.7,3273.0,3325.3,289.19138151
2025-01-22 12:00:00+00:00,3327.7,3329.6,3268.5,3283.0,1101.36637063
2025-01-22 16:00:00+00:00,3274.9,3292.6,3241.5,3262.4,563.83577296
2025-01-22 20:00:00+00:00,3263.9,3277.7,3222.8,3242.0,369.93335686
2025-01-23 00:00:00+00:00,3242.7,3259.2,3201.9,3223.3,818.70559257
2025-01-23 04:00:00+00:00,3224.5,3229.5,3179.8,3227.7,385.54552597
2025-01-23 08:00:00+00:00,3228.9,3228.9,3187.8,3214.0,186.76611056000002
2025-01-23 12:00:00+00:00,3210.6,3290.3,3189.6,3256.0,1374.79396273
2025-01-23 16:00:00+00:00,3258.7,3300.8,3197.4,3208.3,1463.87432578
2025-01-23 20:00:00+00:00,3205.5,3346.8,3198.0,3339.2,1397.12815886
2025-01-24 00:00:00+00:00,3343.6,3349.1,3276.0,3305.6,749.71065506
2025-01-24 04:00:00+00:00,3302.7,3419.7,3295.0,3382.6,717.94255354
2025-01-24 08:00:00+00:00,3382.0,3415.7,3377.3,3399.8,347.80770848
2025-01-24 12:00:00+00:00,3398.8,3442.4,3356.8,3382.5,681.49114079
2025-01-24 16:00:00+00:00,3385.6,3408.9,3363.9,3368.2,265.3391438
2025-01-24 20:00:00+00:00,3369.0,3378.2,3303.5,3309.2,288.69188394
2025-01-25 00:00:00+00:00,3305.0,3322.6,3269.2,3319.7,156.97215442
2025-01-25 04:00:00+00:00,3319.2,3319.2,3283.1,3290.1,92.64466839
2025-01-25 08:00:00+00:00,3290.2,3310.3,3274.0,3305.3,81.69249408
2025-01-25 12:00:00+00:00,3305.5,3345.3,3294.6,3337.2,106.99206787
2025-01-25 16:00:00+00:00,3335.5,3349.0,3329.6,3339.9,552.56715478
2025-01-25 20:00:00+00:00,3342.3,3349.7,3315.2,3317.1,81.25351233
2025-01-26 00:00:00+00:00,3315.9,3349.6,3315.3,3338.0,57.61958008
2025-01-26 04:00:00+00:00,3338.0,3360.1,3330.8,3336.7,76.40822777
2025-01-26 08:00:00+00:00,3338.7,3340.9,3293.5,3310.5,145.2775625
2025-01-26 12:00:00+00:00,3310.5,3319.6,3298.0,3315.6,204.2788764
2025-01-26 16:00:00+00:00,3312.6,3344.4,3309.0,3337.8,29.97548919
2025-01-26 20:00:00+00:00,3339.0,3341.1,3229.9,3234.0,743.32240833
2025-01-27 00:00:00+00:00,3232.1,3254.7,3160.6,3186.3,2721.45605482
2025-01-27 04:00:00+00:00,3185.4,3185.4,3024.0,3073.1,4995.11010633
2025-01-27 08:00:00+00:00,3072.4,3089.5,3036.1,3061.3,1192.84894383
2025-01-27 12:00:00+00:00,3061.9,3152.9,3058.0,3132.1,672.68984866
2025-01-27 16:00:00+00:00,3131.4,3131.9,3052.1,3073.0,8343.11702678
2025-01-27 20:00:00+00:00,3080.1,3241.5,3080.1,3187.3,818.12650896
2025-01-28 00:00:00+00:00,3188.0,3220.2,3157.8,3208.2,232.34595049
2025-01-28 04:00:00+00:00,3209.2,3226.1,3193.9,3199.9,227.12659058
2025-01-28 08:00:00+00:00,3199.2,3209.7,3180.5,3190.8,84.72967269
2025-01-28 12:00:00+00:00,3187.1,3216.9,3160.3,3182.5,460.56372847
2025-01-28 16:00:00+00:00,3183.4,3184.0,3124.1,3151.0,588.86213775
2025-01-28 20:00:00+00:00,3153.1,3157.3,3043.6,3079.7,2490.41735402
2025-01-29 00:00:00+00:00,3079.8,3133.4,3077.8,3132.6,234.43161959
2025-01-29 04:00:00+00:00,3131.0,3160.3,3119.5,3157.7,57.11970585
2025-01-29 08:00:00+00:00,3161.3,3165.1,3122.4,3134.9,162.42464623
2025-01-29 12:00:00+00:00,3133.5,3139.9,3081.3,3101.1,239.9359529
2025-01-29 16:00:00+00:00,3099.2,3154.0,3055.9,3132.2,604.96392173
2025-01-29 20:00:00+00:00,3122.8,3181.4,3092.0,3115.0,277.42253269
2025-01-30 00:00:00+00:00,3117.4,3204.6,3094.2,3204.5,138.18409924
2025-01-30 04:00:00+00:00,3203.3,3217.1,3180.9,3191.1,382.11073886
2025-01-30 08:00:00+00:00,3192.2,3231.3,3184.3,3227.0,179.63965548
2025-01-30 12:00:00+00:00,3225.4,3283.1,3212.3,3258.7,563.38732335
2025-01-30 16:00:00+00:00,3260.1,3285.9,3253.4,3273.5,309.63933519
2025-01-30 20:00:00+00:00,3272.1,3273.2,3231.3,3247.7,250.20259587
2025-01-31 00:00:00+00:00,3248.8,3279.6,3222.4,3231.2,455.55436016
2025-01-31 04:00:00+00:00,3229.3,3275.0,3215.0,3246.0,123.51565002
2025-01-31 08:00:00+00:00,3242.1,3338.5,3236.1,3336.4,367.33538093
2025-01-31 12:00:00+00:00,3336.2,3431.0,3325.6,3426.9,2557.96960679
2025-01-31 16:00:00+00:00,3427.0,3436.0,3297.2,3343.4,1741.09826327
2025-01-31 20:00:00+00:00,3338.8,3338.8,3281.2,3301.5,544.970532
2025-02-01 00:00:00+00:00,3299.3,3330.5,3285.3,3292.0,321.1187803
2025-02-01 04:00:00+00:00,3293.4,3306.4,3274.9,3282.1,131.45663897
2025-02-01 08:00:00+00:00,3283.9,3286.9,3225.5,3252.9,785.48471265
2025-02-01 12:00:00+00:00,3252.7,3275.1,3231.3,3252.8,414.00117102
2025-02-01 16:00:00+00:00,3252.1,3268.6,3181.8,3199.1,693.52924862
2025-02-01 20:00:00+00:00,3198.0,3198.0,3105.0,3120.3,1048.18981591
2025-02-02 00:00:00+00:00,3118.8,3163.7,3072.7,3078.8,3347.89071332
2025-02-02 04:00:00+00:00,3078.9,3138.5,3078.9,3102.3,1197.80356639
2025-02-02 08:00:00+00:00,3100.3,3123.1,3054.6,3064.4,686.13438233
2025-02-02 12:00:00+00:00,3064.5,3101.4,3052.0,3083.0,415.63966396
2025-02-02 16:00:00+00:00,3083.1,3083.1,2890.0,2952.3,43603.00038059
2025-02-02 20:00:00+00:00,2951.9,2980.5,2747.8,2866.6,18886.76791951
2025-02-03 00:00:00+00:00,2865.1,2867.8,2100.0,2529.4,33043.36889439
2025-02-03 04:00:00+00:00,2529.3,2635.8,2451.1,2627.1,4469.33614201
2025-02-03 08:00:00+00:00,2626.5,2627.5,2531.4,2584.6,1985.09783301
2025-02-03 12:00:00+00:00,2590.1,2728.8,2529.9,2698.1,6819.49327573
2025-02-03 16:00:00+00:00,2699.4,2769.0,2668.5,2762.0,5611.67062984
2025-02-03 20:00:00+00:00,2761.3,2918.5,2695.4,2881.1,3739.39178712
2025-02-04 00:00:00+00:00,2878.3,2888.1,2795.6,2810.6,3558.45983968
2025-02-04 04:00:00+00:00,2813.4,2835.8,2663.9,2703.6,2388.28202278
2025-02-04 08:00:00+00:00,2703.0,2788.4,2677.3,2756.4,3229.56009044
2025-02-04 12:00:00+00:00,2757.5,2843.4,2732.6,2775.5,1402.2204018
2025-02-04 16:00:00+00:00,2774.7,2868.3,2766.4,2772.1,1092.44329309
2025-02-04 20:00:00+00:00,2774.8,2793.4,2632.2,2732.1,1709.15222958
2025-02-05 00:00:00+00:00,2733.4,2768.3,2700.1,2720.3,569.19531997
2025-02-05 04:00:00+00:00,2720.9,2785.0,2707.1,2756.8,760.72639008
2025-02-05 08:00:00+00:00,2763.4,2820.0,2745.1,2802.8,1188.68851836
2025-02-05 12:00:00+00:00,2802.9,2825.6,2750.4,2773.6,1117.51323039
2025-02-05 16:00:00+00:00,2773.0,2785.3,2715.2,2773.4,1838.67254234
2025-02-05 20:00:00+00:00,2774.0,2800.9,2739.4,2788.4,371.23936269
2025-02-06 00:00:00+00:00,2793.4,2818.9,2758.5,2804.8,620.11452885
2025-02-06 04:00:00+00:00,2807.7,2856.1,2807.0,2835.8,4559.7012696
2025-02-06 08:00:00+00:00,2835.7,2859.2,2798.2,2810.5,6273.34249847
2025-02-06 12:00:00+00:00,2808.8,2810.4,2686.1,2706.5,1195.86258134
2025-02-06 16:00:00+00:00,2707.8,2729.6,2676.9,2693.7,1034.59231707
2025-02-06 20:00:00+00:00,2692.1,2727.3,2660.1,2692.9,644.00259709
2025-02-07 00:00:00+00:00,2690.8,2741.8,2685.0,2718.0,7329.0156821
2025-02-07 04:00:00+00:00,2719.2,2734.3,2671.7,2717.3,262.02938626
2025-02-07 08:00:00+00:00,2713.0,2765.3,2709.0,2764.7,310.60865486
2025-02-07 12:00:00+00:00,2766.9,2798.3,2712.5,2723.4,1200.14453193
2025-02-07 16:00:00+00:00,2717.6,2728.4,2656.4,2663.1,377.21854333
2025-02-07 20:00:00+00:00,2662.1,2662.1,2565.1,2628.2,1605.58979069
2025-02-08 00:00:00+00:00,2625.2,2668.4,2619.6,2644.3,351.78627893
2025-02-08 04:00:00+00:00,2641.4,2649.0,2597.8,2633.9,3380.58420298
2025-02-08 08:00:00+00:00,2632.3,2634.3,2604.5,2619.0,116.71556439
2025-02-08 12:00:00+00:00,2614.2,2638.3,2591.8,2608.1,293.29851673
2025-02-08 16:00:00+00:00,2608.4,2651.9,2594.0,2637.5,261.93305730000003
2025-02-08 20:00:00+00:00,2642.7,2648.7,2627.2,2634.0,356.20330518000003
2025-02-09 00:00:00+00:00,2638.4,2700.0,2631.0,2679.7,784.45996576
2025-02-09 04:00:00+00:00,2680.4,2680.4,2652.6,2666.4,530.03026718
2025-02-09 08:00:00+00:00,2665.8,2674.1,2654.6,2654.6,150.90050576
2025-02-09 12:00:00+00:00,2657.6,2660.8,2612.7,2653.9,761.89176532
2025-02-09 16:00:00+00:00,2651.2,2667.8,2618.9,2625.0,258.13619848
2025-02-09 20:00:00+00:00,2623.5,2650.7,2530.3,2633.4,12837.61170479
2025-02-10 00:00:00+00:00,2632.5,2661.3,2562.7,2629.0,1078.17351938
2025-02-10 04:00:00+00:00,2627.2,2664.0,2622.8,2643.4,420.56281783000003
2025-02-10 08:00:00+00:00,2641.5,2665.1,2638.6,2658.1,985.94388886
2025-02-10 12:00:00+00:00,2658.9,2687.9,2637.1,2662.6,574.07523382
2025-02-10 16:00:00+00:00,2663.0,2695.5,2654.6,2674.3,134.36477773
2025-02-10 20:00:00+00:00,2674.3,2688.4,2656.7,2664.1,242.60991546
2025-02-11 00:00:00+00:00,2666.6,2727.5,2665.8,2682.6,1417.43233885
2025-02-11 04:00:00+00:00,2682.8,2727.7,2680.5,2714.2,178.58895021
2025-02-11 08:00:00+00:00,2716.4,2724.8,2694.6,2713.0,263.13821251
2025-02-11 12:00:00+00:00,2709.5,2710.8,2630.6,2664.5,942.14276184
2025-02-11 16:00:00+00:00,2663.4,2674.7,2586.8,2594.7,1340.90235552
2025-02-11 20:00:00+00:00,2593.9,2635.7,2563.6,2607.5,849.06998719
2025-02-12 00:00:00+00:00,2606.4,2627.2,2574.7,2595.7,204.76451463
2025-02-12 04:00:00+00:00,2588.8,2628.3,2582.1,2622.2,137.53756255
2025-02-12 08:00:00+00:00,2627.7,2643.0,2615.9,2630.5,165.89143119
2025-02-12 12:00:00+00:00,2631.6,2668.3,2552.2,2612.8,1977.55402594
2025-02-12 16:00:00+00:00,2610.4,2692.2,2589.7,2682.0,1148.00950134
2025-02-12 20:00:00+00:00,2682.6,2798.5,2676.0,2740.2,982.94938883
2025-02-13 00:00:00+00:00,2741.4,2759.2,2719.6,2740.1,21053.55722054
2025-02-13 04:00:00+00:00,2740.1,2740.1,2672.4,2680.5,1535.15241609
2025-02-13 08:00:00+00:00,2681.5,2689.8,2654.1,2656.2,619.30610036
2025-02-13 12:00:00+00:00,2659.4,2678.4,2619.8,2651.8,1085.08942584
2025-02-13 16:00:00+00:00,2648.8,2665.3,2616.7,2646.5,459.40991708
2025-02-13 20:00:00+00:00,2644.8,2683.4,2644.8,2677.3,172.17920368
2025-02-14 00:00:00+00:00,2680.7,2725.8,2669.5,2720.6,433.43511768999997
2025-02-14 04:00:00+00:00,2720.1,2720.1,2694.4,2704.8,139.59659951
2025-02-14 08:00:00+00:00,2704.1,2719.3,2687.1,2688.3,182.51700593
2025-02-14 12:00:00+00:00,2688.1,2746.8,2682.1,2735.7,3875.0837706
2025-02-14 16:00:00+00:00,2735.8,2790.6,2713.3,2738.2,6441.74074205
2025-02-14 20:00:00+00:00,2738.4,2750.7,2708.1,2725.9,193.54380782
2025-02-15 00:00:00+00:00,2725.5,2739.5,2705.5,2725.4,81.84410462
2025-02-15 04:00:00+00:00,2724.9,2732.5,2695.1,2700.5,152.5331529
2025-02-15 08:00:00+00:00,2698.3,2715.3,2697.2,2709.1,388.37170267
2025-02-15 12:00:00+00:00,2708.1,2714.9,2665.0,2688.5,575.13887298
2025-02-15 16:00:00+00:00,2688.4,2706.7,2681.3,2692.3,31.20725449
2025-02-15 20:00:00+00:00,2693.0,2704.2,2680.6,2693.5,33.85430663
2025-02-16 00:00:00+00:00,2693.0,2705.7,2689.4,2698.8,35.5029497
2025-02-16 04:00:00+00:00,2699.1,2726.2,2691.8,2694.9,107.99606242
2025-02-16 08:00:00+00:00,2693.6,2713.5,2690.8,2712.8,71.35154203
2025-02-16 12:00:00+00:00,2712.7,2714.4,2678.3,2695.3,137.59926591
2025-02-16 16:00:00+00:00,2695.6,2703.5,2661.4,2684.7,119.97383925
2025-02-16 20:00:00+00:00,2684.3,2689.6,2653.7,2665.6,633.32452816
2025-02-17 00:00:00+00:00,2662.2,2686.6,2662.2,2677.2,86.48804901
2025-02-17 04:00:00+00:00,2674.9,2697.4,2641.8,2688.6,203.29293709
2025-02-17 08:00:00+00:00,2686.7,2779.5,2682.1,2759.1,616.56646214
2025-02-17 12:00:00+00:00,2759.6,2853.1,2751.3,2760.7,2004.90856409
2025-02-17 16:00:00+00:00,2759.1,2766.6,2692.6,2723.3,347.61892679
2025-02-17 20:00:00+00:00,2722.9,2781.9,2722.0,2747.9,138.53936299
2025-02-18 00:00:00+00:00,2748.0,2760.9,2713.4,2716.1,403.66371659
2025-02-18 04:00:00+00:00,2716.5,2721.9,2658.2,2676.8,592.80309558
2025-02-18 08:00:00+00:00,2677.7,2710.5,2659.9,2684.4,578.22595418
2025-02-18 12:00:00+00:00,2684.2,2736.6,2664.8,2678.3,358.41223683
2025-02-18 16:00:00+00:00,2678.4,2688.5,2612.3,2634.3,748.12409152
2025-02-18 20:00:00+00:00,2634.4,2676.9,2624.2,2676.6,1479.02654001
2025-02-19 00:00:00+00:00,2676.4,2704.7,2662.5,2699.6,353.63528572
2025-02-19 04:00:00+00:00,2700.1,2721.4,2671.2,2714.5,377.86310796
2025-02-19 08:00:00+00:00,2713.5,2740.5,2711.7,2732.1,336.92878141
2025-02-19 12:00:00+00:00,2732.1,2735.4,2684.9,2701.7,288.61618
2025-02-19 16:00:00+00:00,2703.9,2728.3,2700.5,2716.1,83.98738688
2025-02-19 20:00:00+00:00,2718.4,2738.4,2712.7,2719.9,125.77488791
2025-02-20 00:00:00+00:00,2720.1,2755.2,2715.3,2748.2,49.8065449
2025-02-20 04:00:00+00:00,2747.6,2762.2,2728.1,2736.1,173.85510749
2025-02-20 08:00:00+00:00,2734.1,2749.1,2730.0,2745.2,156.44983982
2025-02-20 12:00:00+00:00,2745.9,2773.4,2712.0,2714.1,352.75982074
2025-02-20 16:00:00+00:00,2715.0,2770.5,2712.7,2752.0,288.09133966
2025-02-20 20:00:00+00:00,2754.5,2762.9,2726.4,2743.1,153.14125485
2025-02-21 00:00:00+00:00,2742.0,2752.2,2730.8,2746.1,76.89754291
2025-02-21 04:00:00+00:00,2750.0,2772.2,2748.6,2760.5,156.7786195
2025-02-21 08:00:00+00:00,2759.6,2833.7,2752.3,2793.6,1057.80768367
2025-02-21 12:00:00+00:00,2795.6,2847.9,2680.4,2728.4,2574.45426231
2025-02-21 16:00:00+00:00,2726.1,2772.3,2630.4,2644.0,1096.71137267
2025-02-21 20:00:00+00:00,2643.9,2671.9,2620.4,2664.0,783.46476832
2025-02-22 00:00:00+00:00,2667.2,2694.1,2659.8,2678.4,230.71078469
2025-02-22 04:00:00+00:00,2678.3,2700.0,2677.8,2688.8,1538.01446439
2025-02-22 08:00:00+00:00,2688.7,2756.4,2681.9,2738.1,524.95812843
2025-02-22 12:00:00+00:00,2738.0,2788.8,2728.0,2779.5,150.18368615
2025-02-22 16:00:00+00:00,2780.2,2800.8,2761.7,2773.7,462.09794565
2025-02-22 20:00:00+00:00,2773.7,2781.8,2764.6,2767.3,56.07279789
2025-02-23 00:00:00+00:00,2767.7,2779.2,2749.7,2755.8,108.3319272
2025-02-23 04:00:00+00:00,2756.0,2834.4,2751.4,2830.1,238.66948033
2025-02-23 08:00:00+00:00,2830.0,2835.1,2789.1,2802.5,304.49173669
2025-02-23 12:00:00+00:00,2802.7,2831.2,2778.8,2787.2,137.69991548000002
2025-02-23 16:00:00+00:00,2787.3,2827.4,2787.3,2811.6,463.46691318
2025-02-23 20:00:00+00:00,2811.7,2860.9,2790.9,2823.7,781.6851683
2025-02-24 00:00:00+00:00,2823.9,2844.3,2718.0,2722.7,719.41488707
2025-02-24 04:00:00+00:00,2722.3,2739.8,2698.9,2728.8,318.14131096
2025-02-24 08:00:00+00:00,2727.1,2727.1,2669.6,2694.8,310.03436531
2025-02-24 12:00:00+00:00,2689.1,2700.1,2642.4,2664.3,18593.8442547
2025-02-24 16:00:00+00:00,2664.5,2687.7,2630.9,2643.8,2295.19675331
2025-02-24 20:00:00+00:00,2646.1,2668.7,2477.9,2519.3,4497.06224747
2025-02-25 00:00:00+00:00,2522.5,2540.1,2470.0,2502.2,4249.38187495
2025-02-25 04:00:00+00:00,2503.8,2518.6,2343.7,2380.1,6850.0490354
2025-02-25 08:00:00+00:00,2379.4,2444.0,2364.6,2440.5,18246.08987894
2025-02-25 12:00:00+00:00,2435.8,2452.8,2367.4,2414.7,1157.90489997
2025-02-25 16:00:00+00:00,2413.6,2478.0,2389.1,2476.4,624.27344291
2025-02-25 20:00:00+00:00,2476.2,2536.5,2464.3,2501.8,549.44935406
2025-02-26 00:00:00+00:00,2501.4,2510.5,2478.0,2497.1,448.5269485
2025-02-26 04:00:00+00:00,2496.4,2511.9,2482.5,2491.9,117.63872646
2025-02-26 08:00:00+00:00,2491.9,2501.0,2464.6,2470.4,213.20534625
2025-02-26 12:00:00+00:00,2469.4,2469.4,2375.9,2435.3,2233.88612129
2025-02-26 16:00:00+00:00,2433.7,2437.9,2275.9,2302.6,4007.9293009900002
2025-02-26 20:00:00+00:00,2303.2,2390.3,2264.0,2343.2,2000.69043532
2025-02-27 00:00:00+00:00,2343.6,2377.7,2322.4,2342.1,1215.70637078
2025-02-27 04:00:00+00:00,2337.9,2377.9,2309.7,2363.1,816.12853348
2025-02-27 08:00:00+00:00,2362.0,2387.5,2349.5,2358.8,200.05685472
2025-02-27 12:00:00+00:00,2360.1,2366.8,2297.3,2330.3,2147.27418789
2025-02-27 16:00:00+00:00,2328.3,2341.7,2284.5,2301.2,1128.73518783
2025-02-27 20:00:00+00:00,2296.2,2317.3,2237.1,2314.0,1031.98426571
2025-02-28 00:00:00+00:00,2313.5,2320.1,2132.0,2151.4,5356.21976857
2025-02-28 04:00:00+00:00,2154.1,2161.6,2085.1,2113.5,5298.48381537
2025-02-28 08:00:00+00:00,2113.1,2155.5,2084.2,2131.4,1807.57904138
2025-02-28 12:00:00+00:00,2131.8,2232.8,2112.4,2228.0,2140.60754744
2025-02-28 16:00:00+00:00,2228.0,2259.6,2198.4,2232.9,733.4521327
2025-02-28 20:00:00+00:00,2237.2,2245.3,2205.5,2245.3,212.4331088
2025-03-01 00:00:00+00:00,2245.3,2280.9,2219.9,2269.0,2915.72530964
2025-03-01 04:00:00+00:00,2269.6,2287.5,2232.0,2234.6,749.07357634
2025-03-01 08:00:00+00:00,2236.7,2245.6,2179.1,2190.9,611.39935668
2025-03-01 12:00:00+00:00,2188.5,2193.4,2151.0,2184.4,414.18178626
2025-03-01 16:00:00+00:00,2180.3,2240.6,2176.6,2230.0,176.70608324
2025-03-01 20:00:00+00:00,2231.1,2242.3,2199.1,2224.4,292.17190616
2025-03-02 00:00:00+00:00,2223.7,2237.4,2209.0,2237.4,36.40499451
2025-03-02 04:00:00+00:00,2228.1,2240.9,2226.3,2229.6,52.71101287
2025-03-02 08:00:00+00:00,2229.5,2268.1,2216.4,2245.6,480.3067177
2025-03-02 12:00:00+00:00,2247.7,2297.0,2181.1,2235.3,1113.04646979
2025-03-02 16:00:00+00:00,2240.8,2524.6,2221.3,2493.1,8962.47858177
2025-03-02 20:00:00+00:00,2492.2,2556.4,2488.7,2523.7,2367.21205511
2025-03-03 00:00:00+00:00,2525.2,2529.7,2425.2,2444.3,632.01412903
2025-03-03 04:00:00+00:00,2446.5,2462.3,2360.8,2393.3,1570.69078107
2025-03-03 08:00:00+00:00,2390.9,2393.1,2331.4,2358.5,1109.74081334
2025-03-03 12:00:00+00:00,2363.1,2393.7,2275.9,2293.0,3536.16070884
2025-03-03 16:00:00+00:00,2293.7,2302.0,2105.5,2116.8,4144.3669686
2025-03-03 20:00:00+00:00,2116.5,2178.7,2104.3,2155.9,795.22622753
2025-03-04 00:00:00+00:00,2153.0,2172.0,2010.0,2082.1,2750.3740686300002
2025-03-04 04:00:00+00:00,2080.0,2128.1,2075.2,2084.7,686.54950735
2025-03-04 08:00:00+00:00,2091.1,2123.6,2078.7,2108.8,327.77212563
2025-03-04 12:00:00+00:00,2106.9,2162.9,2027.4,2079.0,3497.72188167
2025-03-04 16:00:00+00:00,2078.5,2179.8,1992.3,2177.8,4562.22583417
2025-03-04 20:00:00+00:00,2177.6,2226.9,2133.5,2177.8,1301.24456818
2025-03-05 00:00:00+00:00,2175.5,2197.9,2162.0,2166.2,857.99858842
2025-03-05 04:00:00+00:00,2166.4,2218.4,2164.3,2213.8,485.52168176
2025-03-05 08:00:00+00:00,2213.2,2278.4,2211.2,2224.3,1022.71808185
2025-03-05 12:00:00+00:00,2224.3,2237.7,2172.4,2191.3,1138.69990844
2025-03-05 16:00:00+00:00,2190.2,2227.5,2167.6,2226.5,352.20670686
2025-03-05 20:00:00+00:00,2227.7,2257.8,2219.2,2248.3,211.91214541
2025-03-06 00:00:00+00:00,2246.1,2301.3,2240.3,2296.8,600.78192769
2025-03-06 04:00:00+00:00,2294.8,2324.4,2282.5,2288.6,1170.7984595
2025-03-06 08:00:00+00:00,2291.3,2309.7,2282.0,2300.4,594.12606587
2025-03-06 12:00:00+00:00,2297.9,2297.9,2214.1,2261.0,873.46288033
2025-03-06 16:00:00+00:00,2262.4,2268.9,2182.5,2204.1,537.43634015
2025-03-06 20:00:00+00:00,2201.9,2233.0,2197.9,2207.1,334.30749622999997
2025-03-07 00:00:00+00:00,2207.2,2231.8,2107.4,2152.7,2379.04693682
2025-03-07 04:00:00+00:00,2150.8,2197.7,2149.7,2195.9,259.20536525
2025-03-07 08:00:00+00:00,2195.8,2214.5,2184.3,2201.8,174.14194709
2025-03-07 12:00:00+00:00,2202.6,2262.3,2172.4,2214.2,2199.95067644
2025-03-07 16:00:00+00:00,2214.1,2219.4,2147.6,2179.2,695.35054525
2025-03-07 20:00:00+00:00,2181.5,2190.8,2120.4,2146.9,607.09618611
2025-03-08 00:00:00+00:00,2145.7,2160.9,2112.2,2143.6,1378.14649052
2025-03-08 04:00:00+00:00,2143.7,2157.9,2138.0,2144.1,122.98653266
2025-03-08 08:00:00+00:00,2143.6,2148.6,2133.4,2146.0,422.90165237
2025-03-08 12:00:00+00:00,2148.3,2204.0,2144.4,2188.0,1250.74511974
2025-03-08 16:00:00+00:00,2188.6,2241.2,2169.3,2233.7,488.72704556
2025-03-08 20:00:00+00:00,2232.0,2233.1,2201.6,2209.2,1116.84569544
2025-03-09 00:00:00+00:00,2210.7,2218.3,2184.8,2195.0,89.53872426
2025-03-09 04:00:00+00:00,2193.6,2204.3,2180.4,2192.0,219.35603722
2025-03-09 08:00:00+00:00,2191.9,2195.4,2137.1,2154.8,323.75983457
2025-03-09 12:00:00+00:00,2153.9,2153.9,2092.1,2105.4,1569.50510285
2025-03-09 16:00:00+00:00,2104.8,2116.0,2005.0,2047.5,2467.72478675
2025-03-09 20:00:00+00:00,2046.8,2062.6,1996.7,2024.9,4962.59232139
2025-03-10 00:00:00+00:00,2026.9,2074.4,2002.5,2064.8,350.92483734
2025-03-10 04:00:00+00:00,2064.9,2083.8,2061.5,2081.0,104.40466875999999
2025-03-10 08:00:00+00:00,2081.9,2156.2,2054.8,2133.5,2189.04205617
2025-03-10 12:00:00+00:00,2134.5,2141.4,2002.4,2024.6,2166.53729291
2025-03-10 16:00:00+00:00,2024.0,2030.0,1817.3,1864.0,8336.31634707
2025-03-10 20:00:00+00:00,1872.5,1909.7,1850.0,1869.8,604.0066919
2025-03-11 00:00:00+00:00,1872.1,1894.9,1761.9,1855.3,2702.85304735
2025-03-11 04:00:00+00:00,1852.9,1919.3,1851.6,1912.3,1263.28489691
2025-03-11 08:00:00+00:00,1908.9,1935.6,1906.4,1918.2,1036.52437882
2025-03-11 12:00:00+00:00,1918.9,1965.3,1845.8,1919.8,3955.06194574
2025-03-11 16:00:00+00:00,1917.0,1967.6,1891.5,1956.8,2038.27337962
2025-03-11 20:00:00+00:00,1956.6,1958.8,1922.9,1925.8,379.53793381
2025-03-12 00:00:00+00:00,1928.4,1936.7,1872.6,1872.6,220.17562707
2025-03-12 04:00:00+00:00,1871.3,1920.0,1857.7,1919.8,372.52862504
2025-03-12 08:00:00+00:00,1920.9,1960.6,1876.7,1924.0,1940.16498476
2025-03-12 12:00:00+00:00,1924.2,1950.4,1835.6,1874.7,1852.3506819899999
2025-03-12 16:00:00+00:00,1873.1,1898.5,1869.1,1884.2,264.17306598
2025-03-12 20:00:00+00:00,1882.9,1919.4,1880.5,1914.2,197.64938968
2025-03-13 00:00:00+00:00,1914.8,1920.4,1886.6,1891.3,104.22165468
2025-03-13 04:00:00+00:00,1891.3,1895.1,1863.3,1879.0,145.12567111
2025-03-13 08:00:00+00:00,1875.5,1907.7,1859.0,1903.6,655.6026798
2025-03-13 12:00:00+00:00,1903.8,1925.9,1867.8,1875.9,856.83939361
2025-03-13 16:00:00+00:00,1877.7,1877.7,1825.7,1860.3,531.2768505
2025-03-13 20:00:00+00:00,1857.9,1887.1,1845.4,1867.9,235.2912485
2025-03-14 00:00:00+00:00,1869.1,1897.9,1867.5,1892.9,68.47821713
2025-03-14 04:00:00+00:00,1893.7,1908.9,1893.1,1897.9,95.3049654
2025-03-14 08:00:00+00:00,1897.1,1912.7,1895.3,1908.3,106.8202368
2025-03-14 12:00:00+00:00,1907.6,1946.1,1883.1,1925.5,1484.00779789
2025-03-14 16:00:00+00:00,1928.5,1950.0,1920.1,1939.0,305.13687051
2025-03-14 20:00:00+00:00,1939.0,1939.0,1913.5,1916.8,734.31493076
2025-03-15 00:00:00+00:00,1916.5,1928.9,1910.0,1926.6,107.80980105
2025-03-15 04:00:00+00:00,1926.2,1940.3,1920.5,1922.7,57.75507072
2025-03-15 08:00:00+00:00,1922.7,1936.2,1918.0,1934.2,211.57921805
2025-03-15 12:00:00+00:00,1933.8,1943.9,1928.8,1941.8,174.74843140000002
2025-03-15 16:00:00+00:00,1942.8,1952.5,1934.0,1941.8,91.69358401
2025-03-15 20:00:00+00:00,1941.9,1961.8,1941.4,1942.5,135.45250009
2025-03-16 00:00:00+00:00,1942.3,1944.6,1921.6,1932.5,70.73941122000001
2025-03-16 04:00:00+00:00,1930.9,1937.9,1926.5,1930.5,30.29537457
2025-03-16 08:00:00+00:00,1927.1,1927.4,1871.3,1878.6,882.75625844
2025-03-16 12:00:00+00:00,1878.1,1902.8,1878.1,1900.9,263.31959974
2025-03-16 16:00:00+00:00,1901.3,1925.6,1866.1,1882.6,665.79816333
2025-03-16 20:00:00+00:00,1886.6,1902.2,1874.7,1892.0,86.81093431
2025-03-17 00:00:00+00:00,1891.6,1918.4,1891.6,1910.8,241.29171697
2025-03-17 04:00:00+00:00,1914.4,1914.5,1884.7,1905.7,40.906435880000004
2025-03-17 08:00:00+00:00,1904.6,1920.9,1896.7,1915.1,115.74143867
2025-03-17 12:00:00+00:00,1913.8,1944.3,1893.7,1923.7,1224.4994208800001
2025-03-17 16:00:00+00:00,1923.5,1954.8,1913.1,1945.9,329.88444714
2025-03-17 20:00:00+00:00,1946.4,1952.8,1926.6,1931.7,30.82430325
2025-03-18 00:00:00+00:00,1931.8,1931.8,1902.2,1905.3,136.11057981
2025-03-18 04:00:00+00:00,1906.4,1913.4,1898.4,1909.3,85.29461005
2025-03-18 08:00:00+00:00,1910.7,1916.7,1890.3,1897.7,186.39660348
2025-03-18 12:00:00+00:00,1897.1,1907.6,1877.5,1883.9,894.63389105
2025-03-18 16:00:00+00:00,1885.0,1912.9,1878.7,1912.7,593.2687427
2025-03-18 20:00:00+00:00,1910.5,1940.9,1903.9,1937.6,417.5714723
2025-03-19 00:00:00+00:00,1937.2,1952.8,1933.0,1942.8,581.0612452
2025-03-19 04:00:00+00:00,1943.1,1946.0,1935.5,1935.6,74.55610471
2025-03-19 08:00:00+00:00,1938.4,2037.6,1937.0,2034.5,3013.34416305
2025-03-19 12:00:00+00:00,2032.8,2060.8,2000.3,2053.8,1804.99551837
2025-03-19 16:00:00+00:00,2054.0,2065.8,2002.1,2031.6,1715.24648044
2025-03-19 20:00:00+00:00,2037.4,2073.4,2034.0,2061.4,439.60468558
2025-03-20 00:00:00+00:00,2062.2,2072.0,2024.7,2026.9,1861.31625796
2025-03-20 04:00:00+00:00,2026.7,2028.4,2009.6,2013.1,139.56042294
2025-03-20 08:00:00+00:00,2012.5,2024.1,1975.7,1991.9,1971.35258676
2025-03-20 12:00:00+00:00,1992.0,2013.4,1969.5,1975.0,3705.92156364
2025-03-20 16:00:00+00:00,1975.0,1981.9,1955.2,1977.1,633.58192238
2025-03-20 20:00:00+00:00,1977.2,1985.8,1973.5,1985.2,108.8811947
2025-03-21 00:00:00+00:00,1985.7,1998.0,1976.0,1980.7,252.2541146
2025-03-21 04:00:00+00:00,1981.9,1991.1,1968.7,1978.8,129.68802927
2025-03-21 08:00:00+00:00,1979.4,1983.4,1959.8,1968.1,324.4486261
2025-03-21 12:00:00+00:00,1969.4,1975.4,1940.0,1953.6,1644.25465777
2025-03-21 16:00:00+00:00,1952.9,1979.3,1949.4,1977.4,534.42071354
2025-03-21 20:00:00+00:00,1977.4,1985.3,1965.1,1967.5,79.7412544
2025-03-22 00:00:00+00:00,1967.5,1989.5,1967.5,1988.3,439.56257851
2025-03-22 04:00:00+00:00,1989.4,1995.1,1986.1,1987.7,143.79523056
2025-03-22 08:00:00+00:00,1987.0,2007.6,1984.8,1993.1,106.07097487
2025-03-22 12:00:00+00:00,1992.3,1998.7,1984.1,1989.4,36.80617248
2025-03-22 16:00:00+00:00,1987.6,2001.8,1986.1,1998.6,102.85521891
2025-03-22 20:00:00+00:00,1999.3,2005.9,1978.4,1982.1,92.00141162999999
2025-03-23 00:00:00+00:00,1982.2,2010.8,1981.7,2009.3,46.85985099
2025-03-23 04:00:00+00:00,2010.9,2022.1,1995.5,2011.8,273.23493507
2025-03-23 08:00:00+00:00,2010.4,2023.4,2007.1,2010.4,78.60176953
2025-03-23 12:00:00+00:00,2012.9,2022.4,2006.4,2009.4,129.39521911
2025-03-23 16:00:00+00:00,2007.1,2009.4,1991.4,2000.6,2961.91941967
2025-03-23 20:00:00+00:00,2000.7,2010.4,1986.1,2009.0,3673.58258166
2025-03-24 00:00:00+00:00,2010.3,2024.4,1981.6,2018.4,434.3309024
2025-03-24 04:00:00+00:00,2018.5,2082.7,2018.5,2072.0,1800.26106915
2025-03-24 08:00:00+00:00,2073.0,2106.8,2072.6,2095.9,542.30287621
2025-03-24 12:00:00+00:00,2097.5,2103.4,2077.0,2092.3,1013.02509405
2025-03-24 16:00:00+00:00,2092.0,2103.3,2071.2,2094.6,442.46343742
2025-03-24 20:00:00+00:00,2090.1,2097.3,2072.0,2086.6,250.36072845
2025-03-25 00:00:00+00:00,2083.6,2099.6,2045.0,2045.0,711.94217302
2025-03-25 04:00:00+00:00,2045.0,2068.4,2040.4,2058.3,365.99443917
2025-03-25 08:00:00+00:00,2058.6,2077.2,2057.4,2073.3,199.76867639
2025-03-25 12:00:00+00:00,2072.8,2082.6,2056.1,2071.1,204.36181155
2025-03-25 16:00:00+00:00,2071.1,2086.2,2060.1,2081.0,128.13434461
2025-03-25 20:00:00+00:00,2079.5,2085.8,2058.9,2070.4,313.51972184
2025-03-26 00:00:00+00:00,2070.2,2081.6,2048.0,2052.6,246.76450705
2025-03-26 04:00:00+00:00,2052.2,2074.5,2052.2,2073.4,304.77730796
2025-03-26 08:00:00+00:00,2074.2,2078.8,2062.1,2074.0,93.39991862
2025-03-26 12:00:00+00:00,2071.2,2071.2,2011.8,2016.8,388.26962265
2025-03-26 16:00:00+00:00,2015.4,2025.4,1987.0,2003.0,441.24180996
2025-03-26 20:00:00+00:00,2003.5,2021.0,1996.7,2013.4,237.44223399999998
2025-03-27 00:00:00+00:00,2014.4,2040.3,2012.8,2035.4,184.55828888
2025-03-27 04:00:00+00:00,2034.0,2034.7,2025.4,2028.8,36.55740178
2025-03-27 08:00:00+00:00,2029.5,2038.5,2016.1,2018.9,427.37652727
2025-03-27 12:00:00+00:00,2017.2,2027.8,1990.1,2008.5,466.72009634
2025-03-27 16:00:00+00:00,2009.5,2017.0,1997.2,2006.1,282.2582421
2025-03-27 20:00:00+00:00,2006.1,2021.3,2002.1,2004.3,327.10020658
2025-03-28 00:00:00+00:00,2005.8,2017.5,1995.0,2002.7,340.02053186
2025-03-28 04:00:00+00:00,2002.7,2005.9,1907.4,1914.6,2652.06657333
2025-03-28 08:00:00+00:00,1913.6,1925.9,1861.5,1901.5,1923.71473572
2025-03-28 12:00:00+00:00,1903.5,1905.2,1875.5,1876.1,1985.06695146
2025-03-28 16:00:00+00:00,1876.5,1890.6,1866.6,1877.3,413.05290687
2025-03-28 20:00:00+00:00,1879.9,1905.3,1878.8,1902.7,238.16375057
2025-03-29 00:00:00+00:00,1901.0,1917.9,1891.3,1905.2,469.35307253
2025-03-29 04:00:00+00:00,1904.6,1909.3,1880.1,1884.9,82.95301458
2025-03-29 08:00:00+00:00,1885.8,1889.7,1837.8,1848.0,1603.61350344
2025-03-29 12:00:00+00:00,1848.0,1866.9,1838.8,1843.9,1153.17120454
2025-03-29 16:00:00+00:00,1845.8,1851.3,1802.4,1831.9,2398.02955135
2025-03-29 20:00:00+00:00,1830.1,1834.3,1815.8,1834.1,83.60981258
2025-03-30 00:00:00+00:00,1832.1,1847.9,1817.8,1837.5,168.97700978
2025-03-30 04:00:00+00:00,1839.9,1850.3,1837.2,1841.3,979.39317569
2025-03-30 08:00:00+00:00,1843.9,1852.5,1830.4,1836.6,823.79871933
2025-03-30 12:00:00+00:00,1837.1,1843.7,1794.2,1816.4,2312.86664007
2025-03-30 16:00:00+00:00,1816.0,1837.1,1787.6,1818.6,772.14640889
2025-03-30 20:00:00+00:00,1818.6,1824.9,1768.7,1810.5,1537.94586091
2025-03-31 00:00:00+00:00,1810.9,1825.9,1782.1,1801.9,454.06029827
2025-03-31 04:00:00+00:00,1802.2,1816.0,1794.1,1800.4,322.11703163
2025-03-31 08:00:00+00:00,1802.9,1821.5,1780.6,1816.1,1344.27013673
2025-03-31 12:00:00+00:00,1817.8,1857.2,1799.0,1844.9,2869.29091267
2025-03-31 16:00:00+00:00,1844.9,1849.1,1820.1,1830.1,1682.53043314
2025-03-31 20:00:00+00:00,1829.7,1838.1,1819.5,1825.7,679.03535561
2025-04-01 00:00:00+00:00,1824.1,1844.7,1821.1,1837.3,2713.68454622
2025-04-01 04:00:00+00:00,1838.3,1868.6,1835.1,1855.1,464.65131015000003
2025-04-01 08:00:00+00:00,1855.9,1893.0,1855.8,1860.8,1662.14862161
2025-04-01 12:00:00+00:00,1862.9,1927.2,1843.7,1918.3,783.17539601
2025-04-01 16:00:00+00:00,1918.7,1923.8,1902.0,1909.1,194.5361716
2025-04-01 20:00:00+00:00,1910.4,1922.0,1898.0,1905.5,148.42653576
2025-04-02 00:00:00+00:00,1905.1,1907.9,1873.1,1875.4,149.09203412
2025-04-02 04:00:00+00:00,1875.7,1882.3,1852.2,1864.7,803.09918631
2025-04-02 08:00:00+00:00,1863.1,1885.9,1862.5,1867.6,493.64984094
2025-04-02 12:00:00+00:00,1867.8,1916.6,1853.2,1898.8,1262.01913511
2025-04-02 16:00:00+00:00,1900.0,1915.0,1882.0,1912.0,470.88510283
2025-04-02 20:00:00+00:00,1911.3,1953.0,1782.9,1794.9,2335.34579193
2025-04-03 00:00:00+00:00,1794.8,1833.9,1790.1,1824.0,374.27666788
2025-04-03 04:00:00+00:00,1824.9,1844.6,1807.0,1815.9,688.2701580199999
2025-04-03 08:00:00+00:00,1816.9,1822.9,1787.9,1793.1,234.05623415
2025-04-03 12:00:00+00:00,1794.9,1799.1,1746.7,1781.9,1371.11823586
2025-04-03 16:00:00+00:00,1782.3,1798.5,1767.9,1786.1,382.84324027
2025-04-03 20:00:00+00:00,1786.9,1822.1,1781.1,1817.5,164.01552977
2025-04-04 00:00:00+00:00,1816.8,1823.4,1772.7,1793.9,170.79946094
2025-04-04 04:00:00+00:00,1794.4,1820.5,1785.7,1817.5,341.48787931
2025-04-04 08:00:00+00:00,1818.5,1833.9,1758.6,1783.5,3221.33781083
2025-04-04 12:00:00+00:00,1781.1,1819.0,1769.1,1794.1,1222.55937364
2025-04-04 16:00:00+00:00,1795.9,1827.8,1782.9,1809.9,349.97896674
2025-04-04 20:00:00+00:00,1809.8,1826.3,1807.2,1815.1,420.99590894
2025-04-05 00:00:00+00:00,1815.4,1825.9,1810.1,1810.2,89.7462885
2025-04-05 04:00:00+00:00,1810.7,1815.2,1804.2,1812.8,361.41601035
2025-04-05 08:00:00+00:00,1813.9,1820.9,1807.8,1807.8,156.93372719
2025-04-05 12:00:00+00:00,1807.1,1807.1,1779.1,1783.5,267.22942056
2025-04-05 16:00:00+00:00,1782.8,1795.9,1781.4,1782.3,203.11439083
2025-04-05 20:00:00+00:00,1783.9,1810.7,1766.1,1807.9,358.10082241
2025-04-06 00:00:00+00:00,1807.2,1817.3,1803.7,1809.9,65.96145569
2025-04-06 04:00:00+00:00,1810.9,1813.9,1792.3,1798.1,300.95003338
2025-04-06 08:00:00+00:00,1797.5,1797.5,1783.1,1789.6,156.60899825
2025-04-06 12:00:00+00:00,1789.9,1791.5,1738.1,1759.2,2878.47090742
2025-04-06 16:00:00+00:00,1759.0,1759.0,1601.0,1627.0,5450.81433874
2025-04-06 20:00:00+00:00,1626.1,1630.9,1539.2,1580.3,4038.8221377200002
2025-04-07 00:00:00+00:00,1580.9,1615.2,1522.1,1542.2,3985.79818492
2025-04-07 04:00:00+00:00,1544.0,1559.9,1411.6,1458.6,6020.43903066
2025-04-07 08:00:00+00:00,1459.6,1518.9,1454.5,1480.8,3847.72024069
2025-04-07 12:00:00+00:00,1483.0,1636.0,1479.5,1555.5,6495.0151147100005
2025-04-07 16:00:00+00:00,1554.1,1571.5,1526.1,1546.9,1699.84385275
2025-04-07 20:00:00+00:00,1545.0,1585.0,1545.0,1552.6,483.40331452
2025-04-08 00:00:00+00:00,1552.7,1619.0,1542.6,1585.9,1246.37708875
2025-04-08 04:00:00+00:00,1586.4,1603.0,1563.7,1573.0,211.77331646
2025-04-08 08:00:00+00:00,1571.6,1589.4,1556.0,1588.7,247.5046793
2025-04-08 12:00:00+00:00,1589.9,1593.6,1519.0,1532.9,1677.08884859
2025-04-08 16:00:00+00:00,1531.1,1532.9,1455.0,1466.2,2301.30564385
2025-04-08 20:00:00+00:00,1466.1,1485.8,1447.3,1474.3,1231.02802186
2025-04-09 00:00:00+00:00,1473.2,1481.9,1385.5,1418.2,2545.03923385
2025-04-09 04:00:00+00:00,1416.9,1491.9,1416.0,1487.1,1370.17180621
2025-04-09 08:00:00+00:00,1483.9,1496.5,1444.3,1453.9,2520.30723052
2025-04-09 12:00:00+00:00,1454.9,1500.1,1439.9,1483.8,2846.27377718
2025-04-09 16:00:00+00:00,1484.9,1671.4,1484.9,1639.9,7289.47381458
2025-04-09 20:00:00+00:00,1642.0,1687.7,1641.7,1670.0,1817.63986007
2025-04-10 00:00:00+00:00,1669.6,1669.6,1602.1,1615.7,5206.44974416
2025-04-10 04:00:00+00:00,1615.9,1624.6,1583.8,1594.8,4144.21401986
2025-04-10 08:00:00+00:00,1595.0,1604.8,1581.1,1593.6,2016.10848872
2025-04-10 12:00:00+00:00,1593.7,1624.4,1484.0,1496.7,23901.49839737
2025-04-10 16:00:00+00:00,1494.7,1531.1,1473.1,1513.7,12723.22024334
2025-04-10 20:00:00+00:00,1515.0,1531.6,1513.2,1521.7,1965.30954237
2025-04-11 00:00:00+00:00,1521.2,1548.4,1503.5,1541.3,3537.85838388
2025-04-11 04:00:00+00:00,1543.3,1560.3,1539.6,1552.3,523.86418453
2025-04-11 08:00:00+00:00,1552.1,1582.8,1537.5,1557.0,2911.91769768
2025-04-11 12:00:00+00:00,1557.7,1579.0,1540.7,1565.5,4313.44650739
2025-04-11 16:00:00+00:00,1563.5,1588.7,1556.1,1564.3,565.21860264
2025-04-11 20:00:00+00:00,1564.8,1585.7,1557.8,1566.3,460.26032086
2025-04-12 00:00:00+00:00,1566.2,1567.9,1545.7,1552.8,649.07622433
2025-04-12 04:00:00+00:00,1552.8,1583.4,1550.1,1580.1,588.18160655
2025-04-12 08:00:00+00:00,1581.2,1605.0,1580.7,1594.1,516.28404845
2025-04-12 12:00:00+00:00,1592.1,1668.2,1591.1,1655.0,3627.33745883
2025-04-12 16:00:00+00:00,1656.3,1660.4,1627.3,1642.4,1842.44189883
2025-04-12 20:00:00+00:00,1643.4,1658.4,1642.3,1642.7,413.33646613999997
2025-04-13 00:00:00+00:00,1644.7,1647.8,1606.1,1623.0,979.88803913
2025-04-13 04:00:00+00:00,1622.3,1622.6,1596.3,1612.6,493.02254767
2025-04-13 08:00:00+00:00,1612.4,1626.4,1591.0,1602.4,947.87150072
2025-04-13 12:00:00+00:00,1603.4,1607.5,1565.1,1585.6,2095.63915797
2025-04-13 16:00:00+00:00,1585.5,1647.4,1560.0,1589.1,3586.0074582
2025-04-13 20:00:00+00:00,1589.0,1615.4,1572.1,1596.1,2538.49440128
2025-04-14 00:00:00+00:00,1596.9,1658.8,1596.1,1628.4,1288.5159348
2025-04-14 04:00:00+00:00,1629.4,1640.8,1613.0,1634.4,402.60673798
2025-04-14 08:00:00+00:00,1635.3,1689.8,1629.4,1674.8,1319.86289117
2025-04-14 12:00:00+00:00,1675.4,1688.4,1618.7,1627.1,3936.97022807
2025-04-14 16:00:00+00:00,1626.4,1649.9,1615.0,1635.4,539.25583393
2025-04-14 20:00:00+00:00,1634.1,1636.4,1606.6,1622.4,1232.47022466
2025-04-15 00:00:00+00:00,1623.3,1642.4,1615.1,1636.9,267.45510427
2025-04-15 04:00:00+00:00,1638.4,1647.4,1632.2,1643.8,190.54358494
2025-04-15 08:00:00+00:00,1644.2,1651.3,1622.6,1632.9,510.79425113
2025-04-15 12:00:00+00:00,1631.8,1660.4,1601.9,1620.1,3692.34029935
2025-04-15 16:00:00+00:00,1620.4,1626.8,1596.8,1607.4,1018.60942585
2025-04-15 20:00:00+00:00,1606.5,1613.4,1584.0,1589.4,2053.58157546
2025-04-16 00:00:00+00:00,1587.1,1603.4,1576.7,1592.4,1658.74050523
2025-04-16 04:00:00+00:00,1590.1,1592.6,1553.3,1564.7,1529.3026306900001
2025-04-16 08:00:00+00:00,1564.5,1585.9,1558.3,1584.2,575.99890233
2025-04-16 12:00:00+00:00,1585.4,1613.4,1567.1,1591.3,1323.33509969
2025-04-16 16:00:00+00:00,1592.4,1611.6,1538.7,1588.1,2438.93586961
2025-04-16 20:00:00+00:00,1588.1,1597.4,1571.1,1577.6,453.78460959
2025-04-17 00:00:00+00:00,1578.1,1594.4,1575.1,1584.4,321.21991065
2025-04-17 04:00:00+00:00,1585.0,1609.4,1581.1,1601.1,419.52042582
2025-04-17 08:00:00+00:00,1600.9,1603.6,1589.1,1592.7,260.52622077
2025-04-17 12:00:00+00:00,1593.5,1601.6,1563.1,1581.1,1134.60783537
2025-04-17 16:00:00+00:00,1582.1,1614.8,1576.1,1580.3,1943.97388462
2025-04-17 20:00:00+00:00,1581.4,1589.4,1577.8,1580.4,376.56812671
2025-04-18 00:00:00+00:00,1582.0,1587.4,1575.7,1582.4,89.67963465
2025-04-18 04:00:00+00:00,1582.5,1582.8,1572.1,1581.1,127.96598143
2025-04-18 08:00:00+00:00,1582.6,1589.3,1580.2,1588.8,71.84203249
2025-04-18 12:00:00+00:00,1589.4,1594.4,1578.1,1580.4,344.43614471
2025-04-18 16:00:00+00:00,1581.4,1592.6,1580.7,1591.1,483.01579521
2025-04-18 20:00:00+00:00,1591.3,1598.4,1586.2,1588.0,385.04048789
2025-04-19 00:00:00+00:00,1587.1,1597.6,1584.5,1597.2,163.37675758
2025-04-19 04:00:00+00:00,1595.8,1612.2,1594.4,1599.9,72.93653576
2025-04-19 08:00:00+00:00,1599.0,1604.0,1592.7,1593.8,225.51018985
2025-04-19 12:00:00+00:00,1594.6,1609.5,1593.1,1605.2,78.13177131
2025-04-19 16:00:00+00:00,1605.4,1629.1,1597.1,1612.2,320.38844904
2025-04-19 20:00:00+00:00,1612.1,1619.8,1609.8,1610.1,130.10817184
2025-04-20 00:00:00+00:00,1610.7,1616.4,1606.0,1609.1,238.59931476
2025-04-20 04:00:00+00:00,1609.4,1614.8,1582.6,1594.6,1697.3263408
2025-04-20 08:00:00+00:00,1592.6,1594.4,1562.9,1569.0,995.87287677
2025-04-20 12:00:00+00:00,1569.2,1579.4,1568.4,1569.7,90.69486599
2025-04-20 16:00:00+00:00,1570.4,1584.4,1569.9,1582.7,93.37252322
2025-04-20 20:00:00+00:00,1582.7,1596.4,1572.5,1584.4,211.89457554
2025-04-21 00:00:00+00:00,1585.1,1641.7,1583.0,1631.3,484.34988404
2025-04-21 04:00:00+00:00,1631.7,1654.4,1629.0,1642.0,497.92178881
2025-04-21 08:00:00+00:00,1642.0,1650.4,1617.0,1623.7,727.92380639
2025-04-21 12:00:00+00:00,1624.4,1640.0,1608.1,1622.0,935.58857278
2025-04-21 16:00:00+00:00,1622.4,1625.1,1563.0,1573.1,1209.62090642
2025-04-21 20:00:00+00:00,1572.7,1579.4,1571.1,1579.2,252.2733263
2025-04-22 00:00:00+00:00,1578.5,1592.3,1536.0,1577.6,2219.87470774
2025-04-22 04:00:00+00:00,1577.6,1621.8,1573.1,1617.5,718.39536537
2025-04-22 08:00:00+00:00,1617.6,1636.1,1612.6,1629.8,848.58258563
2025-04-22 12:00:00+00:00,1628.4,1724.6,1626.4,1702.7,3630.50222403
2025-04-22 16:00:00+00:00,1703.4,1709.7,1683.6,1697.5,526.95438586
2025-04-22 20:00:00+00:00,1697.7,1776.0,1691.1,1755.0,2475.4541512700002
2025-04-23 00:00:00+00:00,1755.5,1804.5,1744.0,1792.9,1471.26250203
2025-04-23 04:00:00+00:00,1793.9,1816.0,1773.7,1792.4,1298.98404432
2025-04-23 08:00:00+00:00,1790.6,1809.4,1778.5,1795.7,550.85163579
2025-04-23 12:00:00+00:00,1795.9,1834.7,1761.1,1794.3,4107.4938957
2025-04-23 16:00:00+00:00,1794.2,1808.6,1774.1,1785.9,718.20982221
2025-04-23 20:00:00+00:00,1786.3,1805.6,1785.8,1794.6,156.82178822
2025-04-24 00:00:00+00:00,1794.1,1801.4,1766.6,1766.9,809.69363748
2025-04-24 04:00:00+00:00,1767.7,1775.4,1752.0,1756.1,1126.178238
2025-04-24 08:00:00+00:00,1757.7,1759.5,1724.6,1754.9,1364.55701618
2025-04-24 12:00:00+00:00,1754.7,1777.6,1745.3,1765.4,1436.00400025
2025-04-24 16:00:00+00:00,1766.7,1777.2,1746.0,1766.8,854.17853207
2025-04-24 20:00:00+00:00,1763.7,1774.2,1750.1,1769.4,310.6963428
2025-04-25 00:00:00+00:00,1768.4,1789.6,1740.8,1760.9,503.0368218
2025-04-25 04:00:00+00:00,1759.9,1781.7,1759.9,1777.6,186.36111215
2025-04-25 08:00:00+00:00,1778.4,1793.5,1766.0,1790.6,376.98751193
2025-04-25 12:00:00+00:00,1790.9,1827.2,1758.1,1807.1,1885.17467784
2025-04-25 16:00:00+00:00,1808.9,1811.8,1784.1,1803.2,287.12151945
2025-04-25 20:00:00+00:00,1803.3,1809.7,1785.0,1785.9,721.20064962
2025-04-26 00:00:00+00:00,1786.5,1816.4,1786.5,1797.9,242.93334638
2025-04-26 04:00:00+00:00,1797.1,1811.5,1790.2,1801.1,451.80882146
2025-04-26 08:00:00+00:00,1802.9,1841.8,1781.2,1789.2,1075.40567048
2025-04-26 12:00:00+00:00,1788.8,1806.4,1783.2,1803.1,344.25727335
2025-04-26 16:00:00+00:00,1802.8,1815.7,1799.1,1815.1,114.98619994
2025-04-26 20:00:00+00:00,1815.7,1832.7,1807.5,1822.2,141.54375579999999
2025-04-27 00:00:00+00:00,1821.8,1857.3,1803.7,1810.0,494.2173744
2025-04-27 04:00:00+00:00,1811.3,1813.2,1792.0,1804.3,149.6418841
2025-04-27 08:00:00+00:00,1806.2,1816.9,1805.6,1808.1,110.47952279
2025-04-27 12:00:00+00:00,1806.1,1809.0,1784.8,1795.0,919.95804783
2025-04-27 16:00:00+00:00,1793.9,1808.6,1789.2,1807.3,118.64040401
2025-04-27 20:00:00+00:00,1808.6,1808.6,1785.3,1792.6,261.58674999
2025-04-28 00:00:00+00:00,1791.8,1793.7,1755.6,1787.6,2907.40350183
2025-04-28 04:00:00+00:00,1787.8,1813.7,1786.9,1806.6,279.41541583000003
2025-04-28 08:00:00+00:00,1805.8,1828.2,1789.8,1817.8,909.79502084
2025-04-28 12:00:00+00:00,1817.2,1817.2,1755.1,1763.8,1441.63947352
2025-04-28 16:00:00+00:00,1764.7,1805.7,1748.3,1798.3,901.099419
2025-04-28 20:00:00+00:00,1799.4,1807.9,1783.9,1800.2,551.19436791
2025-04-29 00:00:00+00:00,1802.7,1812.2,1789.4,1803.1,256.57377285
2025-04-29 04:00:00+00:00,1803.1,1826.2,1790.1,1822.4,432.60034666
2025-04-29 08:00:00+00:00,1823.9,1844.1,1819.7,1830.9,692.14748016
2025-04-29 12:00:00+00:00,1831.9,1834.6,1804.8,1816.8,1955.98306093
2025-04-29 16:00:00+00:00,1818.8,1832.9,1809.5,1822.7,423.05598216
2025-04-29 20:00:00+00:00,1822.8,1826.3,1783.8,1802.3,1150.41695998
2025-04-30 00:00:00+00:00,1800.8,1815.3,1792.4,1811.1,331.51878899
2025-04-30 04:00:00+00:00,1811.6,1814.9,1794.0,1799.2,192.41391143
2025-04-30 08:00:00+00:00,1796.0,1817.3,1796.0,1816.6,194.26243123
2025-04-30 12:00:00+00:00,1816.7,1816.9,1736.0,1768.2,3843.28234005
2025-04-30 16:00:00+00:00,1766.2,1794.8,1760.8,1790.1,633.34063147
2025-04-30 20:00:00+00:00,1789.6,1811.7,1787.8,1795.7,487.57658111
2025-05-01 00:00:00+00:00,1796.7,1820.8,1796.6,1809.9,471.79956693
2025-05-01 04:00:00+00:00,1810.0,1818.1,1804.9,1813.0,134.81481082
2025-05-01 08:00:00+00:00,1813.5,1860.0,1811.6,1847.6,1276.28753683
2025-05-01 12:00:00+00:00,1845.5,1873.8,1827.4,1853.4,2316.49099769
2025-05-01 16:00:00+00:00,1853.9,1870.9,1840.6,1844.0,993.83109902
2025-05-01 20:00:00+00:00,1843.8,1850.9,1834.2,1839.7,346.1346836
2025-05-02 00:00:00+00:00,1837.6,1850.8,1836.3,1847.9,241.98958093
2025-05-02 04:00:00+00:00,1847.7,1850.9,1816.7,1816.7,1083.7979551
2025-05-02 08:00:00+00:00,1816.2,1835.1,1814.1,1832.6,599.64107034
2025-05-02 12:00:00+00:00,1833.3,1854.0,1825.0,1840.9,1425.65618677
2025-05-02 16:00:00+00:00,1841.9,1870.9,1833.1,1840.9,696.95633874
2025-05-02 20:00:00+00:00,1840.9,1848.1,1834.0,1842.7,266.58884891
2025-05-03 00:00:00+00:00,1842.5,1843.1,1827.3,1836.2,811.52464495
2025-05-03 04:00:00+00:00,1835.5,1839.1,1826.1,1828.7,334.79422639
2025-05-03 08:00:00+00:00,1826.5,1831.9,1821.7,1827.5,1700.06560831
2025-05-03 12:00:00+00:00,1828.8,1841.5,1828.0,1836.3,301.0963927
2025-05-03 16:00:00+00:00,1834.8,1840.4,1812.1,1840.4,453.81700166
2025-05-03 20:00:00+00:00,1840.8,1850.5,1831.4,1837.2,795.32451029
2025-05-04 00:00:00+00:00,1836.6,1852.9,1830.5,1836.6,618.83356219
2025-05-04 04:00:00+00:00,1835.8,1852.9,1833.2,1842.5,144.99127543
2025-05-04 08:00:00+00:00,1844.2,1844.2,1826.7,1832.1,728.46726401
2025-05-04 12:00:00+00:00,1831.7,1837.3,1823.2,1834.6,558.92710829
2025-05-04 16:00:00+00:00,1836.1,1836.8,1827.2,1831.7,155.89829926
2025-05-04 20:00:00+00:00,1832.9,1845.5,1809.1,1815.3,4196.12617932
2025-05-05 00:00:00+00:00,1814.5,1823.5,1786.9,1801.9,2378.62203302
2025-05-05 04:00:00+00:00,1801.0,1834.3,1800.1,1830.8,664.2510638
2025-05-05 08:00:00+00:00,1830.9,1835.2,1804.1,1811.1,2189.46901722
2025-05-05 12:00:00+00:00,1810.2,1820.0,1800.0,1805.0,936.54944942
2025-05-05 16:00:00+00:00,1806.7,1832.0,1806.7,1819.8,288.12309487
2025-05-05 20:00:00+00:00,1820.7,1836.5,1804.2,1824.4,241.24278123
2025-05-06 00:00:00+00:00,1824.4,1824.4,1796.9,1810.3,379.9066451
2025-05-06 04:00:00+00:00,1810.2,1812.3,1802.6,1810.0,96.70368125
2025-05-06 08:00:00+00:00,1808.7,1809.3,1762.1,1774.8,1466.39575636
2025-05-06 12:00:00+00:00,1774.3,1783.4,1757.3,1774.1,1346.71475867
2025-05-06 16:00:00+00:00,1772.2,1802.3,1766.2,1788.2,587.40469778
2025-05-06 20:00:00+00:00,1788.1,1821.4,1768.6,1819.0,1229.88109209
2025-05-07 00:00:00+00:00,1819.0,1854.2,1818.7,1829.4,1110.16524381
2025-05-07 04:00:00+00:00,1830.1,1840.7,1827.6,1840.7,218.60208294
2025-05-07 08:00:00+00:00,1840.8,1847.8,1833.3,1837.9,659.69224983
2025-05-07 12:00:00+00:00,1838.3,1838.3,1816.4,1819.6,733.44796708
2025-05-07 16:00:00+00:00,1818.5,1818.7,1790.1,1800.0,1251.73481254
2025-05-07 20:00:00+00:00,1798.5,1826.6,1792.3,1813.0,485.90902763
2025-05-08 00:00:00+00:00,1812.8,1909.5,1811.2,1902.2,634.21540232
2025-05-08 04:00:00+00:00,1903.1,1944.0,1894.8,1929.4,1550.82300883
2025-05-08 08:00:00+00:00,1929.5,1968.2,1927.3,1959.3,1198.2735535
2025-05-08 12:00:00+00:00,1959.0,2076.5,1956.2,2055.0,3636.31961079
2025-05-08 16:00:00+00:00,2057.1,2140.0,2038.7,2118.0,2935.32699102
2025-05-08 20:00:00+00:00,2119.0,2231.2,2113.4,2208.9,5472.9617661
2025-05-09 00:00:00+00:00,2207.1,2244.2,2186.7,2204.5,3377.30920315
2025-05-09 04:00:00+00:00,2207.1,2394.7,2203.7,2365.7,3750.85443046
2025-05-09 08:00:00+00:00,2364.7,2489.8,2295.6,2351.6,8536.93113731
2025-05-09 12:00:00+00:00,2351.6,2386.9,2273.5,2301.0,2860.6590604
2025-05-09 16:00:00+00:00,2301.0,2354.7,2276.5,2332.2,935.25203716
2025-05-09 20:00:00+00:00,2330.9,2351.3,2323.2,2344.8,515.04515618
2025-05-10 00:00:00+00:00,2345.2,2379.1,2318.1,2340.4,964.33276632
2025-05-10 04:00:00+00:00,2338.0,2415.3,2327.4,2403.9,1812.26316377
2025-05-10 08:00:00+00:00,2397.7,2433.7,2362.8,2383.4,2963.41859055
2025-05-10 12:00:00+00:00,2387.6,2445.4,2387.6,2435.4,3409.91019075
2025-05-10 16:00:00+00:00,2431.6,2512.4,2427.5,2498.0,3599.7520416
2025-05-10 20:00:00+00:00,2496.2,2598.0,2469.5,2581.7,3411.65315454
2025-05-11 00:00:00+00:00,2580.5,2605.7,2505.8,2537.6,2263.10562194
2025-05-11 04:00:00+00:00,2536.5,2560.2,2455.2,2472.0,2879.08015409
2025-05-11 08:00:00+00:00,2474.3,2532.0,2473.8,2532.0,824.06524871
2025-05-11 12:00:00+00:00,2528.5,2528.5,2435.2,2461.6,1932.02612264
2025-05-11 16:00:00+00:00,2465.1,2524.4,2438.4,2508.2,663.22102147
2025-05-11 20:00:00+00:00,2507.4,2527.8,2485.1,2514.4,207.25086855
2025-05-12 00:00:00+00:00,2514.2,2547.0,2492.0,2519.2,456.6121802
2025-05-12 04:00:00+00:00,2519.3,2622.9,2487.3,2552.7,3139.93097926
2025-05-12 08:00:00+00:00,2553.1,2583.5,2522.8,2529.9,1672.3419759
2025-05-12 12:00:00+00:00,2530.0,2575.1,2478.7,2487.1,3539.82055772
2025-05-12 16:00:00+00:00,2489.0,2512.6,2410.7,2462.9,4094.85166468
2025-05-12 20:00:00+00:00,2461.8,2500.5,2453.8,2496.7,2140.35574304
2025-05-13 00:00:00+00:00,2496.6,2496.6,2418.2,2430.4,1799.27537478
2025-05-13 04:00:00+00:00,2422.0,2479.4,2422.0,2461.1,712.79025934
2025-05-13 08:00:00+00:00,2464.3,2526.8,2454.0,2512.7,711.97623374
2025-05-13 12:00:00+00:00,2513.8,2574.1,2493.9,2569.1,1624.21605176
2025-05-13 16:00:00+00:00,2566.7,2737.7,2566.3,2686.2,5428.60263943
2025-05-13 20:00:00+00:00,2692.7,2706.6,2656.3,2680.3,2412.40198897
2025-05-14 00:00:00+00:00,2680.2,2723.2,2624.3,2645.4,4380.33895914
2025-05-14 04:00:00+00:00,2645.1,2684.6,2636.1,2640.4,3871.64168417
2025-05-14 08:00:00+00:00,2639.9,2643.7,2578.6,2624.1,4602.90850807
2025-05-14 12:00:00+00:00,2624.1,2633.1,2561.0,2596.6,3617.72527931
2025-05-14 16:00:00+00:00,2597.2,2614.8,2548.7,2601.0,2431.00335923
2025-05-14 20:00:00+00:00,2603.8,2610.8,2584.0,2608.9,1995.975089
2025-05-15 00:00:00+00:00,2610.1,2644.5,2568.6,2574.0,485.71802362
2025-05-15 04:00:00+00:00,2577.0,2591.5,2516.7,2530.1,1131.27186883
2025-05-15 08:00:00+00:00,2529.7,2566.5,2518.1,2553.7,1992.4940529
2025-05-15 12:00:00+00:00,2555.5,2578.1,2479.1,2564.3,3676.09613446
2025-05-15 16:00:00+00:00,2567.8,2602.3,2513.5,2530.0,1499.59812214
2025-05-15 20:00:00+00:00,2531.6,2562.8,2515.0,2545.7,2017.0551695
2025-05-16 00:00:00+00:00,2547.7,2582.4,2534.5,2582.0,1007.9094146
2025-05-16 04:00:00+00:00,2583.5,2618.5,2565.4,2601.0,926.52529388
2025-05-16 08:00:00+00:00,2597.6,2646.2,2559.1,2618.5,2466.16433053
2025-05-16 12:00:00+00:00,2619.0,2621.7,2574.5,2589.5,2749.66676671
2025-05-16 16:00:00+00:00,2598.2,2598.2,2570.3,2591.3,1279.64861777
2025-05-16 20:00:00+00:00,2590.5,2590.8,2528.8,2533.1,1286.31913414
2025-05-17 00:00:00+00:00,2536.0,2536.0,2453.6,2497.0,2126.38066983
2025-05-17 04:00:00+00:00,2495.5,2509.3,2478.0,2490.7,504.07157327
2025-05-17 08:00:00+00:00,2491.5,2494.7,2467.5,2482.7,234.57292739
2025-05-17 12:00:00+00:00,2482.3,2485.2,2446.6,2474.7,401.25464125999997
2025-05-17 16:00:00+00:00,2474.4,2488.9,2450.0,2471.4,335.02766446
2025-05-17 20:00:00+00:00,2471.2,2495.8,2454.7,2474.9,457.25825081
2025-05-18 00:00:00+00:00,2475.1,2487.2,2469.9,2478.0,596.35451216
2025-05-18 04:00:00+00:00,2479.4,2513.1,2479.4,2510.5,1200.50104223
2025-05-18 08:00:00+00:00,2511.3,2528.0,2499.2,2501.6,724.66768811
2025-05-18 12:00:00+00:00,2501.3,2585.9,2488.2,2579.3,1091.43290246
2025-05-18 16:00:00+00:00,2580.0,2583.0,2405.0,2408.4,5130.72717315
2025-05-18 20:00:00+00:00,2405.0,2510.0,2319.6,2495.5,4080.60047642
2025-05-19 00:00:00+00:00,2500.4,2511.9,2379.3,2386.0,1214.50654572
2025-05-19 04:00:00+00:00,2390.2,2411.1,2349.6,2402.5,1481.71855866
2025-05-19 08:00:00+00:00,2403.0,2421.2,2391.1,2419.1,571.61743944
2025-05-19 12:00:00+00:00,2418.1,2472.7,2385.6,2468.1,3545.17145489
2025-05-19 16:00:00+00:00,2466.2,2544.6,2452.0,2519.6,4403.76914548
2025-05-19 20:00:00+00:00,2518.7,2531.8,2492.8,2527.4,2052.99604522
2025-05-20 00:00:00+00:00,2527.7,2585.6,2511.0,2552.0,2050.9097570999998
2025-05-20 04:00:00+00:00,2553.9,2575.5,2522.1,2530.4,886.96517123
2025-05-20 08:00:00+00:00,2531.9,2537.4,2493.2,2513.3,937.02179048
2025-05-20 12:00:00+00:00,2511.1,2511.1,2464.1,2481.1,1085.36077444
2025-05-20 16:00:00+00:00,2481.2,2511.2,2444.0,2500.1,1316.26584729
2025-05-20 20:00:00+00:00,2500.4,2538.9,2485.1,2523.2,869.30961115
2025-05-21 00:00:00+00:00,2522.5,2553.2,2508.9,2543.9,1241.97813817
2025-05-21 04:00:00+00:00,2544.9,2614.0,2535.4,2552.1,2864.05613418
2025-05-21 08:00:00+00:00,2552.4,2561.5,2516.3,2536.3,825.18803817
2025-05-21 12:00:00+00:00,2535.3,2581.1,2523.1,2566.6,2640.74722928
2025-05-21 16:00:00+00:00,2567.9,2612.9,2454.5,2512.5,4674.89315167
2025-05-21 20:00:00+00:00,2513.5,2596.0,2487.3,2551.9,2495.19070426
2025-05-22 00:00:00+00:00,2552.9,2650.0,2545.7,2629.7,1830.66150966
2025-05-22 04:00:00+00:00,2629.5,2645.3,2603.3,2633.4,3677.39065252
2025-05-22 08:00:00+00:00,2633.9,2691.3,2627.1,2651.1,5927.46955987
2025-05-22 12:00:00+00:00,2650.1,2677.3,2623.2,2661.9,5276.20710913
2025-05-22 16:00:00+00:00,2661.9,2674.3,2624.2,2632.5,5673.4734972100005
2025-05-22 20:00:00+00:00,2632.5,2663.3,2625.6,2660.2,6160.72917761
2025-05-23 00:00:00+00:00,2662.8,2730.0,2643.0,2719.9,3931.18224777
2025-05-23 04:00:00+00:00,2721.2,2722.8,2648.8,2652.0,3294.47159666
2025-05-23 08:00:00+00:00,2653.2,2684.9,2550.1,2564.1,7935.8441383
2025-05-23 12:00:00+00:00,2565.9,2589.8,2498.9,2566.1,3263.14305258
2025-05-23 16:00:00+00:00,2567.9,2584.1,2545.2,2558.1,1074.81766715
2025-05-23 20:00:00+00:00,2558.6,2560.3,2502.6,2523.0,857.53783304
2025-05-24 00:00:00+00:00,2522.8,2552.3,2514.1,2546.9,249.31987615
2025-05-24 04:00:00+00:00,2547.1,2558.2,2533.2,2542.1,279.62985816
2025-05-24 08:00:00+00:00,2543.9,2574.3,2541.3,2562.1,1098.11264103
2025-05-24 12:00:00+00:00,2562.2,2563.4,2542.3,2551.5,1553.07488185
2025-05-24 16:00:00+00:00,2553.0,2564.6,2542.1,2549.9,1721.98375724
2025-05-24 20:00:00+00:00,2549.9,2550.6,2513.1,2526.8,863.69087247
2025-05-25 00:00:00+00:00,2524.5,2533.7,2470.0,2509.1,534.18288712
2025-05-25 04:00:00+00:00,2508.1,2512.5,2478.6,2489.0,465.20501318
2025-05-25 08:00:00+00:00,2487.1,2496.0,2458.3,2492.7,715.29708311
2025-05-25 12:00:00+00:00,2492.9,2519.1,2476.0,2508.3,968.28699057
2025-05-25 16:00:00+00:00,2508.8,2532.5,2493.1,2526.1,565.96812584
2025-05-25 20:00:00+00:00,2525.2,2551.4,2506.5,2549.1,747.99326732
2025-05-26 00:00:00+00:00,2549.0,2572.6,2536.3,2557.1,441.41072456
2025-05-26 04:00:00+00:00,2556.1,2602.5,2555.1,2578.7,1740.20360146
2025-05-26 08:00:00+00:00,2578.8,2580.8,2554.7,2565.9,658.48506724
2025-05-26 12:00:00+00:00,2566.9,2572.9,2540.8,2565.5,1030.71823921
2025-05-26 16:00:00+00:00,2567.1,2571.9,2526.0,2542.9,923.33736254
2025-05-26 20:00:00+00:00,2541.1,2582.9,2537.1,2563.9,508.3668047
2025-05-27 00:00:00+00:00,2564.6,2571.9,2511.4,2549.2,713.27687987
2025-05-27 04:00:00+00:00,2550.9,2616.3,2550.9,2606.4,2322.25415896
2025-05-27 08:00:00+00:00,2606.8,2651.4,2606.8,2650.6,6043.42600477
2025-05-27 12:00:00+00:00,2651.5,2681.4,2631.6,2665.0,7849.29545804
2025-05-27 16:00:00+00:00,2665.3,2709.6,2656.7,2684.9,5282.14441971
2025-05-27 20:00:00+00:00,2685.9,2692.0,2649.6,2657.8,5860.21891828
2025-05-28 00:00:00+00:00,2657.8,2658.7,2616.9,2642.3,5695.80600141
2025-05-28 04:00:00+00:00,2642.2,2648.9,2620.0,2633.1,4865.90532617
2025-05-28 08:00:00+00:00,2635.4,2655.0,2606.9,2652.9,6195.80625094
2025-05-28 12:00:00+00:00,2654.4,2685.9,2612.2,2624.6,6960.18847332
2025-05-28 16:00:00+00:00,2624.9,2661.8,2613.9,2614.3,5837.11007363
2025-05-28 20:00:00+00:00,2614.9,2682.9,2608.6,2678.7,5287.79368922
2025-05-29 00:00:00+00:00,2680.2,2784.9,2670.0,2761.9,3525.98165581
2025-05-29 04:00:00+00:00,2761.9,2763.9,2702.1,2729.5,2975.89331296
2025-05-29 08:00:00+00:00,2729.1,2741.3,2707.6,2714.2,4820.95617028
2025-05-29 12:00:00+00:00,2713.1,2716.8,2623.0,2643.1,5533.07578475
2025-05-29 16:00:00+00:00,2643.3,2671.9,2628.0,2646.5,4146.64151305
2025-05-29 20:00:00+00:00,2649.5,2667.8,2618.4,2629.8,4059.70060947
2025-05-30 00:00:00+00:00,2630.9,2643.4,2559.5,2629.2,4953.2601321
2025-05-30 04:00:00+00:00,2629.3,2646.8,2606.6,2618.7,4059.12170915
2025-05-30 08:00:00+00:00,2618.4,2626.8,2588.8,2621.0,4930.49688643
2025-05-30 12:00:00+00:00,2621.0,2624.8,2573.2,2597.4,4268.28580083
2025-05-30 16:00:00+00:00,2596.9,2602.8,2534.7,2573.5,1588.7545982
2025-05-30 20:00:00+00:00,2573.1,2587.9,2508.8,2527.8,1644.2776848
2025-05-31 00:00:00+00:00,2531.4,2539.0,2478.7,2513.1,1538.0103903899999
2025-05-31 04:00:00+00:00,2508.7,2526.6,2505.6,2521.7,110.30946731
2025-05-31 08:00:00+00:00,2521.7,2537.9,2510.0,2519.6,274.02891984
2025-05-31 12:00:00+00:00,2519.8,2550.4,2519.8,2537.2,322.44703594
2025-05-31 16:00:00+00:00,2535.3,2548.6,2525.3,2538.4,84.4653759
2025-05-31 20:00:00+00:00,2537.3,2550.3,2526.8,2530.4,70.84365439
2025-06-01 00:00:00+00:00,2527.2,2530.9,2494.8,2513.6,425.412887
2025-06-01 04:00:00+00:00,2516.1,2526.1,2507.6,2509.2,36.28352673
2025-06-01 08:00:00+00:00,2509.1,2510.2,2479.2,2502.3,213.25315253
2025-06-01 12:00:00+00:00,2497.6,2525.4,2469.0,2523.3,296.00305019
2025-06-01 16:00:00+00:00,2525.1,2547.8,2495.8,2522.9,389.8369261
2025-06-01 20:00:00+00:00,2527.3,2547.5,2520.4,2539.2,228.00183691
2025-06-02 00:00:00+00:00,2540.0,2540.9,2487.1,2496.9,227.2969861
2025-06-02 04:00:00+00:00,2496.4,2513.0,2484.4,2507.1,232.26315966
2025-06-02 08:00:00+00:00,2508.4,2515.2,2476.1,2483.4,261.43172517
2025-06-02 12:00:00+00:00,2483.6,2555.1,2478.6,2543.1,768.86628026
2025-06-02 16:00:00+00:00,2544.9,2565.5,2526.6,2534.5,342.84413616
2025-06-02 20:00:00+00:00,2534.1,2614.8,2534.1,2605.8,1257.91830809
2025-06-03 00:00:00+00:00,2606.9,2648.8,2590.7,2602.5,2830.3975467
2025-06-03 04:00:00+00:00,2603.7,2619.0,2591.1,2606.8,2597.04158001
2025-06-03 08:00:00+00:00,2608.9,2618.2,2593.8,2601.9,3847.95303367
2025-06-03 12:00:00+00:00,2600.5,2654.7,2596.9,2622.6,3589.64679605
2025-06-03 16:00:00+00:00,2623.8,2626.9,2603.3,2622.8,5197.93134352
2025-06-03 20:00:00+00:00,2623.9,2624.2,2574.2,2591.9,5019.15452542
2025-06-04 00:00:00+00:00,2590.1,2638.0,2582.4,2623.9,5302.21147273
2025-06-04 04:00:00+00:00,2624.7,2642.0,2616.2,2624.0,4503.98307955
2025-06-04 08:00:00+00:00,2624.9,2648.1,2621.8,2621.8,5191.92207994
2025-06-04 12:00:00+00:00,2622.4,2675.0,2592.7,2664.3,6548.346898
2025-06-04 16:00:00+00:00,2664.1,2664.2,2618.7,2619.4,5908.56799227
2025-06-04 20:00:00+00:00,2619.1,2620.9,2595.2,2602.0,6116.20820937
2025-06-05 00:00:00+00:00,2602.8,2627.2,2597.6,2619.0,5483.17925637
2025-06-05 04:00:00+00:00,2620.9,2629.3,2597.7,2599.4,5876.12978773
2025-06-05 08:00:00+00:00,2601.2,2610.8,2579.4,2606.3,5647.47640081
2025-06-05 12:00:00+00:00,2606.2,2638.9,2563.0,2588.2,4632.63090243
2025-06-05 16:00:00+00:00,2587.9,2589.8,2509.5,2530.9,2492.80226052
2025-06-05 20:00:00+00:00,2531.1,2536.2,2395.5,2419.6,8266.29617382
2025-06-06 00:00:00+00:00,2417.2,2459.8,2386.4,2459.8,854.63166535
2025-06-06 04:00:00+00:00,2460.0,2472.0,2452.5,2458.4,620.3209785
2025-06-06 08:00:00+00:00,2459.1,2496.5,2459.1,2479.8,334.58263574
2025-06-06 12:00:00+00:00,2480.5,2530.9,2471.0,2509.7,1084.98431932
2025-06-06 16:00:00+00:00,2511.1,2517.9,2485.5,2486.3,218.22651924
2025-06-06 20:00:00+00:00,2486.8,2507.8,2476.0,2480.3,136.03652045
2025-06-07 00:00:00+00:00,2480.5,2495.0,2460.7,2495.0,236.75919663
2025-06-07 04:00:00+00:00,2491.4,2503.6,2483.1,2493.3,144.80427215
2025-06-07 08:00:00+00:00,2493.9,2503.2,2486.2,2498.3,152.70479856
2025-06-07 12:00:00+00:00,2499.0,2525.6,2497.1,2522.4,197.38237717
2025-06-07 16:00:00+00:00,2522.4,2527.7,2511.0,2519.9,143.77164343
2025-06-07 20:00:00+00:00,2522.7,2545.6,2522.0,2526.9,638.45015499
2025-06-08 00:00:00+00:00,2526.5,2527.8,2511.6,2514.0,340.61870572
2025-06-08 04:00:00+00:00,2513.3,2520.5,2511.9,2515.3,51.52297033
2025-06-08 08:00:00+00:00,2517.6,2521.6,2492.7,2513.9,1683.86846504
2025-06-08 12:00:00+00:00,2514.3,2528.4,2502.0,2515.4,107.804808
2025-06-08 16:00:00+00:00,2517.6,2541.1,2517.6,2533.7,204.32943154
2025-06-08 20:00:00+00:00,2534.6,2549.6,2502.1,2510.8,518.82147498
2025-06-09 00:00:00+00:00,2511.5,2512.6,2485.0,2498.2,427.07106041000003
2025-06-09 04:00:00+00:00,2498.5,2498.5,2481.6,2493.9,247.03805454
2025-06-09 08:00:00+00:00,2494.0,2548.2,2487.1,2543.9,1653.92569802
2025-06-09 12:00:00+00:00,2542.1,2548.8,2512.4,2536.9,1130.1087123
2025-06-09 16:00:00+00:00,2537.2,2590.9,2537.2,2581.0,867.20987793
2025-06-09 20:00:00+00:00,2582.9,2693.9,2579.1,2680.4,4877.93537168
2025-06-10 00:00:00+00:00,2681.1,2726.1,2676.2,2688.1,5394.41487997
2025-06-10 04:00:00+00:00,2688.8,2698.8,2655.1,2677.2,5139.05599743
2025-06-10 08:00:00+00:00,2677.5,2792.4,2669.2,2792.4,3168.39227734
2025-06-10 12:00:00+00:00,2787.3,2787.3,2691.1,2732.2,6899.8859411
2025-06-10 16:00:00+00:00,2732.3,2803.7,2727.8,2771.7,7735.78819093
2025-06-10 20:00:00+00:00,2771.1,2823.9,2732.5,2812.8,6385.32904504
2025-06-11 00:00:00+00:00,2812.3,2829.9,2768.6,2786.1,4764.98227335
2025-06-11 04:00:00+00:00,2787.2,2799.9,2777.1,2788.4,4781.80765928
2025-06-11 08:00:00+00:00,2789.5,2790.3,2751.9,2771.3,3659.64557206
2025-06-11 12:00:00+00:00,2771.4,2875.9,2760.7,2863.4,4573.60122828
2025-06-11 16:00:00+00:00,2862.5,2873.4,2801.8,2810.9,800.66848454
2025-06-11 20:00:00+00:00,2811.6,2829.4,2744.0,2771.9,1125.86209043
2025-06-12 00:00:00+00:00,2770.1,2782.4,2744.3,2761.1,4563.73298329
2025-06-12 04:00:00+00:00,2762.8,2773.3,2731.6,2740.1,2507.24274889
2025-06-12 08:00:00+00:00,2740.2,2759.8,2714.6,2728.9,409.75159149
2025-06-12 12:00:00+00:00,2730.9,2771.4,2711.3,2718.9,780.37437351
2025-06-12 16:00:00+00:00,2717.1,2770.3,2693.0,2695.2,505.03362076
2025-06-12 20:00:00+00:00,2695.1,2701.9,2618.8,2642.3,1224.03507625
2025-06-13 00:00:00+00:00,2642.1,2644.9,2439.3,2517.3,5005.79382974
2025-06-13 04:00:00+00:00,2515.9,2538.8,2491.8,2524.3,16121.65398673
2025-06-13 08:00:00+00:00,2525.6,2543.4,2506.8,2542.9,1054.73585625
2025-06-13 12:00:00+00:00,2543.3,2560.9,2503.8,2550.8,1583.16768912
2025-06-13 16:00:00+00:00,2550.8,2585.4,2511.6,2527.2,870.17854678
2025-06-13 20:00:00+00:00,2528.0,2582.3,2526.3,2579.6,306.69114041
2025-06-14 00:00:00+00:00,2577.3,2577.3,2548.6,2551.3,530.0886284
2025-06-14 04:00:00+00:00,2550.9,2557.0,2529.1,2538.6,180.49857283
2025-06-14 08:00:00+00:00,2538.7,2541.9,2521.1,2541.9,116.36866446
2025-06-14 12:00:00+00:00,2540.7,2546.7,2508.6,2522.1,445.67522783
2025-06-14 16:00:00+00:00,2519.8,2527.2,2492.1,2511.4,642.62247217
2025-06-14 20:00:00+00:00,2511.5,2543.2,2501.1,2535.3,231.49933143
2025-06-15 00:00:00+00:00,2534.8,2543.6,2531.6,2535.5,298.79428344
2025-06-15 04:00:00+00:00,2534.9,2555.7,2526.9,2534.3,485.71959421
2025-06-15 08:00:00+00:00,2532.9,2533.4,2512.5,2518.1,471.08313756
2025-06-15 12:00:00+00:00,2519.3,2558.7,2519.3,2543.8,719.9518465
2025-06-15 16:00:00+00:00,2545.8,2562.2,2535.9,2539.3,412.96185006
2025-06-15 20:00:00+00:00,2538.6,2553.6,2498.0,2551.2,903.86129414
2025-06-16 00:00:00+00:00,2551.2,2582.4,2519.9,2572.8,1408.72076944
2025-06-16 04:00:00+00:00,2573.1,2641.0,2571.8,2629.1,806.88058238
2025-06-16 08:00:00+00:00,2630.9,2635.9,2596.5,2619.7,486.23335926
2025-06-16 12:00:00+00:00,2618.7,2658.2,2607.9,2635.8,679.01668671
2025-06-16 16:00:00+00:00,2634.1,2671.7,2631.1,2661.9,299.49030137
2025-06-16 20:00:00+00:00,2661.8,2682.2,2536.3,2544.9,2347.48659241
2025-06-17 00:00:00+00:00,2543.1,2619.0,2528.1,2607.9,875.85061155
2025-06-17 04:00:00+00:00,2608.9,2610.9,2573.0,2585.1,788.06128213
2025-06-17 08:00:00+00:00,2584.1,2585.9,2544.0,2554.4,269.35164761
2025-06-17 12:00:00+00:00,2552.2,2568.5,2485.0,2499.3,1683.06922523
2025-06-17 16:00:00+00:00,2501.2,2544.3,2456.1,2530.0,1036.11011128
2025-06-17 20:00:00+00:00,2532.2,2534.7,2496.9,2514.1,576.50094041
2025-06-18 00:00:00+00:00,2514.3,2538.2,2510.7,2530.8,499.20375552
2025-06-18 04:00:00+00:00,2530.9,2548.8,2520.9,2533.1,340.58729662
2025-06-18 08:00:00+00:00,2535.8,2550.0,2492.5,2515.0,1134.05264331
2025-06-18 12:00:00+00:00,2515.9,2540.7,2470.9,2511.7,1702.78477201
2025-06-18 16:00:00+00:00,2508.9,2520.8,2471.2,2495.3,711.78580382
2025-06-18 20:00:00+00:00,2495.4,2540.1,2486.7,2527.3,345.04074018
2025-06-19 00:00:00+00:00,2527.9,2549.9,2511.2,2526.8,259.91279995
2025-06-19 04:00:00+00:00,2528.5,2533.1,2517.8,2525.2,263.99668741
2025-06-19 08:00:00+00:00,2521.9,2546.1,2521.9,2532.6,132.0934979
2025-06-19 12:00:00+00:00,2535.3,2538.0,2494.1,2495.3,168.50054775
2025-06-19 16:00:00+00:00,2495.9,2524.2,2488.9,2509.0,613.78607084
2025-06-19 20:00:00+00:00,2507.7,2533.2,2505.6,2525.7,888.80880085
2025-06-20 00:00:00+00:00,2524.1,2533.3,2515.9,2520.2,198.96313574
2025-06-20 04:00:00+00:00,2519.9,2552.2,2506.5,2550.0,313.68646562
2025-06-20 08:00:00+00:00,2551.7,2570.4,2544.6,2551.8,687.81704804
2025-06-20 12:00:00+00:00,2551.1,2561.3,2491.0,2496.0,942.0898696
2025-06-20 16:00:00+00:00,2496.2,2497.6,2369.0,2417.0,1787.76470145
2025-06-20 20:00:00+00:00,2417.0,2437.0,2385.2,2406.5,458.41479007
2025-06-21 00:00:00+00:00,2407.3,2433.8,2398.0,2429.2,433.08256161
2025-06-21 04:00:00+00:00,2427.9,2429.7,2422.3,2429.1,94.63398177
2025-06-21 08:00:00+00:00,2429.7,2450.5,2427.5,2441.5,431.21119141
2025-06-21 12:00:00+00:00,2445.3,2446.4,2415.5,2426.4,358.43731485
2025-06-21 16:00:00+00:00,2428.2,2429.9,2385.6,2386.8,553.30695695
2025-06-21 20:00:00+00:00,2388.9,2410.4,2217.7,2298.5,3746.39355152
2025-06-22 00:00:00+00:00,2300.6,2315.5,2249.5,2266.5,891.18552078
2025-06-22 04:00:00+00:00,2267.3,2299.5,2267.2,2271.8,353.11760612
2025-06-22 08:00:00+00:00,2276.2,2283.0,2241.0,2274.3,1202.4399351499999
2025-06-22 12:00:00+00:00,2275.8,2289.0,2160.0,2179.0,2977.1260496
2025-06-22 16:00:00+00:00,2178.4,2223.1,2174.3,2187.2,1478.71667358
2025-06-22 20:00:00+00:00,2189.0,2240.7,2117.4,2229.6,4280.61468618
2025-06-23 00:00:00+00:00,2232.6,2263.7,2226.9,2238.5,128.28975794
2025-06-23 04:00:00+00:00,2240.1,2278.6,2233.2,2260.9,657.53658086
2025-06-23 08:00:00+00:00,2262.9,2276.9,2244.7,2257.5,205.70173495
2025-06-23 12:00:00+00:00,2258.4,2318.0,2236.9,2256.7,1410.62821195
2025-06-23 16:00:00+00:00,2250.8,2327.1,2192.8,2316.4,1513.14025396
2025-06-23 20:00:00+00:00,2316.2,2441.8,2309.1,2415.8,3903.8840419
2025-06-24 00:00:00+00:00,2416.9,2420.9,2394.8,2406.9,265.64486093
2025-06-24 04:00:00+00:00,2404.9,2437.0,2396.0,2398.5,300.12861834
2025-06-24 08:00:00+00:00,2397.3,2449.7,2379.4,2412.5,763.37607479
2025-06-24 12:00:00+00:00,2413.1,2454.8,2405.9,2438.0,630.26089597
2025-06-24 16:00:00+00:00,2442.2,2481.7,2420.2,2436.4,979.174786
2025-06-24 20:00:00+00:00,2435.2,2450.6,2433.0,2448.5,28.15671872
2025-06-25 00:00:00+00:00,2449.7,2469.3,2440.2,2445.4,91.56700528
2025-06-25 04:00:00+00:00,2448.0,2450.5,2427.6,2446.5,128.33165207
2025-06-25 08:00:00+00:00,2447.6,2447.6,2409.0,2428.2,1375.49168445
2025-06-25 12:00:00+00:00,2426.9,2444.8,2389.5,2404.1,646.34977335
2025-06-25 16:00:00+00:00,2410.7,2437.9,2401.8,2428.6,317.72094657
2025-06-25 20:00:00+00:00,2431.9,2453.3,2409.1,2417.5,242.83669253
2025-06-26 00:00:00+00:00,2419.7,2519.5,2419.0,2485.9,495.71113235
2025-06-26 04:00:00+00:00,2489.4,2499.2,2468.3,2490.7,159.69090125
2025-06-26 08:00:00+00:00,2492.7,2497.7,2440.8,2450.3,471.40052705
2025-06-26 12:00:00+00:00,2449.0,2459.6,2410.1,2435.3,526.27466605
2025-06-26 16:00:00+00:00,2434.5,2441.6,2419.0,2436.3,172.52574059
2025-06-26 20:00:00+00:00,2434.4,2456.5,2395.4,2416.2,454.94379439
2025-06-27 00:00:00+00:00,2416.3,2448.9,2382.3,2448.0,620.76742864
2025-06-27 04:00:00+00:00,2447.6,2459.6,2437.2,2442.6,555.63954524
2025-06-27 08:00:00+00:00,2442.9,2463.5,2437.7,2447.4,382.07532103
2025-06-27 12:00:00+00:00,2447.5,2456.9,2414.9,2441.1,491.52890925
2025-06-27 16:00:00+00:00,2439.7,2449.4,2390.2,2413.9,326.65814018
2025-06-27 20:00:00+00:00,2413.5,2429.7,2413.2,2424.2,436.62345546
2025-06-28 00:00:00+00:00,2424.2,2424.2,2407.8,2422.6,489.40838924
2025-06-28 04:00:00+00:00,2422.2,2434.3,2419.2,2432.8,166.69480859
2025-06-28 08:00:00+00:00,2432.8,2432.9,2421.0,2428.4,247.5398908
2025-06-28 12:00:00+00:00,2428.8,2442.8,2421.4,2436.5,372.59780285
2025-06-28 16:00:00+00:00,2438.0,2448.3,2432.9,2434.0,281.56558935
2025-06-28 20:00:00+00:00,2433.9,2441.7,2428.1,2436.9,127.95851678000001
2025-06-29 00:00:00+00:00,2436.9,2442.2,2426.3,2428.4,48.89303491
2025-06-29 04:00:00+00:00,2428.3,2440.0,2428.3,2439.8,7.86134744
2025-06-29 08:00:00+00:00,2439.9,2463.5,2439.7,2462.2,400.95597334
2025-06-29 12:00:00+00:00,2462.5,2462.5,2434.0,2437.4,192.20974267
2025-06-29 16:00:00+00:00,2437.5,2442.9,2430.7,2438.1,79.62931142
2025-06-29 20:00:00+00:00,2438.5,2523.7,2413.1,2500.4,1777.43184255
2025-06-30 00:00:00+00:00,2500.5,2523.4,2496.8,2500.4,1125.56086056
2025-06-30 04:00:00+00:00,2500.3,2505.3,2457.4,2480.8,560.9418553
2025-06-30 08:00:00+00:00,2481.3,2485.2,2447.7,2459.0,248.47213852000002
2025-06-30 12:00:00+00:00,2459.0,2488.4,2435.8,2477.4,1639.44542151
2025-06-30 16:00:00+00:00,2477.5,2520.3,2466.1,2519.5,686.68143271
2025-06-30 20:00:00+00:00,2518.5,2524.3,2486.0,2489.5,227.32408533
2025-07-01 00:00:00+00:00,2489.4,2502.5,2481.4,2487.8,270.7619077
2025-07-01 04:00:00+00:00,2487.8,2487.8,2450.0,2469.3,450.10241614
2025-07-01 08:00:00+00:00,2468.8,2468.8,2448.4,2452.6,550.50216803
2025-07-01 12:00:00+00:00,2452.7,2459.9,2413.4,2429.2,695.23281778
2025-07-01 16:00:00+00:00,2428.6,2437.8,2406.4,2409.0,1056.77569962
2025-07-01 20:00:00+00:00,2407.3,2422.5,2391.1,2409.7,588.04273136
2025-07-02 00:00:00+00:00,2409.6,2435.8,2379.7,2434.2,733.73471034
2025-07-02 04:00:00+00:00,2434.4,2456.6,2430.9,2451.3,143.24531187
2025-07-02 08:00:00+00:00,2451.1,2463.3,2446.0,2449.4,375.03003419
2025-07-02 12:00:00+00:00,2449.4,2505.5,2436.3,2503.9,823.8020236
2025-07-02 16:00:00+00:00,2503.4,2611.5,2500.5,2608.2,1852.78033758
2025-07-02 20:00:00+00:00,2609.3,2621.2,2573.4,2573.8,614.93493665
2025-07-03 00:00:00+00:00,2573.9,2588.9,2560.6,2565.3,521.28399778
2025-07-03 04:00:00+00:00,2565.3,2609.9,2564.5,2604.0,570.144166
2025-07-03 08:00:00+00:00,2604.1,2621.4,2587.7,2602.2,232.75793934
2025-07-03 12:00:00+00:00,2601.0,2639.5,2570.2,2574.3,2280.36542679
2025-07-03 16:00:00+00:00,2574.3,2596.0,2570.6,2590.5,444.34262054
2025-07-03 20:00:00+00:00,2590.5,2606.8,2587.6,2594.1,155.9568201
2025-07-04 00:00:00+00:00,2594.2,2605.9,2576.0,2582.5,234.97838848
2025-07-04 04:00:00+00:00,2582.5,2587.5,2534.3,2539.2,576.96773607
2025-07-04 08:00:00+00:00,2538.1,2561.4,2531.8,2551.6,120.75171636
2025-07-04 12:00:00+00:00,2552.6,2558.4,2501.4,2504.9,691.37478221
2025-07-04 16:00:00+00:00,2504.8,2506.6,2477.6,2486.3,258.10902765
2025-07-04 20:00:00+00:00,2486.2,2524.4,2486.0,2511.4,191.49662467
2025-07-05 00:00:00+00:00,2511.4,2528.7,2503.3,2522.4,150.30622996
2025-07-05 04:00:00+00:00,2522.4,2532.8,2517.2,2524.6,332.31420307
2025-07-05 08:00:00+00:00,2525.5,2528.7,2513.2,2522.4,173.65881668
2025-07-05 12:00:00+00:00,2522.3,2524.9,2509.7,2510.6,198.77931933
2025-07-05 16:00:00+00:00,2510.7,2515.8,2491.8,2509.0,971.17709142
2025-07-05 20:00:00+00:00,2508.9,2524.6,2502.4,2519.1,251.36740554
2025-07-06 00:00:00+00:00,2519.0,2523.5,2513.3,2518.1,16.5999598
2025-07-06 04:00:00+00:00,2518.1,2529.5,2512.5,2521.6,161.49893284
2025-07-06 08:00:00+00:00,2521.4,2521.4,2507.9,2519.1,216.44173667
2025-07-06 12:00:00+00:00,2519.1,2572.6,2515.8,2561.1,752.48019719
2025-07-06 16:00:00+00:00,2561.2,2563.0,2527.7,2544.7,486.76184113
2025-07-06 20:00:00+00:00,2544.4,2608.8,2544.1,2574.4,2400.81668364
2025-07-07 00:00:00+00:00,2574.4,2593.4,2553.5,2581.3,71.48557063
2025-07-07 04:00:00+00:00,2581.3,2583.4,2564.4,2581.7,119.5735397
2025-07-07 08:00:00+00:00,2581.6,2590.6,2556.9,2567.3,205.67381682
2025-07-07 12:00:00+00:00,2567.0,2571.7,2532.2,2537.2,841.33386131
2025-07-07 16:00:00+00:00,2537.5,2559.7,2514.4,2546.5,778.62797704
2025-07-07 20:00:00+00:00,2547.2,2548.4,2528.0,2546.3,56.33593203
2025-07-08 00:00:00+00:00,2546.3,2556.9,2527.6,2542.0,1656.92157875
2025-07-08 04:00:00+00:00,2541.9,2565.6,2536.4,2555.8,276.64054416
2025-07-08 08:00:00+00:00,2555.7,2588.1,2547.8,2579.0,216.35137764
2025-07-08 12:00:00+00:00,2578.6,2603.1,2561.8,2568.4,786.98410851
2025-07-08 16:00:00+00:00,2568.4,2630.0,2563.6,2614.1,797.22980076
2025-07-08 20:00:00+00:00,2613.9,2620.3,2600.9,2617.9,715.71213184
2025-07-09 00:00:00+00:00,2618.1,2629.8,2592.8,2594.7,978.03774024
2025-07-09 04:00:00+00:00,2594.9,2651.5,2594.6,2628.1,2240.71782149
2025-07-09 08:00:00+00:00,2628.1,2633.1,2608.4,2628.8,258.62618383
2025-07-09 12:00:00+00:00,2628.8,2678.7,2628.1,2660.0,944.10750417
2025-07-09 16:00:00+00:00,2660.1,2798.0,2656.2,2766.8,2635.88211559
2025-07-09 20:00:00+00:00,2765.9,2785.8,2734.6,2771.8,1122.96503057
2025-07-10 00:00:00+00:00,2771.9,2800.0,2759.3,2779.0,623.27761707
2025-07-10 04:00:00+00:00,2778.1,2826.0,2768.9,2794.6,1283.48338656
2025-07-10 08:00:00+00:00,2795.0,2800.3,2776.0,2782.2,434.76897706
2025-07-10 12:00:00+00:00,2782.0,2798.3,2763.3,2773.3,589.61484391
2025-07-10 16:00:00+00:00,2773.3,2841.6,2773.1,2814.8,5086.40569718
2025-07-10 20:00:00+00:00,2814.5,3000.2,2812.4,2949.8,4197.61054467
2025-07-11 00:00:00+00:00,2949.5,2972.9,2914.6,2969.0,2464.5246201100003
2025-07-11 04:00:00+00:00,2969.0,3027.9,2947.5,2967.2,5032.497523120001
2025-07-11 08:00:00+00:00,2965.8,3036.0,2962.1,2985.4,4457.01747261
2025-07-11 12:00:00+00:00,2985.0,3008.8,2937.5,2950.4,1704.77983987
2025-07-11 16:00:00+00:00,2951.6,3005.5,2937.5,3003.0,3376.9560283100004
2025-07-11 20:00:00+00:00,3002.9,3005.6,2918.2,2954.4,6120.993198
2025-07-12 00:00:00+00:00,2954.6,2965.3,2928.6,2960.6,853.68768791
2025-07-12 04:00:00+00:00,2961.2,2972.8,2939.3,2959.3,243.74466559
2025-07-12 08:00:00+00:00,2959.8,2975.8,2955.5,2956.8,1495.79236567
2025-07-12 12:00:00+00:00,2956.8,2960.4,2900.3,2910.2,742.45929759
2025-07-12 16:00:00+00:00,2910.9,2941.5,2907.4,2936.1,87.65314692
2025-07-12 20:00:00+00:00,2936.4,2944.6,2912.7,2939.0,207.41635636
2025-07-13 00:00:00+00:00,2939.0,2955.4,2933.5,2951.5,38.77259649
2025-07-13 04:00:00+00:00,2951.5,2961.1,2946.2,2957.6,1000.56796126
2025-07-13 08:00:00+00:00,2958.0,2959.6,2940.7,2956.7,1778.65639812
2025-07-13 12:00:00+00:00,2956.5,3013.6,2954.1,2989.4,4570.43754213
2025-07-13 16:00:00+00:00,2989.3,3003.7,2958.9,2983.3,7225.7111537
2025-07-13 20:00:00+00:00,2983.3,2991.4,2937.3,2968.1,1218.8309885
2025-07-14 00:00:00+00:00,2968.4,3047.2,2961.2,3033.5,1521.36407955
2025-07-14 04:00:00+00:00,3033.6,3061.0,3015.1,3042.5,1075.08500319
2025-07-14 08:00:00+00:00,3042.8,3078.8,3022.8,3049.2,3186.03795854
2025-07-14 12:00:00+00:00,3049.1,3062.2,2993.0,3009.3,7648.1679941
2025-07-14 16:00:00+00:00,3010.2,3027.9,2984.1,2998.9,411.74868277
2025-07-14 20:00:00+00:00,2998.9,3019.2,2982.1,3014.4,212.94195683
2025-07-15 00:00:00+00:00,3014.4,3021.9,2933.6,2951.5,718.28204946
2025-07-15 04:00:00+00:00,2951.5,2994.9,2936.0,2978.4,583.87563506
2025-07-15 08:00:00+00:00,2978.3,2989.9,2961.1,2984.0,435.73683081
2025-07-15 12:00:00+00:00,2983.7,3069.3,2971.1,3040.6,2921.81107869
2025-07-15 16:00:00+00:00,3042.1,3098.8,3037.7,3042.8,2419.94052144
2025-07-15 20:00:00+00:00,3044.8,3146.0,3034.1,3141.6,670.98198378
2025-07-16 00:00:00+00:00,3141.5,3154.6,3107.2,3119.5,572.85649225
2025-07-16 04:00:00+00:00,3119.5,3177.2,3105.5,3165.7,503.65358482
2025-07-16 08:00:00+00:00,3166.2,3175.9,3146.4,3150.9,3592.32832627
2025-07-16 12:00:00+00:00,3151.2,3265.6,3149.5,3246.4,5362.95024543
2025-07-16 16:00:00+00:00,3244.2,3384.7,3237.1,3383.1,4367.06635153
2025-07-16 20:00:00+00:00,3383.8,3423.5,3346.9,3373.9,2427.77942943
2025-07-17 00:00:00+00:00,3372.8,3396.9,3311.8,3331.0,1786.55468904
2025-07-17 04:00:00+00:00,3331.0,3468.9,3321.1,3449.1,1025.76071422
2025-07-17 08:00:00+00:00,3449.1,3480.5,3424.0,3433.5,4867.41687892
2025-07-17 12:00:00+00:00,3433.6,3438.1,3363.0,3420.1,4356.55653895
2025-07-17 16:00:00+00:00,3421.3,3457.1,3366.4,3414.3,1826.63598469
2025-07-17 20:00:00+00:00,3414.2,3523.5,3375.5,3475.8,4212.7700073
2025-07-18 00:00:00+00:00,3477.4,3627.7,3463.1,3598.9,1428.28247336
2025-07-18 04:00:00+00:00,3598.0,3676.1,3580.7,3609.3,1089.9554055
2025-07-18 08:00:00+00:00,3609.9,3631.0,3586.4,3612.7,1512.57424402
2025-07-18 12:00:00+00:00,3613.5,3673.0,3532.7,3569.0,1338.82553998
2025-07-18 16:00:00+00:00,3568.9,3625.5,3540.3,3553.9,1073.86695994
2025-07-18 20:00:00+00:00,3554.4,3578.5,3481.0,3548.3,2060.72238549
2025-07-19 00:00:00+00:00,3548.1,3599.2,3510.6,3594.9,445.88330386
2025-07-19 04:00:00+00:00,3594.9,3607.9,3569.9,3572.2,2235.2431145
2025-07-19 08:00:00+00:00,3572.1,3576.9,3536.1,3551.8,2548.51774971
2025-07-19 12:00:00+00:00,3552.6,3570.9,3527.7,3552.7,316.08897126
2025-07-19 16:00:00+00:00,3552.7,3580.8,3534.1,3577.2,227.63504977
2025-07-19 20:00:00+00:00,3577.2,3600.7,3541.0,3593.6,83.69145688
2025-07-20 00:00:00+00:00,3593.5,3695.0,3580.2,3659.4,278.58360855
2025-07-20 04:00:00+00:00,3659.4,3689.3,3635.7,3669.9,363.56288653
2025-07-20 08:00:00+00:00,3670.3,3763.9,3670.3,3753.5,7880.71798829
2025-07-20 12:00:00+00:00,3753.1,3788.0,3725.1,3785.1,3150.07100368
2025-07-20 16:00:00+00:00,3785.8,3820.8,3731.2,3747.2,834.2269123
2025-07-20 20:00:00+00:00,3749.9,3770.0,3680.1,3757.1,575.91122925
2025-07-21 00:00:00+00:00,3757.1,3763.7,3701.5,3755.4,306.54872103
2025-07-21 04:00:00+00:00,3755.9,3811.2,3748.3,3789.2,424.85473031
2025-07-21 08:00:00+00:00,3787.8,3835.9,3757.9,3808.1,348.02475942
2025-07-21 12:00:00+00:00,3810.5,3856.9,3777.4,3811.0,1372.90330148
2025-07-21 16:00:00+00:00,3811.6,3817.4,3721.0,3735.1,1250.11879648
2025-07-21 20:00:00+00:00,3735.1,3778.1,3721.1,3762.9,143.49114478
2025-07-22 00:00:00+00:00,3763.1,3800.7,3697.0,3730.6,1142.22215165
2025-07-22 04:00:00+00:00,3731.4,3734.4,3652.5,3676.2,1073.87290886
2025-07-22 08:00:00+00:00,3676.2,3720.3,3619.4,3706.8,1680.63325476
2025-07-22 12:00:00+00:00,3707.5,3729.1,3627.9,3718.0,1194.27102046
2025-07-22 16:00:00+00:00,3718.0,3748.9,3659.4,3675.6,684.8774851000001
2025-07-22 20:00:00+00:00,3670.6,3751.3,3662.5,3749.2,140.0450758
2025-07-23 00:00:00+00:00,3748.4,3764.1,3715.5,3728.2,331.94097009
2025-07-23 04:00:00+00:00,3728.7,3737.0,3666.6,3675.3,252.67929105
2025-07-23 08:00:00+00:00,3675.3,3697.9,3646.5,3676.7,648.01372735
2025-07-23 12:00:00+00:00,3676.5,3685.9,3586.8,3648.9,3474.89875118
2025-07-23 16:00:00+00:00,3647.9,3647.9,3557.8,3592.5,669.51191536
2025-07-23 20:00:00+00:00,3592.4,3638.9,3533.7,3632.6,1214.36986988
2025-07-24 00:00:00+00:00,3632.3,3671.0,3618.3,3647.6,407.69341753
2025-07-24 04:00:00+00:00,3648.8,3663.3,3511.4,3596.4,686.83504534
2025-07-24 08:00:00+00:00,3596.3,3664.0,3586.1,3660.7,1321.62395754
2025-07-24 12:00:00+00:00,3660.6,3774.3,3619.1,3734.6,1756.65633501
2025-07-24 16:00:00+00:00,3734.8,3756.3,3673.1,3736.3,787.08269109
2025-07-24 20:00:00+00:00,3737.6,3745.4,3700.3,3707.9,590.95825176
2025-07-25 00:00:00+00:00,3708.7,3710.9,3577.1,3598.9,1158.19325276
2025-07-25 04:00:00+00:00,3598.7,3669.0,3582.2,3634.9,594.9328974
2025-07-25 08:00:00+00:00,3633.3,3748.0,3632.4,3725.1,1611.08918349
2025-07-25 12:00:00+00:00,3725.3,3736.0,3606.0,3636.6,1264.17206506
2025-07-25 16:00:00+00:00,3636.7,3662.4,3620.8,3646.7,678.59868716
2025-07-25 20:00:00+00:00,3646.1,3732.4,3643.6,3728.8,421.60345871
2025-07-26 00:00:00+00:00,3726.1,3768.0,3702.4,3743.8,351.82813088
2025-07-26 04:00:00+00:00,3743.3,3758.0,3735.9,3746.3,142.85279531
2025-07-26 08:00:00+00:00,3746.4,3784.9,3736.4,3743.2,510.433651
2025-07-26 12:00:00+00:00,3743.4,3758.3,3720.7,3739.0,188.10375885
2025-07-26 16:00:00+00:00,3739.0,3759.3,3714.8,3755.8,211.61054444
2025-07-26 20:00:00+00:00,3755.8,3796.1,3739.9,3743.7,460.45720539
2025-07-27 00:00:00+00:00,3743.7,3790.9,3736.2,3777.6,296.18864495
2025-07-27 04:00:00+00:00,3777.6,3813.2,3768.6,3771.8,265.05701356
2025-07-27 08:00:00+00:00,3771.9,3842.7,3757.5,3818.5,804.74372719
2025-07-27 12:00:00+00:00,3819.2,3837.6,3796.7,3823.0,140.27519772
2025-07-27 16:00:00+00:00,3823.0,3872.7,3814.1,3832.5,578.75999099
2025-07-27 20:00:00+00:00,3832.6,3882.8,3822.3,3878.2,219.79519461
2025-07-28 00:00:00+00:00,3878.1,3909.8,3849.0,3883.2,922.48007857
2025-07-28 04:00:00+00:00,3883.8,3942.5,3873.7,3896.9,1942.71386055
2025-07-28 08:00:00+00:00,3895.9,3906.1,3865.3,3883.5,706.9035439
2025-07-28 12:00:00+00:00,3883.6,3893.6,3781.1,3815.1,834.72884569
2025-07-28 16:00:00+00:00,3814.3,3828.3,3760.9,3801.9,783.39823752
2025-07-28 20:00:00+00:00,3801.9,3807.9,3773.1,3801.9,243.53472013
2025-07-29 00:00:00+00:00,3802.9,3826.9,3737.1,3798.6,1625.30957632
2025-07-29 04:00:00+00:00,3798.2,3884.7,3783.1,3883.2,1358.0994949
2025-07-29 08:00:00+00:00,3882.0,3889.8,3816.3,3828.9,290.38497657
2025-07-29 12:00:00+00:00,3828.9,3876.6,3752.1,3764.8,1427.1360593699999
2025-07-29 16:00:00+00:00,3765.2,3801.1,3720.5,3768.1,1128.3992703
2025-07-29 20:00:00+00:00,3769.8,3804.9,3748.1,3799.6,461.93246975
2025-07-30 00:00:00+00:00,3799.6,3832.9,3763.0,3822.5,395.64269944
2025-07-30 04:00:00+00:00,3822.9,3837.9,3793.6,3815.9,218.71933863
2025-07-30 08:00:00+00:00,3815.9,3829.9,3750.2,3763.0,285.28739793
2025-07-30 12:00:00+00:00,3763.3,3835.9,3754.5,3803.4,1259.29572594
2025-07-30 16:00:00+00:00,3803.4,3824.9,3686.0,3766.9,1876.88063754
2025-07-30 20:00:00+00:00,3767.2,3818.3,3750.9,3814.3,309.22549772
2025-07-31 00:00:00+00:00,3814.5,3871.9,3808.8,3867.4,629.06851039
2025-07-31 04:00:00+00:00,3867.8,3883.2,3861.2,3869.3,358.44030436
2025-07-31 08:00:00+00:00,3869.2,3878.1,3832.7,3842.1,577.55100324
2025-07-31 12:00:00+00:00,3842.1,3848.9,3767.8,3792.3,982.46511072
2025-07-31 16:00:00+00:00,3791.6,3821.8,3738.0,3743.5,971.73889175
2025-07-31 20:00:00+00:00,3742.6,3761.9,3692.1,3703.4,555.4931114
2025-08-01 00:00:00+00:00,3702.1,3729.0,3623.3,3710.9,6293.56127446
2025-08-01 04:00:00+00:00,3710.6,3710.6,3630.8,3655.9,1425.22154234
2025-08-01 08:00:00+00:00,3654.9,3654.9,3591.7,3646.7,5700.60619134
2025-08-01 12:00:00+00:00,3646.9,3679.5,3568.8,3621.4,2811.82917427
2025-08-01 16:00:00+00:00,3621.4,3636.9,3515.8,3520.9,8741.28154637
2025-08-01 20:00:00+00:00,3520.1,3554.4,3436.3,3492.4,3183.8416956
2025-08-02 00:00:00+00:00,3492.0,3535.4,3482.7,3532.4,219.39802634
2025-08-02 04:00:00+00:00,3532.8,3542.4,3461.7,3525.4,346.84804836
2025-08-02 08:00:00+00:00,3525.4,3528.6,3481.5,3516.9,546.4694001
2025-08-02 12:00:00+00:00,3515.6,3523.5,3459.7,3465.1,241.37808887
2025-08-02 16:00:00+00:00,3465.1,3486.8,3377.3,3387.1,2399.66127016
2025-08-02 20:00:00+00:00,3387.0,3445.5,3372.9,3398.8,632.6840581
2025-08-03 00:00:00+00:00,3399.0,3457.7,3361.8,3451.7,1130.09095906
2025-08-03 04:00:00+00:00,3451.5,3465.4,3441.7,3462.2,278.69515405
2025-08-03 08:00:00+00:00,3462.5,3521.2,3462.2,3494.8,348.07484083
2025-08-03 12:00:00+00:00,3491.3,3509.9,3463.6,3483.4,328.59882323
2025-08-03 16:00:00+00:00,3483.4,3521.0,3475.8,3502.3,364.75441784000003
2025-08-03 20:00:00+00:00,3502.5,3525.5,3490.9,3501.2,1393.91435503
2025-08-04 00:00:00+00:00,3501.2,3580.0,3497.6,3563.0,554.31321473
2025-08-04 04:00:00+00:00,3563.0,3569.6,3525.5,3556.6,2587.35435053
2025-08-04 08:00:00+00:00,3556.6,3578.5,3548.3,3559.8,1177.4953905
2025-08-04 12:00:00+00:00,3559.9,3668.0,3554.4,3653.5,2572.64429355
2025-08-04 16:00:00+00:00,3654.1,3721.1,3654.1,3674.3,1343.86179114
2025-08-04 20:00:00+00:00,3672.4,3738.9,3665.1,3723.1,831.57609669
2025-08-05 00:00:00+00:00,3723.8,3723.8,3651.6,3655.6,322.31282007
2025-08-05 04:00:00+00:00,3655.6,3681.6,3605.0,3615.6,831.40229688
2025-08-05 08:00:00+00:00,3615.6,3695.2,3611.6,3675.1,608.26387592
2025-08-05 12:00:00+00:00,3675.2,3679.3,3559.7,3572.8,1685.61149971
2025-08-05 16:00:00+00:00,3572.1,3613.6,3562.6,3572.9,258.38065708
2025-08-05 20:00:00+00:00,3574.5,3624.9,3549.8,3614.7,1543.71107252
2025-08-06 00:00:00+00:00,3613.8,3615.0,3566.7,3586.5,1174.84736356
2025-08-06 04:00:00+00:00,3586.3,3663.3,3572.7,3645.6,1246.92342459
2025-08-06 08:00:00+00:00,3644.3,3648.1,3614.8,3623.5,338.48748207
2025-08-06 12:00:00+00:00,3623.5,3673.7,3580.1,3672.1,1398.00981789
2025-08-06 16:00:00+00:00,3670.9,3702.5,3644.9,3688.6,549.36967801
2025-08-06 20:00:00+00:00,3688.2,3690.7,3659.0,3687.9,98.75618895
2025-08-07 00:00:00+00:00,3687.9,3721.6,3654.1,3662.7,279.09257603
2025-08-07 04:00:00+00:00,3662.6,3714.2,3661.9,3706.8,196.18622507
2025-08-07 08:00:00+00:00,3706.8,3845.9,3706.8,3832.1,2168.5260756
2025-08-07 12:00:00+00:00,3831.9,3868.6,3808.2,3841.8,1898.20657255
2025-08-07 16:00:00+00:00,3841.6,3879.4,3786.1,3871.9,1027.75890412
2025-08-07 20:00:00+00:00,3872.0,3930.0,3857.2,3915.0,353.9625677
2025-08-08 00:00:00+00:00,3915.6,3968.3,3882.1,3939.3,19834.63275742
2025-08-08 04:00:00+00:00,3939.7,3939.7,3896.2,3921.1,3945.46463741
2025-08-08 08:00:00+00:00,3921.5,3932.2,3891.4,3924.6,392.29339715
2025-08-08 12:00:00+00:00,3924.2,4014.5,3898.3,3959.4,1765.86965493
2025-08-08 16:00:00+00:00,3959.3,4068.9,3956.1,4065.8,1545.2307644
2025-08-08 20:00:00+00:00,4065.3,4073.5,4012.1,4013.2,284.05389705
2025-08-09 00:00:00+00:00,4013.4,4054.7,4012.1,4054.6,206.73689804
2025-08-09 04:00:00+00:00,4054.6,4208.4,4050.5,4172.8,5232.97176353
2025-08-09 08:00:00+00:00,4172.8,4245.7,4170.0,4191.5,2634.25460086
2025-08-09 12:00:00+00:00,4191.5,4225.9,4155.2,4210.0,424.65510018
2025-08-09 16:00:00+00:00,4209.9,4271.2,4197.6,4261.2,1328.17676044
2025-08-09 20:00:00+00:00,4260.4,4326.9,4246.6,4265.3,2906.7259358
2025-08-10 00:00:00+00:00,4265.3,4333.0,4208.8,4244.7,681.38733192
2025-08-10 04:00:00+00:00,4244.5,4265.7,4178.9,4186.9,411.13186822
2025-08-10 08:00:00+00:00,4186.9,4234.8,4164.1,4181.4,900.9013472299999
2025-08-10 12:00:00+00:00,4181.3,4239.9,4165.1,4222.3,827.765904
2025-08-10 16:00:00+00:00,4222.0,4262.3,4219.9,4254.6,143.79026181
2025-08-10 20:00:00+00:00,4254.6,4257.7,4190.0,4255.1,343.47884634
2025-08-11 00:00:00+00:00,4255.0,4345.9,4243.6,4312.1,1356.83705347
2025-08-11 04:00:00+00:00,4312.1,4350.0,4270.1,4275.9,511.26140907
2025-08-11 08:00:00+00:00,4275.8,4286.7,4174.7,4188.0,1702.0301824
2025-08-11 12:00:00+00:00,4186.8,4333.4,4154.9,4331.5,2803.55250626
2025-08-11 16:00:00+00:00,4331.4,4368.3,4239.6,4262.4,1405.35117479
2025-08-11 20:00:00+00:00,4260.6,4261.5,4193.4,4229.0,664.90732631
2025-08-12 00:00:00+00:00,4228.6,4314.2,4225.1,4287.6,577.58764133
2025-08-12 04:00:00+00:00,4287.6,4323.8,4273.2,4316.7,1064.65097307
2025-08-12 08:00:00+00:00,4316.9,4334.5,4261.6,4293.0,807.56710887
2025-08-12 12:00:00+00:00,4292.6,4480.0,4281.6,4473.5,5295.41088112
2025-08-12 16:00:00+00:00,4473.9,4519.0,4443.5,4517.7,2687.40546637
2025-08-12 20:00:00+00:00,4517.1,4635.4,4505.6,4586.2,10621.86993716
2025-08-13 00:00:00+00:00,4586.1,4646.9,4561.3,4641.5,4160.93615595
2025-08-13 04:00:00+00:00,4641.8,4675.8,4604.1,4619.8,916.00363956
2025-08-13 08:00:00+00:00,4619.3,4705.0,4601.8,4683.5,2856.42457216
2025-08-13 12:00:00+00:00,4683.4,4724.5,4611.5,4658.4,8774.77880397
2025-08-13 16:00:00+00:00,4660.6,4743.4,4658.9,4736.1,3322.82585109
2025-08-13 20:00:00+00:00,4736.4,4770.1,4694.5,4770.1,2795.39045669
2025-08-14 00:00:00+00:00,4732.1,4772.5,4691.6,4770.0,310.2625997
2025-08-14 04:00:00+00:00,4770.1,4783.9,4712.3,4747.1,1322.52633789
2025-08-14 08:00:00+00:00,4747.5,4762.3,4675.1,4714.4,5807.53909516
2025-08-14 12:00:00+00:00,4714.4,4731.5,4452.8,4621.0,6267.3381072
2025-08-14 16:00:00+00:00,4618.1,4622.0,4482.0,4540.0,1079.10840785
2025-08-14 20:00:00+00:00,4540.0,4575.8,4461.2,4551.2,5342.94830674
2025-08-15 00:00:00+00:00,4551.7,4654.4,4546.2,4640.5,383.12235234999997
2025-08-15 04:00:00+00:00,4640.4,4667.4,4610.6,4644.2,226.19688341
2025-08-15 08:00:00+00:00,4644.2,4670.5,4617.6,4640.6,449.11883408
2025-08-15 12:00:00+00:00,4640.5,4672.9,4402.0,4434.7,1819.27992874
2025-08-15 16:00:00+00:00,4435.1,4465.8,4375.0,4390.2,2591.08309613
2025-08-15 20:00:00+00:00,4389.3,4496.9,4375.8,4449.4,1793.05298606
2025-08-16 00:00:00+00:00,4447.1,4496.4,4434.2,4439.1,477.05835262
2025-08-16 04:00:00+00:00,4439.2,4470.0,4417.4,4459.1,304.74256441
2025-08-16 08:00:00+00:00,4458.8,4464.8,4383.1,4395.3,1668.97468058
2025-08-16 12:00:00+00:00,4394.1,4432.9,4384.0,4405.4,213.25823033
2025-08-16 16:00:00+00:00,4405.4,4446.7,4398.0,4425.5,70.08855373
2025-08-16 20:00:00+00:00,4425.5,4442.5,4411.1,4429.0,78.1081484
2025-08-17 00:00:00+00:00,4428.7,4465.4,4402.2,4458.3,109.69539776
2025-08-17 04:00:00+00:00,4458.9,4498.0,4452.1,4472.1,1116.65616837
2025-08-17 08:00:00+00:00,4472.2,4580.8,4464.8,4556.6,591.8988531800001
2025-08-17 12:00:00+00:00,4556.9,4569.5,4526.1,4567.9,145.15804857
2025-08-17 16:00:00+00:00,4567.9,4569.8,4435.5,4463.1,1036.58297092
2025-08-17 20:00:00+00:00,4463.2,4537.4,4463.2,4477.8,609.38668245
2025-08-18 00:00:00+00:00,4476.8,4486.3,4286.6,4328.8,2816.57563973
2025-08-18 04:00:00+00:00,4328.8,4353.0,4237.5,4263.4,847.53891488
2025-08-18 08:00:00+00:00,4263.4,4324.2,4234.0,4282.5,2414.99932381
2025-08-18 12:00:00+00:00,4282.3,4375.5,4278.9,4351.4,1186.7532704
2025-08-18 16:00:00+00:00,4351.4,4389.6,4308.1,4360.5,1034.03813823
2025-08-18 20:00:00+00:00,4360.5,4394.5,4312.5,4318.2,799.99222456
2025-08-19 00:00:00+00:00,4318.2,4360.6,4223.6,4226.2,2098.53869573
2025-08-19 04:00:00+00:00,4225.9,4256.5,4204.3,4241.4,543.97622735
2025-08-19 08:00:00+00:00,4241.5,4321.3,4227.5,4315.0,947.61659158
2025-08-19 12:00:00+00:00,4315.0,4346.0,4180.2,4196.7,1605.39949195
2025-08-19 16:00:00+00:00,4197.8,4210.9,4123.8,4150.2,1833.54893
2025-08-19 20:00:00+00:00,4150.0,4170.8,4077.0,4084.4,879.46091087
2025-08-20 00:00:00+00:00,4084.0,4164.8,4069.6,4149.8,405.8057004
2025-08-20 04:00:00+00:00,4150.1,4217.0,4148.8,4191.4,353.36849002
2025-08-20 08:00:00+00:00,4191.4,4246.3,4159.0,4201.9,1901.89327147
2025-08-20 12:00:00+00:00,4202.4,4315.8,4114.0,4261.9,2337.42594464
2025-08-20 16:00:00+00:00,4262.8,4372.5,4262.8,4353.3,1786.85237165
2025-08-20 20:00:00+00:00,4353.8,4384.6,4331.5,4342.8,132.1693611
2025-08-21 00:00:00+00:00,4343.1,4346.4,4288.2,4302.4,279.85824161
2025-08-21 04:00:00+00:00,4302.8,4327.5,4281.8,4319.4,596.81999152
2025-08-21 08:00:00+00:00,4319.6,4321.8,4265.1,4288.3,843.75940427
2025-08-21 12:00:00+00:00,4288.1,4336.4,4237.5,4249.6,953.95554952
2025-08-21 16:00:00+00:00,4250.2,4280.2,4217.4,4232.9,914.2815354
2025-08-21 20:00:00+00:00,4232.9,4267.8,4215.1,4232.7,144.45605652
2025-08-22 00:00:00+00:00,4232.7,4322.2,4232.3,4286.8,280.79231802
2025-08-22 04:00:00+00:00,4286.8,4351.7,4283.3,4337.4,630.78472734
2025-08-22 08:00:00+00:00,4337.3,4361.2,4283.9,4283.9,474.32780417
2025-08-22 12:00:00+00:00,4283.9,4673.0,4215.9,4620.0,10632.49858231
2025-08-22 16:00:00+00:00,4620.1,4861.2,4620.1,4837.8,4782.37567219
2025-08-22 20:00:00+00:00,4837.8,4889.8,4800.5,4836.2,2559.640634
2025-08-23 00:00:00+00:00,4836.2,4836.2,4671.0,4701.9,1388.36394053
2025-08-23 04:00:00+00:00,4701.9,4767.7,4701.9,4719.6,444.77530355
2025-08-23 08:00:00+00:00,4719.6,4749.0,4699.5,4707.8,724.06036929
2025-08-23 12:00:00+00:00,4708.3,4776.3,4701.8,4757.9,362.3105137
2025-08-23 16:00:00+00:00,4759.8,4768.3,4737.2,4767.7,138.74793604
2025-08-23 20:00:00+00:00,4767.3,4803.9,4746.9,4784.8,314.04282403
2025-08-24 00:00:00+00:00,4784.8,4822.8,4763.1,4798.1,311.62486591
2025-08-24 04:00:00+00:00,4798.4,4805.8,4766.2,4767.1,230.5921389
2025-08-24 08:00:00+00:00,4767.1,4793.4,4731.9,4756.9,551.21700758
2025-08-24 12:00:00+00:00,4756.9,4836.4,4742.1,4805.1,564.36862673
2025-08-24 16:00:00+00:00,4805.1,4958.7,4754.1,4817.6,6009.00552245
2025-08-24 20:00:00+00:00,4818.4,4830.6,4718.3,4788.1,1073.63858029
2025-08-25 00:00:00+00:00,4788.0,4804.4,4681.1,4734.7,569.26159037
2025-08-25 04:00:00+00:00,4735.2,4746.7,4587.3,4597.2,2013.40295874
2025-08-25 08:00:00+00:00,4597.7,4620.2,4526.9,4606.8,1123.35305123
2025-08-25 12:00:00+00:00,4606.8,4694.2,4596.8,4621.6,1533.6961341
2025-08-25 16:00:00+00:00,4620.8,4652.8,4427.5,4427.5,1640.26242911
2025-08-25 20:00:00+00:00,4427.6,4454.9,4346.2,4385.1,994.45713289
2025-08-26 00:00:00+00:00,4385.2,4457.4,4320.8,4409.8,2037.93898301
2025-08-26 04:00:00+00:00,4410.8,4459.8,4400.7,4436.4,643.64538017
2025-08-26 08:00:00+00:00,4436.4,4472.8,4413.3,4433.8,818.9320637
2025-08-26 12:00:00+00:00,4434.8,4586.0,4414.9,4528.7,1692.4386854
2025-08-26 16:00:00+00:00,4530.0,4604.9,4506.9,4604.9,2830.69369011
2025-08-26 20:00:00+00:00,4604.7,4641.6,4566.0,4608.8,2801.19819975
2025-08-27 00:00:00+00:00,4608.7,4631.8,4550.4,4612.3,1446.61437536
2025-08-27 04:00:00+00:00,4612.3,4653.0,4570.8,4586.9,851.5734617100001
2025-08-27 08:00:00+00:00,4586.9,4626.8,4563.8,4619.3,624.43994636
2025-08-27 12:00:00+00:00,4618.8,4670.0,4587.6,4667.4,599.54788876
2025-08-27 16:00:00+00:00,4667.0,4667.0,4544.6,4575.4,688.23985655
2025-08-27 20:00:00+00:00,4573.8,4618.8,4491.8,4515.1,515.60243735
2025-08-28 00:00:00+00:00,4514.6,4555.2,4476.7,4550.7,254.42768429
2025-08-28 04:00:00+00:00,4550.2,4606.0,4544.8,4603.4,503.61833647
2025-08-28 08:00:00+00:00,4604.8,4638.9,4588.5,4600.6,443.22751944
2025-08-28 12:00:00+00:00,4600.6,4621.2,4493.9,4512.0,4064.08771276
2025-08-28 16:00:00+00:00,4511.9,4536.8,4445.8,4445.8,621.25531679
2025-08-28 20:00:00+00:00,4445.7,4523.2,4439.6,4520.8,371.54301069
2025-08-29 00:00:00+00:00,4520.3,4522.8,4448.1,4498.6,6663.98653211
2025-08-29 04:00:00+00:00,4498.3,4502.8,4377.5,4389.2,5409.2528791800005
2025-08-29 08:00:00+00:00,4389.4,4405.7,4328.3,4354.2,611.24728609
2025-08-29 12:00:00+00:00,4354.2,4460.7,4274.7,4325.7,1320.93629934
2025-08-29 16:00:00+00:00,4325.8,4372.8,4306.8,4348.8,158.74789612
2025-08-29 20:00:00+00:00,4349.8,4385.0,4311.3,4366.8,287.55879175
2025-08-30 00:00:00+00:00,4366.8,4386.8,4265.8,4360.3,872.52872976
2025-08-30 04:00:00+00:00,4360.4,4420.8,4355.5,4408.6,144.92027715
2025-08-30 08:00:00+00:00,4408.7,4414.7,4387.7,4399.4,77.9327391
2025-08-30 12:00:00+00:00,4399.4,4399.8,4341.8,4382.8,324.87161027999997
2025-08-30 16:00:00+00:00,4382.9,4382.9,4344.4,4361.8,48.1283949
2025-08-30 20:00:00+00:00,4361.8,4384.8,4344.4,4382.8,96.89081414
2025-08-31 00:00:00+00:00,4382.2,4494.3,4382.2,4494.3,626.43050054
2025-08-31 04:00:00+00:00,4494.3,4496.7,4442.1,4459.6,472.78303419
2025-08-31 08:00:00+00:00,4459.6,4487.8,4448.8,4483.3,271.30491158
2025-08-31 12:00:00+00:00,4483.2,4504.5,4458.9,4493.5,446.26906476
2025-08-31 16:00:00+00:00,4493.4,4497.6,4463.4,4463.4,251.87809504999998
2025-08-31 20:00:00+00:00,4463.3,4484.4,4386.8,4397.3,373.31954526
2025-09-01 00:00:00+00:00,4397.1,4436.8,4367.8,4410.6,258.12400251
2025-09-01 04:00:00+00:00,4410.6,4466.8,4365.0,4466.1,221.81647689
2025-09-01 08:00:00+00:00,4466.8,4494.3,4390.0,4399.4,558.98364889
2025-09-01 12:00:00+00:00,4399.3,4428.2,4354.9,4367.8,390.44644701
2025-09-01 16:00:00+00:00,4367.8,4376.8,4318.1,4375.4,179.64736172
2025-09-01 20:00:00+00:00,4375.3,4375.3,4219.7,4320.8,833.3600816000001
2025-09-02 00:00:00+00:00,4320.8,4399.8,4299.7,4373.3,494.66842919
2025-09-02 04:00:00+00:00,4373.5,4421.8,4369.8,4383.8,186.18175366
2025-09-02 08:00:00+00:00,4384.8,4413.8,4350.0,4355.4,277.27471479
2025-09-02 12:00:00+00:00,4354.8,4403.6,4281.8,4300.8,928.87803892
2025-09-02 16:00:00+00:00,4300.8,4336.7,4266.8,4280.5,317.44462473
2025-09-02 20:00:00+00:00,4280.7,4342.9,4275.8,4331.6,206.20650314
2025-09-03 00:00:00+00:00,4331.7,4358.8,4291.8,4342.8,263.95562908
2025-09-03 04:00:00+00:00,4342.6,4347.8,4296.8,4317.6,245.39235127
2025-09-03 08:00:00+00:00,4317.5,4392.8,4309.8,4379.9,349.77041646
2025-09-03 12:00:00+00:00,4379.9,4492.7,4350.0,4488.8,1135.5576663699999
2025-09-03 16:00:00+00:00,4488.8,4495.6,4462.3,4481.8,212.66258353
2025-09-03 20:00:00+00:00,4482.8,4487.8,4446.8,4456.7,153.1972516
2025-09-04 00:00:00+00:00,4456.6,4488.2,4397.6,4403.8,209.68058127
2025-09-04 04:00:00+00:00,4403.9,4421.0,4363.7,4379.9,364.53592352
2025-09-04 08:00:00+00:00,4380.0,4438.8,4373.8,4414.8,160.18624705
2025-09-04 12:00:00+00:00,4413.8,4438.1,4302.3,4312.6,1203.72434221
2025-09-04 16:00:00+00:00,4312.5,4328.8,4273.6,4285.1,634.59639966
2025-09-04 20:00:00+00:00,4285.1,4358.8,4282.3,4304.8,143.84793718
2025-09-05 00:00:00+00:00,4304.9,4341.1,4297.4,4335.2,125.07894748
2025-09-05 04:00:00+00:00,4335.4,4435.0,4324.2,4424.9,414.27565211
2025-09-05 08:00:00+00:00,4425.7,4432.0,4381.1,4424.9,320.56283521
2025-09-05 12:00:00+00:00,4424.9,4498.8,4262.1,4287.7,2481.65089619
2025-09-05 16:00:00+00:00,4287.1,4337.8,4280.3,4337.8,210.24730273
2025-09-05 20:00:00+00:00,4337.5,4348.7,4293.8,4302.9,6427.03485098
2025-09-06 00:00:00+00:00,4302.9,4316.5,4301.0,4314.7,4175.19818569
2025-09-06 04:00:00+00:00,4314.6,4314.7,4289.2,4307.9,185.35636844
2025-09-06 08:00:00+00:00,4308.4,4310.2,4280.0,4296.3,2453.94388862
2025-09-06 12:00:00+00:00,4296.3,4305.8,4264.9,4273.8,156.34963739
2025-09-06 16:00:00+00:00,4273.6,4310.2,4241.8,4262.0,1809.36002183
2025-09-06 20:00:00+00:00,4261.9,4285.8,4261.8,4273.4,9740.29884738
2025-09-07 00:00:00+00:00,4273.5,4303.9,4272.4,4298.9,393.97087032999997
2025-09-07 04:00:00+00:00,4298.9,4310.0,4284.0,4297.9,405.98940908
2025-09-07 08:00:00+00:00,4297.9,4317.8,4293.2,4305.9,9355.66336404
2025-09-07 12:00:00+00:00,4305.9,4310.3,4289.9,4299.1,419.62479363
2025-09-07 16:00:00+00:00,4299.0,4300.4,4273.8,4294.1,167.982302
2025-09-07 20:00:00+00:00,4294.5,4336.4,4285.7,4307.2,422.53296567
2025-09-08 00:00:00+00:00,4307.1,4332.5,4282.8,4314.0,393.13181212
2025-09-08 04:00:00+00:00,4314.7,4316.1,4292.9,4295.3,471.06374724
2025-09-08 08:00:00+00:00,4295.8,4339.9,4293.7,4315.0,1506.16097391
2025-09-08 12:00:00+00:00,4314.9,4380.1,4309.1,4367.1,10708.86804722
2025-09-08 16:00:00+00:00,4367.1,4368.8,4281.8,4290.4,6029.05560687
2025-09-08 20:00:00+00:00,4290.6,4328.6,4282.5,4305.8,1577.95076679
2025-09-09 00:00:00+00:00,4305.8,4311.9,4277.1,4306.3,293.23782907
2025-09-09 04:00:00+00:00,4306.3,4378.4,4302.8,4358.8,1891.12395084
2025-09-09 08:00:00+00:00,4358.8,4363.8,4341.6,4344.7,5452.93515492
2025-09-09 12:00:00+00:00,4344.7,4363.0,4276.5,4284.8,3326.5676140699998
2025-09-09 16:00:00+00:00,4284.6,4298.6,4278.8,4296.8,124.62027305
2025-09-09 20:00:00+00:00,4296.3,4318.9,4282.3,4309.7,94.94372111
2025-09-10 00:00:00+00:00,4309.7,4330.9,4290.0,4325.9,772.93899561
2025-09-10 04:00:00+00:00,4325.8,4338.5,4304.1,4333.3,803.45543496
2025-09-10 08:00:00+00:00,4333.3,4337.5,4315.3,4332.5,2148.10750913
2025-09-10 12:00:00+00:00,4332.5,4454.2,4332.5,4404.1,4285.94297871
2025-09-10 16:00:00+00:00,4405.1,4406.2,4301.2,4322.8,539.68668858
2025-09-10 20:00:00+00:00,4323.1,4352.5,4323.1,4345.9,6350.9878261799995
2025-09-11 00:00:00+00:00,4345.9,4404.8,4337.8,4402.0,113.89908882
2025-09-11 04:00:00+00:00,4403.3,4447.8,4395.4,4440.9,434.24572058
2025-09-11 08:00:00+00:00,4440.8,4440.8,4406.8,4430.4,349.96590698
2025-09-11 12:00:00+00:00,4430.4,4478.0,4346.7,4412.8,2108.98142494
2025-09-11 16:00:00+00:00,4412.8,4437.9,4408.1,4420.5,7376.32875228
2025-09-11 20:00:00+00:00,4420.4,4466.7,4411.2,4457.5,5234.94032493
2025-09-12 00:00:00+00:00,4457.6,4534.4,4449.8,4501.8,601.85124461
2025-09-12 04:00:00+00:00,4501.8,4559.4,4498.3,4524.9,197.14817553
2025-09-12 08:00:00+00:00,4524.9,4530.9,4504.6,4513.2,3973.93739449
2025-09-12 12:00:00+00:00,4513.2,4567.9,4500.0,4541.8,6976.00203265
2025-09-12 16:00:00+00:00,4541.4,4658.7,4533.1,4658.1,599.21020794
2025-09-12 20:00:00+00:00,4658.1,4741.8,4630.3,4707.8,4693.4403961
2025-09-13 00:00:00+00:00,4707.7,4761.2,4691.0,4755.1,6577.30954263
2025-09-13 04:00:00+00:00,4753.8,4753.8,4699.2,4710.8,2321.91099769
2025-09-13 08:00:00+00:00,4710.8,4732.8,4706.8,4719.6,2318.91895547
2025-09-13 12:00:00+00:00,4719.3,4726.8,4640.0,4652.2,1183.49060906
2025-09-13 16:00:00+00:00,4652.2,4665.4,4606.0,4638.4,665.79455943
2025-09-13 20:00:00+00:00,4638.3,4670.4,4637.8,4665.4,68.83402358000001
2025-09-14 00:00:00+00:00,4665.6,4688.8,4647.7,4661.2,155.005124
2025-09-14 04:00:00+00:00,4661.2,4679.3,4634.8,4649.8,38.64797993
2025-09-14 08:00:00+00:00,4649.8,4671.7,4628.2,4633.3,155.58614399
2025-09-14 12:00:00+00:00,4633.3,4644.7,4579.9,4581.8,729.99051763
2025-09-14 16:00:00+00:00,4581.8,4628.8,4580.1,4616.1,370.75516269
2025-09-14 20:00:00+00:00,4616.1,4638.7,4602.8,4615.3,385.34759835
2025-09-15 00:00:00+00:00,4614.9,4650.8,4591.1,4646.6,536.95910841
2025-09-15 04:00:00+00:00,4646.5,4679.7,4598.8,4608.0,402.4389281
2025-09-15 08:00:00+00:00,4608.0,4608.0,4509.6,4539.8,1634.45529622
2025-09-15 12:00:00+00:00,4539.7,4550.8,4473.5,4508.1,748.4666429600001
2025-09-15 16:00:00+00:00,4507.8,4518.9,4479.7,4500.9,295.76420527
2025-09-15 20:00:00+00:00,4500.3,4535.7,4496.1,4532.8,294.20147993
2025-09-16 00:00:00+00:00,4532.4,4545.9,4515.6,4530.2,149.95138595
2025-09-16 04:00:00+00:00,4530.2,4540.9,4498.1,4518.9,82.41565467
2025-09-16 08:00:00+00:00,4518.9,4537.5,4502.1,4508.1,158.9871318
2025-09-16 12:00:00+00:00,4508.1,4518.2,4431.6,4473.0,724.32849837
2025-09-16 16:00:00+00:00,4473.7,4514.8,4454.0,4497.1,539.38293915
2025-09-16 20:00:00+00:00,4496.1,4527.9,4490.1,4504.8,123.03326302
2025-09-17 00:00:00+00:00,4504.9,4554.9,4498.2,4503.0,226.206749
2025-09-17 04:00:00+00:00,4502.5,4560.0,4470.0,4547.9,459.90478646
2025-09-17 08:00:00+00:00,4547.9,4548.8,4483.9,4496.8,300.18378626
2025-09-17 12:00:00+00:00,4496.7,4516.0,4473.8,4495.3,333.59835603
2025-09-17 16:00:00+00:00,4495.2,4535.0,4417.8,4522.3,2284.13473813
2025-09-17 20:00:00+00:00,4522.3,4619.4,4493.0,4593.0,394.21824323
2025-09-18 00:00:00+00:00,4593.1,4647.3,4584.3,4617.1,162.72645219
2025-09-18 04:00:00+00:00,4617.1,4620.0,4556.1,4576.6,653.91876075
2025-09-18 08:00:00+00:00,4576.5,4606.7,4570.4,4575.4,194.71218727
2025-09-18 12:00:00+00:00,4575.9,4626.7,4562.0,4602.3,186.86728069
2025-09-18 16:00:00+00:00,4602.1,4637.0,4582.0,4588.0,2266.66065544
2025-09-18 20:00:00+00:00,4587.8,4604.7,4572.1,4589.0,433.35212783
2025-09-19 00:00:00+00:00,4589.0,4618.2,4547.7,4552.0,1012.70929727
2025-09-19 04:00:00+00:00,4551.8,4560.0,4522.6,4542.5,185.52362320999998
2025-09-19 08:00:00+00:00,4542.4,4550.9,4512.4,4518.1,86.88399474
2025-09-19 12:00:00+00:00,4518.1,4545.6,4443.9,4476.2,844.19594496
2025-09-19 16:00:00+00:00,4477.2,4490.9,4445.0,4451.3,467.98068503
2025-09-19 20:00:00+00:00,4451.1,4487.1,4449.2,4476.9,47.48630263
2025-09-20 00:00:00+00:00,4476.9,4482.9,4464.1,4472.3,43.40278684
2025-09-20 04:00:00+00:00,4472.4,4490.9,4472.3,4489.7,46.21011443
2025-09-20 08:00:00+00:00,4489.6,4489.6,4465.1,4476.9,19.36197697
2025-09-20 12:00:00+00:00,4476.8,4513.0,4472.1,4505.3,120.0841442
2025-09-20 16:00:00+00:00,4505.4,4514.7,4478.1,4488.7,68.50937661
2025-09-20 20:00:00+00:00,4488.0,4506.9,4487.5,4487.9,126.94402508
2025-09-21 00:00:00+00:00,4487.7,4495.3,4467.1,4483.9,76.13783653
2025-09-21 04:00:00+00:00,4483.9,4496.9,4474.0,4483.8,96.56711045
2025-09-21 08:00:00+00:00,4483.8,4484.6,4452.4,4467.1,73.47615065
2025-09-21 12:00:00+00:00,4467.2,4492.3,4467.2,4490.9,85.49209693
2025-09-21 16:00:00+00:00,4490.7,4507.0,4474.2,4501.0,226.06890067
2025-09-21 20:00:00+00:00,4501.0,4501.4,4451.8,4453.1,68.31770528
2025-09-22 00:00:00+00:00,4452.6,4462.2,4274.1,4314.8,1161.49972598
2025-09-22 04:00:00+00:00,4314.3,4317.9,4056.0,4201.8,4867.7119615
2025-09-22 08:00:00+00:00,4201.7,4214.8,4146.1,4188.6,485.39977692
2025-09-22 12:00:00+00:00,4188.6,4225.6,4165.0,4175.4,2137.45833536
2025-09-22 16:00:00+00:00,4175.0,4188.8,4128.5,4141.8,663.09167877
2025-09-22 20:00:00+00:00,4141.4,4213.8,4141.4,4205.3,192.6728584
2025-09-23 00:00:00+00:00,4205.1,4216.9,4122.2,4194.4,555.39434784
2025-09-23 04:00:00+00:00,4194.5,4220.9,4163.1,4213.4,918.3254986
2025-09-23 08:00:00+00:00,4213.4,4234.0,4187.7,4201.7,2291.14595083
2025-09-23 12:00:00+00:00,4201.6,4218.8,4172.0,4190.0,586.48465437
2025-09-23 16:00:00+00:00,4189.5,4213.9,4145.3,4159.9,357.90172029
2025-09-23 20:00:00+00:00,4159.9,4198.6,4149.1,4174.1,197.41539146
2025-09-24 00:00:00+00:00,4173.6,4201.9,4139.3,4156.3,380.45308837
2025-09-24 04:00:00+00:00,4156.1,4190.8,4085.5,4181.1,285.23453618
2025-09-24 08:00:00+00:00,4181.1,4206.2,4174.0,4189.7,160.91274527
2025-09-24 12:00:00+00:00,4189.9,4211.9,4155.2,4171.9,360.83961089
2025-09-24 16:00:00+00:00,4172.7,4200.0,4163.3,4170.1,1136.5382820300001
2025-09-24 20:00:00+00:00,4170.0,4178.9,4139.9,4160.4,324.16041814
2025-09-25 00:00:00+00:00,4160.4,4167.9,4032.1,4071.9,1351.97099009
2025-09-25 04:00:00+00:00,4070.1,4076.9,3975.3,4017.6,961.74932426
2025-09-25 08:00:00+00:00,4017.6,4060.4,4001.1,4010.7,803.95422177
2025-09-25 12:00:00+00:00,4010.6,4029.8,3933.9,4009.7,1233.97805651
2025-09-25 16:00:00+00:00,4010.2,4013.7,3832.0,3917.8,1548.91313495
2025-09-25 20:00:00+00:00,3918.8,3944.2,3857.4,3877.9,408.36313466
2025-09-26 00:00:00+00:00,3878.9,3976.9,3875.1,3974.1,162.26559115
2025-09-26 04:00:00+00:00,3974.1,3983.9,3915.0,3945.9,810.97042187
2025-09-26 08:00:00+00:00,3945.9,3951.5,3883.2,3915.4,664.93048217
2025-09-26 12:00:00+00:00,3915.3,3992.7,3885.6,3954.0,687.43952698
2025-09-26 16:00:00+00:00,3953.9,4078.0,3953.1,4034.6,472.94297603
2025-09-26 20:00:00+00:00,4034.3,4049.2,4015.9,4042.6,288.07674058
2025-09-27 00:00:00+00:00,4042.5,4042.5,4017.1,4030.1,214.02602442
2025-09-27 04:00:00+00:00,4029.9,4034.9,4018.1,4018.6,99.88404823
2025-09-27 08:00:00+00:00,4018.2,4027.0,3983.7,4011.6,287.02806823
2025-09-27 12:00:00+00:00,4011.6,4050.0,4006.2,4029.6,529.0388254
2025-09-27 16:00:00+00:00,4029.1,4029.1,3991.9,4011.9,224.96518232
2025-09-27 20:00:00+00:00,4012.0,4041.5,4011.4,4027.2,63.79123682
2025-09-28 00:00:00+00:00,4027.2,4040.9,4005.0,4013.4,286.73949987
2025-09-28 04:00:00+00:00,4013.5,4030.4,4007.4,4024.9,64.55492704
2025-09-28 08:00:00+00:00,4024.8,4024.8,3995.9,4003.2,52.585374030000004
2025-09-28 12:00:00+00:00,4002.9,4037.2,3977.2,4031.3,216.96736237
2025-09-28 16:00:00+00:00,4031.3,4061.9,4031.3,4048.4,136.08168345
2025-09-28 20:00:00+00:00,4048.5,4154.3,4047.5,4151.8,448.73583465
2025-09-29 00:00:00+00:00,4153.0,4153.7,4113.8,4129.0,82.62005406
2025-09-29 04:00:00+00:00,4129.0,4130.9,4099.5,4117.6,167.08034944
2025-09-29 08:00:00+00:00,4117.6,4148.0,4104.3,4112.9,139.05074435
2025-09-29 12:00:00+00:00,4112.8,4218.3,4094.2,4174.2,1207.22443414
2025-09-29 16:00:00+00:00,4174.2,4202.1,4139.4,4198.5,228.79362104
2025-09-29 20:00:00+00:00,4197.5,4250.0,4194.7,4222.9,355.7632494
2025-09-30 00:00:00+00:00,4222.9,4256.5,4198.4,4208.5,323.9595678
2025-09-30 04:00:00+00:00,4208.4,4214.2,4179.8,4190.1,165.91062551
2025-09-30 08:00:00+00:00,4190.2,4190.2,4144.5,4175.4,256.13740215
2025-09-30 12:00:00+00:00,4175.1,4182.4,4103.1,4124.1,487.27046015
2025-09-30 16:00:00+00:00,4124.1,4171.6,4099.5,4163.5,327.84884894
2025-09-30 20:00:00+00:00,4162.7,4200.9,4120.0,4146.0,747.44385677
2025-10-01 00:00:00+00:00,4146.5,4173.9,4126.5,4129.5,493.05454899
2025-10-01 04:00:00+00:00,4128.3,4156.0,4124.2,4149.4,311.7698564
2025-10-01 08:00:00+00:00,4149.3,4329.9,4146.4,4298.8,2061.20782199
2025-10-01 12:00:00+00:00,4299.1,4345.5,4281.8,4329.9,481.28336959
2025-10-01 16:00:00+00:00,4329.9,4341.6,4286.9,4335.8,559.31139097
2025-10-01 20:00:00+00:00,4335.8,4359.0,4294.7,4350.3,1544.52807935
2025-10-02 00:00:00+00:00,4350.7,4401.5,4338.1,4380.7,569.80560727
2025-10-02 04:00:00+00:00,4380.6,4425.7,4361.4,4377.2,649.05416545
2025-10-02 08:00:00+00:00,4377.7,4396.7,4372.9,4382.0,474.08059888
2025-10-02 12:00:00+00:00,4381.9,4444.0,4340.3,4442.9,906.23924832
2025-10-02 16:00:00+00:00,4441.9,4519.4,4425.0,4499.3,1360.17696034
2025-10-02 20:00:00+00:00,4498.6,4498.6,4460.9,4485.4,610.72558252
2025-10-03 00:00:00+00:00,4485.3,4560.5,4464.8,4502.1,671.98523879
2025-10-03 04:00:00+00:00,4502.0,4509.9,4458.1,4464.8,284.58177243
2025-10-03 08:00:00+00:00,4465.3,4497.6,4433.1,4482.1,498.5553601
2025-10-03 12:00:00+00:00,4482.2,4545.0,4440.9,4539.0,447.58912715
2025-10-03 16:00:00+00:00,4537.8,4591.4,4454.7,4517.7,1795.87527947
2025-10-03 20:00:00+00:00,4517.7,4541.4,4494.7,4511.0,1967.8346674
2025-10-04 00:00:00+00:00,4510.9,4515.2,4465.4,4486.9,163.25323035
2025-10-04 04:00:00+00:00,4486.5,4516.4,4481.1,4498.2,171.70218586
2025-10-04 08:00:00+00:00,4498.6,4503.5,4482.1,4483.7,58.51091087
2025-10-04 12:00:00+00:00,4484.0,4509.9,4441.8,4454.1,265.8719021
2025-10-04 16:00:00+00:00,4454.8,4476.0,4441.9,4466.4,176.89371187
2025-10-04 20:00:00+00:00,4466.7,4494.2,4466.7,4487.1,83.30129671
2025-10-05 00:00:00+00:00,4487.2,4572.9,4469.1,4533.9,1497.57821978
2025-10-05 04:00:00+00:00,4534.1,4612.2,4530.9,4602.2,6197.65555329
2025-10-05 08:00:00+00:00,4602.7,4616.5,4523.7,4553.1,2652.26225576
2025-10-05 12:00:00+00:00,4552.9,4552.9,4529.3,4534.3,249.33337966
2025-10-05 16:00:00+00:00,4534.3,4540.9,4486.1,4487.8,346.41003252
2025-10-05 20:00:00+00:00,4486.1,4524.4,4476.5,4513.9,1526.87173318
2025-10-06 00:00:00+00:00,4513.9,4552.2,4491.2,4536.6,6357.2561190999995
2025-10-06 04:00:00+00:00,4536.1,4576.3,4509.4,4533.4,3115.57396973
2025-10-06 08:00:00+00:00,4533.4,4592.4,4533.4,4573.1,327.43530102
2025-10-06 12:00:00+00:00,4573.1,4691.9,4572.2,4673.1,2182.35831319
2025-10-06 16:00:00+00:00,4673.1,4730.9,4660.3,4722.8,10013.48449382
2025-10-06 20:00:00+00:00,4722.8,4733.9,4672.7,4684.6,555.86355179
2025-10-07 00:00:00+00:00,4684.1,4696.9,4665.5,4689.9,179.86305068
2025-10-07 04:00:00+00:00,4689.8,4727.9,4666.8,4677.7,470.36609881
2025-10-07 08:00:00+00:00,4677.8,4710.4,4641.2,4708.9,4031.36064314
2025-10-07 12:00:00+00:00,4708.8,4752.1,4481.0,4512.3,3301.0904184
2025-10-07 16:00:00+00:00,4511.1,4521.3,4448.2,4481.2,1060.96918148
2025-10-07 20:00:00+00:00,4481.1,4518.3,4434.6,4451.8,379.5373229
2025-10-08 00:00:00+00:00,4451.3,4501.4,4444.4,4448.8,4369.86863348
2025-10-08 04:00:00+00:00,4448.8,4470.9,4413.7,4468.9,1238.4417899
2025-10-08 08:00:00+00:00,4469.9,4511.4,4466.3,4492.7,411.14827098
2025-10-08 12:00:00+00:00,4492.7,4526.1,4441.9,4448.9,895.99845782
2025-10-08 16:00:00+00:00,4448.9,4557.4,4442.6,4517.5,1018.36396205
2025-10-08 20:00:00+00:00,4517.5,4539.9,4502.3,4529.3,274.9125957
2025-10-09 00:00:00+00:00,4529.3,4533.2,4403.9,4454.1,708.94955071
2025-10-09 04:00:00+00:00,4453.6,4463.3,4416.1,4430.1,167.01130994
2025-10-09 08:00:00+00:00,4429.8,4429.8,4324.0,4376.0,909.91729425
2025-10-09 12:00:00+00:00,4375.0,4413.5,4293.9,4316.8,951.36493522
2025-10-09 16:00:00+00:00,4316.3,4344.9,4267.0,4339.1,527.72866426
2025-10-09 20:00:00+00:00,4339.6,4384.0,4330.5,4371.2,300.30411203
2025-10-10 00:00:00+00:00,4371.1,4396.5,4348.1,4352.1,113.41107757
2025-10-10 04:00:00+00:00,4351.1,4379.9,4322.1,4328.1,1219.81281523
2025-10-10 08:00:00+00:00,4329.1,4357.0,4321.1,4351.8,269.73184755
2025-10-10 12:00:00+00:00,4351.5,4395.9,4084.5,4109.3,2300.09206617
2025-10-10 16:00:00+00:00,4109.3,4146.1,3959.1,4005.7,6424.37964889
2025-10-10 20:00:00+00:00,4006.9,4031.6,3500.0,3859.1,26211.92821177
2025-10-11 00:00:00+00:00,3859.1,3908.5,3754.7,3803.4,6913.87056931
2025-10-11 04:00:00+00:00,3803.1,3843.0,3748.0,3768.3,968.45217816
2025-10-11 08:00:00+00:00,3769.5,3867.0,3763.6,3846.8,2298.18400476
2025-10-11 12:00:00+00:00,3846.8,3861.3,3798.1,3835.9,446.02458757
2025-10-11 16:00:00+00:00,3835.8,3855.6,3738.8,3766.0,454.19583989
2025-10-11 20:00:00+00:00,3766.0,3774.8,3651.0,3757.0,3692.83266954
2025-10-12 00:00:00+00:00,3757.1,3822.9,3707.6,3790.4,4234.32723539
2025-10-12 04:00:00+00:00,3790.6,3856.4,3786.4,3837.9,1788.63414103
2025-10-12 08:00:00+00:00,3837.9,3873.7,3815.8,3827.4,735.65171487
2025-10-12 12:00:00+00:00,3827.4,4084.4,3802.6,4043.3,1744.23821314
2025-10-12 16:00:00+00:00,4043.8,4175.0,4043.8,4145.3,1369.63835089
2025-10-12 20:00:00+00:00,4145.2,4204.0,4091.0,4162.3,446.47729221000003
2025-10-13 00:00:00+00:00,4162.4,4225.5,4133.6,4148.3,434.0419311
2025-10-13 04:00:00+00:00,4148.3,4205.9,4125.2,4186.9,483.31808473
2025-10-13 08:00:00+00:00,4186.8,4202.3,4051.7,4087.3,1440.79666899
2025-10-13 12:00:00+00:00,4087.2,4183.4,4063.8,4137.9,630.09926372
2025-10-13 16:00:00+00:00,4139.3,4277.8,4134.1,4258.7,673.60043936
2025-10-13 20:00:00+00:00,4259.4,4295.7,4245.6,4250.3,1608.89753712
2025-10-14 00:00:00+00:00,4250.7,4272.1,4147.0,4164.3,640.05384752
2025-10-14 04:00:00+00:00,4164.3,4169.1,3975.0,3988.6,757.90281966
2025-10-14 08:00:00+00:00,3988.6,4021.1,3890.5,3978.9,1466.46564292
2025-10-14 12:00:00+00:00,3978.9,4095.4,3907.5,4095.3,1058.06275645
2025-10-14 16:00:00+00:00,4093.2,4169.0,4057.9,4113.8,1488.08659281
2025-10-14 20:00:00+00:00,4114.6,4152.5,4082.3,4133.3,264.74422054
2025-10-15 00:00:00+00:00,4133.2,4151.7,4071.9,4091.6,330.78149113
2025-10-15 04:00:00+00:00,4091.6,4137.6,4084.2,4132.3,131.92079311999998
2025-10-15 08:00:00+00:00,4132.2,4223.3,4098.4,4107.1,770.90782655
2025-10-15 12:00:00+00:00,4107.1,4114.0,3967.8,3987.1,775.626943
2025-10-15 16:00:00+00:00,3987.1,4018.8,3938.6,3991.4,2535.50429769
2025-10-15 20:00:00+00:00,3990.5,4002.0,3935.5,3990.9,1136.16654248
2025-10-16 00:00:00+00:00,3991.3,4042.5,3982.7,4021.0,74.0160099
2025-10-16 04:00:00+00:00,4022.2,4055.5,3992.8,4011.3,495.76511781
2025-10-16 08:00:00+00:00,4011.3,4084.3,3950.8,4068.6,776.41629868
2025-10-16 12:00:00+00:00,4068.6,4094.3,3902.1,3916.9,1115.2298843
2025-10-16 16:00:00+00:00,3915.5,3973.8,3860.3,3876.1,900.95916239
2025-10-16 20:00:00+00:00,3877.4,3903.7,3836.2,3901.4,434.25277707
2025-10-17 00:00:00+00:00,3901.4,3957.2,3897.6,3941.7,378.93171313
2025-10-17 04:00:00+00:00,3942.8,3943.6,3762.1,3762.8,849.54196316
2025-10-17 08:00:00+00:00,3763.2,3822.2,3683.6,3784.0,1151.9985655
2025-10-17 12:00:00+00:00,3784.7,3816.6,3723.6,3806.5,256.31788354
2025-10-17 16:00:00+00:00,3806.1,3855.6,3789.2,3836.4,388.86439504
2025-10-17 20:00:00+00:00,3836.3,3890.0,3827.0,3839.5,582.63036984
2025-10-18 00:00:00+00:00,3839.6,3888.1,3827.3,3877.7,123.62964283
2025-10-18 04:00:00+00:00,3877.6,3933.8,3851.2,3899.2,202.01215889
2025-10-18 08:00:00+00:00,3899.2,3912.4,3872.4,3891.6,126.93999121
2025-10-18 12:00:00+00:00,3890.4,3900.0,3858.9,3886.4,322.24747422
2025-10-18 16:00:00+00:00,3886.4,3905.1,3862.5,3900.7,156.33798617
2025-10-18 20:00:00+00:00,3900.8,3915.4,3878.3,3896.3,57.35209091
2025-10-19 00:00:00+00:00,3896.4,3913.5,3864.9,3913.5,44.7664448
2025-10-19 04:00:00+00:00,3913.6,3926.7,3882.7,3894.1,75.40606402
2025-10-19 08:00:00+00:00,3894.4,3967.9,3833.3,3932.7,1968.05292099
2025-10-19 12:00:00+00:00,3931.9,4005.0,3915.8,3983.8,586.34305249
2025-10-19 16:00:00+00:00,3983.8,4031.3,3967.1,3992.7,872.77375436
2025-10-19 20:00:00+00:00,3992.6,4037.4,3977.8,3989.6,285.89825547
2025-10-20 00:00:00+00:00,3989.6,4044.1,3918.5,4035.3,242.85225627
2025-10-20 04:00:00+00:00,4036.6,4090.0,4033.1,4060.3,883.63240049
2025-10-20 08:00:00+00:00,4060.3,4073.8,4020.0,4041.7,222.78422529
2025-10-20 12:00:00+00:00,4041.7,4055.9,4010.0,4012.0,1200.01351803
2025-10-20 16:00:00+00:00,4010.5,4010.5,3930.0,3987.9,1213.53740161
2025-10-20 20:00:00+00:00,3987.5,4009.3,3979.3,3987.4,131.71045225
2025-10-21 00:00:00+00:00,3987.4,3991.0,3928.9,3931.1,350.81055431
2025-10-21 04:00:00+00:00,3931.0,3931.0,3849.2,3901.6,626.66705241
2025-10-21 08:00:00+00:00,3901.4,3903.0,3860.4,3899.4,256.76770764
2025-10-21 12:00:00+00:00,3899.4,4090.0,3860.2,4089.7,1215.96215444
2025-10-21 16:00:00+00:00,4090.0,4114.9,3972.0,4008.6,853.0623534
2025-10-21 20:00:00+00:00,4006.5,4008.3,3867.2,3882.0,613.91422379
2025-10-22 00:00:00+00:00,3880.4,3896.1,3827.4,3864.8,537.78969828
2025-10-22 04:00:00+00:00,3866.1,3890.4,3846.2,3876.2,913.970697
2025-10-22 08:00:00+00:00,3875.8,3875.8,3777.7,3834.3,716.27768641
2025-10-22 12:00:00+00:00,3834.3,3875.1,3781.0,3841.4,1244.91294534
2025-10-22 16:00:00+00:00,3840.3,3858.6,3786.3,3805.3,204.07501685
2025-10-22 20:00:00+00:00,3804.1,3817.2,3710.9,3808.6,1061.7948238
2025-10-23 00:00:00+00:00,3808.3,3837.1,3800.5,3830.3,125.91782264
2025-10-23 04:00:00+00:00,3830.3,3898.0,3828.3,3883.5,179.55595473
2025-10-23 08:00:00+00:00,3883.5,3903.8,3861.5,3863.7,289.66785105
2025-10-23 12:00:00+00:00,3863.7,3888.1,3810.6,3876.2,480.36011421
2025-10-23 16:00:00+00:00,3876.2,3935.2,3848.9,3862.9,409.73714626
2025-10-23 20:00:00+00:00,3862.6,3862.6,3821.6,3858.4,402.37609428
2025-10-24 00:00:00+00:00,3859.1,3896.6,3849.8,3894.6,314.93468568
2025-10-24 04:00:00+00:00,3894.6,3987.8,3891.9,3949.0,477.02612008
2025-10-24 08:00:00+00:00,3949.2,3968.8,3931.9,3946.2,114.6184148
2025-10-24 12:00:00+00:00,3946.2,4022.7,3872.9,3891.6,1540.74039883
2025-10-24 16:00:00+00:00,3891.6,3941.5,3870.1,3930.9,287.70505586
2025-10-24 20:00:00+00:00,3930.5,3946.7,3928.9,3936.8,114.97513427999999
2025-10-25 00:00:00+00:00,3937.0,3941.1,3918.2,3925.1,90.02061676
2025-10-25 04:00:00+00:00,3925.0,3961.2,3924.5,3930.7,250.43282387
2025-10-25 08:00:00+00:00,3930.6,3957.2,3930.3,3943.3,151.00066268
2025-10-25 12:00:00+00:00,3943.1,3957.1,3927.1,3933.0,298.12883941
2025-10-25 16:00:00+00:00,3933.0,3967.8,3930.5,3957.4,96.08980573
2025-10-25 20:00:00+00:00,3957.5,3963.9,3937.3,3954.2,158.46205257
2025-10-26 00:00:00+00:00,3953.7,3959.9,3918.9,3929.9,137.86705383
2025-10-26 04:00:00+00:00,3930.0,3955.3,3930.0,3952.2,26.026736
2025-10-26 08:00:00+00:00,3952.4,4051.6,3952.2,4043.2,500.90351143
2025-10-26 12:00:00+00:00,4042.8,4096.1,4039.8,4073.7,324.88998446
2025-10-26 16:00:00+00:00,4073.6,4079.0,4046.1,4066.1,75.17122422
2025-10-26 20:00:00+00:00,4066.1,4177.0,4055.2,4155.8,728.79737692
2025-10-27 00:00:00+00:00,4157.1,4224.0,4149.4,4203.7,481.54244978
2025-10-27 04:00:00+00:00,4203.7,4250.9,4194.7,4200.8,195.62791857
2025-10-27 08:00:00+00:00,4200.3,4200.3,4121.8,4159.9,652.73788884
2025-10-27 12:00:00+00:00,4160.4,4185.9,4124.5,4172.9,317.00173885
2025-10-27 16:00:00+00:00,4172.9,4231.9,4172.9,4192.8,314.84843291
2025-10-27 20:00:00+00:00,4192.9,4194.5,4097.1,4120.6,516.44889049
2025-10-28 00:00:00+00:00,4120.6,4140.5,4070.2,4094.5,267.57644636
2025-10-28 04:00:00+00:00,4094.5,4128.2,4066.1,4117.5,435.04637008
2025-10-28 08:00:00+00:00,4117.6,4134.9,4105.2,4112.6,80.38594686
2025-10-28 12:00:00+00:00,4112.6,4173.1,4074.1,4095.3,631.91450643
2025-10-28 16:00:00+00:00,4095.3,4149.0,4028.2,4038.7,332.38692093
2025-10-28 20:00:00+00:00,4039.8,4041.1,3933.8,3982.2,671.52768766
2025-10-29 00:00:00+00:00,3982.1,4011.6,3969.1,4001.3,161.75875861
2025-10-29 04:00:00+00:00,4001.2,4041.6,4000.3,4030.0,464.49620722
2025-10-29 08:00:00+00:00,4029.9,4030.9,3991.1,4017.7,68.52334951
2025-10-29 12:00:00+00:00,4017.7,4034.4,3949.6,3956.7,453.57663063
2025-10-29 16:00:00+00:00,3956.1,4023.2,3846.9,3912.5,1457.16695552
2025-10-29 20:00:00+00:00,3910.8,3969.0,3882.2,3910.3,486.61763781
2025-10-30 00:00:00+00:00,3910.4,3954.4,3893.9,3941.5,217.86019775
2025-10-30 04:00:00+00:00,3941.5,3947.4,3847.8,3945.0,335.41880342
2025-10-30 08:00:00+00:00,3945.0,3945.0,3886.6,3890.1,226.27782715
2025-10-30 12:00:00+00:00,3890.7,3891.1,3762.8,3776.0,1049.65823771
2025-10-30 16:00:00+00:00,3776.1,3805.4,3687.1,3695.1,1172.95046982
2025-10-30 20:00:00+00:00,3694.1,3812.6,3687.1,3810.8,222.83553971
2025-10-31 00:00:00+00:00,3810.4,3862.6,3804.0,3834.7,222.71706393
2025-10-31 04:00:00+00:00,3835.0,3877.4,3829.1,3836.9,239.20845528
2025-10-31 08:00:00+00:00,3836.8,3887.9,3824.9,3881.1,199.32154986
2025-10-31 12:00:00+00:00,3881.1,3891.7,3838.1,3868.0,443.18539028
2025-10-31 16:00:00+00:00,3867.9,3909.7,3811.4,3892.7,693.19477303
2025-10-31 20:00:00+00:00,3892.5,3897.7,3849.1,3855.6,115.74748033
2025-11-01 00:00:00+00:00,3855.5,3870.1,3839.1,3868.7,67.79180758
2025-11-01 04:00:00+00:00,3868.7,3875.0,3860.5,3867.5,65.64506303
2025-11-01 08:00:00+00:00,3867.6,3887.6,3867.6,3876.8,235.81931319
2025-11-01 12:00:00+00:00,3877.2,3902.1,3859.5,3896.6,229.41009634
2025-11-01 16:00:00+00:00,3896.7,3911.9,3869.1,3886.6,147.69106642
2025-11-01 20:00:00+00:00,3886.5,3896.6,3872.1,3881.0,97.87193993
2025-11-02 00:00:00+00:00,3880.6,3891.7,3869.7,3887.0,13.83849479
2025-11-02 04:00:00+00:00,3886.8,3922.1,3883.7,3913.1,179.43446896
2025-11-02 08:00:00+00:00,3913.2,3914.3,3860.7,3897.1,793.01095471
2025-11-02 12:00:00+00:00,3897.0,3898.9,3847.1,3860.1,319.30644421
2025-11-02 16:00:00+00:00,3859.1,3870.6,3848.3,3859.1,98.31328371
2025-11-02 20:00:00+00:00,3859.6,3919.9,3850.7,3913.5,560.61880574
2025-11-03 00:00:00+00:00,3913.7,3917.7,3736.5,3742.4,564.27511101
2025-11-03 04:00:00+00:00,3742.4,3771.3,3690.0,3715.2,10366.07999969
2025-11-03 08:00:00+00:00,3715.1,3741.7,3665.8,3716.0,5448.15433854
2025-11-03 12:00:00+00:00,3716.0,3753.2,3590.0,3593.8,3509.92895206
2025-11-03 16:00:00+00:00,3594.5,3682.3,3570.3,3635.4,2699.7023342
2025-11-03 20:00:00+00:00,3635.4,3639.6,3564.9,3609.9,1557.08599351
2025-11-04 00:00:00+00:00,3609.8,3659.0,3576.1,3649.5,391.10360044
2025-11-04 04:00:00+00:00,3649.3,3652.5,3480.9,3497.9,1585.52459029
2025-11-04 08:00:00+00:00,3497.6,3533.7,3465.0,3532.1,2888.58989436
2025-11-04 12:00:00+00:00,3531.7,3586.7,3476.7,3507.6,849.00311242
2025-11-04 16:00:00+00:00,3508.3,3520.0,3227.1,3232.1,2734.65135034
2025-11-04 20:00:00+00:00,3234.2,3303.9,3061.1,3289.0,2970.13722792
2025-11-05 00:00:00+00:00,3287.4,3350.4,3171.7,3335.7,1324.98505649
2025-11-05 04:00:00+00:00,3335.1,3356.3,3309.6,3338.8,7621.72417237
2025-11-05 08:00:00+00:00,3338.8,3338.8,3280.8,3328.9,3262.99653272
2025-11-05 12:00:00+00:00,3328.7,3401.5,3321.3,3400.9,1322.3796451599999
2025-11-05 16:00:00+00:00,3401.1,3480.5,3375.9,3457.5,787.38228997
2025-11-05 20:00:00+00:00,3457.3,3481.0,3415.7,3426.6,542.0352818
2025-11-06 00:00:00+00:00,3425.6,3455.5,3379.1,3438.1,450.23001298
2025-11-06 04:00:00+00:00,3438.0,3459.3,3368.3,3386.8,350.00500367
2025-11-06 08:00:00+00:00,3386.8,3419.9,3374.7,3404.1,525.05930829
2025-11-06 12:00:00+00:00,3404.1,3409.9,3283.0,3305.7,1027.77316191
2025-11-06 16:00:00+00:00,3306.6,3352.8,3250.0,3325.7,436.61447918
2025-11-06 20:00:00+00:00,3327.9,3337.0,3289.0,3315.8,151.06543202
2025-11-07 00:00:00+00:00,3315.6,3366.9,3280.7,3351.1,214.46858145
2025-11-07 04:00:00+00:00,3349.3,3374.3,3324.1,3361.0,155.51380099
2025-11-07 08:00:00+00:00,3361.1,3362.0,3232.1,3267.4,4571.46066805
2025-11-07 12:00:00+00:00,3267.6,3319.9,3200.0,3302.6,1571.99763341
2025-11-07 16:00:00+00:00,3302.6,3450.9,3279.1,3445.7,1548.84847979
2025-11-07 20:00:00+00:00,3445.6,3473.3,3433.9,3436.5,493.24768868
2025-11-08 00:00:00+00:00,3436.5,3470.6,3409.1,3458.1,97.09641407
2025-11-08 04:00:00+00:00,3458.1,3490.5,3421.2,3453.3,627.61154462
2025-11-08 08:00:00+00:00,3453.3,3472.1,3412.1,3417.8,335.51886321
2025-11-08 12:00:00+00:00,3417.9,3421.9,3375.1,3380.3,494.10947724
2025-11-08 16:00:00+00:00,3380.4,3411.8,3362.1,3394.5,329.8161628
2025-11-08 20:00:00+00:00,3394.2,3419.7,3386.6,3407.0,548.56315141
2025-11-09 00:00:00+00:00,3406.8,3407.9,3365.1,3380.8,195.88054614
2025-11-09 04:00:00+00:00,3380.7,3431.2,3376.1,3427.1,45.70253352
2025-11-09 08:00:00+00:00,3427.2,3438.9,3389.1,3433.2,136.05417463999999
2025-11-09 12:00:00+00:00,3433.9,3564.9,3431.4,3517.9,1133.93194783
2025-11-09 16:00:00+00:00,3518.0,3580.9,3504.6,3580.9,607.87397097
2025-11-09 20:00:00+00:00,3580.9,3622.5,3565.1,3585.9,389.57428075
2025-11-10 00:00:00+00:00,3585.4,3655.3,3557.1,3629.9,790.5052875
2025-11-10 04:00:00+00:00,3629.6,3631.9,3590.0,3610.2,370.6182758
2025-11-10 08:00:00+00:00,3609.7,3630.5,3588.3,3611.6,226.12345994
2025-11-10 12:00:00+00:00,3611.6,3622.3,3512.9,3523.3,10839.83247982
2025-11-10 16:00:00+00:00,3522.9,3580.4,3512.1,3563.1,3841.30221132
2025-11-10 20:00:00+00:00,3563.6,3587.9,3534.4,3568.7,2393.57271059
2025-11-11 00:00:00+00:00,3568.6,3647.9,3555.1,3608.2,440.47229479
2025-11-11 04:00:00+00:00,3608.2,3610.1,3535.1,3548.1,236.29171988
2025-11-11 08:00:00+00:00,3548.1,3589.5,3548.1,3576.5,505.84923982
2025-11-11 12:00:00+00:00,3577.2,3598.9,3470.5,3484.0,2805.16940631
2025-11-11 16:00:00+00:00,3483.8,3500.9,3448.2,3458.3,285.63094361
2025-11-11 20:00:00+00:00,3458.3,3462.8,3411.0,3421.7,1456.51275013
2025-11-12 00:00:00+00:00,3421.7,3458.9,3415.3,3443.1,395.98996259
2025-11-12 04:00:00+00:00,3442.9,3460.3,3428.7,3430.9,159.39081549
2025-11-12 08:00:00+00:00,3431.3,3570.0,3431.3,3550.7,199.40116316
2025-11-12 12:00:00+00:00,3551.1,3588.0,3420.7,3430.3,375.14407056
2025-11-12 16:00:00+00:00,3430.4,3454.9,3374.3,3409.5,574.4850143
2025-11-12 20:00:00+00:00,3409.3,3437.9,3393.2,3415.2,117.04581827
2025-11-13 00:00:00+00:00,3415.1,3476.6,3376.0,3460.0,3595.69737171
2025-11-13 04:00:00+00:00,3460.0,3565.0,3439.8,3539.9,1919.630235
2025-11-13 08:00:00+00:00,3540.1,3549.8,3479.1,3503.1,619.09205751
2025-11-13 12:00:00+00:00,3502.7,3510.5,3370.7,3389.9,1110.60252756
2025-11-13 16:00:00+00:00,3389.9,3399.9,3183.1,3200.8,1181.67774976
2025-11-13 20:00:00+00:00,3201.3,3272.7,3160.0,3235.8,476.09431765
2025-11-14 00:00:00+00:00,3234.0,3251.5,3191.0,3228.3,301.67797467
2025-11-14 04:00:00+00:00,3228.4,3242.6,3111.1,3218.2,4216.9864917
2025-11-14 08:00:00+00:00,3217.1,3220.8,3120.8,3147.1,969.23798715
2025-11-14 12:00:00+00:00,3143.6,3236.1,3054.8,3192.0,15915.62469756
2025-11-14 16:00:00+00:00,3192.0,3255.8,3156.2,3210.0,1605.10274963
2025-11-14 20:00:00+00:00,3210.3,3213.4,3097.0,3116.2,1279.94634383
2025-11-15 00:00:00+00:00,3116.6,3197.7,3115.2,3183.1,517.75184992
2025-11-15 04:00:00+00:00,3183.2,3194.5,3164.9,3181.7,93.5249642
2025-11-15 08:00:00+00:00,3181.7,3181.7,3140.6,3156.4,2511.23368933
2025-11-15 12:00:00+00:00,3156.7,3202.6,3153.8,3190.2,140.19776809
2025-11-15 16:00:00+00:00,3190.0,3234.6,3169.3,3199.3,277.90207948
2025-11-15 20:00:00+00:00,3199.1,3199.9,3155.3,3170.9,104.26755393
2025-11-16 00:00:00+00:00,3170.9,3213.3,3136.5,3206.0,363.66730139
2025-11-16 04:00:00+00:00,3208.3,3223.2,3194.0,3222.8,95.96776078
2025-11-16 08:00:00+00:00,3223.5,3250.7,3164.8,3171.9,519.12899098
2025-11-16 12:00:00+00:00,3171.9,3183.9,3101.1,3107.7,903.84744543
2025-11-16 16:00:00+00:00,3107.0,3131.5,3033.5,3095.3,1040.75951641
2025-11-16 20:00:00+00:00,3095.5,3121.2,3020.7,3106.2,1845.33918021
2025-11-17 00:00:00+00:00,3105.6,3185.9,3081.6,3183.5,1119.1104963
2025-11-17 04:00:00+00:00,3183.5,3212.8,3174.0,3204.9,409.13751462
2025-11-17 08:00:00+00:00,3205.0,3226.7,3187.1,3208.8,230.67796353
2025-11-17 12:00:00+00:00,3208.8,3213.3,3104.5,3126.0,655.13052678
2025-11-17 16:00:00+00:00,3126.0,3147.8,2983.4,2990.0,2584.57411529
2025-11-17 20:00:00+00:00,2988.9,3040.5,2969.0,3038.3,1411.49332229
2025-11-18 00:00:00+00:00,3040.3,3057.6,2956.4,3036.4,1941.27865774
2025-11-18 04:00:00+00:00,3036.7,3042.0,2971.4,3033.0,635.52567803
2025-11-18 08:00:00+00:00,3033.0,3080.0,3033.0,3065.2,1014.1388111699999
2025-11-18 12:00:00+00:00,3066.2,3130.9,3029.8,3115.9,1253.77558534
2025-11-18 16:00:00+00:00,3115.5,3176.0,3106.8,3151.3,1318.4323357600001
2025-11-18 20:00:00+00:00,3151.3,3155.3,3104.1,3131.2,287.39806681
2025-11-19 00:00:00+00:00,3130.2,3132.1,3078.4,3080.6,154.96305755
2025-11-19 04:00:00+00:00,3080.6,3092.3,3010.0,3090.5,6974.33359653
2025-11-19 08:00:00+00:00,3090.5,3117.5,3062.0,3089.2,281.41082395
2025-11-19 12:00:00+00:00,3089.2,3113.3,2973.3,2979.2,7190.48204194
2025-11-19 16:00:00+00:00,2978.3,2992.7,2880.0,2886.9,651.40804708
2025-11-19 20:00:00+00:00,2887.1,3029.3,2881.4,3028.0,858.3518511
2025-11-20 00:00:00+00:00,3028.0,3059.6,3008.9,3041.3,294.8664234
2025-11-20 04:00:00+00:00,3041.5,3063.0,3010.9,3041.4,1281.40727147
2025-11-20 08:00:00+00:00,3041.6,3045.5,2996.3,3026.4,267.84016857
2025-11-20 12:00:00+00:00,3026.4,3051.5,2957.6,2957.6,612.54975464
2025-11-20 16:00:00+00:00,2957.5,2962.9,2794.0,2851.8,3082.04412084
2025-11-20 20:00:00+00:00,2851.7,2909.4,2825.3,2836.9,374.70104036
2025-11-21 00:00:00+00:00,2838.6,2890.3,2778.6,2816.4,662.10713613
2025-11-21 04:00:00+00:00,2813.0,2838.3,2653.4,2727.5,5638.26497497
2025-11-21 08:00:00+00:00,2723.3,2758.0,2670.9,2692.2,2300.53898377
2025-11-21 12:00:00+00:00,2692.4,2785.0,2630.1,2710.5,2661.5018977
2025-11-21 16:00:00+00:00,2709.6,2809.4,2681.0,2756.4,828.12769146
2025-11-21 20:00:00+00:00,2756.0,2779.6,2715.0,2771.7,235.30897711
2025-11-22 00:00:00+00:00,2771.5,2788.2,2747.5,2758.7,83.12388862
2025-11-22 04:00:00+00:00,2758.6,2774.6,2732.2,2761.8,41.84180442
2025-11-22 08:00:00+00:00,2761.6,2761.6,2710.2,2740.4,453.52243009
2025-11-22 12:00:00+00:00,2740.1,2756.5,2717.4,2743.1,93.25559154
2025-11-22 16:00:00+00:00,2742.3,2762.3,2739.9,2756.0,143.60720894
2025-11-22 20:00:00+00:00,2755.9,2804.1,2739.1,2775.6,309.8539464
2025-11-23 00:00:00+00:00,2775.0,2837.8,2774.5,2828.7,449.55877645
2025-11-23 04:00:00+00:00,2829.6,2855.5,2782.1,2797.8,536.64324609
2025-11-23 08:00:00+00:00,2797.9,2825.7,2797.9,2820.5,151.39430932
2025-11-23 12:00:00+00:00,2820.5,2861.5,2816.1,2842.5,431.56620698
2025-11-23 16:00:00+00:00,2842.3,2850.2,2792.0,2828.2,183.49678686000001
2025-11-23 20:00:00+00:00,2828.5,2848.7,2800.5,2807.2,414.43238527
2025-11-24 00:00:00+00:00,2807.1,2871.1,2766.7,2862.5,498.5986042
2025-11-24 04:00:00+00:00,2862.6,2889.7,2809.6,2835.1,422.54202166
2025-11-24 08:00:00+00:00,2835.0,2846.7,2792.7,2808.5,258.20562084
2025-11-24 12:00:00+00:00,2808.4,2864.3,2790.5,2850.3,216.02265935
2025-11-24 16:00:00+00:00,2851.0,2982.5,2848.2,2963.4,1900.28319798
2025-11-24 20:00:00+00:00,2964.0,2989.2,2954.1,2958.5,320.32740015
2025-11-25 00:00:00+00:00,2958.4,2958.4,2911.0,2918.1,191.1640486
2025-11-25 04:00:00+00:00,2917.0,2945.8,2905.0,2906.9,300.91984155
2025-11-25 08:00:00+00:00,2907.8,2911.0,2870.4,2894.6,286.58150486
2025-11-25 12:00:00+00:00,2894.6,2937.8,2861.7,2897.9,362.81597279
2025-11-25 16:00:00+00:00,2898.1,2961.9,2878.0,2925.8,690.86294421
2025-11-25 20:00:00+00:00,2926.5,2982.9,2911.4,2965.9,293.55598068
2025-11-26 00:00:00+00:00,2965.0,2985.6,2925.2,2930.5,167.09311597
2025-11-26 04:00:00+00:00,2930.6,2957.9,2926.7,2947.9,216.27235959
2025-11-26 08:00:00+00:00,2948.0,2952.5,2907.6,2918.2,111.74097419
2025-11-26 12:00:00+00:00,2918.1,2952.4,2894.9,2930.7,520.74704719
2025-11-26 16:00:00+00:00,2934.0,3046.6,2933.9,3032.2,641.93850335
2025-11-26 20:00:00+00:00,3032.6,3036.0,3011.2,3029.8,164.16973683
2025-11-27 00:00:00+00:00,3029.7,3073.1,3010.0,3036.5,1054.52448614
2025-11-27 04:00:00+00:00,3036.5,3054.3,3022.1,3035.8,248.63163877
2025-11-27 08:00:00+00:00,3035.9,3045.9,3021.5,3031.6,292.63735937
2025-11-27 12:00:00+00:00,3031.5,3031.7,2990.0,3014.0,511.55321809000003
2025-11-27 16:00:00+00:00,3014.0,3041.7,3008.2,3033.8,258.36843961
2025-11-27 20:00:00+00:00,3033.9,3045.5,3007.2,3018.4,109.03912389
2025-11-28 00:00:00+00:00,3018.5,3024.3,2997.0,3012.5,200.09888986
2025-11-28 04:00:00+00:00,3012.4,3031.6,3004.0,3005.0,171.46434296
2025-11-28 08:00:00+00:00,3005.0,3078.0,3005.0,3037.1,287.48178104
2025-11-28 12:00:00+00:00,3037.1,3101.4,3029.7,3076.7,1240.16988085
2025-11-28 16:00:00+00:00,3076.3,3076.3,3015.5,3053.8,251.83407963
2025-11-28 20:00:00+00:00,3053.8,3063.4,3024.4,3035.9,184.15195268
2025-11-29 00:00:00+00:00,3035.8,3054.5,3022.1,3026.2,154.58460239
2025-11-29 04:00:00+00:00,3026.2,3048.7,2997.6,3009.1,316.7331147
2025-11-29 08:00:00+00:00,3009.0,3013.7,2990.4,3003.8,93.0496243
2025-11-29 12:00:00+00:00,3003.6,3017.4,2991.1,3010.9,201.62696684
2025-11-29 16:00:00+00:00,3010.9,3014.0,2967.5,2992.7,566.21389406
2025-11-29 20:00:00+00:00,2992.6,3001.2,2987.7,2993.6,13.83661301
2025-11-30 00:00:00+00:00,2993.5,3015.9,2980.8,3005.6,27.595857900000002
2025-11-30 04:00:00+00:00,3005.5,3011.4,2990.8,3010.0,47.541926000000004
2025-11-30 08:00:00+00:00,3009.9,3020.7,3003.6,3006.8,33.48936942
2025-11-30 12:00:00+00:00,3006.8,3053.9,3006.0,3032.0,186.20809809
2025-11-30 16:00:00+00:00,3031.9,3052.0,3031.9,3036.5,106.61693856
2025-11-30 20:00:00+00:00,3036.6,3043.6,2992.8,2992.8,108.06066808
2025-12-01 00:00:00+00:00,2993.5,3000.4,2818.1,2828.6,1062.15194623
2025-12-01 04:00:00+00:00,2828.4,2847.4,2810.9,2846.7,1880.6439700399999
2025-12-01 08:00:00+00:00,2844.8,2856.3,2833.8,2843.6,333.04532377
2025-12-01 12:00:00+00:00,2843.6,2843.9,2724.4,2750.2,707.74726696
2025-12-01 16:00:00+00:00,2749.9,2762.5,2725.0,2745.0,1043.57610222
2025-12-01 20:00:00+00:00,2745.5,2823.3,2745.5,2803.6,199.66740597
2025-12-02 00:00:00+00:00,2803.5,2827.4,2788.6,2809.0,42.7364276
2025-12-02 04:00:00+00:00,2809.0,2818.9,2802.6,2809.7,40.22246319
2025-12-02 08:00:00+00:00,2809.7,2837.0,2787.4,2829.3,83.48845828
2025-12-02 12:00:00+00:00,2829.5,3025.0,2821.1,3008.6,1438.31394041
2025-12-02 16:00:00+00:00,3009.2,3034.8,2990.1,3017.5,449.49388017
2025-12-02 20:00:00+00:00,3017.6,3022.0,2975.3,2999.4,690.3984338
2025-12-03 00:00:00+00:00,2999.1,3049.0,2988.8,3033.1,619.00977187
2025-12-03 04:00:00+00:00,3033.6,3084.9,3032.7,3059.4,258.06927367
2025-12-03 08:00:00+00:00,3059.4,3075.0,3046.9,3073.0,2722.40181782
2025-12-03 12:00:00+00:00,3072.9,3145.2,3033.8,3085.8,2622.4036913
2025-12-03 16:00:00+00:00,3086.2,3141.9,3066.6,3127.8,273.81501136
2025-12-03 20:00:00+00:00,3127.9,3214.7,3119.2,3190.4,1971.59253812
2025-12-04 00:00:00+00:00,3190.2,3240.0,3177.0,3210.1,524.44764502
2025-12-04 04:00:00+00:00,3210.1,3219.6,3172.0,3192.6,536.00429229
2025-12-04 08:00:00+00:00,3192.4,3208.7,3178.0,3187.4,105.35838037
2025-12-04 12:00:00+00:00,3187.4,3226.3,3142.9,3211.5,306.66339588
2025-12-04 16:00:00+00:00,3211.4,3226.8,3068.5,3120.3,1141.93567885
2025-12-04 20:00:00+00:00,3120.3,3151.2,3107.6,3133.8,87.79772789
2025-12-05 00:00:00+00:00,3134.2,3193.1,3134.2,3171.8,710.84826622
2025-12-05 04:00:00+00:00,3171.9,3182.7,3153.8,3173.9,105.02313772
2025-12-05 08:00:00+00:00,3173.9,3173.9,3109.1,3131.6,250.05831817
2025-12-05 12:00:00+00:00,3131.1,3156.9,3087.1,3107.6,476.77616823
2025-12-05 16:00:00+00:00,3107.5,3108.0,2985.7,3039.2,1137.97511307
2025-12-05 20:00:00+00:00,3039.2,3049.0,3008.0,3024.1,81.40221095
2025-12-06 00:00:00+00:00,3023.9,3047.3,3013.5,3040.6,53.29939435
2025-12-06 04:00:00+00:00,3040.7,3043.9,3027.1,3029.7,373.8899509
2025-12-06 08:00:00+00:00,3027.9,3042.4,3015.0,3040.2,43.5932079
2025-12-06 12:00:00+00:00,3040.5,3068.2,3028.4,3043.1,512.18972233
2025-12-06 16:00:00+00:00,3044.4,3066.2,3026.7,3032.6,102.17973834
2025-12-06 20:00:00+00:00,3032.7,3053.7,3029.6,3040.3,73.41923418
2025-12-07 00:00:00+00:00,3039.0,3057.8,3034.9,3055.3,16.49064501
2025-12-07 04:00:00+00:00,3054.4,3058.8,3034.1,3037.9,21.86432375
2025-12-07 08:00:00+00:00,3038.0,3044.1,3027.4,3037.9,50.88939499
2025-12-07 12:00:00+00:00,3038.5,3053.1,2911.9,3029.2,1277.11148448
2025-12-07 16:00:00+00:00,3028.6,3150.8,3002.8,3138.2,1544.1273518
2025-12-07 20:00:00+00:00,3138.3,3147.0,3017.0,3062.6,568.48025546
2025-12-08 00:00:00+00:00,3061.7,3135.6,3043.6,3113.7,535.00131219
2025-12-08 04:00:00+00:00,3113.9,3140.7,3110.7,3133.3,73.96932694
2025-12-08 08:00:00+00:00,3133.3,3180.0,3127.5,3143.4,337.17497132
2025-12-08 12:00:00+00:00,3144.1,3180.2,3091.4,3104.2,926.55031434
2025-12-08 16:00:00+00:00,3104.2,3135.4,3079.1,3121.0,298.68927979
2025-12-08 20:00:00+00:00,3121.3,3155.8,3115.2,3125.2,283.2680578
2025-12-09 00:00:00+00:00,3125.2,3144.6,3094.7,3129.9,132.55912181
2025-12-09 04:00:00+00:00,3130.2,3131.9,3098.8,3125.6,181.16310602
2025-12-09 08:00:00+00:00,3125.3,3132.0,3097.9,3122.7,232.34008942
2025-12-09 12:00:00+00:00,3122.7,3257.3,3104.1,3246.2,371.44041246
2025-12-09 16:00:00+00:00,3250.0,3398.5,3250.0,3357.0,3016.9638756100003
2025-12-09 20:00:00+00:00,3356.8,3360.0,3287.1,3321.1,690.74637309
2025-12-10 00:00:00+00:00,3320.8,3328.2,3291.5,3311.3,47.13396481
2025-12-10 04:00:00+00:00,3311.1,3334.0,3309.4,3327.4,712.4376376700001
2025-12-10 08:00:00+00:00,3326.4,3374.4,3297.8,3318.8,739.17195213
2025-12-10 12:00:00+00:00,3318.5,3339.4,3306.8,3328.7,149.07131049
2025-12-10 16:00:00+00:00,3329.3,3435.0,3323.3,3391.4,460.55008301000004
2025-12-10 20:00:00+00:00,3392.8,3446.4,3321.1,3325.0,546.07427558
2025-12-11 00:00:00+00:00,3325.8,3327.8,3170.0,3194.2,462.93245867
2025-12-11 04:00:00+00:00,3192.2,3219.0,3185.0,3203.3,164.72361396
2025-12-11 08:00:00+00:00,3203.6,3214.0,3181.5,3195.6,120.73270775
2025-12-11 12:00:00+00:00,3195.5,3210.6,3147.8,3181.0,151.71599271
2025-12-11 16:00:00+00:00,3180.9,3236.1,3157.7,3196.5,488.40350361
2025-12-11 20:00:00+00:00,3195.2,3272.7,3194.5,3237.4,335.4235184
2025-12-12 00:00:00+00:00,3237.5,3265.4,3187.0,3247.4,596.23522897
2025-12-12 04:00:00+00:00,3247.0,3265.6,3235.2,3248.2,72.19900389
2025-12-12 08:00:00+00:00,3247.8,3256.1,3229.5,3243.8,62.42339408
2025-12-12 12:00:00+00:00,3242.0,3251.4,3060.6,3076.6,606.72970826
2025-12-12 16:00:00+00:00,3073.0,3101.4,3046.6,3075.6,724.21454565
2025-12-12 20:00:00+00:00,3073.8,3097.7,3070.4,3086.1,163.25505037
2025-12-13 00:00:00+00:00,3087.4,3095.7,3080.8,3092.1,33.66481114
2025-12-13 04:00:00+00:00,3092.1,3096.8,3087.2,3096.8,33.05406053
2025-12-13 08:00:00+00:00,3096.9,3140.0,3095.8,3122.1,412.26450381
2025-12-13 12:00:00+00:00,3123.4,3127.7,3099.2,3112.6,121.08268877
2025-12-13 16:00:00+00:00,3112.3,3117.8,3099.7,3110.9,14.85289907
2025-12-13 20:00:00+00:00,3111.2,3121.8,2760.0,3118.0,2256.01674526
2025-12-14 00:00:00+00:00,3116.9,3129.6,3106.8,3120.5,237.65753558
2025-12-14 04:00:00+00:00,3120.6,3122.8,3108.3,3117.6,70.95914405
2025-12-14 08:00:00+00:00,3117.6,3120.6,3051.6,3086.4,233.49456244
2025-12-14 12:00:00+00:00,3085.4,3108.4,3073.8,3086.0,263.660458
2025-12-14 16:00:00+00:00,3085.1,3106.3,3076.6,3094.4,113.61164542
2025-12-14 20:00:00+00:00,3094.5,3097.0,3027.4,3062.3,210.26563166
2025-12-15 00:00:00+00:00,3063.2,3151.4,3059.2,3110.0,369.65557344
2025-12-15 04:00:00+00:00,3110.2,3145.5,3107.7,3132.0,35.3417372
2025-12-15 08:00:00+00:00,3131.4,3178.9,3128.8,3158.9,32.82812909
2025-12-15 12:00:00+00:00,3158.9,3160.2,2989.0,3014.0,2014.03973338
2025-12-15 16:00:00+00:00,3011.4,3016.6,2900.0,2944.8,843.84442142
2025-12-15 20:00:00+00:00,2944.3,2973.6,2920.7,2969.5,100.12087212
2025-12-16 00:00:00+00:00,2969.4,2981.9,2927.3,2941.1,32.92047466
2025-12-16 04:00:00+00:00,2941.5,2954.7,2882.0,2928.2,171.05770214
2025-12-16 08:00:00+00:00,2929.4,2966.5,2925.6,2961.5,41.05805526
2025-12-16 12:00:00+00:00,2961.5,2983.7,2890.1,2967.7,285.07710822
2025-12-16 16:00:00+00:00,2967.7,2970.0,2916.3,2949.3,211.32298066
2025-12-16 20:00:00+00:00,2949.1,2968.7,2942.6,2966.3,42.13786526
2025-12-17 00:00:00+00:00,2966.2,2978.2,2944.4,2950.9,122.31059101
2025-12-17 04:00:00+00:00,2951.8,2956.1,2919.1,2951.6,65.88291146
2025-12-17 08:00:00+00:00,2951.5,2951.5,2914.2,2933.9,53.11080744
2025-12-17 12:00:00+00:00,2933.9,3032.0,2891.7,2908.5,1492.48418457
2025-12-17 16:00:00+00:00,2908.5,2928.1,2795.3,2825.7,1950.36786446
2025-12-17 20:00:00+00:00,2825.6,2842.4,2810.7,2839.9,587.22983533
2025-12-18 00:00:00+00:00,2839.9,2852.4,2826.2,2836.4,509.59309843
2025-12-18 04:00:00+00:00,2836.3,2845.5,2827.4,2839.9,898.00256686
2025-12-18 08:00:00+00:00,2839.8,2867.3,2835.8,2861.9,496.96285178
2025-12-18 12:00:00+00:00,2862.1,3002.7,2857.5,2969.3,3011.14296845
2025-12-18 16:00:00+00:00,2967.5,2970.1,2779.6,2785.7,2935.86104029
2025-12-18 20:00:00+00:00,2785.5,2842.3,2783.7,2833.0,1246.07957361
2025-12-19 00:00:00+00:00,2833.4,2938.8,2812.0,2911.3,1618.67136002
2025-12-19 04:00:00+00:00,2912.5,2989.1,2911.1,2954.8,1037.90115497
2025-12-19 08:00:00+00:00,2954.9,2975.0,2941.7,2969.1,695.11780342
2025-12-19 12:00:00+00:00,2969.3,3021.8,2948.0,2968.0,1232.2315145
2025-12-19 16:00:00+00:00,2968.1,3009.5,2939.0,2988.0,1184.65943624
2025-12-19 20:00:00+00:00,2989.0,3007.6,2978.1,2983.4,391.39513614
2025-12-20 00:00:00+00:00,2983.4,2998.0,2974.5,2993.4,379.72001972
2025-12-20 04:00:00+00:00,2993.4,2994.9,2975.1,2985.2,699.39199774
2025-12-20 08:00:00+00:00,2985.3,2993.4,2978.6,2990.6,523.97570002
2025-12-20 12:00:00+00:00,2990.4,2997.5,2971.1,2980.9,981.92256629
2025-12-20 16:00:00+00:00,2980.9,2985.1,2977.3,2981.3,299.45565975
2025-12-20 20:00:00+00:00,2981.0,2989.1,2975.5,2981.2,223.18425697
2025-12-21 00:00:00+00:00,2980.9,2984.7,2965.0,2976.3,363.82394442
2025-12-21 04:00:00+00:00,2976.9,2986.3,2975.5,2984.7,263.35536599
2025-12-21 08:00:00+00:00,2984.6,3017.2,2981.1,3000.5,765.73995273
2025-12-21 12:00:00+00:00,3000.1,3009.6,2948.1,2977.8,1831.36974556
2025-12-21 16:00:00+00:00,2977.3,3000.4,2970.3,2994.1,699.73189017
2025-12-21 20:00:00+00:00,2994.1,3015.1,2973.2,3004.7,334.58207406
2025-12-22 00:00:00+00:00,3005.1,3064.5,2975.8,3024.2,1138.98170606
2025-12-22 04:00:00+00:00,3024.3,3045.1,3022.2,3031.8,981.70950656
2025-12-22 08:00:00+00:00,3031.5,3059.0,3027.2,3050.0,1341.7173332
2025-12-22 12:00:00+00:00,3050.2,3077.5,3023.7,3053.5,1101.00180437
2025-12-22 16:00:00+00:00,3054.3,3060.0,2975.3,2981.8,928.31714387
2025-12-22 20:00:00+00:00,2981.5,3017.1,2965.5,3010.8,953.46742022
2025-12-23 00:00:00+00:00,3010.2,3037.3,2974.9,2993.1,961.21307942
2025-12-23 04:00:00+00:00,2992.7,3000.6,2948.1,2966.7,946.87978563
2025-12-23 08:00:00+00:00,2966.0,2978.0,2954.4,2975.0,399.37161604
2025-12-23 12:00:00+00:00,2975.3,2976.4,2903.2,2929.8,1539.00192576
2025-12-23 16:00:00+00:00,2929.0,2966.7,2910.1,2944.0,1693.68979936
2025-12-23 20:00:00+00:00,2944.5,2988.4,2941.1,2965.3,1079.43278683
2025-12-24 00:00:00+00:00,2965.8,2978.6,2921.8,2946.5,601.46710022
2025-12-24 04:00:00+00:00,2946.3,2960.3,2917.4,2933.5,906.71009769
2025-12-24 08:00:00+00:00,2933.4,2941.1,2915.9,2925.8,784.82518808
2025-12-24 12:00:00+00:00,2925.5,2939.6,2889.4,2927.1,608.23737895
2025-12-24 16:00:00+00:00,2926.0,2955.4,2922.1,2946.5,799.80229034
2025-12-24 20:00:00+00:00,2947.1,2964.2,2942.6,2948.1,306.40420453
2025-12-25 00:00:00+00:00,2948.0,2957.9,2937.5,2948.1,220.11546997
2025-12-25 04:00:00+00:00,2948.5,2949.7,2938.6,2942.9,155.02443773
2025-12-25 08:00:00+00:00,2943.3,2947.8,2912.9,2925.5,373.56276844
2025-12-25 12:00:00+00:00,2925.3,2971.8,2921.0,2961.5,741.51112206
2025-12-25 16:00:00+00:00,2961.9,2967.9,2943.7,2957.0,536.04327834
2025-12-25 20:00:00+00:00,2956.5,2957.1,2891.3,2905.3,481.3194633
2025-12-26 00:00:00+00:00,2904.5,2996.4,2895.2,2964.7,1257.41947764
2025-12-26 04:00:00+00:00,2964.1,2992.9,2951.7,2956.9,725.94062683
2025-12-26 08:00:00+00:00,2956.1,2976.3,2954.5,2965.4,295.96936334
2025-12-26 12:00:00+00:00,2965.5,2986.9,2895.2,2924.5,752.45173324
2025-12-26 16:00:00+00:00,2924.9,2938.2,2909.7,2929.3,559.0188571
2025-12-26 20:00:00+00:00,2928.6,2941.2,2925.0,2931.0,203.56174776
2025-12-27 00:00:00+00:00,2931.2,2936.3,2925.3,2936.2,94.78818077
2025-12-27 04:00:00+00:00,2936.3,2940.1,2930.0,2935.4,134.98132563
2025-12-27 08:00:00+00:00,2935.6,2943.2,2920.8,2934.0,208.90679852
2025-12-27 12:00:00+00:00,2934.1,2937.4,2927.6,2929.9,381.66168688
2025-12-27 16:00:00+00:00,2929.9,2934.3,2921.0,2934.3,125.36662486
2025-12-27 20:00:00+00:00,2934.5,2963.4,2931.0,2950.9,232.5054143
2025-12-28 00:00:00+00:00,2952.8,2954.9,2944.2,2946.3,81.06860008
2025-12-28 04:00:00+00:00,2946.1,2950.0,2933.3,2941.3,206.20117325
2025-12-28 08:00:00+00:00,2941.8,2949.5,2934.3,2946.8,160.31810048
2025-12-28 12:00:00+00:00,2946.9,2963.2,2939.8,2952.5,722.32430728
2025-12-28 16:00:00+00:00,2952.9,2958.1,2928.1,2936.3,340.97181628
2025-12-28 20:00:00+00:00,2935.8,2957.9,2931.2,2953.3,275.87481179
2025-12-29 00:00:00+00:00,2953.5,3047.9,2947.0,3044.1,1157.43000517
2025-12-29 04:00:00+00:00,3044.0,3057.6,3007.7,3019.6,1510.69245866
2025-12-29 08:00:00+00:00,3020.1,3026.5,2957.8,2961.4,920.64081528
2025-12-29 12:00:00+00:00,2961.0,2966.6,2911.8,2935.8,1274.67280671
2025-12-29 16:00:00+00:00,2935.7,2946.3,2913.5,2932.4,1548.15949826
2025-12-29 20:00:00+00:00,2931.7,2944.6,2926.1,2938.5,1419.25893153
2025-12-30 00:00:00+00:00,2937.9,2955.9,2918.7,2951.7,986.39087867
2025-12-30 04:00:00+00:00,2951.8,2959.0,2936.5,2950.0,757.431948
2025-12-30 08:00:00+00:00,2950.5,3002.7,2949.4,2978.7,1782.46202157
2025-12-30 12:00:00+00:00,2978.1,3009.0,2959.2,2989.9,1433.18832531
2025-12-30 16:00:00+00:00,2991.6,2995.5,2945.4,2972.8,881.13204531
2025-12-30 20:00:00+00:00,2972.5,2978.1,2955.3,2975.2,583.57545824
2025-12-31 00:00:00+00:00,2974.9,2987.0,2963.4,2972.5,376.9903221
2025-12-31 04:00:00+00:00,2972.0,2981.3,2969.5,2978.2,425.55229051
2025-12-31 08:00:00+00:00,2977.9,3004.3,2965.5,3002.5,635.04886724
2025-12-31 12:00:00+00:00,3002.3,3029.0,2970.4,2986.4,1152.38503506
2025-12-31 16:00:00+00:00,2988.3,2999.3,2960.7,2973.2,807.29967888
2025-12-31 20:00:00+00:00,2973.9,2987.7,2965.0,2973.9,1017.33951884
2026-01-01 00:00:00+00:00,2974.3,2991.0,2973.5,2981.8,380.28858285
2026-01-01 04:00:00+00:00,2982.1,2985.1,2974.1,2979.4,705.98115914
2026-01-01 08:00:00+00:00,2979.3,2994.7,2978.6,2990.7,275.5438152
2026-01-01 12:00:00+00:00,2990.6,2996.5,2978.0,2991.0,894.48072867
2026-01-01 16:00:00+00:00,2991.6,3006.5,2981.5,2996.7,773.24334426
2026-01-01 20:00:00+00:00,2996.3,3010.9,2987.7,3005.4,486.48680575
2026-01-02 00:00:00+00:00,3005.7,3036.1,2993.6,3023.6,428.38454442
2026-01-02 04:00:00+00:00,3023.6,3039.3,3009.2,3018.3,592.85496838
2026-01-02 08:00:00+00:00,3018.8,3069.9,3016.3,3047.5,1139.45381081
2026-01-02 12:00:00+00:00,3047.4,3109.6,3021.2,3086.2,1290.2440772100001
2026-01-02 16:00:00+00:00,3084.6,3149.3,3079.0,3124.5,1471.49666096
2026-01-02 20:00:00+00:00,3124.9,3145.8,3111.4,3125.5,432.67697893
2026-01-03 00:00:00+00:00,3125.3,3136.4,3119.1,3125.5,390.65174691
2026-01-03 04:00:00+00:00,3125.0,3127.6,3076.3,3090.5,464.77570903
2026-01-03 08:00:00+00:00,3089.9,3110.2,3084.3,3098.3,312.77658464
2026-01-03 12:00:00+00:00,3098.0,3113.4,3093.0,3099.9,1048.80928072
2026-01-03 16:00:00+00:00,3099.5,3117.2,3096.2,3110.9,375.23425804
2026-01-03 20:00:00+00:00,3111.6,3130.0,3105.3,3125.8,667.07579261
2026-01-04 00:00:00+00:00,3125.8,3163.0,3125.2,3145.5,876.17472199
2026-01-04 04:00:00+00:00,3145.4,3161.5,3133.0,3139.8,530.16283355
2026-01-04 08:00:00+00:00,3140.1,3146.8,3124.2,3137.4,669.13729672
2026-01-04 12:00:00+00:00,3136.8,3145.4,3115.9,3133.3,896.29088371
2026-01-04 16:00:00+00:00,3133.0,3141.5,3115.6,3130.7,685.1257989
2026-01-04 20:00:00+00:00,3130.7,3154.1,3128.1,3142.8,479.36758188
2026-01-05 00:00:00+00:00,3141.3,3215.6,3139.7,3181.4,422.32746941
2026-01-05 04:00:00+00:00,3181.4,3184.0,3129.1,3153.3,420.6532826
2026-01-05 08:00:00+00:00,3153.0,3180.5,3149.1,3176.3,443.74449898
2026-01-05 12:00:00+00:00,3176.3,3201.5,3131.8,3191.6,942.20334143
2026-01-05 16:00:00+00:00,3191.7,3226.0,3155.1,3218.8,1392.97059338
2026-01-05 20:00:00+00:00,3218.8,3259.9,3215.7,3220.5,657.58805116
2026-01-06 00:00:00+00:00,3220.8,3243.4,3198.6,3220.7,447.22951453
2026-01-06 04:00:00+00:00,3220.6,3248.6,3206.2,3214.8,702.22733443
2026-01-06 08:00:00+00:00,3214.5,3238.6,3209.9,3233.8,448.37007632
2026-01-06 12:00:00+00:00,3233.8,3303.6,3225.3,3267.8,1623.36147766
2026-01-06 16:00:00+00:00,3266.9,3274.6,3179.5,3220.3,1029.24352852
2026-01-06 20:00:00+00:00,3219.7,3297.1,3219.7,3292.0,588.19193634
2026-01-07 00:00:00+00:00,3291.7,3292.0,3234.4,3262.4,690.26893302
2026-01-07 04:00:00+00:00,3262.8,3267.3,3242.7,3251.0,242.75287139
2026-01-07 08:00:00+00:00,3251.1,3259.1,3194.4,3221.1,9906.52281764
2026-01-07 12:00:00+00:00,3221.9,3228.8,3147.3,3164.5,6008.2807486599995
2026-01-07 16:00:00+00:00,3164.8,3179.3,3123.0,3145.1,1012.34115791
2026-01-07 20:00:00+00:00,3145.4,3180.9,3126.9,3168.2,907.52950012
2026-01-08 00:00:00+00:00,3168.2,3183.7,3132.9,3142.0,527.08606455
2026-01-08 04:00:00+00:00,3141.6,3160.8,3089.3,3126.8,1112.18035947
2026-01-08 08:00:00+00:00,3127.4,3135.6,3097.0,3120.7,670.19387583
2026-01-08 12:00:00+00:00,3120.8,3121.1,3054.3,3104.8,975.98696722
2026-01-08 16:00:00+00:00,3103.6,3138.1,3089.5,3110.3,767.9570665
2026-01-08 20:00:00+00:00,3110.1,3129.2,3087.6,3105.9,360.18086732
2026-01-09 00:00:00+00:00,3106.3,3147.2,3079.8,3119.1,1156.48587229
2026-01-09 04:00:00+00:00,3119.2,3124.4,3109.2,3109.2,292.50080093
2026-01-09 08:00:00+00:00,3110.4,3114.4,3067.0,3089.5,362.18396302
2026-01-09 12:00:00+00:00,3089.5,3143.0,3059.9,3111.8,1894.55560983
2026-01-09 16:00:00+00:00,3112.1,3144.6,3068.4,3079.7,484.0399389
2026-01-09 20:00:00+00:00,3079.5,3092.6,3066.0,3088.3,414.30995661
2026-01-10 00:00:00+00:00,3087.9,3093.7,3079.6,3086.1,125.80506728
2026-01-10 04:00:00+00:00,3086.3,3093.6,3078.2,3092.6,123.30370442
2026-01-10 08:00:00+00:00,3092.8,3103.5,3087.4,3097.1,125.11284417
2026-01-10 12:00:00+00:00,3097.1,3104.1,3088.8,3095.8,349.43766557
2026-01-10 16:00:00+00:00,3095.7,3099.5,3090.0,3091.8,51.31837736
2026-01-10 20:00:00+00:00,3092.1,3093.4,3077.7,3086.7,133.64146013
2026-01-11 00:00:00+00:00,3086.7,3097.9,3084.8,3097.0,43.88231828
2026-01-11 04:00:00+00:00,3096.9,3102.1,3089.0,3095.1,113.62439613
2026-01-11 08:00:00+00:00,3095.1,3109.3,3092.4,3104.7,178.61231307
2026-01-11 12:00:00+00:00,3105.0,3130.2,3104.4,3116.7,605.27238849
2026-01-11 16:00:00+00:00,3117.1,3148.8,3115.0,3123.6,630.89455043
2026-01-11 20:00:00+00:00,3123.4,3125.1,3091.7,3122.6,466.16426728
2026-01-12 00:00:00+00:00,3122.2,3170.1,3096.6,3151.2,899.33128836
2026-01-12 04:00:00+00:00,3151.5,3164.8,3130.8,3133.2,643.95413683
2026-01-12 08:00:00+00:00,3133.2,3144.9,3100.0,3113.9,948.91626842
2026-01-12 12:00:00+00:00,3114.1,3132.3,3064.2,3128.6,815.74839982
2026-01-12 16:00:00+00:00,3127.7,3145.3,3082.5,3120.1,859.93514303
2026-01-12 20:00:00+00:00,3120.5,3126.2,3083.9,3093.7,639.8893441
2026-01-13 00:00:00+00:00,3093.6,3117.6,3090.0,3114.5,617.09946011
2026-01-13 04:00:00+00:00,3114.6,3146.0,3111.2,3121.3,1084.17355082
2026-01-13 08:00:00+00:00,3121.1,3147.8,3121.1,3132.3,534.15119615
2026-01-13 12:00:00+00:00,3132.3,3185.4,3127.7,3180.8,2144.21272234
2026-01-13 16:00:00+00:00,3183.0,3215.1,3169.3,3212.1,1206.67699929
2026-01-13 20:00:00+00:00,3212.4,3375.5,3186.9,3319.2,2928.99288163
2026-01-14 00:00:00+00:00,3319.4,3352.5,3311.3,3347.4,3407.1019644000003
2026-01-14 04:00:00+00:00,3347.2,3360.0,3317.4,3332.4,5517.71254141
2026-01-14 08:00:00+00:00,3332.1,3339.4,3280.6,3283.4,1756.99204072
2026-01-14 12:00:00+00:00,3283.2,3359.6,3277.8,3344.1,1829.11952223
2026-01-14 16:00:00+00:00,3344.0,3401.9,3312.9,3363.8,2152.94839311
2026-01-14 20:00:00+00:00,3364.1,3390.1,3342.5,3349.3,569.03950922
2026-01-15 00:00:00+00:00,3349.9,3350.5,3273.7,3282.3,799.95794277
2026-01-15 04:00:00+00:00,3282.2,3332.3,3280.2,3327.4,405.86557333
2026-01-15 08:00:00+00:00,3327.7,3374.6,3317.5,3347.4,1051.47355994
2026-01-15 12:00:00+00:00,3347.1,3381.5,3283.6,3329.6,1213.8891998
2026-01-15 16:00:00+00:00,3327.1,3335.4,3271.8,3293.5,1720.27384293
2026-01-15 20:00:00+00:00,3293.3,3320.5,3274.6,3316.5,981.79949587
2026-01-16 00:00:00+00:00,3316.6,3324.4,3288.5,3292.1,517.78044052
2026-01-16 04:00:00+00:00,3292.0,3312.7,3273.4,3305.9,797.23376848
2026-01-16 08:00:00+00:00,3306.2,3316.8,3289.4,3298.4,603.71572838
2026-01-16 12:00:00+00:00,3298.1,3315.1,3250.7,3261.4,1083.02880509
2026-01-16 16:00:00+00:00,3261.0,3286.1,3257.1,3274.9,2671.04782185
2026-01-16 20:00:00+00:00,3274.2,3298.3,3262.1,3293.7,1559.52810889
2026-01-17 00:00:00+00:00,3294.4,3295.5,3282.0,3287.1,419.31818077
2026-01-17 04:00:00+00:00,3287.5,3292.6,3284.3,3289.4,259.88279737
2026-01-17 08:00:00+00:00,3289.1,3303.8,3287.2,3301.0,202.56599617
2026-01-17 12:00:00+00:00,3300.7,3328.7,3298.0,3328.4,663.11554802
2026-01-17 16:00:00+00:00,3328.3,3328.6,3310.8,3315.2,850.97504011
2026-01-17 20:00:00+00:00,3315.4,3319.1,3295.9,3308.4,602.37933277
2026-01-18 00:00:00+00:00,3308.4,3317.4,3295.1,3315.1,428.53515629
2026-01-18 04:00:00+00:00,3315.1,3317.2,3305.2,3306.2,263.5254545
2026-01-18 08:00:00+00:00,3305.8,3325.0,3302.4,3321.4,259.17864561
2026-01-18 12:00:00+00:00,3321.6,3346.7,3313.6,3333.4,1212.51742967
2026-01-18 16:00:00+00:00,3333.1,3368.9,3329.3,3346.2,1188.30559809
2026-01-18 20:00:00+00:00,3345.5,3355.7,3277.5,3282.8,843.96100467
2026-01-19 00:00:00+00:00,3281.7,3283.4,3176.5,3212.4,3103.32977229
2026-01-19 04:00:00+00:00,3212.1,3218.0,3187.4,3207.0,1593.71892163
2026-01-19 08:00:00+00:00,3207.3,3231.1,3197.2,3224.2,620.74645374
2026-01-19 12:00:00+00:00,3224.3,3236.3,3202.8,3215.9,542.50633842
2026-01-19 16:00:00+00:00,3216.0,3226.6,3207.9,3219.1,394.3089319
2026-01-19 20:00:00+00:00,3219.1,3224.7,3166.5,3188.8,573.50064819
2026-01-20 00:00:00+00:00,3188.8,3199.9,3175.9,3188.1,422.17894398
2026-01-20 04:00:00+00:00,3187.4,3188.7,3109.0,3122.9,1374.37927081
2026-01-20 08:00:00+00:00,3122.7,3123.1,3085.9,3109.4,1567.36741009
2026-01-20 12:00:00+00:00,3109.7,3115.0,2995.2,3032.4,1505.00658425
2026-01-20 16:00:00+00:00,3032.3,3042.6,2978.9,2996.2,1127.48824384
2026-01-20 20:00:00+00:00,2995.6,3006.6,2910.4,2939.8,2385.27177701
2026-01-21 00:00:00+00:00,2939.8,2985.4,2921.5,2982.9,3103.53832946
2026-01-21 04:00:00+00:00,2983.0,3003.7,2968.1,2972.5,3357.1985316200003
2026-01-21 08:00:00+00:00,2972.0,2976.9,2940.5,2946.0,1495.4432551300001
2026-01-21 12:00:00+00:00,2944.7,3026.9,2904.5,3003.6,2041.79347097
2026-01-21 16:00:00+00:00,3004.0,3069.0,2867.4,3056.2,2212.8131525
2026-01-21 20:00:00+00:00,3056.5,3057.0,2972.3,2983.3,597.35559166
2026-01-22 00:00:00+00:00,2983.1,3039.4,2981.7,3015.1,337.3575873
2026-01-22 04:00:00+00:00,3014.6,3028.8,3001.2,3001.6,97.22713529
2026-01-22 08:00:00+00:00,3002.0,3017.2,2978.8,2986.6,299.32337709
2026-01-22 12:00:00+00:00,2987.0,3010.4,2907.5,2942.1,1364.23858509
2026-01-22 16:00:00+00:00,2942.8,2972.6,2924.3,2954.5,663.94509113
2026-01-22 20:00:00+00:00,2954.3,2959.0,2931.1,2953.1,629.00179971
2026-01-23 00:00:00+00:00,2953.3,2972.7,2946.9,2965.1,472.14559331000004
2026-01-23 04:00:00+00:00,2965.1,2984.9,2935.6,2948.9,1603.97396701
2026-01-23 08:00:00+00:00,2948.7,2951.4,2915.6,2941.1,1315.35487872
2026-01-23 12:00:00+00:00,2941.0,2965.3,2892.3,2952.7,812.57728098
2026-01-23 16:00:00+00:00,2953.2,3019.4,2939.8,2959.6,978.73999031
2026-01-23 20:00:00+00:00,2958.7,2964.1,2930.2,2957.0,222.00503518
2026-01-24 00:00:00+00:00,2957.1,2971.4,2949.9,2963.4,204.55513267
2026-01-24 04:00:00+00:00,2963.6,2967.4,2954.4,2958.1,68.09282637
2026-01-24 08:00:00+00:00,2957.9,2965.7,2955.9,2961.4,90.73998692
2026-01-24 12:00:00+00:00,2961.9,2967.8,2943.8,2956.9,269.64541702
2026-01-24 16:00:00+00:00,2957.5,2967.6,2951.4,2953.4,146.86529171
2026-01-24 20:00:00+00:00,2953.3,2964.3,2949.7,2952.3,91.73422924
2026-01-25 00:00:00+00:00,2952.3,2959.4,2935.9,2941.8,130.92877547
2026-01-25 04:00:00+00:00,2942.0,2948.5,2933.8,2939.5,137.53699481
2026-01-25 08:00:00+00:00,2939.6,2947.5,2920.4,2937.6,318.31560814
2026-01-25 12:00:00+00:00,2937.5,2945.8,2920.2,2927.3,184.80271001
2026-01-25 16:00:00+00:00,2927.5,2928.0,2797.1,2812.9,1844.75853917
2026-01-25 20:00:00+00:00,2813.2,2825.6,2786.7,2816.8,1620.4831158
2026-01-26 00:00:00+00:00,2816.8,2898.3,2812.0,2849.9,1390.28948116
2026-01-26 04:00:00+00:00,2850.8,2910.4,2849.8,2904.2,616.29070671
2026-01-26 08:00:00+00:00,2904.4,2934.6,2881.5,2893.3,716.83414011
2026-01-26 12:00:00+00:00,2893.8,2953.4,2878.2,2899.4,11979.80692938
2026-01-26 16:00:00+00:00,2900.7,2937.3,2887.4,2924.9,859.54626496
2026-01-26 20:00:00+00:00,2924.2,2949.8,2899.1,2934.0,1137.2636652
2026-01-27 00:00:00+00:00,2934.4,2950.6,2916.3,2943.9,2179.2410664900003
2026-01-27 04:00:00+00:00,2943.4,2959.0,2926.0,2930.3,7672.28971823
2026-01-27 08:00:00+00:00,2931.0,2935.7,2901.2,2918.5,2249.62170954
2026-01-27 12:00:00+00:00,2918.5,2945.0,2907.8,2938.0,1533.77195865
2026-01-27 16:00:00+00:00,2938.7,3000.2,2920.1,2982.5,934.38309186
2026-01-27 20:00:00+00:00,2981.6,3034.5,2980.5,3025.5,2326.0058671
2026-01-28 00:00:00+00:00,3025.5,3028.7,2996.0,3005.3,2639.66512494
2026-01-28 04:00:00+00:00,3005.3,3017.7,2993.1,3004.8,458.94422411
2026-01-28 08:00:00+00:00,3004.6,3045.6,2986.5,3039.8,1954.89686219
2026-01-28 12:00:00+00:00,3039.2,3044.5,2983.6,3007.6,328.77875332
2026-01-28 16:00:00+00:00,3007.9,3031.6,2991.2,3016.3,795.38103961
2026-01-28 20:00:00+00:00,3015.7,3037.8,2996.2,3010.6,401.32679072
2026-01-29 00:00:00+00:00,3010.7,3013.0,2943.2,2951.1,967.16284041
2026-01-29 04:00:00+00:00,2951.1,2963.8,2936.6,2960.1,126.79845856
2026-01-29 08:00:00+00:00,2959.8,2967.9,2923.8,2929.4,20644.70309404
2026-01-29 12:00:00+00:00,2929.5,2939.8,2797.7,2823.5,989.29037139
2026-01-29 16:00:00+00:00,2823.4,2858.3,2753.2,2794.4,3065.4967863
2026-01-29 20:00:00+00:00,2795.2,2827.7,2786.8,2822.6,1055.23041074
2026-01-30 00:00:00+00:00,2822.5,2829.0,2683.6,2741.2,14069.49152876
2026-01-30 04:00:00+00:00,2740.9,2774.3,2699.7,2742.2,6120.4297869600005
2026-01-30 08:00:00+00:00,2742.2,2770.2,2712.3,2762.2,1055.30229575
2026-01-30 12:00:00+00:00,2762.6,2767.6,2695.5,2731.5,1052.62403038
2026-01-30 16:00:00+00:00,2730.5,2760.7,2637.7,2742.5,3410.89479205
2026-01-30 20:00:00+00:00,2741.0,2741.2,2664.4,2706.1,1839.78050488
2026-01-31 00:00:00+00:00,2706.4,2713.5,2684.1,2696.0,386.28518708
2026-01-31 04:00:00+00:00,2695.8,2704.8,2667.9,2679.2,428.95504793
2026-01-31 08:00:00+00:00,2679.7,2682.5,2608.8,2642.6,14129.03607072
2026-01-31 12:00:00+00:00,2642.4,2646.1,2510.8,2536.4,3019.61791266
2026-01-31 16:00:00+00:00,2535.3,2551.7,2243.3,2384.1,8653.98889956
2026-01-31 20:00:00+00:00,2384.9,2475.3,2356.2,2453.3,2221.16076989
2026-02-01 00:00:00+00:00,2452.7,2478.0,2431.0,2448.2,4024.4295834100003
2026-02-01 04:00:00+00:00,2447.6,2456.8,2395.8,2412.8,2124.28922762
2026-02-01 08:00:00+00:00,2412.8,2441.0,2377.8,2413.9,5280.98703378
2026-02-01 12:00:00+00:00,2413.9,2414.6,2288.2,2316.4,3047.44327026
2026-02-01 16:00:00+00:00,2316.6,2379.0,2286.3,2322.1,2889.60476873
2026-02-01 20:00:00+00:00,2322.0,2350.9,2222.2,2271.7,3849.92311333
2026-02-02 00:00:00+00:00,2271.9,2325.7,2169.6,2243.6,5117.93413318
2026-02-02 04:00:00+00:00,2241.9,2270.1,2162.2,2231.4,1755.77933214
2026-02-02 08:00:00+00:00,2232.7,2320.6,2232.0,2286.8,1989.34500952
2026-02-02 12:00:00+00:00,2286.9,2399.6,2285.9,2375.9,2443.00303165
2026-02-02 16:00:00+00:00,2374.7,2390.3,2330.7,2334.2,2072.94189201
2026-02-02 20:00:00+00:00,2334.0,2358.4,2316.0,2349.8,1201.82198561
2026-02-03 00:00:00+00:00,2349.5,2361.1,2287.3,2346.3,1718.55813523
2026-02-03 04:00:00+00:00,2344.9,2357.0,2300.1,2324.7,1593.16090492
2026-02-03 08:00:00+00:00,2324.8,2334.6,2263.9,2278.9,2923.37976432
2026-02-03 12:00:00+00:00,2279.1,2319.0,2255.6,2304.4,3200.79681421
2026-02-03 16:00:00+00:00,2304.3,2304.3,2112.2,2208.6,8053.77613675
2026-02-03 20:00:00+00:00,2208.1,2346.9,2190.5,2237.2,3971.76217494
2026-02-04 00:00:00+00:00,2236.1,2298.2,2226.8,2286.2,1121.46342307
2026-02-04 04:00:00+00:00,2286.4,2295.2,2258.6,2286.7,1586.93148394
2026-02-04 08:00:00+00:00,2286.9,2288.3,2228.1,2256.7,1127.00977828
2026-02-04 12:00:00+00:00,2257.5,2265.4,2137.9,2153.2,1959.40970714
2026-02-04 16:00:00+00:00,2152.8,2196.2,2079.1,2191.0,4818.35276704
2026-02-04 20:00:00+00:00,2191.2,2193.6,2091.6,2149.9,1455.25058073
2026-02-05 00:00:00+00:00,2151.0,2177.4,2099.8,2113.8,1248.58749929
2026-02-05 04:00:00+00:00,2113.1,2127.9,2072.0,2094.1,854.40288026
2026-02-05 08:00:00+00:00,2094.8,2152.1,2066.9,2083.4,4969.8249612
2026-02-05 12:00:00+00:00,2083.4,2108.1,1929.3,1962.5,3313.40616885
2026-02-05 16:00:00+00:00,1963.4,2020.5,1915.7,1930.0,7273.38387857
2026-02-05 20:00:00+00:00,1931.0,1944.1,1820.2,1829.2,5129.68795046
2026-02-06 00:00:00+00:00,1829.7,1950.6,1747.0,1894.4,4566.6558978
2026-02-06 04:00:00+00:00,1894.6,1977.8,1888.4,1901.5,2436.0671426100002
2026-02-06 08:00:00+00:00,1901.9,1940.5,1868.7,1934.6,2330.36088391
2026-02-06 12:00:00+00:00,1933.8,2006.7,1916.9,1980.9,7834.55465315
2026-02-06 16:00:00+00:00,1982.5,2091.5,1973.1,2068.3,4454.48957343
2026-02-06 20:00:00+00:00,2068.0,2095.7,2044.1,2065.9,2604.21238563
2026-02-07 00:00:00+00:00,2065.7,2087.9,2034.5,2082.8,1486.13453783
2026-02-07 04:00:00+00:00,2082.5,2120.0,1996.3,2028.9,1715.98639217
2026-02-07 08:00:00+00:00,2026.9,2034.0,2002.3,2020.9,887.91900377
2026-02-07 12:00:00+00:00,2020.1,2077.7,2012.1,2054.6,1365.51058903
2026-02-07 16:00:00+00:00,2054.7,2124.9,2013.4,2093.6,19269.09963777
2026-02-07 20:00:00+00:00,2092.9,2116.8,2075.2,2091.0,830.731642
2026-02-08 00:00:00+00:00,2089.7,2109.0,2078.6,2080.6,335.76089717
2026-02-08 04:00:00+00:00,2080.6,2090.7,2068.5,2085.8,925.39688373
2026-02-08 08:00:00+00:00,2086.0,2139.3,2079.7,2133.5,897.47981109
2026-02-08 12:00:00+00:00,2133.9,2146.0,2098.6,2110.4,1591.45095301
2026-02-08 16:00:00+00:00,2109.3,2130.5,2076.0,2128.5,703.19050396
2026-02-08 20:00:00+00:00,2128.4,2152.4,2072.3,2091.5,1242.79880848
2026-02-09 00:00:00+00:00,2090.8,2104.2,2056.3,2101.1,2346.46641757
2026-02-09 04:00:00+00:00,2101.3,2103.5,2065.8,2066.9,836.73051162
2026-02-09 08:00:00+00:00,2067.0,2071.0,2015.4,2029.5,1053.83380452
2026-02-09 12:00:00+00:00,2029.6,2073.6,2009.5,2062.5,1735.40786974
2026-02-09 16:00:00+00:00,2062.4,2144.1,2048.9,2132.7,2229.17503118
2026-02-09 20:00:00+00:00,2132.0,2149.0,2090.3,2106.0,980.23331522
2026-02-10 00:00:00+00:00,2105.8,2124.9,2053.2,2066.0,1053.94283629
2026-02-10 04:00:00+00:00,2066.1,2075.8,1999.0,2008.5,5560.80265918
2026-02-10 08:00:00+00:00,2008.7,2030.2,1996.6,2003.8,1651.62547889
2026-02-10 12:00:00+00:00,2004.0,2043.1,1990.3,2023.5,1704.16902593
2026-02-10 16:00:00+00:00,2024.2,2048.8,1999.0,2020.1,702.21338
2026-02-10 20:00:00+00:00,2019.9,2024.5,1998.5,2024.5,756.58190109
2026-02-11 00:00:00+00:00,2023.4,2033.8,1999.6,2011.5,801.36869702
2026-02-11 04:00:00+00:00,2011.6,2012.9,1940.0,1952.5,1959.05896584
2026-02-11 08:00:00+00:00,1952.1,1958.4,1934.0,1955.5,577.77197322
2026-02-11 12:00:00+00:00,1955.4,2017.7,1905.4,1932.1,3181.79817708
2026-02-11 16:00:00+00:00,1932.1,1961.8,1910.8,1954.5,832.42844149
2026-02-11 20:00:00+00:00,1954.5,1990.9,1934.5,1943.5,1157.833574
2026-02-12 00:00:00+00:00,1943.7,1979.1,1943.7,1971.0,572.34021029
2026-02-12 04:00:00+00:00,1970.1,1983.7,1954.7,1969.7,416.43153073
2026-02-12 08:00:00+00:00,1971.0,2003.7,1958.6,1991.0,1349.21524036
2026-02-12 12:00:00+00:00,1990.6,1997.0,1947.0,1950.3,974.4634643
2026-02-12 16:00:00+00:00,1951.0,1951.6,1899.0,1927.9,2557.41780864
2026-02-12 20:00:00+00:00,1928.4,1955.5,1912.7,1950.2,455.4313356
2026-02-13 00:00:00+00:00,1950.1,1960.5,1930.9,1955.7,540.88203294
2026-02-13 04:00:00+00:00,1956.0,1958.0,1927.5,1938.9,678.27060037
2026-02-13 08:00:00+00:00,1938.6,1971.0,1936.3,1962.7,894.31226476
2026-02-13 12:00:00+00:00,1962.6,2052.0,1955.0,2037.2,2057.0832402300002
2026-02-13 16:00:00+00:00,2036.6,2074.1,2034.0,2059.6,1149.54795214
2026-02-13 20:00:00+00:00,2059.4,2061.6,2041.2,2049.8,845.16489233
2026-02-14 00:00:00+00:00,2049.9,2058.7,2044.0,2055.2,198.68165699
2026-02-14 04:00:00+00:00,2055.2,2061.2,2049.3,2057.8,386.93918122
2026-02-14 08:00:00+00:00,2058.5,2108.2,2058.5,2100.0,1893.75712578
2026-02-14 12:00:00+00:00,2100.4,2100.4,2065.3,2087.9,1225.71001619
2026-02-14 16:00:00+00:00,2088.4,2091.6,2068.3,2089.8,756.31202529
2026-02-14 20:00:00+00:00,2089.9,2100.8,2080.3,2087.4,811.93240093
2026-02-15 00:00:00+00:00,2087.0,2091.3,2037.3,2059.6,2514.3543755
2026-02-15 04:00:00+00:00,2060.1,2103.5,2060.1,2093.0,1567.72024153
2026-02-15 08:00:00+00:00,2092.4,2097.3,2055.0,2062.7,2190.73948195
2026-02-15 12:00:00+00:00,2062.5,2068.8,1994.4,2013.2,1647.78248176
2026-02-15 16:00:00+00:00,2013.0,2013.0,1930.4,1943.8,3444.5779371
2026-02-15 20:00:00+00:00,1943.7,1976.5,1936.1,1968.2,870.09662966
2026-02-16 00:00:00+00:00,1967.5,1982.2,1950.0,1960.5,138.34990484
2026-02-16 04:00:00+00:00,1960.3,1980.0,1954.5,1972.9,292.74600762
2026-02-16 08:00:00+00:00,1972.8,1995.3,1958.9,1978.5,367.98974338
2026-02-16 12:00:00+00:00,1979.2,2025.2,1939.1,1958.7,1091.74755223
2026-02-16 16:00:00+00:00,1958.7,1990.8,1958.4,1975.9,609.00270144
2026-02-16 20:00:00+00:00,1975.8,2006.1,1974.3,2000.5,1039.67245025
2026-02-17 00:00:00+00:00,2000.7,2010.9,1982.5,1988.2,676.12723399
2026-02-17 04:00:00+00:00,1987.9,1999.6,1967.4,1988.1,609.66628588
2026-02-17 08:00:00+00:00,1988.2,1992.8,1963.8,1971.0,401.8389484
2026-02-17 12:00:00+00:00,1970.7,2005.3,1944.1,1970.1,1435.97323783
2026-02-17 16:00:00+00:00,1971.2,2017.9,1956.2,2000.8,1017.36268748
2026-02-17 20:00:00+00:00,2000.3,2006.1,1990.3,1994.0,483.8604582
2026-02-18 00:00:00+00:00,1993.9,2002.6,1970.8,1999.2,492.3410654
2026-02-18 04:00:00+00:00,1999.8,2025.0,1995.6,2020.1,344.13351548
2026-02-18 08:00:00+00:00,2020.2,2040.6,1979.1,1983.2,612.44778519
2026-02-18 12:00:00+00:00,1983.3,2012.7,1956.2,1988.0,1532.15333915
2026-02-18 16:00:00+00:00,1987.5,1989.8,1925.2,1943.5,1538.8212088
2026-02-18 20:00:00+00:00,1943.7,1959.3,1937.8,1959.3,2139.01665352
2026-02-19 00:00:00+00:00,1958.6,1977.4,1953.4,1974.4,547.29702623
2026-02-19 04:00:00+00:00,1974.9,1989.5,1966.5,1984.3,1023.13394701
2026-02-19 08:00:00+00:00,1983.7,1984.5,1949.4,1951.7,1053.57733343
2026-02-19 12:00:00+00:00,1951.8,1958.2,1914.6,1928.8,1381.74896205
2026-02-19 16:00:00+00:00,1928.4,1949.6,1909.1,1943.9,1392.73189679
2026-02-19 20:00:00+00:00,1943.4,1955.3,1937.9,1951.5,807.39530262
2026-02-20 00:00:00+00:00,1951.2,1967.0,1949.8,1957.1,710.3480617
2026-02-20 04:00:00+00:00,1957.2,1970.9,1933.0,1962.9,1423.39829199
2026-02-20 08:00:00+00:00,1963.1,1975.0,1943.0,1946.2,1107.35002671
2026-02-20 12:00:00+00:00,1945.3,1982.7,1925.8,1965.8,1712.36100309
2026-02-20 16:00:00+00:00,1965.9,1982.9,1941.0,1965.7,1173.43394346
2026-02-20 20:00:00+00:00,1965.6,1977.2,1964.7,1971.3,1065.48840712
2026-02-21 00:00:00+00:00,1970.9,1972.6,1957.9,1961.1,314.55058962
2026-02-21 04:00:00+00:00,1961.0,1968.1,1958.4,1964.8,246.37522275
2026-02-21 08:00:00+00:00,1964.8,1990.1,1964.1,1978.7,1119.79689627
2026-02-21 12:00:00+00:00,1978.8,1998.2,1971.7,1989.3,1480.56773001
2026-02-21 16:00:00+00:00,1989.6,1996.9,1978.6,1989.7,1079.06427997
2026-02-21 20:00:00+00:00,1989.6,1991.8,1970.1,1974.8,767.53564939
2026-02-22 00:00:00+00:00,1974.5,1984.5,1968.0,1975.7,529.77209039
2026-02-22 04:00:00+00:00,1975.6,1980.5,1971.8,1977.1,342.68749525
2026-02-22 08:00:00+00:00,1977.1,1984.0,1972.2,1981.3,166.3320971
2026-02-22 12:00:00+00:00,1981.3,1982.0,1943.2,1954.3,980.47928824
2026-02-22 16:00:00+00:00,1954.3,1956.6,1936.8,1946.0,1305.25222018
2026-02-22 20:00:00+00:00,1946.2,1963.2,1942.0,1959.9,363.74133873
2026-02-23 00:00:00+00:00,1960.1,1960.2,1850.1,1865.4,1805.01663681
2026-02-23 04:00:00+00:00,1865.7,1891.1,1857.0,1888.0,989.79803115
2026-02-23 08:00:00+00:00,1888.0,1931.0,1879.2,1918.4,1002.7005204
2026-02-23 12:00:00+00:00,1917.9,1938.0,1896.0,1898.4,2296.65436561
2026-02-23 16:00:00+00:00,1898.3,1902.7,1840.0,1859.2,1575.9203405
2026-02-23 20:00:00+00:00,1859.1,1872.3,1849.4,1858.7,868.82970003
2026-02-24 00:00:00+00:00,1859.1,1871.9,1814.3,1834.4,1617.18663311
2026-02-24 04:00:00+00:00,1834.5,1843.2,1816.4,1827.7,1274.16005574
2026-02-24 08:00:00+00:00,1827.5,1838.6,1817.7,1829.2,1272.28095703
2026-02-24 12:00:00+00:00,1829.3,1851.9,1801.4,1849.5,2983.28353892
2026-02-24 16:00:00+00:00,1849.6,1867.7,1841.2,1855.0,2629.64935243
2026-02-24 20:00:00+00:00,1854.6,1865.7,1847.8,1854.6,1471.57880573
2026-02-25 00:00:00+00:00,1854.7,1947.6,1849.1,1909.3,2818.59344528
2026-02-25 04:00:00+00:00,1908.9,1916.8,1879.9,1895.5,6200.89239344
2026-02-25 08:00:00+00:00,1895.5,1931.3,1892.3,1928.7,1035.55685574
2026-02-25 12:00:00+00:00,1927.9,2031.0,1925.3,2016.3,4359.39386348
2026-02-25 16:00:00+00:00,2015.4,2088.7,2015.4,2073.8,5674.01007646
2026-02-25 20:00:00+00:00,2073.6,2151.6,2037.9,2060.4,3862.52886098
2026-02-26 00:00:00+00:00,2058.6,2078.7,2042.2,2057.3,744.10985189
2026-02-26 04:00:00+00:00,2057.1,2086.6,2054.6,2056.0,630.75939594
2026-02-26 08:00:00+00:00,2056.4,2086.0,2048.0,2060.2,843.4292778
2026-02-26 12:00:00+00:00,2060.2,2080.3,2014.5,2035.0,1557.11202155
2026-02-26 16:00:00+00:00,2036.1,2040.5,1978.7,2032.6,2284.65012858
2026-02-26 20:00:00+00:00,2032.9,2044.0,2020.9,2030.0,554.17744453
2026-02-27 00:00:00+00:00,2029.7,2052.1,2002.1,2047.5,569.77186157
2026-02-27 04:00:00+00:00,2047.8,2065.3,2024.4,2035.0,680.01885405
2026-02-27 08:00:00+00:00,2034.6,2047.2,1956.0,1964.7,1158.41269755
2026-02-27 12:00:00+00:00,1964.0,1970.9,1941.2,1951.1,1222.66648166
2026-02-27 16:00:00+00:00,1951.0,1951.1,1910.0,1923.0,873.74436996
2026-02-27 20:00:00+00:00,1923.1,1936.0,1888.4,1932.5,1183.19609221
2026-02-28 00:00:00+00:00,1931.9,1939.0,1922.6,1926.9,451.18955869
2026-02-28 04:00:00+00:00,1926.7,1934.4,1838.0,1868.7,4602.25133666
2026-02-28 08:00:00+00:00,1868.6,1882.5,1847.5,1864.8,3637.62744373
2026-02-28 12:00:00+00:00,1864.9,1918.5,1864.5,1901.0,3092.49560185
2026-02-28 16:00:00+00:00,1900.8,1956.3,1887.8,1949.4,3032.34699127
2026-02-28 20:00:00+00:00,1948.4,1986.9,1941.0,1966.9,1731.00776951
2026-03-01 00:00:00+00:00,1966.9,2056.0,1946.0,2025.2,2091.95231085
2026-03-01 04:00:00+00:00,2025.5,2032.0,1990.9,2009.0,3952.10833882
2026-03-01 08:00:00+00:00,2009.2,2011.4,1974.5,1985.3,935.55795151
2026-03-01 12:00:00+00:00,1985.2,2029.0,1970.9,1994.7,4620.7579246
2026-03-01 16:00:00+00:00,1995.5,2011.1,1948.9,1955.4,5429.05508699
2026-03-01 20:00:00+00:00,1955.4,1969.5,1908.9,1940.5,4337.11485813
2026-03-02 00:00:00+00:00,1940.6,1990.0,1938.3,1972.9,4345.54519278
2026-03-02 04:00:00+00:00,1973.0,1984.9,1927.0,1943.1,2892.02073155
2026-03-02 08:00:00+00:00,1942.0,1968.6,1921.0,1949.2,4312.19065286
2026-03-02 12:00:00+00:00,1949.3,2066.9,1923.0,2048.5,9117.88380183
2026-03-02 16:00:00+00:00,2048.3,2089.5,2017.2,2044.8,4477.11529948
2026-03-02 20:00:00+00:00,2044.0,2059.4,2025.6,2028.2,1518.732025
2026-03-03 00:00:00+00:00,2028.5,2041.9,1999.8,2010.1,3481.49048676
2026-03-03 04:00:00+00:00,2010.0,2020.2,1989.4,1997.7,6283.43232656
2026-03-03 08:00:00+00:00,1997.3,2001.2,1940.8,1962.2,4247.00982003
2026-03-03 12:00:00+00:00,1962.2,1990.4,1929.7,1970.0,1982.655071
2026-03-03 16:00:00+00:00,1970.1,2013.5,1960.5,1986.8,2810.51009198
2026-03-03 20:00:00+00:00,1987.2,2002.2,1960.6,1983.0,3718.65057624
2026-03-04 00:00:00+00:00,1983.4,1999.2,1945.9,1962.4,1482.76356266
2026-03-04 04:00:00+00:00,1961.4,2010.8,1951.4,2007.4,1950.63274617
2026-03-04 08:00:00+00:00,2008.0,2092.8,2001.4,2054.9,4106.47976634
2026-03-04 12:00:00+00:00,2055.0,2160.7,2036.5,2150.3,3246.5342909
2026-03-04 16:00:00+00:00,2150.3,2199.1,2129.8,2177.8,2010.97040064
2026-03-04 20:00:00+00:00,2177.6,2179.9,2116.4,2128.0,1426.31112888
2026-03-05 00:00:00+00:00,2127.7,2140.9,2107.6,2119.5,1074.00117674
2026-03-05 04:00:00+00:00,2119.8,2144.6,2095.8,2106.0,1588.79840609
2026-03-05 08:00:00+00:00,2105.2,2163.3,2094.0,2138.1,1798.51077012
2026-03-05 12:00:00+00:00,2138.4,2142.6,2068.3,2086.0,2711.68541595
2026-03-05 16:00:00+00:00,2086.9,2094.0,2055.2,2074.4,5800.05503528
2026-03-05 20:00:00+00:00,2074.2,2098.4,2070.0,2072.4,985.68614949
2026-03-06 00:00:00+00:00,2072.5,2092.8,2061.7,2083.7,2366.03382997
2026-03-06 04:00:00+00:00,2083.6,2086.9,2059.5,2082.7,1146.83910576
2026-03-06 08:00:00+00:00,2082.5,2082.5,2045.8,2051.1,960.70660516
2026-03-06 12:00:00+00:00,2051.0,2061.7,1966.0,1977.7,2748.43394944
2026-03-06 16:00:00+00:00,1977.5,1992.9,1956.1,1983.7,652.05259136
2026-03-06 20:00:00+00:00,1983.9,1990.3,1969.0,1978.5,911.06732285
2026-03-07 00:00:00+00:00,1978.6,1996.1,1972.4,1979.9,788.30811122
2026-03-07 04:00:00+00:00,1979.9,1983.7,1963.9,1983.0,927.2590949
2026-03-07 08:00:00+00:00,1983.1,1994.8,1975.3,1988.7,490.31708794
2026-03-07 12:00:00+00:00,1988.9,1991.0,1971.0,1981.0,432.35778943
2026-03-07 16:00:00+00:00,1980.9,1983.1,1948.9,1955.6,1683.23708087
2026-03-07 20:00:00+00:00,1955.3,1973.5,1955.3,1968.9,781.24872536
2026-03-08 00:00:00+00:00,1969.1,1977.0,1936.0,1947.2,646.85208756
2026-03-08 04:00:00+00:00,1947.5,1960.0,1930.0,1955.2,465.05830163
2026-03-08 08:00:00+00:00,1955.5,1979.7,1945.0,1951.2,901.30206987
2026-03-08 12:00:00+00:00,1951.2,1954.0,1923.8,1942.8,972.59026347
2026-03-08 16:00:00+00:00,1942.8,1969.3,1928.0,1964.7,704.89280785
2026-03-08 20:00:00+00:00,1964.8,1971.0,1910.3,1937.2,1732.36109483
2026-03-09 00:00:00+00:00,1936.8,2005.1,1930.0,1978.1,1493.36511963
2026-03-09 04:00:00+00:00,1977.9,2014.4,1964.8,1984.2,1870.60138733
2026-03-09 08:00:00+00:00,1984.3,2022.3,1979.8,1992.8,2439.37919165
2026-03-09 12:00:00+00:00,1992.7,2033.5,1992.7,2023.2,1518.64554113
2026-03-09 16:00:00+00:00,2023.6,2054.0,2006.0,2035.1,1899.14000758
2026-03-09 20:00:00+00:00,2034.0,2037.5,1990.9,1995.5,1830.9170984
2026-03-10 00:00:00+00:00,1994.5,2054.3,1992.3,2027.8,680.90328225
2026-03-10 04:00:00+00:00,2028.0,2061.4,2027.5,2052.3,860.51888366
2026-03-10 08:00:00+00:00,2052.7,2074.9,2052.7,2062.6,876.25307587
2026-03-10 12:00:00+00:00,2063.5,2086.4,2010.8,2080.3,1357.11680657
2026-03-10 16:00:00+00:00,2080.2,2089.0,2028.0,2037.7,1469.78952584
2026-03-10 20:00:00+00:00,2037.3,2047.9,2018.9,2037.3,888.97312132
2026-03-11 00:00:00+00:00,2037.1,2042.3,2018.9,2022.0,495.85231089
2026-03-11 04:00:00+00:00,2021.7,2042.0,2008.0,2013.3,921.19638733
2026-03-11 08:00:00+00:00,2013.7,2035.0,2010.6,2018.1,784.89211983
2026-03-11 12:00:00+00:00,2019.4,2082.7,2013.8,2049.9,1522.13872543
2026-03-11 16:00:00+00:00,2050.1,2086.2,2047.8,2077.4,912.18173158
2026-03-11 20:00:00+00:00,2077.1,2085.2,2046.3,2052.9,785.07363001
2026-03-12 00:00:00+00:00,2053.1,2058.5,2018.3,2023.5,930.28458533
2026-03-12 04:00:00+00:00,2023.7,2042.0,2019.8,2041.6,572.77739651
2026-03-12 08:00:00+00:00,2041.2,2077.5,2039.2,2063.9,1041.67298955
2026-03-12 12:00:00+00:00,2064.1,2095.7,2038.6,2073.2,1388.60097525
2026-03-12 16:00:00+00:00,2073.1,2079.1,2046.5,2071.3,620.41131102
2026-03-12 20:00:00+00:00,2071.0,2093.8,2056.1,2074.1,903.42366642
2026-03-13 00:00:00+00:00,2073.8,2149.3,2070.5,2118.7,2382.03516785
2026-03-13 04:00:00+00:00,2118.5,2119.9,2089.7,2099.4,1295.89325819
2026-03-13 08:00:00+00:00,2099.1,2132.4,2091.0,2121.2,1000.37500189
2026-03-13 12:00:00+00:00,2120.8,2209.0,2120.0,2128.0,6726.5870248500005
2026-03-13 16:00:00+00:00,2129.0,2142.9,2090.5,2101.0,2356.01452531
2026-03-13 20:00:00+00:00,2101.1,2115.4,2077.6,2091.6,1322.00758202
2026-03-14 00:00:00+00:00,2091.5,2102.9,2081.2,2100.7,412.93010708
2026-03-14 04:00:00+00:00,2100.9,2105.4,2069.1,2078.0,1970.11047131
2026-03-14 08:00:00+00:00,2077.8,2081.7,2062.3,2074.4,461.48137909
2026-03-14 12:00:00+00:00,2074.6,2081.3,2070.2,2074.9,507.55937476
2026-03-14 16:00:00+00:00,2074.9,2079.3,2069.1,2077.1,299.28407785
2026-03-14 20:00:00+00:00,2077.3,2099.7,2075.7,2096.1,859.76321504
2026-03-15 00:00:00+00:00,2095.9,2108.1,2083.4,2096.3,639.13633121
2026-03-15 04:00:00+00:00,2096.3,2115.4,2096.0,2105.7,377.68485119
2026-03-15 08:00:00+00:00,2105.9,2122.9,2105.9,2119.4,477.58461668
2026-03-15 12:00:00+00:00,2119.5,2119.7,2086.5,2093.2,921.78411382
2026-03-15 16:00:00+00:00,2093.1,2117.5,2088.1,2113.4,675.32824596
2026-03-15 20:00:00+00:00,2113.4,2201.8,2110.0,2178.6,2794.33460401
2026-03-16 00:00:00+00:00,2178.4,2253.2,2164.7,2235.3,2120.0126793
2026-03-16 04:00:00+00:00,2235.2,2287.3,2235.2,2248.3,4020.5828631
2026-03-16 08:00:00+00:00,2248.5,2280.0,2234.8,2269.2,3371.2011818
2026-03-16 12:00:00+00:00,2269.2,2307.3,2254.9,2273.1,6408.338246650001
2026-03-16 16:00:00+00:00,2272.8,2347.5,2269.5,2329.3,2844.36058014
2026-03-16 20:00:00+00:00,2331.2,2386.3,2323.6,2352.0,3692.20384497
2026-03-17 00:00:00+00:00,2351.1,2376.4,2307.5,2320.2,2354.29148465
2026-03-17 04:00:00+00:00,2320.0,2337.1,2294.7,2327.5,2926.54421169
2026-03-17 08:00:00+00:00,2327.0,2334.2,2304.0,2326.8,3057.1446098
2026-03-17 12:00:00+00:00,2326.5,2357.5,2304.5,2315.9,2069.35597561
2026-03-17 16:00:00+00:00,2315.6,2341.9,2313.4,2320.1,934.72367349
2026-03-17 20:00:00+00:00,2320.0,2344.2,2316.8,2317.2,518.79574688
2026-03-18 00:00:00+00:00,2317.3,2348.9,2307.3,2340.7,668.04802169
2026-03-18 04:00:00+00:00,2340.8,2341.9,2311.8,2317.3,1145.15174694
2026-03-18 08:00:00+00:00,2317.4,2332.7,2264.0,2268.5,1381.1914357
2026-03-18 12:00:00+00:00,2268.4,2269.6,2170.0,2187.9,2920.5342342
2026-03-18 16:00:00+00:00,2186.9,2218.0,2166.8,2185.6,1253.19972243
2026-03-18 20:00:00+00:00,2185.2,2207.1,2153.1,2203.4,1785.28712872
2026-03-19 00:00:00+00:00,2203.2,2232.6,2187.4,2212.1,666.00599362
2026-03-19 04:00:00+00:00,2212.0,2213.2,2143.3,2166.7,987.56142874
2026-03-19 08:00:00+00:00,2166.7,2191.9,2158.2,2166.7,903.00861801
2026-03-19 12:00:00+00:00,2166.6,2167.4,2099.7,2118.9,2021.43188108
2026-03-19 16:00:00+00:00,2118.9,2157.0,2106.1,2141.9,1350.40806048
2026-03-19 20:00:00+00:00,2141.6,2156.1,2131.1,2138.2,1592.40494893
2026-03-20 00:00:00+00:00,2138.0,2161.3,2133.1,2151.3,1299.67297081
2026-03-20 04:00:00+00:00,2151.5,2159.1,2121.8,2151.1,550.56568371
2026-03-20 08:00:00+00:00,2151.2,2176.2,2131.9,2142.3,422.02557285
2026-03-20 12:00:00+00:00,2142.4,2153.5,2116.7,2134.6,438.86429604
2026-03-20 16:00:00+00:00,2134.4,2145.3,2117.6,2133.4,479.66656717
2026-03-20 20:00:00+00:00,2133.7,2169.2,2124.4,2147.1,1043.37410582
2026-03-21 00:00:00+00:00,2146.9,2160.0,2145.0,2153.8,451.12483549
2026-03-21 04:00:00+00:00,2153.9,2162.0,2151.2,2155.8,413.67238526
2026-03-21 08:00:00+00:00,2155.7,2159.7,2150.0,2156.9,469.78940089
2026-03-21 12:00:00+00:00,2157.2,2167.9,2146.6,2154.9,446.98833823
2026-03-21 16:00:00+00:00,2155.1,2155.5,2142.5,2152.3,367.64596016
2026-03-21 20:00:00+00:00,2152.5,2157.2,2070.9,2084.8,623.97944405
2026-03-22 00:00:00+00:00,2084.4,2127.1,2050.0,2114.5,976.01349376
2026-03-22 04:00:00+00:00,2114.2,2122.7,2092.9,2093.4,1174.62028294
2026-03-22 08:00:00+00:00,2093.6,2096.3,2066.8,2069.8,4204.34509425
2026-03-22 12:00:00+00:00,2069.8,2092.4,2069.2,2083.5,863.3955056
2026-03-22 16:00:00+00:00,2083.7,2084.9,2054.5,2063.7,754.64861189
2026-03-22 20:00:00+00:00,2063.6,2074.3,2027.2,2054.4,1584.1100333
2026-03-23 00:00:00+00:00,2054.6,2073.0,2036.0,2053.3,701.79765177
2026-03-23 04:00:00+00:00,2053.5,2072.1,2023.7,2044.1,735.30668895
2026-03-23 08:00:00+00:00,2045.4,2199.2,2029.4,2134.7,4011.12134651
2026-03-23 12:00:00+00:00,2136.6,2192.8,2108.5,2128.4,2045.72264977
2026-03-23 16:00:00+00:00,2129.6,2179.1,2118.5,2154.8,1332.59505945
2026-03-23 20:00:00+00:00,2154.5,2166.8,2141.1,2152.5,784.90171803
2026-03-24 00:00:00+00:00,2152.6,2156.8,2124.9,2142.1,754.94062711
2026-03-24 04:00:00+00:00,2141.8,2169.4,2128.5,2165.7,1401.99024003
2026-03-24 08:00:00+00:00,2165.9,2175.2,2147.8,2166.0,1175.04666717
2026-03-24 12:00:00+00:00,2166.0,2169.7,2121.0,2135.3,1064.13066383
2026-03-24 16:00:00+00:00,2134.4,2140.4,2102.7,2116.3,1388.71856776
2026-03-24 20:00:00+00:00,2116.2,2163.6,2115.3,2156.3,1514.1886299
2026-03-25 00:00:00+00:00,2156.5,2168.2,2146.5,2158.4,707.30794148
2026-03-25 04:00:00+00:00,2158.1,2179.4,2156.7,2164.5,861.76290268
2026-03-25 08:00:00+00:00,2164.7,2165.8,2164.5,2165.8,0.01
2026-03-25 16:00:00+00:00,2165.8,2166.1,2165.8,2166.1,0.31130883
2026-03-25 20:00:00+00:00,2166.1,2180.6,2163.2,2168.3,347.55009563
2026-03-26 00:00:00+00:00,2168.5,2171.1,2143.9,2152.7,273.73991882
2026-03-26 04:00:00+00:00,2152.6,2153.4,2112.1,2122.3,285.83433725
2026-03-26 08:00:00+00:00,2122.7,2126.1,2062.4,2068.2,1185.53861651
2026-03-26 12:00:00+00:00,2068.1,2093.3,2050.8,2069.9,663.89820463
2026-03-26 16:00:00+00:00,2070.1,2070.9,2034.0,2049.8,832.30473863
2026-03-26 20:00:00+00:00,2048.2,2078.7,2046.4,2060.1,846.79444871
2026-03-27 00:00:00+00:00,2060.2,2076.5,2056.9,2061.4,400.32184476
2026-03-27 04:00:00+00:00,2061.5,2071.3,2043.0,2065.3,1020.10886369
2026-03-27 08:00:00+00:00,2065.4,2067.8,1982.0,1991.2,1821.61749659
2026-03-27 12:00:00+00:00,1991.3,2009.5,1967.2,1990.3,1905.21440103
2026-03-27 16:00:00+00:00,1990.5,1997.2,1974.1,1990.9,3391.2331934400004
2026-03-27 20:00:00+00:00,1991.0,1995.7,1979.8,1992.5,471.35624727
2026-03-28 00:00:00+00:00,1992.5,1995.1,1982.7,1989.0,193.91035928
2026-03-28 04:00:00+00:00,1988.9,2008.1,1987.0,2006.8,370.65067494
2026-03-28 08:00:00+00:00,2006.6,2008.1,1993.0,1997.5,304.69267341
2026-03-28 12:00:00+00:00,1997.8,2047.2,1992.2,2026.4,1634.58581112
2026-03-28 16:00:00+00:00,2026.6,2030.3,2017.0,2020.3,526.24871088
2026-03-28 20:00:00+00:00,2020.4,2026.0,1989.4,1994.9,617.93533069
2026-03-29 00:00:00+00:00,1994.2,2018.9,1991.6,2011.0,187.30366718
2026-03-29 04:00:00+00:00,2011.1,2012.4,1998.4,2006.0,278.85411757
2026-03-29 08:00:00+00:00,2005.9,2007.4,1991.9,2003.9,356.13466342
2026-03-29 12:00:00+00:00,2004.0,2004.6,1983.6,1992.3,1167.78571411
2026-03-29 16:00:00+00:00,1992.3,2003.6,1987.5,1996.0,528.73460328
2026-03-29 20:00:00+00:00,1995.5,2009.2,1938.0,1983.7,1722.75239346
2026-03-30 00:00:00+00:00,1984.8,2043.1,1980.9,2035.7,987.58750001
2026-03-30 04:00:00+00:00,2036.4,2067.7,2036.4,2059.2,841.93918744
2026-03-30 08:00:00+00:00,2059.6,2081.3,2048.0,2070.4,904.74042905
2026-03-30 12:00:00+00:00,2070.7,2083.7,2043.8,2073.8,1058.15925264
2026-03-30 16:00:00+00:00,2073.9,2074.3,2012.8,2022.9,1466.91383273
2026-03-30 20:00:00+00:00,2022.9,2048.4,2013.3,2025.4,533.43052138
2026-03-31 00:00:00+00:00,2025.4,2090.0,2015.8,2065.4,1291.78188326
2026-03-31 04:00:00+00:00,2065.9,2071.5,2041.8,2055.0,529.93793975
2026-03-31 08:00:00+00:00,2055.1,2058.1,2011.9,2040.2,1202.59094271
2026-03-31 12:00:00+00:00,2040.5,2090.2,2034.5,2053.6,1596.03025566
2026-03-31 16:00:00+00:00,2053.9,2123.1,2053.9,2095.1,1160.0423055
2026-03-31 20:00:00+00:00,2096.3,2109.1,2088.0,2104.0,333.22751737
2026-04-01 00:00:00+00:00,2104.2,2117.4,2080.9,2102.7,465.15484073
2026-04-01 04:00:00+00:00,2102.2,2156.8,2099.6,2130.2,736.25769833
2026-04-01 08:00:00+00:00,2130.2,2141.7,2124.5,2134.2,354.66099138
2026-04-01 12:00:00+00:00,2134.3,2148.7,2108.4,2134.5,560.67127832
2026-04-01 16:00:00+00:00,2134.4,2165.5,2124.1,2139.5,696.7736232
2026-04-01 20:00:00+00:00,2141.0,2164.6,2129.6,2139.1,490.83952196
2026-04-02 00:00:00+00:00,2136.0,2158.4,2044.8,2055.2,972.4124747
2026-04-02 04:00:00+00:00,2055.7,2057.0,2037.7,2054.6,740.76984184
2026-04-02 08:00:00+00:00,2054.7,2054.7,2022.5,2032.5,510.69020877
2026-04-02 12:00:00+00:00,2032.6,2071.4,2016.0,2058.8,616.10993346
2026-04-02 16:00:00+00:00,2058.7,2076.0,2043.9,2065.1,591.13355676
2026-04-02 20:00:00+00:00,2065.3,2073.5,2053.5,2054.8,410.91337691
2026-04-03 00:00:00+00:00,2056.9,2061.1,2040.0,2053.5,246.79446708
2026-04-03 04:00:00+00:00,2053.8,2074.4,2047.9,2065.0,335.8506957
2026-04-03 08:00:00+00:00,2065.2,2071.1,2052.4,2061.9,127.17928966
2026-04-03 12:00:00+00:00,2062.1,2082.3,2040.6,2050.3,344.59316264
2026-04-03 16:00:00+00:00,2050.3,2055.6,2043.4,2051.1,2538.67991233
2026-04-03 20:00:00+00:00,2051.5,2060.1,2048.2,2052.7,191.47897092
2026-04-04 00:00:00+00:00,2052.6,2052.9,2047.1,2049.3,257.1206524
2026-04-04 04:00:00+00:00,2049.2,2056.3,2047.4,2052.5,100.97520964
2026-04-04 08:00:00+00:00,2052.9,2054.3,2046.8,2050.8,221.97798613
2026-04-04 12:00:00+00:00,2051.0,2060.9,2044.1,2055.9,310.1305588
2026-04-04 16:00:00+00:00,2055.8,2083.6,2052.5,2064.6,522.92660808
2026-04-04 20:00:00+00:00,2064.6,2071.7,2059.5,2065.2,402.836254
2026-04-05 00:00:00+00:00,2065.2,2065.4,2053.6,2056.4,171.43014352
2026-04-05 04:00:00+00:00,2056.6,2057.7,2027.0,2036.3,492.29117557
2026-04-05 08:00:00+00:00,2036.2,2052.3,2035.1,2041.4,206.71157191
2026-04-05 12:00:00+00:00,2041.3,2069.0,2019.1,2053.4,475.1296721
2026-04-05 16:00:00+00:00,2053.4,2069.3,2047.7,2061.1,1813.18711865
2026-04-05 20:00:00+00:00,2061.1,2122.2,2048.9,2108.3,2079.0024789100003
2026-04-06 00:00:00+00:00,2108.8,2145.6,2108.6,2128.0,2653.2499571500002
2026-04-06 04:00:00+00:00,2128.2,2140.5,2119.1,2134.0,755.45862229
2026-04-06 08:00:00+00:00,2134.2,2174.5,2132.3,2150.4,1991.43603432
2026-04-06 12:00:00+00:00,2150.2,2168.0,2136.9,2163.9,1766.3148578
2026-04-06 16:00:00+00:00,2164.0,2166.8,2122.9,2143.0,838.53288442
2026-04-06 20:00:00+00:00,2142.9,2153.4,2085.7,2106.2,732.26873837
2026-04-07 00:00:00+00:00,2106.0,2118.5,2092.5,2107.2,489.15720584
2026-04-07 04:00:00+00:00,2107.2,2117.8,2095.8,2103.2,290.54095523
2026-04-07 08:00:00+00:00,2103.4,2132.9,2081.7,2089.0,707.44385491
2026-04-07 12:00:00+00:00,2089.1,2092.3,2059.7,2079.5,1347.19627045
2026-04-07 16:00:00+00:00,2079.6,2116.0,2077.0,2112.6,986.42621491
2026-04-07 20:00:00+00:00,2113.9,2272.4,2110.1,2239.3,2074.82427947
2026-04-08 00:00:00+00:00,2241.5,2249.9,2227.0,2233.4,1022.28169062
2026-04-08 04:00:00+00:00,2233.6,2260.4,2233.5,2252.6,1433.15141498
2026-04-08 08:00:00+00:00,2253.6,2264.9,2236.8,2246.6,805.29000784
2026-04-08 12:00:00+00:00,2246.8,2269.3,2186.1,2214.5,2293.70085148
2026-04-08 16:00:00+00:00,2214.3,2238.4,2197.1,2211.0,1132.30166744
2026-04-08 20:00:00+00:00,2211.0,2220.3,2179.8,2189.1,266.90935297
2026-04-09 00:00:00+00:00,2189.0,2193.0,2162.1,2181.6,273.52318912
2026-04-09 04:00:00+00:00,2181.5,2187.9,2174.6,2180.0,431.23978095
2026-04-09 08:00:00+00:00,2180.4,2195.9,2176.0,2179.1,447.31258658
2026-04-09 12:00:00+00:00,2179.1,2223.0,2155.9,2217.0,1377.46429669
2026-04-09 16:00:00+00:00,2217.1,2228.3,2192.4,2215.4,1012.52423372
2026-04-09 20:00:00+00:00,2215.1,2244.0,2182.4,2189.5,2137.1698202000002
2026-04-10 00:00:00+00:00,2188.8,2203.4,2176.0,2185.3,523.40628947
2026-04-10 04:00:00+00:00,2185.3,2202.0,2175.5,2178.7,248.28283569
2026-04-10 08:00:00+00:00,2178.6,2222.7,2176.4,2215.1,861.4114052
2026-04-10 12:00:00+00:00,2215.1,2256.3,2207.0,2223.4,2067.53197073
2026-04-10 16:00:00+00:00,2223.6,2255.9,2220.9,2252.5,519.65161944
2026-04-10 20:00:00+00:00,2252.5,2258.0,2235.5,2244.7,324.40142963
2026-04-11 00:00:00+00:00,2244.4,2252.3,2234.6,2236.5,173.37660688
2026-04-11 04:00:00+00:00,2236.7,2242.5,2227.7,2232.4,60.663579490000004
2026-04-11 08:00:00+00:00,2232.5,2248.2,2231.9,2246.1,110.31261962
2026-04-11 12:00:00+00:00,2246.0,2255.3,2233.7,2249.4,164.07970343
2026-04-11 16:00:00+00:00,2249.7,2330.0,2246.7,2315.4,754.92740526
2026-04-11 20:00:00+00:00,2316.5,2317.2,2276.3,2284.5,459.96979855
2026-04-12 00:00:00+00:00,2284.4,2288.5,2206.2,2213.7,765.56165029
2026-04-12 04:00:00+00:00,2214.3,2220.7,2208.8,2218.3,172.24411312
2026-04-12 08:00:00+00:00,2217.9,2219.0,2193.7,2203.9,262.87130634
2026-04-12 12:00:00+00:00,2203.8,2207.7,2175.7,2186.0,350.0452241
2026-04-12 16:00:00+00:00,2185.8,2206.8,2182.6,2198.0,233.29331543
2026-04-12 20:00:00+00:00,2198.1,2217.3,2183.3,2190.1,333.30736058
2026-04-13 00:00:00+00:00,2190.3,2206.5,2186.3,2192.7,15511.68207894
2026-04-13 04:00:00+00:00,2192.8,2201.4,2180.5,2185.6,1099.66608355
2026-04-13 08:00:00+00:00,2185.8,2193.9,2178.0,2186.8,601.89597798
2026-04-13 12:00:00+00:00,2186.8,2236.4,2174.0,2209.2,1400.93487878
2026-04-13 16:00:00+00:00,2209.4,2267.4,2199.7,2262.2,732.02329543
2026-04-13 20:00:00+00:00,2262.3,2395.0,2247.4,2368.4,2647.47531348
2026-04-14 00:00:00+00:00,2370.1,2377.7,2353.5,2364.9,2199.86641698
2026-04-14 04:00:00+00:00,2365.1,2389.8,2354.7,2378.0,773.01109242
2026-04-14 08:00:00+00:00,2378.7,2396.4,2367.3,2373.9,2530.58754326
2026-04-14 12:00:00+00:00,2374.1,2415.9,2333.5,2365.0,3298.45657481
2026-04-14 16:00:00+00:00,2364.1,2371.4,2303.5,2312.1,4028.66649608
2026-04-14 20:00:00+00:00,2313.5,2331.6,2308.3,2322.1,495.67848615
2026-04-15 00:00:00+00:00,2322.1,2342.2,2317.5,2328.5,328.04239069
2026-04-15 04:00:00+00:00,2328.5,2337.4,2307.9,2316.2,430.12072312
2026-04-15 08:00:00+00:00,2316.3,2339.3,2312.0,2337.0,274.3212715
2026-04-15 12:00:00+00:00,2337.1,2349.0,2317.5,2332.1,768.42822127
2026-04-15 16:00:00+00:00,2331.3,2385.0,2329.3,2375.1,1377.82318297
2026-04-15 20:00:00+00:00,2375.5,2380.0,2348.6,2359.7,2677.45015322
2026-04-16 00:00:00+00:00,2359.6,2369.2,2345.8,2357.9,676.41462756
2026-04-16 04:00:00+00:00,2357.9,2363.7,2334.6,2341.7,512.64634332
2026-04-16 08:00:00+00:00,2341.7,2348.4,2328.8,2335.8,559.5568437
2026-04-16 12:00:00+00:00,2335.9,2351.8,2284.4,2339.2,1262.77148704
2026-04-16 16:00:00+00:00,2338.7,2362.0,2310.2,2359.8,539.89776654
2026-04-16 20:00:00+00:00,2360.7,2363.4,2335.8,2347.6,358.79516771
2026-04-17 00:00:00+00:00,2347.7,2350.3,2324.1,2325.0,685.35639723
2026-04-17 04:00:00+00:00,2325.2,2341.4,2317.3,2333.8,224.90129586
2026-04-17 08:00:00+00:00,2333.3,2376.0,2332.7,2353.9,1643.3529993500001
2026-04-17 12:00:00+00:00,2354.3,2457.4,2348.8,2441.2,3744.82238679
2026-04-17 16:00:00+00:00,2442.1,2464.7,2415.7,2427.9,734.89809935
2026-04-17 20:00:00+00:00,2428.7,2442.8,2414.4,2414.4,1106.03428463
2026-04-18 00:00:00+00:00,2419.3,2426.5,2399.5,2404.9,1521.75592168
2026-04-18 04:00:00+00:00,2404.4,2413.2,2400.3,2403.6,539.92301439
2026-04-18 08:00:00+00:00,2403.8,2405.1,2344.8,2353.5,1284.88154863
2026-04-18 12:00:00+00:00,2353.6,2369.7,2345.6,2363.5,317.28328392
2026-04-18 16:00:00+00:00,2363.7,2376.6,2337.5,2348.6,919.71012485
2026-04-18 20:00:00+00:00,2348.7,2360.1,2345.1,2350.4,190.73246213
2026-04-19 00:00:00+00:00,2350.4,2355.2,2332.2,2339.4,178.87240633
2026-04-19 04:00:00+00:00,2339.5,2346.0,2297.9,2315.7,1920.28073506
2026-04-19 08:00:00+00:00,2315.9,2330.5,2306.3,2329.2,265.59308975
2026-04-19 12:00:00+00:00,2329.4,2349.9,2316.0,2330.8,237.20178667
2026-04-19 16:00:00+00:00,2330.0,2331.2,2288.0,2300.2,460.52567707000003
2026-04-19 20:00:00+00:00,2300.0,2300.3,2253.0,2263.2,685.04131762
2026-04-20 00:00:00+00:00,2263.4,2293.8,2260.5,2286.4,354.74475001
2026-04-20 04:00:00+00:00,2286.2,2331.2,2262.7,2298.3,437.5048988
2026-04-20 08:00:00+00:00,2297.7,2320.4,2289.5,2308.6,499.43314485
2026-04-20 12:00:00+00:00,2308.4,2326.2,2278.5,2315.2,531.79019127
2026-04-20 16:00:00+00:00,2315.0,2344.0,2298.3,2332.2,817.6784622
2026-04-20 20:00:00+00:00,2332.1,2347.0,2307.6,2314.0,728.87337697
2026-04-21 00:00:00+00:00,2314.4,2326.3,2299.3,2311.5,483.46126709
2026-04-21 04:00:00+00:00,2311.9,2327.1,2304.5,2319.0,372.25454734
2026-04-21 08:00:00+00:00,2318.8,2338.7,2314.1,2320.2,607.73118108
2026-04-21 12:00:00+00:00,2320.2,2327.1,2291.0,2310.3,708.47901421
2026-04-21 16:00:00+00:00,2310.6,2331.4,2284.3,2297.2,714.40972919
2026-04-21 20:00:00+00:00,2297.0,2329.4,2295.9,2327.2,562.52486593
2026-04-22 00:00:00+00:00,2327.9,2379.3,2313.5,2363.9,848.1822896
2026-04-22 04:00:00+00:00,2364.3,2413.3,2358.8,2390.0,1900.92893246
2026-04-22 08:00:00+00:00,2390.3,2400.8,2383.2,2398.8,319.87991383
2026-04-22 12:00:00+00:00,2398.9,2423.7,2390.7,2403.3,790.86600351
2026-04-22 16:00:00+00:00,2403.9,2413.3,2384.3,2398.0,590.25730927
2026-04-22 20:00:00+00:00,2398.7,2406.1,2374.4,2374.5,391.07429993
2026-04-23 00:00:00+00:00,2374.7,2382.0,2331.0,2341.9,784.8705593
2026-04-23 04:00:00+00:00,2339.7,2359.1,2337.4,2345.2,679.93714482
2026-04-23 08:00:00+00:00,2345.1,2345.8,2307.1,2330.4,1273.99753729
2026-04-23 12:00:00+00:00,2330.5,2346.3,2316.9,2335.3,1436.50796679
2026-04-23 16:00:00+00:00,2335.5,2337.3,2287.6,2313.8,655.73745056
2026-04-23 20:00:00+00:00,2316.0,2340.3,2315.5,2331.8,260.23719852
2026-04-24 00:00:00+00:00,2331.8,2338.7,2302.7,2309.8,423.45269711
2026-04-24 04:00:00+00:00,2309.7,2319.0,2301.9,2313.3,228.0321778
2026-04-24 08:00:00+00:00,2313.2,2334.2,2305.0,2329.6,346.70954855
2026-04-24 12:00:00+00:00,2329.7,2333.1,2303.2,2325.3,400.32833882
2026-04-24 16:00:00+00:00,2324.7,2326.2,2309.0,2322.5,358.62741172
2026-04-24 20:00:00+00:00,2322.2,2328.9,2308.1,2315.8,482.71830811
2026-04-25 00:00:00+00:00,2315.8,2321.9,2311.9,2319.1,227.06605816
2026-04-25 04:00:00+00:00,2319.1,2319.6,2313.5,2316.7,169.77877362
2026-04-25 08:00:00+00:00,2316.5,2323.4,2311.6,2313.9,231.97644471
2026-04-25 12:00:00+00:00,2314.0,2318.8,2303.3,2308.7,316.68819926
2026-04-25 16:00:00+00:00,2308.2,2314.5,2298.4,2310.2,410.36348975
2026-04-25 20:00:00+00:00,2310.5,2320.7,2308.9,2319.4,150.08184633
2026-04-26 00:00:00+00:00,2319.5,2319.8,2306.4,2310.1,108.84614451
2026-04-26 04:00:00+00:00,2310.1,2336.9,2308.3,2331.2,315.5826926
2026-04-26 08:00:00+00:00,2331.4,2337.9,2329.4,2335.7,94.10145104
2026-04-26 12:00:00+00:00,2335.7,2352.8,2325.0,2348.6,385.90770098
2026-04-26 16:00:00+00:00,2349.2,2378.4,2340.7,2368.6,792.57899334
2026-04-26 20:00:00+00:00,2369.0,2381.1,2349.7,2370.7,697.47534298
2026-04-27 00:00:00+00:00,2370.9,2405.5,2361.3,2395.8,596.43124999
2026-04-27 04:00:00+00:00,2395.9,2397.3,2312.8,2316.7,808.53315267
2026-04-27 08:00:00+00:00,2316.2,2325.1,2309.5,2321.1,184.38531574
2026-04-27 12:00:00+00:00,2320.9,2330.5,2267.0,2275.7,416.8291312
2026-04-27 16:00:00+00:00,2275.1,2293.1,2270.1,2289.5,745.96648033
2026-04-27 20:00:00+00:00,2290.5,2309.3,2285.6,2299.1,301.38392515
2026-04-28 00:00:00+00:00,2305.2,2312.2,2282.5,2291.5,129.97328234
2026-04-28 04:00:00+00:00,2291.3,2297.9,2270.9,2288.2,230.5172861
2026-04-28 08:00:00+00:00,2288.3,2291.5,2271.5,2276.0,81.3217683
2026-04-28 12:00:00+00:00,2276.3,2287.0,2258.3,2280.3,530.89244269
2026-04-28 16:00:00+00:00,2279.7,2307.8,2275.9,2304.0,977.42213179
2026-04-28 20:00:00+00:00,2303.4,2308.0,2285.7,2291.3,369.91810607
2026-04-29 00:00:00+00:00,2291.0,2318.9,2280.5,2313.6,671.37469763
2026-04-29 04:00:00+00:00,2314.1,2343.4,2310.7,2324.9,186.74167556
2026-04-29 08:00:00+00:00,2325.0,2347.1,2322.1,2332.1,269.54930246
2026-04-29 12:00:00+00:00,2332.3,2332.7,2263.4,2272.6,541.45836716
2026-04-29 16:00:00+00:00,2271.6,2284.7,2221.4,2234.1,1275.82799707
2026-04-29 20:00:00+00:00,2234.3,2265.1,2231.3,2253.0,346.12586258
2026-04-30 00:00:00+00:00,2253.9,2279.0,2235.7,2254.1,341.78767585
2026-04-30 04:00:00+00:00,2254.0,2262.5,2232.2,2260.8,327.62914377
2026-04-30 08:00:00+00:00,2261.5,2273.7,2252.8,2258.5,258.38884445
2026-04-30 12:00:00+00:00,2258.5,2274.9,2247.7,2266.3,209.54735563
2026-04-30 16:00:00+00:00,2266.0,2267.3,2251.4,2261.8,91.74614475
2026-04-30 20:00:00+00:00,2261.7,2267.0,2252.0,2257.8,45.03904093
2026-05-01 00:00:00+00:00,2257.8,2295.5,2257.6,2282.6,275.08500993
2026-05-01 04:00:00+00:00,2282.8,2286.6,2271.8,2279.6,53.26735489
2026-05-01 08:00:00+00:00,2279.7,2292.9,2277.3,2286.9,117.04160531
2026-05-01 12:00:00+00:00,2286.8,2325.0,2284.5,2307.6,702.23867232
2026-05-01 16:00:00+00:00,2307.4,2314.2,2298.0,2304.5,629.91900757
2026-05-01 20:00:00+00:00,2305.2,2305.6,2279.3,2294.6,681.61902203
2026-05-02 00:00:00+00:00,2294.8,2307.7,2292.0,2303.5,287.64570228
2026-05-02 04:00:00+00:00,2304.0,2305.2,2295.7,2300.1,163.54474636
2026-05-02 08:00:00+00:00,2300.0,2307.1,2297.8,2301.0,66.40789211
2026-05-02 12:00:00+00:00,2301.0,2310.9,2300.4,2308.4,131.46562209
2026-05-02 16:00:00+00:00,2308.4,2312.9,2303.9,2310.2,128.74181329
2026-05-02 20:00:00+00:00,2310.3,2341.2,2308.7,2316.6,492.88982950999997
2026-05-03 00:00:00+00:00,2316.4,2316.8,2298.1,2300.9,514.04903713
2026-05-03 04:00:00+00:00,2300.8,2313.0,2296.1,2308.1,121.40698044999999
2026-05-03 08:00:00+00:00,2308.1,2326.5,2306.4,2318.8,282.55251754
2026-05-03 12:00:00+00:00,2318.9,2332.7,2318.9,2327.2,381.10745581
2026-05-03 16:00:00+00:00,2327.2,2336.3,2321.1,2334.6,142.1874163
2026-05-03 20:00:00+00:00,2334.4,2356.2,2314.9,2322.1,606.80698464
2026-05-04 00:00:00+00:00,2322.2,2390.1,2308.7,2384.3,766.9884524
2026-05-04 04:00:00+00:00,2384.8,2397.8,2354.5,2361.4,572.63840783
2026-05-04 08:00:00+00:00,2361.2,2369.5,2313.3,2336.4,566.91943163
2026-05-04 12:00:00+00:00,2336.4,2381.1,2324.5,2349.4,538.92937116
2026-05-04 16:00:00+00:00,2350.6,2379.0,2336.3,2355.3,690.87325351
2026-05-04 20:00:00+00:00,2354.8,2364.8,2343.7,2345.7,254.39531373
2026-05-05 00:00:00+00:00,2345.7,2387.6,2344.3,2381.0,342.4112653
2026-05-05 04:00:00+00:00,2381.4,2389.5,2366.4,2379.2,621.77156795
2026-05-05 08:00:00+00:00,2378.5,2382.8,2365.4,2378.0,371.91835629999997
2026-05-05 12:00:00+00:00,2377.8,2398.0,2367.7,2379.7,641.41094916
2026-05-05 16:00:00+00:00,2379.7,2381.7,2357.5,2370.4,432.44640451
2026-05-05 20:00:00+00:00,2370.5,2386.7,2353.0,2359.3,445.88979142
2026-05-06 00:00:00+00:00,2359.5,2379.2,2352.0,2374.9,301.87215955
2026-05-06 04:00:00+00:00,2375.0,2377.4,2351.8,2369.9,259.96689672
2026-05-06 08:00:00+00:00,2369.6,2422.4,2367.7,2408.8,1735.93659531
2026-05-06 12:00:00+00:00,2409.0,2413.3,2345.0,2357.5,810.35036044
2026-05-06 16:00:00+00:00,2357.3,2365.8,2335.4,2347.4,466.56960992
2026-05-06 20:00:00+00:00,2347.9,2356.5,2336.8,2349.1,286.6150906
2026-05-07 00:00:00+00:00,2349.2,2350.6,2311.2,2320.5,619.91877337
2026-05-07 04:00:00+00:00,2320.7,2345.5,2316.8,2343.8,718.12828563
2026-05-07 08:00:00+00:00,2343.3,2345.3,2316.0,2328.9,800.21150868
2026-05-07 12:00:00+00:00,2328.9,2335.8,2284.9,2293.8,1218.17827246
2026-05-07 16:00:00+00:00,2292.1,2303.3,2278.1,2294.0,615.95596483
2026-05-07 20:00:00+00:00,2294.6,2301.2,2280.7,2290.0,723.24346818
2026-05-08 00:00:00+00:00,2290.5,2293.7,2263.7,2278.1,614.51690128
2026-05-08 04:00:00+00:00,2277.9,2282.8,2266.5,2280.7,431.6846675
2026-05-08 08:00:00+00:00,2279.6,2297.2,2278.9,2295.2,519.3158974
2026-05-08 12:00:00+00:00,2295.2,2300.7,2269.3,2292.5,560.66143666
2026-05-08 16:00:00+00:00,2292.6,2320.7,2285.8,2315.3,1339.10803382
2026-05-08 20:00:00+00:00,2315.6,2318.7,2302.9,2306.9,536.77540799
2026-05-09 00:00:00+00:00,2306.9,2320.4,2304.0,2315.1,244.82667968
2026-05-09 04:00:00+00:00,2315.3,2324.4,2310.4,2314.0,207.71397293
2026-05-09 08:00:00+00:00,2314.1,2319.8,2310.1,2314.1,185.80005899
2026-05-09 12:00:00+00:00,2314.0,2317.8,2298.0,2316.6,407.4236359
2026-05-09 16:00:00+00:00,2316.8,2337.5,2314.1,2331.4,936.05525335
2026-05-09 20:00:00+00:00,2331.5,2334.9,2323.6,2325.8,375.9180238
2026-05-10 00:00:00+00:00,2325.9,2331.6,2317.4,2326.1,199.65578398
2026-05-10 04:00:00+00:00,2326.3,2330.0,2324.5,2325.9,110.80727796
2026-05-10 08:00:00+00:00,2325.8,2332.0,2317.8,2321.3,164.52346899
2026-05-10 12:00:00+00:00,2321.1,2350.4,2319.8,2346.4,610.67738745
2026-05-10 16:00:00+00:00,2347.0,2366.8,2339.1,2364.7,1065.26668216
2026-05-10 20:00:00+00:00,2364.9,2380.7,2310.7,2369.4,1872.17652229
2026-05-11 00:00:00+00:00,2370.5,2373.1,2318.6,2329.0,789.5347011
2026-05-11 04:00:00+00:00,2328.8,2341.2,2325.4,2329.2,302.41289211000003
2026-05-11 08:00:00+00:00,2329.4,2338.5,2325.5,2334.6,288.32277939
2026-05-11 12:00:00+00:00,2334.8,2337.8,2302.5,2332.3,675.94226936
2026-05-11 16:00:00+00:00,2331.9,2342.9,2322.7,2339.5,388.14884235
2026-05-11 20:00:00+00:00,2339.4,2344.4,2333.8,2338.2,278.10318077
2026-05-12 00:00:00+00:00,2338.2,2339.2,2293.9,2308.2,545.29815976
2026-05-12 04:00:00+00:00,2308.3,2313.2,2291.0,2294.9,943.47768338
2026-05-12 08:00:00+00:00,2294.4,2295.9,2278.0,2286.2,1479.25604609
2026-05-12 12:00:00+00:00,2286.0,2293.0,2255.7,2261.0,903.0168646
2026-05-12 16:00:00+00:00,2260.6,2286.9,2256.0,2284.5,400.62720434
2026-05-12 20:00:00+00:00,2284.6,2290.7,2272.9,2273.7,284.90166658
2026-05-13 00:00:00+00:00,2273.8,2302.2,2272.5,2300.4,292.86567578
2026-05-13 04:00:00+00:00,2300.6,2307.7,2294.3,2299.9,265.87138309
2026-05-13 08:00:00+00:00,2299.8,2322.1,2297.9,2300.9,661.87211209
2026-05-13 12:00:00+00:00,2300.7,2306.2,2233.3,2236.0,1457.05676823
2026-05-13 16:00:00+00:00,2235.2,2267.0,2232.0,2255.2,383.38796635
2026-05-13 20:00:00+00:00,2255.7,2263.3,2249.7,2257.7,189.35348237
2026-05-14 00:00:00+00:00,2257.8,2268.3,2237.3,2241.1,455.1458831
2026-05-14 04:00:00+00:00,2241.2,2274.1,2238.4,2264.0,338.09757674
2026-05-14 08:00:00+00:00,2264.4,2270.0,2251.4,2252.6,493.39058899
2026-05-14 12:00:00+00:00,2252.5,2299.1,2245.8,2297.6,1023.25011889
2026-05-14 16:00:00+00:00,2298.2,2318.2,2292.8,2297.0,780.33886667
2026-05-14 20:00:00+00:00,2298.0,2301.0,2279.0,2282.3,430.95030268
2026-05-15 00:00:00+00:00,2282.6,2298.8,2259.1,2272.2,415.53468700999997
2026-05-15 04:00:00+00:00,2272.1,2272.5,2236.8,2264.0,871.63392748
2026-05-15 08:00:00+00:00,2264.1,2264.3,2248.8,2256.2,412.8973805
2026-05-15 12:00:00+00:00,2256.2,2259.4,2204.0,2221.2,1362.97358023
2026-05-15 16:00:00+00:00,2221.9,2231.8,2218.0,2221.9,301.21008189
2026-05-15 20:00:00+00:00,2222.1,2225.4,2213.4,2223.2,404.35998459
2026-05-16 00:00:00+00:00,2223.1,2230.6,2222.0,2227.2,138.37002274
2026-05-16 04:00:00+00:00,2226.8,2227.5,2181.0,2193.3,552.8509464
2026-05-16 08:00:00+00:00,2193.1,2195.5,2161.0,2175.1,670.74221802
2026-05-16 12:00:00+00:00,2175.1,2187.4,2172.0,2178.3,490.72277514
2026-05-16 16:00:00+00:00,2178.6,2182.8,2169.4,2178.3,142.18831464
2026-05-16 20:00:00+00:00,2178.5,2182.0,2178.0,2179.0,66.42254341
2026-05-17 00:00:00+00:00,2179.3,2184.2,2166.3,2180.5,338.5532061
2026-05-17 04:00:00+00:00,2180.7,2193.7,2180.1,2185.7,125.60325998
2026-05-17 08:00:00+00:00,2185.6,2198.0,2182.5,2191.3,141.28864913
2026-05-17 12:00:00+00:00,2191.5,2197.4,2178.0,2185.6,178.01117888
2026-05-17 16:00:00+00:00,2185.6,2192.8,2175.9,2191.3,134.81834006
2026-05-17 20:00:00+00:00,2191.2,2193.4,2089.0,2130.7,1711.85770914
2026-05-18 00:00:00+00:00,2130.8,2131.0,2104.0,2117.3,870.71828342
2026-05-18 04:00:00+00:00,2117.5,2124.7,2108.7,2120.5,460.36415646
2026-05-18 08:00:00+00:00,2120.8,2139.3,2110.1,2133.6,422.88699381
2026-05-18 12:00:00+00:00,2133.8,2156.9,2093.2,2107.3,824.27582449
2026-05-18 16:00:00+00:00,2107.6,2128.2,2077.4,2124.7,725.06176073
2026-05-18 20:00:00+00:00,2124.8,2142.2,2114.3,2129.5,530.61995265
2026-05-19 00:00:00+00:00,2129.7,2146.7,2119.8,2131.5,101.20384609999999
2026-05-19 04:00:00+00:00,2131.3,2145.0,2123.4,2140.5,204.41792917
2026-05-19 08:00:00+00:00,2141.2,2141.4,2106.9,2110.3,287.17697416
2026-05-19 12:00:00+00:00,2110.4,2126.1,2094.2,2109.8,519.40447859
2026-05-19 16:00:00+00:00,2109.9,2125.0,2106.6,2113.2,355.9492819
2026-05-19 20:00:00+00:00,2113.1,2121.1,2102.7,2112.6,1123.25065446
2026-05-20 00:00:00+00:00,2112.4,2120.3,2103.3,2112.1,548.55766213
2026-05-20 04:00:00+00:00,2112.2,2136.6,2108.4,2130.1,827.8805519
2026-05-20 08:00:00+00:00,2130.2,2138.9,2124.8,2129.0,387.80988191
2026-05-20 12:00:00+00:00,2128.8,2149.5,2114.5,2138.2,470.39506542
2026-05-20 16:00:00+00:00,2137.6,2149.8,2125.1,2140.4,641.4463613
2026-05-20 20:00:00+00:00,2140.7,2141.7,2119.1,2130.5,217.60848218
2026-05-21 00:00:00+00:00,2130.7,2159.0,2129.7,2147.5,360.2860653
2026-05-21 04:00:00+00:00,2147.5,2150.2,2125.1,2135.9,376.02517191
2026-05-21 08:00:00+00:00,2136.0,2148.9,2110.4,2116.1,350.32818814
2026-05-21 12:00:00+00:00,2116.4,2137.7,2105.6,2132.4,664.31857127
2026-05-21 16:00:00+00:00,2132.6,2153.8,2121.9,2142.2,774.23361487
2026-05-21 20:00:00+00:00,2142.8,2143.3,2127.4,2133.3,273.85588241
2026-05-22 00:00:00+00:00,2133.7,2140.2,2125.0,2137.9,212.37267667
2026-05-22 04:00:00+00:00,2137.9,2141.4,2122.1,2128.3,169.7602012
2026-05-22 08:00:00+00:00,2128.5,2133.1,2118.5,2130.5,272.10197682
2026-05-22 12:00:00+00:00,2130.7,2137.6,2112.9,2119.8,489.38257533
2026-05-22 16:00:00+00:00,2119.6,2130.0,2058.4,2065.9,944.32215001
2026-05-22 20:00:00+00:00,2065.5,2080.5,2057.6,2066.2,627.0141843
2026-05-23 00:00:00+00:00,2066.3,2072.8,2052.5,2071.6,191.06541849
2026-05-23 04:00:00+00:00,2071.6,2071.8,2009.1,2028.8,757.48057987
2026-05-23 08:00:00+00:00,2029.0,2036.0,2021.4,2032.2,503.53450168
2026-05-23 12:00:00+00:00,2032.0,2069.6,2028.0,2061.6,907.4206279
2026-05-23 16:00:00+00:00,2061.6,2084.7,2058.5,2078.1,776.47023625
2026-05-23 20:00:00+00:00,2078.7,2150.8,2076.4,2119.3,1566.67922071
2026-05-24 00:00:00+00:00,2119.5,2127.9,2114.4,2120.3,357.60855086
2026-05-24 04:00:00+00:00,2121.4,2130.9,2115.1,2122.3,299.87972769
2026-05-24 08:00:00+00:00,2122.2,2132.4,2120.3,2127.5,414.0177191
2026-05-24 12:00:00+00:00,2127.7,2128.2,2080.3,2097.5,990.10202348
2026-05-24 16:00:00+00:00,2097.6,2110.0,2096.5,2102.7,351.28386342
2026-05-24 20:00:00+00:00,2102.8,2108.5,2064.8,2101.7,1198.2981467500001
2026-05-25 00:00:00+00:00,2101.9,2115.2,2094.7,2097.6,255.05244947
2026-05-25 04:00:00+00:00,2098.0,2119.2,2094.8,2118.2,523.76656254
2026-05-25 08:00:00+00:00,2117.7,2126.1,2113.8,2117.2,271.96937485
2026-05-25 12:00:00+00:00,2117.2,2139.4,2114.3,2128.7,469.8105675
2026-05-25 16:00:00+00:00,2128.7,2142.9,2118.3,2122.8,228.34527525000001
2026-05-25 20:00:00+00:00,2122.7,2124.7,2103.6,2114.7,307.61354143
2026-05-26 00:00:00+00:00,2114.7,2115.2,2086.2,2094.9,320.24118067
2026-05-26 04:00:00+00:00,2095.0,2106.1,2090.5,2097.3,251.72349434
2026-05-26 08:00:00+00:00,2097.5,2138.3,2095.5,2121.9,479.42897673
2026-05-26 12:00:00+00:00,2122.0,2141.5,2079.8,2088.7,615.07314652
2026-05-26 16:00:00+00:00,2088.9,2091.2,2055.4,2074.4,1252.36203069
2026-05-26 20:00:00+00:00,2075.2,2079.6,2066.5,2074.1,503.19688929
2026-05-27 00:00:00+00:00,2074.3,2085.0,2069.9,2070.6,303.25742464
2026-05-27 04:00:00+00:00,2070.4,2084.3,2057.9,2083.8,393.27349402
2026-05-27 08:00:00+00:00,2083.6,2096.2,2078.8,2081.2,294.66871506
2026-05-27 12:00:00+00:00,2081.4,2097.6,2051.8,2071.6,593.07103992
2026-05-27 16:00:00+00:00,2071.8,2073.9,2042.9,2057.3,386.42759765
2026-05-27 20:00:00+00:00,2057.3,2065.5,2015.6,2025.1,539.93836663
2026-05-28 00:00:00+00:00,2024.9,2028.8,1971.1,1981.1,1394.27866906
2026-05-28 04:00:00+00:00,1981.0,1996.0,1967.2,1993.5,2524.56962351
2026-05-28 08:00:00+00:00,1993.9,1997.2,1981.2,1989.2,14680.83310881
2026-05-28 12:00:00+00:00,1989.1,2000.6,1967.3,1990.7,1231.83765029
2026-05-28 16:00:00+00:00,1989.7,2029.0,1984.8,2013.5,691.42565001
2026-05-28 20:00:00+00:00,2013.9,2023.7,2004.5,2009.5,5766.799587
2026-05-29 00:00:00+00:00,2009.6,2017.0,1997.7,2002.9,234.56185901
2026-05-29 04:00:00+00:00,2003.0,2020.4,1998.9,2007.6,254.88546874
2026-05-29 08:00:00+00:00,2007.6,2016.0,2002.1,2007.5,253.38591265
2026-05-29 12:00:00+00:00,2007.5,2046.0,1976.5,2031.4,1582.89160588
2026-05-29 16:00:00+00:00,2031.7,2043.4,2004.8,2016.7,763.51095755
2026-05-29 20:00:00+00:00,2017.4,2023.9,2007.0,2014.6,711.75082464
2026-05-30 00:00:00+00:00,2014.6,2023.3,2010.8,2016.5,206.19481148
2026-05-30 04:00:00+00:00,2016.6,2020.6,2001.4,2016.8,599.20388239
2026-05-30 08:00:00+00:00,2016.9,2022.9,2014.1,2018.2,451.87652534
2026-05-30 12:00:00+00:00,2018.4,2032.5,2017.7,2027.6,586.22002478
2026-05-30 16:00:00+00:00,2027.9,2031.3,2021.0,2029.5,393.64599733
2026-05-30 20:00:00+00:00,2029.4,2032.2,2020.9,2023.2,260.55971111
2026-05-31 00:00:00+00:00,2023.3,2038.9,2021.6,2034.6,331.47537265
2026-05-31 04:00:00+00:00,2034.5,2036.0,2022.6,2025.0,797.6544015
2026-05-31 08:00:00+00:00,2025.1,2029.4,2014.4,2023.8,779.62272416
2026-05-31 12:00:00+00:00,2023.9,2027.2,2005.9,2011.2,1476.7291063
2026-05-31 16:00:00+00:00,2011.0,2013.1,1994.3,2000.8,866.4170445
2026-05-31 20:00:00+00:00,2000.9,2023.6,2000.6,2007.9,457.0878899
2026-06-01 00:00:00+00:00,2008.0,2021.6,1992.0,2009.7,1083.78285936
2026-06-01 04:00:00+00:00,2009.9,2012.5,1971.8,1976.6,4761.85114134
2026-06-01 08:00:00+00:00,1977.2,1990.1,1972.0,1981.4,595.3199668
2026-06-01 12:00:00+00:00,1981.6,1994.5,1956.2,1968.9,2156.62965617
2026-06-01 16:00:00+00:00,1968.7,2008.6,1959.3,2003.9,5018.759514660001
2026-06-01 20:00:00+00:00,2003.9,2009.1,1983.9,2005.0,5379.66039651
2026-06-02 00:00:00+00:00,2005.0,2006.5,1962.2,2003.3,5448.16162416
2026-06-02 04:00:00+00:00,2003.7,2005.9,1973.3,1981.3,5427.8884958300005
2026-06-02 08:00:00+00:00,1981.8,1988.3,1965.6,1977.8,5658.860097520001
2026-06-02 12:00:00+00:00,1977.6,1982.4,1891.0,1914.5,17795.92024772
2026-06-02 16:00:00+00:00,1914.5,1944.1,1880.0,1911.4,17781.21042122
2026-06-02 20:00:00+00:00,1911.3,1918.0,1836.2,1853.1,25866.74426739
2026-06-03 00:00:00+00:00,1853.5,1872.8,1814.6,1825.9,18536.40598883
2026-06-03 04:00:00+00:00,1826.5,1882.4,1825.6,1876.1,17990.91170882
2026-06-03 08:00:00+00:00,1876.0,1890.6,1867.7,1875.9,17196.52037227
2026-06-03 12:00:00+00:00,1875.9,1878.6,1833.5,1834.3,21685.37426715
2026-06-03 16:00:00+00:00,1834.9,1841.8,1793.2,1800.5,21694.09836726
2026-06-03 20:00:00+00:00,1800.5,1849.1,1767.2,1809.8,23513.9343488
2026-06-04 00:00:00+00:00,1809.7,1818.0,1714.4,1805.0,21546.18137321
2026-06-04 04:00:00+00:00,1805.8,1814.0,1770.2,1773.8,24308.16119555
2026-06-04 08:00:00+00:00,1774.7,1780.6,1727.0,1748.7,25165.08323527
2026-06-04 12:00:00+00:00,1749.0,1792.2,1741.5,1774.7,25520.83343819
2026-06-04 16:00:00+00:00,1774.9,1785.4,1752.5,1775.2,24542.38836211
2026-06-04 20:00:00+00:00,1775.0,1782.1,1750.7,1767.4,23357.72573046
2026-06-05 00:00:00+00:00,1767.4,1773.1,1721.3,1728.4,22921.46954433
2026-06-05 04:00:00+00:00,1728.4,1745.9,1623.0,1676.6,24574.50616686
2026-06-05 08:00:00+00:00,1676.9,1688.1,1656.8,1662.9,9195.30536765
2026-06-05 12:00:00+00:00,1662.7,1671.6,1645.5,1656.4,520.79650743
