timestamp,open,high,low,close,volume
2022-10-31 00:00:00+00:00,20649.0,20691.0,20451.0,20534.0,142.86767415
2022-10-31 04:00:00+00:00,20531.0,20608.0,20480.0,20563.0,86.75438078
2022-10-31 08:00:00+00:00,20562.0,20860.0,20471.0,20744.0,271.31966729
2022-10-31 12:00:00+00:00,20745.0,20760.0,20257.0,20416.0,813.19197194
2022-10-31 16:00:00+00:00,20415.0,20537.0,20345.0,20382.0,277.80521393
2022-10-31 20:00:00+00:00,20382.0,20531.0,20371.0,20509.0,120.32647524000001
2022-11-01 00:00:00+00:00,20508.0,20589.0,20457.0,20492.0,364.73474873
2022-11-01 04:00:00+00:00,20492.0,20678.0,20477.0,20604.0,432.47713334
2022-11-01 08:00:00+00:00,20604.0,20699.0,20502.0,20528.0,167.89055393
2022-11-01 12:00:00+00:00,20529.0,20571.0,20340.0,20461.0,508.13760731
2022-11-01 16:00:00+00:00,20460.0,20528.0,20398.0,20467.0,130.54697814
2022-11-01 20:00:00+00:00,20468.0,20516.0,20449.0,20500.0,64.6786919
2022-11-02 00:00:00+00:00,20501.0,20563.0,20430.0,20541.0,90.96416626999999
2022-11-02 04:00:00+00:00,20542.0,20574.0,20371.0,20437.0,61.17982615
2022-11-02 08:00:00+00:00,20435.0,20544.0,20343.0,20449.0,133.23372924
2022-11-02 12:00:00+00:00,20450.0,20471.0,20386.0,20427.0,432.14241324
2022-11-02 16:00:00+00:00,20427.0,20817.0,20125.0,20267.0,1583.2711011
2022-11-02 20:00:00+00:00,20267.0,20288.0,20078.0,20165.0,279.05901472
2022-11-03 00:00:00+00:00,20166.0,20349.0,20139.0,20320.0,270.85558267
2022-11-03 04:00:00+00:00,20322.0,20404.0,20296.0,20314.0,128.68404691
2022-11-03 08:00:00+00:00,20314.0,20347.0,20067.0,20139.0,140.00984593
2022-11-03 12:00:00+00:00,20139.0,20356.0,20052.0,20266.0,530.30814876
2022-11-03 16:00:00+00:00,20266.0,20322.0,20196.0,20273.0,128.45748622
2022-11-03 20:00:00+00:00,20276.0,20282.0,20181.0,20223.0,45.19596322
2022-11-04 00:00:00+00:00,20223.0,20340.0,20206.0,20338.0,139.51734361
2022-11-04 04:00:00+00:00,20339.0,20695.0,20329.0,20633.0,363.22472325
2022-11-04 08:00:00+00:00,20633.0,20683.0,20569.0,20572.0,342.7100116
2022-11-04 12:00:00+00:00,20580.0,21298.0,20395.0,20868.0,2006.7754439
2022-11-04 16:00:00+00:00,20869.0,21124.0,20697.0,21124.0,717.20991983
2022-11-04 20:00:00+00:00,21125.0,21218.0,21076.0,21165.0,243.15270407
2022-11-05 00:00:00+00:00,21165.0,21470.0,21100.0,21455.0,828.07885099
2022-11-05 04:00:00+00:00,21459.0,21470.0,21383.0,21398.0,115.9710212
2022-11-05 08:00:00+00:00,21397.0,21431.0,21252.0,21411.0,225.77030987
2022-11-05 12:00:00+00:00,21411.0,21425.0,21234.0,21317.0,141.00957604
2022-11-05 16:00:00+00:00,21318.0,21363.0,21280.0,21350.0,201.07583169
2022-11-05 20:00:00+00:00,21348.0,21397.0,21261.0,21313.0,106.24542097
2022-11-06 00:00:00+00:00,21316.0,21378.0,21208.0,21257.0,125.68716339
2022-11-06 04:00:00+00:00,21258.0,21270.0,21168.0,21214.0,45.8332949
2022-11-06 08:00:00+00:00,21214.0,21328.0,21198.0,21274.0,83.05920299
2022-11-06 12:00:00+00:00,21275.0,21302.0,21206.0,21264.0,577.392994
2022-11-06 16:00:00+00:00,21263.0,21294.0,21176.0,21216.0,117.28526605
2022-11-06 20:00:00+00:00,21216.0,21230.0,20900.0,20932.0,405.2410306
2022-11-07 00:00:00+00:00,20932.0,21083.0,20846.0,20926.0,184.60097643
2022-11-07 04:00:00+00:00,20926.0,20929.0,20646.0,20661.0,434.85401336
2022-11-07 08:00:00+00:00,20661.0,20833.0,20605.0,20756.0,220.34281829
2022-11-07 12:00:00+00:00,20756.0,20817.0,20652.0,20788.0,263.99622326
2022-11-07 16:00:00+00:00,20787.0,20906.0,20673.0,20866.0,264.45183925
2022-11-07 20:00:00+00:00,20871.0,20905.0,20421.0,20609.0,474.95233925
2022-11-08 00:00:00+00:00,20609.0,20692.0,20171.0,20196.0,1005.2071416
2022-11-08 04:00:00+00:00,20191.0,20281.0,19377.0,19829.0,1710.7405145
2022-11-08 08:00:00+00:00,19827.0,19827.0,19605.0,19717.0,785.4098983
2022-11-08 12:00:00+00:00,19715.0,19762.0,19255.0,19541.0,1410.80397927
2022-11-08 16:00:00+00:00,19546.0,20712.0,16950.0,18270.0,11950.49640407
2022-11-08 20:00:00+00:00,18271.0,18760.0,17844.0,18559.0,3653.41094042
2022-11-09 00:00:00+00:00,18557.0,18600.0,18020.0,18350.0,1204.57699819
2022-11-09 04:00:00+00:00,18348.0,18525.0,18185.0,18249.0,986.42265535
2022-11-09 08:00:00+00:00,18250.0,18265.0,17279.0,17840.0,2202.00112137
2022-11-09 12:00:00+00:00,17836.0,18043.0,16950.0,17140.0,2860.19062815
2022-11-09 16:00:00+00:00,17140.0,17333.0,16463.0,16792.0,5034.48329568
2022-11-09 20:00:00+00:00,16790.0,16893.0,15588.0,15923.0,5797.12444119
2022-11-10 00:00:00+00:00,15928.0,16607.0,15760.0,16397.0,1319.89160068
2022-11-10 04:00:00+00:00,16395.0,16930.0,16236.0,16781.0,2245.99008032
2022-11-10 08:00:00+00:00,16774.0,16968.0,16226.0,16368.0,4410.12809345
2022-11-10 12:00:00+00:00,16368.0,17956.0,16361.0,17554.0,6047.85981103
2022-11-10 16:00:00+00:00,17559.0,17937.0,17100.0,17450.0,4358.05522739
2022-11-10 20:00:00+00:00,17447.0,18156.0,17354.0,17585.0,2350.53784686
2022-11-11 00:00:00+00:00,17584.0,17671.0,16877.0,17046.0,1054.14870695
2022-11-11 04:00:00+00:00,17042.0,17483.0,16984.0,17419.0,967.00962582
2022-11-11 08:00:00+00:00,17413.0,17497.0,17218.0,17342.0,1297.42077724
2022-11-11 12:00:00+00:00,17340.0,17533.0,16355.0,16875.0,2921.54665258
2022-11-11 16:00:00+00:00,16866.0,17031.0,16544.0,16843.0,1301.00958619
2022-11-11 20:00:00+00:00,16846.0,17132.0,16573.0,17047.0,492.31253732
2022-11-12 00:00:00+00:00,17056.0,17106.0,16777.0,16903.0,171.64470806
2022-11-12 04:00:00+00:00,16908.0,16932.0,16635.0,16814.0,231.98442985
2022-11-12 08:00:00+00:00,16812.0,16970.0,16730.0,16876.0,235.2770634
2022-11-12 12:00:00+00:00,16882.0,17011.0,16774.0,16934.0,253.37727235
2022-11-12 16:00:00+00:00,16934.0,16964.0,16837.0,16903.0,226.91694867
2022-11-12 20:00:00+00:00,16902.0,16907.0,16770.0,16820.0,128.63078065
2022-11-13 00:00:00+00:00,16815.0,16956.0,16796.0,16924.0,167.4184154
2022-11-13 04:00:00+00:00,16928.0,16932.0,16582.0,16781.0,228.08336959
2022-11-13 08:00:00+00:00,16774.0,16799.0,16471.0,16678.0,554.93593112
2022-11-13 12:00:00+00:00,16674.0,16716.0,16526.0,16581.0,591.52153326
2022-11-13 16:00:00+00:00,16580.0,16633.0,16468.0,16568.0,368.51044293
2022-11-13 20:00:00+00:00,16566.0,16593.0,16255.0,16345.0,630.44881809
2022-11-14 00:00:00+00:00,16344.0,16406.0,15920.0,16132.0,1211.6956384
2022-11-14 04:00:00+00:00,16131.0,16909.0,15822.0,16822.0,1874.17870357
2022-11-14 08:00:00+00:00,16822.0,16928.0,16652.0,16758.0,508.34258611
2022-11-14 12:00:00+00:00,16757.0,17200.0,16441.0,16590.0,1637.88816477
2022-11-14 16:00:00+00:00,16596.0,16667.0,16200.0,16268.0,868.32132689
2022-11-14 20:00:00+00:00,16269.0,16758.0,16215.0,16626.0,608.21817264
2022-11-15 00:00:00+00:00,16625.0,16941.0,16543.0,16875.0,2154.76188593
2022-11-15 04:00:00+00:00,16875.0,16969.0,16667.0,16870.0,521.07833666
2022-11-15 08:00:00+00:00,16873.0,17001.0,16720.0,16790.0,776.05191215
2022-11-15 12:00:00+00:00,16790.0,17132.0,16752.0,16980.0,1011.27681635
2022-11-15 16:00:00+00:00,16981.0,17067.0,16614.0,16839.0,1534.47799422
2022-11-15 20:00:00+00:00,16840.0,16912.0,16726.0,16886.0,532.55805167
2022-11-16 00:00:00+00:00,16887.0,17002.0,16761.0,16965.0,149.91393969
2022-11-16 04:00:00+00:00,16965.0,16967.0,16798.0,16825.0,274.95639322
2022-11-16 08:00:00+00:00,16825.0,16842.0,16640.0,16693.0,665.44779178
2022-11-16 12:00:00+00:00,16687.0,16720.0,16347.0,16407.0,2288.78518253
2022-11-16 16:00:00+00:00,16410.0,16621.0,16384.0,16549.0,805.59806996
2022-11-16 20:00:00+00:00,16547.0,16755.0,16493.0,16654.0,200.42114328
2022-11-17 00:00:00+00:00,16653.0,16735.0,16499.0,16516.0,200.83746115
2022-11-17 04:00:00+00:00,16518.0,16605.0,16410.0,16601.0,178.66510324
2022-11-17 08:00:00+00:00,16601.0,16627.0,16460.0,16585.0,300.9294639
2022-11-17 12:00:00+00:00,16588.0,16703.0,16413.0,16529.0,369.57066843
2022-11-17 16:00:00+00:00,16526.0,16730.0,16504.0,16608.0,193.91126536
2022-11-17 20:00:00+00:00,16607.0,16728.0,16607.0,16683.0,236.53982527
2022-11-18 00:00:00+00:00,16683.0,16977.0,16673.0,16849.0,1039.36261091
2022-11-18 04:00:00+00:00,16846.0,16854.0,16716.0,16736.0,147.85706831
2022-11-18 08:00:00+00:00,16735.0,16838.0,16657.0,16740.0,120.04619417
2022-11-18 12:00:00+00:00,16741.0,16804.0,16587.0,16680.0,205.06397673
2022-11-18 16:00:00+00:00,16679.0,16715.0,16546.0,16638.0,231.1658346
2022-11-18 20:00:00+00:00,16638.0,16694.0,16611.0,16685.0,243.51098602
2022-11-19 00:00:00+00:00,16682.0,16688.0,16565.0,16615.0,130.40803914
2022-11-19 04:00:00+00:00,16617.0,16634.0,16538.0,16588.0,143.35623754
2022-11-19 08:00:00+00:00,16585.0,16667.0,16574.0,16664.0,48.62019862
2022-11-19 12:00:00+00:00,16668.0,16671.0,16630.0,16651.0,51.0680148
2022-11-19 16:00:00+00:00,16652.0,16655.0,16600.0,16617.0,87.41964883
2022-11-19 20:00:00+00:00,16618.0,16811.0,16617.0,16695.0,145.7244537
2022-11-20 00:00:00+00:00,16692.0,16742.0,16663.0,16671.0,49.76860901
2022-11-20 04:00:00+00:00,16670.0,16727.0,16663.0,16715.0,65.90121938
2022-11-20 08:00:00+00:00,16713.0,16721.0,16453.0,16509.0,301.52946682
2022-11-20 12:00:00+00:00,16510.0,16610.0,16444.0,16574.0,266.00004953
2022-11-20 16:00:00+00:00,16574.0,16599.0,16532.0,16580.0,146.93628535
2022-11-20 20:00:00+00:00,16583.0,16585.0,16184.0,16278.0,345.80485826
2022-11-21 00:00:00+00:00,16278.0,16282.0,15890.0,16056.0,553.29289537
2022-11-21 04:00:00+00:00,16060.0,16305.0,15952.0,16020.0,467.94045257
2022-11-21 08:00:00+00:00,16020.0,16144.0,15954.0,16070.0,346.27160212
2022-11-21 12:00:00+00:00,16073.0,16277.0,16022.0,16121.0,608.65045671
2022-11-21 16:00:00+00:00,16121.0,16128.0,15588.0,15713.0,1149.60946813
2022-11-21 20:00:00+00:00,15711.0,15875.0,15487.0,15765.0,1184.19051595
2022-11-22 00:00:00+00:00,15766.0,15945.0,15736.0,15826.0,482.81861308
2022-11-22 04:00:00+00:00,15829.0,15866.0,15616.0,15761.0,338.99490725
2022-11-22 08:00:00+00:00,15755.0,15815.0,15659.0,15747.0,446.68912859
2022-11-22 12:00:00+00:00,15744.0,16294.0,15691.0,16229.0,1133.62790795
2022-11-22 16:00:00+00:00,16235.0,16279.0,16047.0,16165.0,608.20810812
2022-11-22 20:00:00+00:00,16166.0,16246.0,16083.0,16217.0,188.63226477
2022-11-23 00:00:00+00:00,16219.0,16614.0,16168.0,16582.0,763.66959605
2022-11-23 04:00:00+00:00,16582.0,16655.0,16444.0,16584.0,415.35888620000003
2022-11-23 08:00:00+00:00,16587.0,16667.0,16512.0,16592.0,570.53088809
2022-11-23 12:00:00+00:00,16591.0,16603.0,16353.0,16424.0,550.87641254
2022-11-23 16:00:00+00:00,16425.0,16682.0,16321.0,16472.0,356.49164038
2022-11-23 20:00:00+00:00,16472.0,16666.0,16428.0,16613.0,239.24103355
2022-11-24 00:00:00+00:00,16608.0,16804.0,16539.0,16714.0,307.94000125
2022-11-24 04:00:00+00:00,16714.0,16733.0,16621.0,16621.0,245.3608921
2022-11-24 08:00:00+00:00,16623.0,16639.0,16494.0,16573.0,201.2980922
2022-11-24 12:00:00+00:00,16573.0,16596.0,16463.0,16561.0,152.08375772
2022-11-24 16:00:00+00:00,16561.0,16669.0,16529.0,16575.0,221.38722662
2022-11-24 20:00:00+00:00,16576.0,16631.0,16543.0,16606.0,77.84926588
2022-11-25 00:00:00+00:00,16603.0,16617.0,16477.0,16494.0,42.74407681
2022-11-25 04:00:00+00:00,16494.0,16500.0,16354.0,16468.0,416.8164263
2022-11-25 08:00:00+00:00,16468.0,16583.0,16418.0,16526.0,146.78092979
2022-11-25 12:00:00+00:00,16530.0,16577.0,16439.0,16513.0,231.34054764
2022-11-25 16:00:00+00:00,16511.0,16543.0,16462.0,16522.0,171.83811395
2022-11-25 20:00:00+00:00,16524.0,16607.0,16488.0,16519.0,154.22566546
2022-11-26 00:00:00+00:00,16520.0,16697.0,16515.0,16623.0,107.71307753
2022-11-26 04:00:00+00:00,16624.0,16649.0,16534.0,16590.0,100.18915887
2022-11-26 08:00:00+00:00,16589.0,16634.0,16563.0,16582.0,57.98147315
2022-11-26 12:00:00+00:00,16581.0,16679.0,16489.0,16510.0,236.70814253
2022-11-26 16:00:00+00:00,16510.0,16528.0,16422.0,16485.0,146.90167052
2022-11-26 20:00:00+00:00,16487.0,16542.0,16389.0,16460.0,126.38207775
2022-11-27 00:00:00+00:00,16460.0,16567.0,16452.0,16536.0,91.65006694
2022-11-27 04:00:00+00:00,16535.0,16603.0,16535.0,16573.0,81.22603791
2022-11-27 08:00:00+00:00,16573.0,16599.0,16522.0,16553.0,47.65752545
2022-11-27 12:00:00+00:00,16554.0,16588.0,16529.0,16579.0,67.18965109
2022-11-27 16:00:00+00:00,16578.0,16581.0,16527.0,16566.0,83.71598624
2022-11-27 20:00:00+00:00,16566.0,16599.0,16410.0,16435.0,122.50765719
2022-11-28 00:00:00+00:00,16436.0,16487.0,16052.0,16180.0,610.2717032
2022-11-28 04:00:00+00:00,16176.0,16240.0,16137.0,16227.0,190.16808347
2022-11-28 08:00:00+00:00,16221.0,16263.0,16180.0,16212.0,230.16235317
2022-11-28 12:00:00+00:00,16211.0,16313.0,16129.0,16151.0,220.80734333
2022-11-28 16:00:00+00:00,16153.0,16397.0,16002.0,16225.0,451.0819642
2022-11-28 20:00:00+00:00,16223.0,16268.0,16196.0,16214.0,41.25289651
2022-11-29 00:00:00+00:00,16216.0,16300.0,16101.0,16284.0,123.37259211
2022-11-29 04:00:00+00:00,16285.0,16543.0,16284.0,16466.0,667.90903061
2022-11-29 08:00:00+00:00,16465.0,16545.0,16440.0,16497.0,153.07524788999999
2022-11-29 12:00:00+00:00,16497.0,16508.0,16345.0,16397.0,237.30992342
2022-11-29 16:00:00+00:00,16397.0,16486.0,16354.0,16437.0,330.83078571
2022-11-29 20:00:00+00:00,16439.0,16538.0,16436.0,16452.0,119.02768075
2022-11-30 00:00:00+00:00,16454.0,17109.0,16446.0,16861.0,835.33209855
2022-11-30 04:00:00+00:00,16860.0,16936.0,16833.0,16908.0,243.94136879
2022-11-30 08:00:00+00:00,16909.0,16943.0,16863.0,16889.0,168.61229915
2022-11-30 12:00:00+00:00,16890.0,16902.0,16753.0,16881.0,328.04623548
2022-11-30 16:00:00+00:00,16881.0,17175.0,16703.0,17069.0,689.40482267
2022-11-30 20:00:00+00:00,17071.0,17297.0,17039.0,17180.0,461.22479561
2022-12-01 00:00:00+00:00,17181.0,17271.0,17108.0,17161.0,326.37166368
2022-12-01 04:00:00+00:00,17160.0,17170.0,17076.0,17079.0,221.76498787
2022-12-01 08:00:00+00:00,17078.0,17140.0,17056.0,17107.0,178.28773085
2022-12-01 12:00:00+00:00,17108.0,17335.0,16904.0,16981.0,562.76760906
2022-12-01 16:00:00+00:00,16982.0,17000.0,16906.0,16958.0,182.01721
2022-12-01 20:00:00+00:00,16958.0,16985.0,16872.0,16980.0,90.54001586
2022-12-02 00:00:00+00:00,16982.0,17044.0,16865.0,16906.0,116.15173813
2022-12-02 04:00:00+00:00,16906.0,16976.0,16891.0,16960.0,71.8877352
2022-12-02 08:00:00+00:00,16961.0,17040.0,16946.0,17000.0,165.30772067
2022-12-02 12:00:00+00:00,17000.0,17100.0,16789.0,16948.0,732.670298
2022-12-02 16:00:00+00:00,16948.0,17000.0,16911.0,16996.0,143.59343274
2022-12-02 20:00:00+00:00,16996.0,17091.0,16990.0,17090.0,302.6988198
2022-12-03 00:00:00+00:00,17091.0,17144.0,17021.0,17026.0,229.67695425
2022-12-03 04:00:00+00:00,17027.0,17038.0,16936.0,16971.0,189.05661508
2022-12-03 08:00:00+00:00,16971.0,16994.0,16901.0,16957.0,117.69883377
2022-12-03 12:00:00+00:00,16955.0,16984.0,16934.0,16972.0,22.49641801
2022-12-03 16:00:00+00:00,16971.0,16989.0,16950.0,16959.0,26.5300963
2022-12-03 20:00:00+00:00,16959.0,16964.0,16865.0,16889.0,105.40942108
2022-12-04 00:00:00+00:00,16890.0,17073.0,16885.0,16967.0,181.07979253
2022-12-04 04:00:00+00:00,16967.0,17083.0,16967.0,17002.0,121.36244834
2022-12-04 08:00:00+00:00,17003.0,17058.0,16922.0,16953.0,147.42573879
2022-12-04 12:00:00+00:00,16953.0,17083.0,16936.0,17065.0,505.91352281999997
2022-12-04 16:00:00+00:00,17066.0,17170.0,16998.0,17101.0,358.44282363
2022-12-04 20:00:00+00:00,17102.0,17210.0,17090.0,17127.0,94.96277017
2022-12-05 00:00:00+00:00,17127.0,17347.0,17095.0,17210.0,291.26105005
2022-12-05 04:00:00+00:00,17210.0,17436.0,17207.0,17323.0,301.86356504
2022-12-05 08:00:00+00:00,17322.0,17411.0,17302.0,17324.0,342.89424809
2022-12-05 12:00:00+00:00,17325.0,17325.0,17036.0,17092.0,228.99101978
2022-12-05 16:00:00+00:00,17094.0,17129.0,16886.0,16935.0,240.06363843
2022-12-05 20:00:00+00:00,16935.0,16993.0,16916.0,16975.0,53.97261935
2022-12-06 00:00:00+00:00,16974.0,17109.0,16974.0,17008.0,102.13455549
2022-12-06 04:00:00+00:00,17011.0,17025.0,16965.0,17012.0,77.55887945
2022-12-06 08:00:00+00:00,17012.0,17046.0,16908.0,16987.0,153.73948409
2022-12-06 12:00:00+00:00,16988.0,17040.0,16941.0,16992.0,66.25218188
2022-12-06 16:00:00+00:00,16992.0,17020.0,16915.0,16978.0,256.32582099
2022-12-06 20:00:00+00:00,16977.0,17109.0,16963.0,17094.0,115.99114901
2022-12-07 00:00:00+00:00,17095.0,17156.0,17034.0,17042.0,85.49992972
2022-12-07 04:00:00+00:00,17041.0,17053.0,16730.0,16768.0,253.82130058
2022-12-07 08:00:00+00:00,16769.0,16845.0,16701.0,16802.0,404.31076047
2022-12-07 12:00:00+00:00,16801.0,16903.0,16777.0,16849.0,228.45964818
2022-12-07 16:00:00+00:00,16849.0,16855.0,16794.0,16824.0,66.19866807
2022-12-07 20:00:00+00:00,16823.0,16872.0,16813.0,16846.0,32.71012104
2022-12-08 00:00:00+00:00,16846.0,16894.0,16795.0,16841.0,66.02587545
2022-12-08 04:00:00+00:00,16840.0,16852.0,16800.0,16841.0,188.9891548
2022-12-08 08:00:00+00:00,16840.0,16868.0,16756.0,16860.0,140.48766748
2022-12-08 12:00:00+00:00,16861.0,16982.0,16819.0,16929.0,316.74061765
2022-12-08 16:00:00+00:00,16929.0,17323.0,16924.0,17280.0,900.90202012
2022-12-08 20:00:00+00:00,17279.0,17321.0,17186.0,17246.0,142.23518586
2022-12-09 00:00:00+00:00,17247.0,17314.0,17213.0,17221.0,67.16064413
2022-12-09 04:00:00+00:00,17221.0,17254.0,17218.0,17245.0,42.4150223
2022-12-09 08:00:00+00:00,17245.0,17291.0,17219.0,17270.0,204.91679636
2022-12-09 12:00:00+00:00,17267.0,17366.0,17053.0,17187.0,867.00196434
2022-12-09 16:00:00+00:00,17187.0,17193.0,17133.0,17148.0,144.09074722
2022-12-09 20:00:00+00:00,17149.0,17161.0,17079.0,17137.0,98.29487184999999
2022-12-10 00:00:00+00:00,17137.0,17171.0,17132.0,17153.0,30.29062433
2022-12-10 04:00:00+00:00,17154.0,17175.0,17141.0,17162.0,48.97304098
2022-12-10 08:00:00+00:00,17162.0,17179.0,17125.0,17178.0,24.11451944
2022-12-10 12:00:00+00:00,17177.0,17229.0,17153.0,17223.0,123.4038669
2022-12-10 16:00:00+00:00,17223.0,17240.0,17167.0,17184.0,88.13493805
2022-12-10 20:00:00+00:00,17185.0,17191.0,17104.0,17133.0,55.37664497
2022-12-11 00:00:00+00:00,17132.0,17179.0,17129.0,17163.0,20.81060746
2022-12-11 04:00:00+00:00,17162.0,17247.0,17159.0,17194.0,210.17816261
2022-12-11 08:00:00+00:00,17193.0,17196.0,17152.0,17180.0,44.5845274
2022-12-11 12:00:00+00:00,17179.0,17180.0,17143.0,17165.0,26.67710283
2022-12-11 16:00:00+00:00,17166.0,17503.0,17153.0,17197.0,1317.54740885
2022-12-11 20:00:00+00:00,17197.0,17198.0,17092.0,17110.0,446.8131587
2022-12-12 00:00:00+00:00,17101.0,17104.0,16879.0,16935.0,699.32795493
2022-12-12 04:00:00+00:00,16936.0,16966.0,16900.0,16946.0,510.65912958
2022-12-12 08:00:00+00:00,16946.0,17021.0,16933.0,17003.0,283.27690998
2022-12-12 12:00:00+00:00,17004.0,17060.0,16946.0,17026.0,380.43755753
2022-12-12 16:00:00+00:00,17026.0,17058.0,16998.0,17058.0,87.72399738
2022-12-12 20:00:00+00:00,17057.0,17263.0,17057.0,17229.0,506.43746999
2022-12-13 00:00:00+00:00,17230.0,17253.0,17146.0,17172.0,333.02850665
2022-12-13 04:00:00+00:00,17171.0,17226.0,17102.0,17181.0,489.5357912
2022-12-13 08:00:00+00:00,17183.0,17600.0,17178.0,17472.0,1716.29752882
2022-12-13 12:00:00+00:00,17473.0,18000.0,17421.0,17753.0,2924.89215771
2022-12-13 16:00:00+00:00,17753.0,17840.0,17616.0,17745.0,357.71570255
2022-12-13 20:00:00+00:00,17745.0,17816.0,17713.0,17785.0,141.1373034
2022-12-14 00:00:00+00:00,17786.0,17852.0,17762.0,17793.0,80.91464747
2022-12-14 04:00:00+00:00,17790.0,17813.0,17751.0,17808.0,240.40000158
2022-12-14 08:00:00+00:00,17807.0,17871.0,17797.0,17837.0,151.85209264
2022-12-14 12:00:00+00:00,17838.0,18120.0,17829.0,18080.0,387.30773486
2022-12-14 16:00:00+00:00,18080.0,18391.0,17725.0,17804.0,1884.11217014
2022-12-14 20:00:00+00:00,17801.0,17950.0,17678.0,17813.0,342.00258009
2022-12-15 00:00:00+00:00,17816.0,17867.0,17574.0,17730.0,349.79783632
2022-12-15 04:00:00+00:00,17730.0,17748.0,17691.0,17699.0,49.10658952
2022-12-15 08:00:00+00:00,17700.0,17734.0,17632.0,17732.0,200.33182503
2022-12-15 12:00:00+00:00,17731.0,17732.0,17400.0,17436.0,678.65697439
2022-12-15 16:00:00+00:00,17438.0,17477.0,17340.0,17454.0,405.04920936999997
2022-12-15 20:00:00+00:00,17454.0,17467.0,17299.0,17373.0,232.69980187
2022-12-16 00:00:00+00:00,17372.0,17436.0,17362.0,17436.0,55.48103728
2022-12-16 04:00:00+00:00,17435.0,17544.0,17392.0,17524.0,182.904774
2022-12-16 08:00:00+00:00,17523.0,17536.0,16928.0,17034.0,984.8023329
2022-12-16 12:00:00+00:00,17033.0,17090.0,16910.0,16982.0,250.68846016
2022-12-16 16:00:00+00:00,16982.0,16988.0,16761.0,16883.0,679.21674034
2022-12-16 20:00:00+00:00,16883.0,16966.0,16550.0,16642.0,855.31869564
2022-12-17 00:00:00+00:00,16648.0,16738.0,16609.0,16697.0,381.67929964
2022-12-17 04:00:00+00:00,16697.0,16793.0,16681.0,16775.0,308.99381587
2022-12-17 08:00:00+00:00,16774.0,16779.0,16686.0,16726.0,80.54073449
2022-12-17 12:00:00+00:00,16727.0,16740.0,16663.0,16713.0,111.08902017
2022-12-17 16:00:00+00:00,16713.0,16743.0,16663.0,16710.0,254.90127655
2022-12-17 20:00:00+00:00,16711.0,16811.0,16709.0,16793.0,93.06015746
2022-12-18 00:00:00+00:00,16794.0,16796.0,16726.0,16756.0,131.90285039
2022-12-18 04:00:00+00:00,16757.0,16818.0,16740.0,16764.0,65.78267597
2022-12-18 08:00:00+00:00,16764.0,16782.0,16678.0,16721.0,68.07734997
2022-12-18 12:00:00+00:00,16722.0,16745.0,16690.0,16696.0,84.6795866
2022-12-18 16:00:00+00:00,16697.0,16802.0,16696.0,16764.0,120.3847286
2022-12-18 20:00:00+00:00,16764.0,16872.0,16748.0,16755.0,141.59994573
2022-12-19 00:00:00+00:00,16756.0,16825.0,16648.0,16696.0,202.59501339
2022-12-19 04:00:00+00:00,16695.0,16759.0,16687.0,16736.0,38.22002484
2022-12-19 08:00:00+00:00,16735.0,16797.0,16729.0,16745.0,96.76581895
2022-12-19 12:00:00+00:00,16745.0,16768.0,16674.0,16674.0,176.35879604
2022-12-19 16:00:00+00:00,16674.0,16701.0,16531.0,16564.0,447.44989266
2022-12-19 20:00:00+00:00,16564.0,16646.0,16261.0,16447.0,1075.64853175
2022-12-20 00:00:00+00:00,16448.0,16850.0,16413.0,16735.0,341.94263839
2022-12-20 04:00:00+00:00,16736.0,16890.0,16701.0,16816.0,324.81938352
2022-12-20 08:00:00+00:00,16816.0,16870.0,16782.0,16828.0,119.6170134
2022-12-20 12:00:00+00:00,16828.0,17066.0,16716.0,16940.0,422.58719036
2022-12-20 16:00:00+00:00,16939.0,16947.0,16791.0,16909.0,163.4032075
2022-12-20 20:00:00+00:00,16909.0,16937.0,16858.0,16924.0,88.5149145
2022-12-21 00:00:00+00:00,16917.0,16934.0,16818.0,16853.0,95.82596478
2022-12-21 04:00:00+00:00,16851.0,16868.0,16791.0,16834.0,74.38419525
2022-12-21 08:00:00+00:00,16834.0,16905.0,16815.0,16892.0,100.70488046
2022-12-21 12:00:00+00:00,16891.0,16930.0,16750.0,16867.0,184.60467371
2022-12-21 16:00:00+00:00,16868.0,16872.0,16751.0,16769.0,261.06570959
2022-12-21 20:00:00+00:00,16769.0,16845.0,16755.0,16845.0,72.94047502
2022-12-22 00:00:00+00:00,16840.0,16870.0,16831.0,16870.0,33.17507475
2022-12-22 04:00:00+00:00,16870.0,16873.0,16800.0,16835.0,35.67156951
2022-12-22 08:00:00+00:00,16835.0,16872.0,16813.0,16847.0,34.03558377
2022-12-22 12:00:00+00:00,16848.0,16854.0,16630.0,16646.0,375.32588787
2022-12-22 16:00:00+00:00,16645.0,16684.0,16588.0,16677.0,121.04664386
2022-12-22 20:00:00+00:00,16677.0,16868.0,16668.0,16838.0,168.91381757
2022-12-23 00:00:00+00:00,16838.0,16907.0,16794.0,16854.0,72.734109
2022-12-23 04:00:00+00:00,16855.0,16875.0,16835.0,16872.0,27.43894283
2022-12-23 08:00:00+00:00,16873.0,16914.0,16841.0,16872.0,83.46185714
2022-12-23 12:00:00+00:00,16871.0,16966.0,16770.0,16860.0,286.24661201
2022-12-23 16:00:00+00:00,16859.0,16879.0,16848.0,16874.0,26.742274690000002
2022-12-23 20:00:00+00:00,16874.0,16875.0,16797.0,16802.0,33.24464534
2022-12-24 00:00:00+00:00,16802.0,16869.0,16802.0,16869.0,35.10966619
2022-12-24 04:00:00+00:00,16868.0,16877.0,16832.0,16868.0,34.5033106
2022-12-24 08:00:00+00:00,16869.0,16872.0,16849.0,16850.0,23.63563593
2022-12-24 12:00:00+00:00,16850.0,16861.0,16848.0,16855.0,95.02228001
2022-12-24 16:00:00+00:00,16855.0,16891.0,16848.0,16866.0,112.86692638
2022-12-24 20:00:00+00:00,16866.0,16876.0,16842.0,16864.0,98.66870705
2022-12-25 00:00:00+00:00,16864.0,16874.0,16852.0,16858.0,14.7343148
2022-12-25 04:00:00+00:00,16858.0,16859.0,16828.0,16847.0,27.96386671
2022-12-25 08:00:00+00:00,16848.0,16855.0,16835.0,16840.0,15.69910436
2022-12-25 12:00:00+00:00,16839.0,16869.0,16723.0,16824.0,217.56950232
2022-12-25 16:00:00+00:00,16825.0,16840.0,16755.0,16811.0,40.18163028
2022-12-25 20:00:00+00:00,16811.0,16862.0,16783.0,16847.0,61.27196308
2022-12-26 00:00:00+00:00,16848.0,16914.0,16843.0,16910.0,104.72322633
2022-12-26 04:00:00+00:00,16911.0,16932.0,16859.0,16864.0,27.76979807
2022-12-26 08:00:00+00:00,16864.0,16885.0,16843.0,16884.0,37.89872786
2022-12-26 12:00:00+00:00,16884.0,16885.0,16814.0,16829.0,77.15990182
2022-12-26 16:00:00+00:00,16830.0,16877.0,16822.0,16860.0,26.47966617
2022-12-26 20:00:00+00:00,16860.0,16963.0,16845.0,16946.0,49.06964955
2022-12-27 00:00:00+00:00,16947.0,16987.0,16866.0,16888.0,222.47159149
2022-12-27 04:00:00+00:00,16894.0,16908.0,16881.0,16884.0,38.26527326
2022-12-27 08:00:00+00:00,16885.0,16895.0,16827.0,16848.0,81.07820502
2022-12-27 12:00:00+00:00,16849.0,16850.0,16759.0,16811.0,205.17649398
2022-12-27 16:00:00+00:00,16811.0,16815.0,16617.0,16697.0,310.74382345
2022-12-27 20:00:00+00:00,16697.0,16730.0,16675.0,16720.0,79.99883837
2022-12-28 00:00:00+00:00,16719.0,16759.0,16575.0,16671.0,90.29946849
2022-12-28 04:00:00+00:00,16670.0,16691.0,16606.0,16666.0,54.22999215
2022-12-28 08:00:00+00:00,16666.0,16703.0,16647.0,16698.0,49.03246443
2022-12-28 12:00:00+00:00,16698.0,16797.0,16586.0,16589.0,248.66933949
2022-12-28 16:00:00+00:00,16588.0,16682.0,16583.0,16614.0,365.81602041
2022-12-28 20:00:00+00:00,16614.0,16626.0,16444.0,16558.0,784.38833224
2022-12-29 00:00:00+00:00,16558.0,16599.0,16505.0,16567.0,102.55759195
2022-12-29 04:00:00+00:00,16568.0,16590.0,16552.0,16567.0,33.7767756
2022-12-29 08:00:00+00:00,16568.0,16635.0,16536.0,16613.0,101.62346168
2022-12-29 12:00:00+00:00,16613.0,16674.0,16610.0,16635.0,77.57585172
2022-12-29 16:00:00+00:00,16635.0,16675.0,16611.0,16626.0,43.9596857
2022-12-29 20:00:00+00:00,16625.0,16671.0,16586.0,16658.0,58.10306492
2022-12-30 00:00:00+00:00,16658.0,16659.0,16602.0,16615.0,38.38382542
2022-12-30 04:00:00+00:00,16615.0,16624.0,16454.0,16486.0,128.44283389
2022-12-30 08:00:00+00:00,16485.0,16539.0,16472.0,16510.0,54.20703832
2022-12-30 12:00:00+00:00,16510.0,16592.0,16358.0,16570.0,337.87334726
2022-12-30 16:00:00+00:00,16570.0,16588.0,16534.0,16552.0,85.76600178
2022-12-30 20:00:00+00:00,16552.0,16667.0,16544.0,16618.0,653.4698583
2022-12-31 00:00:00+00:00,16618.0,16624.0,16571.0,16572.0,40.13735385
2022-12-31 04:00:00+00:00,16572.0,16584.0,16552.0,16583.0,92.34978488
2022-12-31 08:00:00+00:00,16584.0,16594.0,16563.0,16587.0,50.32030893
2022-12-31 12:00:00+00:00,16588.0,16664.0,16572.0,16621.0,133.87614974
2022-12-31 16:00:00+00:00,16621.0,16629.0,16600.0,16600.0,79.91924455
2022-12-31 20:00:00+00:00,16600.0,16602.0,16507.0,16564.0,203.0573306
2023-01-01 00:00:00+00:00,16569.0,16574.0,16541.0,16552.0,34.01991378
2023-01-01 04:00:00+00:00,16553.0,16562.0,16517.0,16542.0,41.17094641
2023-01-01 08:00:00+00:00,16542.0,16565.0,16524.0,16565.0,31.60871784
2023-01-01 12:00:00+00:00,16565.0,16580.0,16555.0,16570.0,22.24906988
2023-01-01 16:00:00+00:00,16570.0,16637.0,16570.0,16623.0,51.76239018
2023-01-01 20:00:00+00:00,16622.0,16644.0,16619.0,16643.0,61.69056854
2023-01-02 00:00:00+00:00,16643.0,16725.0,16584.0,16689.0,148.89243529
2023-01-02 04:00:00+00:00,16689.0,16780.0,16647.0,16747.0,155.2515431
2023-01-02 08:00:00+00:00,16749.0,16789.0,16737.0,16758.0,70.8331717
2023-01-02 12:00:00+00:00,16759.0,16768.0,16696.0,16755.0,81.24961593
2023-01-02 16:00:00+00:00,16755.0,16757.0,16729.0,16748.0,43.30236073
2023-01-02 20:00:00+00:00,16749.0,16803.0,16680.0,16690.0,99.82598273
2023-01-03 00:00:00+00:00,16689.0,16730.0,16671.0,16715.0,192.08660904
2023-01-03 04:00:00+00:00,16714.0,16810.0,16712.0,16756.0,218.03240544
2023-01-03 08:00:00+00:00,16756.0,16788.0,16731.0,16745.0,182.60345841
2023-01-03 12:00:00+00:00,16745.0,16808.0,16639.0,16691.0,820.02594629
2023-01-03 16:00:00+00:00,16690.0,16698.0,16625.0,16657.0,97.25968443
2023-01-03 20:00:00+00:00,16657.0,16700.0,16657.0,16689.0,67.91693812
2023-01-04 00:00:00+00:00,16689.0,16892.0,16671.0,16883.0,205.01352399
2023-01-04 04:00:00+00:00,16884.0,16929.0,16864.0,16893.0,311.86317143
2023-01-04 08:00:00+00:00,16893.0,16929.0,16850.0,16852.0,114.61908199
2023-01-04 12:00:00+00:00,16852.0,16867.0,16777.0,16860.0,141.78509461
2023-01-04 16:00:00+00:00,16862.0,17008.0,16807.0,16856.0,196.45364984
2023-01-04 20:00:00+00:00,16856.0,16876.0,16792.0,16864.0,150.70953085
2023-01-05 00:00:00+00:00,16864.0,16888.0,16823.0,16834.0,39.24467227
2023-01-05 04:00:00+00:00,16834.0,16862.0,16806.0,16830.0,35.15009755
2023-01-05 08:00:00+00:00,16830.0,16846.0,16795.0,16846.0,45.13120959
2023-01-05 12:00:00+00:00,16847.0,16885.0,16775.0,16857.0,171.6434868
2023-01-05 16:00:00+00:00,16858.0,16881.0,16813.0,16879.0,44.40553545
2023-01-05 20:00:00+00:00,16880.0,16885.0,16833.0,16842.0,234.22353684
2023-01-06 00:00:00+00:00,16842.0,16879.0,16818.0,16847.0,27.53187344
2023-01-06 04:00:00+00:00,16846.0,16847.0,16796.0,16802.0,49.50887497
2023-01-06 08:00:00+00:00,16801.0,16817.0,16722.0,16752.0,162.00989591
2023-01-06 12:00:00+00:00,16752.0,16855.0,16687.0,16853.0,235.49973205
2023-01-06 16:00:00+00:00,16854.0,16994.0,16825.0,16958.0,157.26316009
2023-01-06 20:00:00+00:00,16959.0,17200.0,16878.0,16968.0,1189.86175939
2023-01-07 00:00:00+00:00,16967.0,16990.0,16951.0,16964.0,44.59450458
2023-01-07 04:00:00+00:00,16964.0,16965.0,16935.0,16954.0,21.66499018
2023-01-07 08:00:00+00:00,16954.0,16962.0,16924.0,16933.0,45.45043347
2023-01-07 12:00:00+00:00,16932.0,16958.0,16924.0,16953.0,124.75797203
2023-01-07 16:00:00+00:00,16952.0,16956.0,16931.0,16955.0,25.54188848
2023-01-07 20:00:00+00:00,16956.0,16961.0,16945.0,16958.0,20.75862984
2023-01-08 00:00:00+00:00,16958.0,16968.0,16930.0,16953.0,29.3929479
2023-01-08 04:00:00+00:00,16952.0,16972.0,16948.0,16971.0,120.23684448
2023-01-08 08:00:00+00:00,16970.0,16984.0,16950.0,16952.0,21.64346143
2023-01-08 12:00:00+00:00,16951.0,17036.0,16934.0,17027.0,268.4083132
2023-01-08 16:00:00+00:00,17027.0,17040.0,16936.0,16942.0,114.10462363
2023-01-08 20:00:00+00:00,16942.0,17181.0,16940.0,17140.0,258.56650663
2023-01-09 00:00:00+00:00,17141.0,17262.0,17123.0,17214.0,450.28420742000003
2023-01-09 04:00:00+00:00,17214.0,17269.0,17198.0,17221.0,163.6300874
2023-01-09 08:00:00+00:00,17221.0,17292.0,17209.0,17253.0,284.26874373
2023-01-09 12:00:00+00:00,17253.0,17343.0,17205.0,17281.0,258.1965271
2023-01-09 16:00:00+00:00,17282.0,17400.0,17281.0,17300.0,197.23210773
2023-01-09 20:00:00+00:00,17302.0,17312.0,17132.0,17185.0,230.56711562
2023-01-10 00:00:00+00:00,17186.0,17239.0,17155.0,17209.0,64.85048597
2023-01-10 04:00:00+00:00,17209.0,17238.0,17198.0,17205.0,23.28472489
2023-01-10 08:00:00+00:00,17204.0,17283.0,17198.0,17263.0,94.82191799
2023-01-10 12:00:00+00:00,17263.0,17374.0,17218.0,17332.0,174.55950092
2023-01-10 16:00:00+00:00,17335.0,17481.0,17297.0,17442.0,209.41885814
2023-01-10 20:00:00+00:00,17442.0,17506.0,17397.0,17445.0,241.42162745
2023-01-11 00:00:00+00:00,17446.0,17506.0,17358.0,17419.0,285.95100674
2023-01-11 04:00:00+00:00,17419.0,17462.0,17392.0,17454.0,78.32806218
2023-01-11 08:00:00+00:00,17454.0,17473.0,17417.0,17445.0,35.51813252
2023-01-11 12:00:00+00:00,17444.0,17445.0,17316.0,17332.0,370.27365274
2023-01-11 16:00:00+00:00,17332.0,17575.0,17322.0,17546.0,423.70095427
2023-01-11 20:00:00+00:00,17547.0,18009.0,17510.0,17952.0,1033.53602153
2023-01-12 00:00:00+00:00,17953.0,18380.0,17918.0,18226.0,806.11453428
2023-01-12 04:00:00+00:00,18226.0,18234.0,18064.0,18138.0,231.7442234
2023-01-12 08:00:00+00:00,18137.0,18219.0,18062.0,18203.0,667.39890101
2023-01-12 12:00:00+00:00,18202.0,18375.0,17866.0,18091.0,1689.19239234
2023-01-12 16:00:00+00:00,18090.0,19046.0,18055.0,18887.0,1318.94924158
2023-01-12 20:00:00+00:00,18889.0,19112.0,18775.0,18856.0,608.13419835
2023-01-13 00:00:00+00:00,18855.0,18895.0,18725.0,18876.0,98.81548943
2023-01-13 04:00:00+00:00,18877.0,18877.0,18784.0,18818.0,80.5934961
2023-01-13 08:00:00+00:00,18818.0,19050.0,18810.0,18921.0,268.06267635
2023-01-13 12:00:00+00:00,18921.0,19342.0,18815.0,19274.0,743.96367217
2023-01-13 16:00:00+00:00,19273.0,19399.0,19062.0,19364.0,529.88123301
2023-01-13 20:00:00+00:00,19365.0,20000.0,19332.0,19930.0,1313.7870639
2023-01-14 00:00:00+00:00,19935.0,21378.0,19897.0,20976.0,2367.42604632
2023-01-14 04:00:00+00:00,20975.0,21026.0,20791.0,20918.0,524.37780191
2023-01-14 08:00:00+00:00,20917.0,21033.0,20249.0,20732.0,841.58832796
2023-01-14 12:00:00+00:00,20727.0,21221.0,20584.0,20797.0,1250.13001448
2023-01-14 16:00:00+00:00,20793.0,20910.0,20665.0,20794.0,738.21328741
2023-01-14 20:00:00+00:00,20793.0,21086.0,20768.0,20966.0,339.93671572
2023-01-15 00:00:00+00:00,20964.0,21012.0,20566.0,20730.0,320.94125321
2023-01-15 04:00:00+00:00,20730.0,20800.0,20679.0,20744.0,126.67422797
2023-01-15 08:00:00+00:00,20741.0,20768.0,20577.0,20728.0,196.09858981
2023-01-15 12:00:00+00:00,20730.0,21005.0,20671.0,20925.0,399.17763067
2023-01-15 16:00:00+00:00,20932.0,21055.0,20671.0,20872.0,345.94033563
2023-01-15 20:00:00+00:00,20873.0,20960.0,20756.0,20882.0,153.03639266
2023-01-16 00:00:00+00:00,20882.0,21445.0,20781.0,21092.0,686.38800735
2023-01-16 04:00:00+00:00,21088.0,21269.0,21061.0,21125.0,285.09385881
2023-01-16 08:00:00+00:00,21126.0,21126.0,20674.0,20840.0,563.59059006
2023-01-16 12:00:00+00:00,20839.0,21052.0,20639.0,21002.0,409.79331175
2023-01-16 16:00:00+00:00,21003.0,21405.0,20934.0,21324.0,751.11559173
2023-01-16 20:00:00+00:00,21324.0,21469.0,21076.0,21197.0,551.97472013
2023-01-17 00:00:00+00:00,21198.0,21310.0,20853.0,21130.0,220.40669572
2023-01-17 04:00:00+00:00,21129.0,21236.0,21071.0,21138.0,119.7529758
2023-01-17 08:00:00+00:00,21138.0,21248.0,21090.0,21230.0,123.81423948
2023-01-17 12:00:00+00:00,21233.0,21586.0,21011.0,21189.0,906.28886434
2023-01-17 16:00:00+00:00,21188.0,21413.0,21088.0,21342.0,449.47042605
2023-01-17 20:00:00+00:00,21343.0,21404.0,21128.0,21136.0,238.20238333
2023-01-18 00:00:00+00:00,21136.0,21379.0,21115.0,21275.0,179.28757256
2023-01-18 04:00:00+00:00,21275.0,21321.0,21242.0,21306.0,99.37456068
2023-01-18 08:00:00+00:00,21307.0,21317.0,21172.0,21208.0,126.48506366
2023-01-18 12:00:00+00:00,21207.0,21639.0,20845.0,21036.0,994.26129181
2023-01-18 16:00:00+00:00,21037.0,21141.0,20408.0,20902.0,1417.78359454
2023-01-18 20:00:00+00:00,20901.0,20935.0,20633.0,20684.0,370.8842407
2023-01-19 00:00:00+00:00,20675.0,20816.0,20670.0,20755.0,106.96666287
2023-01-19 04:00:00+00:00,20755.0,20872.0,20753.0,20816.0,50.71645149
2023-01-19 08:00:00+00:00,20822.0,20842.0,20718.0,20749.0,120.32611905
2023-01-19 12:00:00+00:00,20748.0,20952.0,20672.0,20879.0,231.01517581
2023-01-19 16:00:00+00:00,20880.0,21134.0,20796.0,21099.0,158.99599833
2023-01-19 20:00:00+00:00,21097.0,21187.0,20924.0,21080.0,233.32819759
2023-01-20 00:00:00+00:00,21080.0,21215.0,21015.0,21088.0,148.9787865
2023-01-20 04:00:00+00:00,21094.0,21123.0,20856.0,20959.0,130.55689098
2023-01-20 08:00:00+00:00,20960.0,20990.0,20909.0,20969.0,82.19729176
2023-01-20 12:00:00+00:00,20968.0,21240.0,20964.0,21142.0,261.80659837
2023-01-20 16:00:00+00:00,21144.0,21525.0,21144.0,21502.0,498.25199972
2023-01-20 20:00:00+00:00,21504.0,22743.0,21504.0,22670.0,1763.12880734
2023-01-21 00:00:00+00:00,22670.0,22791.0,22427.0,22536.0,493.33777903
2023-01-21 04:00:00+00:00,22536.0,22660.0,22512.0,22629.0,350.64343473
2023-01-21 08:00:00+00:00,22629.0,23300.0,22596.0,22898.0,1408.81412893
2023-01-21 12:00:00+00:00,22894.0,23283.0,22850.0,22991.0,504.9985759
2023-01-21 16:00:00+00:00,22983.0,23353.0,22970.0,23267.0,448.63910822
2023-01-21 20:00:00+00:00,23282.0,23287.0,22684.0,22775.0,393.99046483
2023-01-22 00:00:00+00:00,22775.0,22971.0,22579.0,22746.0,200.21191243
2023-01-22 04:00:00+00:00,22746.0,22968.0,22722.0,22896.0,165.87552271
2023-01-22 08:00:00+00:00,22895.0,22926.0,22734.0,22768.0,170.13261494
2023-01-22 12:00:00+00:00,22769.0,23072.0,22639.0,22791.0,289.56965664
2023-01-22 16:00:00+00:00,22791.0,22955.0,22691.0,22715.0,206.35359506
2023-01-22 20:00:00+00:00,22717.0,22769.0,22310.0,22713.0,487.83688573
2023-01-23 00:00:00+00:00,22713.0,22822.0,22662.0,22672.0,91.22279082
2023-01-23 04:00:00+00:00,22669.0,22791.0,22610.0,22698.0,63.06149428
2023-01-23 08:00:00+00:00,22698.0,22981.0,22676.0,22916.0,247.17947433
2023-01-23 12:00:00+00:00,22916.0,23126.0,22497.0,22861.0,791.62292737
2023-01-23 16:00:00+00:00,22862.0,23169.0,22650.0,22797.0,519.03303045
2023-01-23 20:00:00+00:00,22795.0,23045.0,22766.0,22910.0,147.27327507
2023-01-24 00:00:00+00:00,22912.0,23137.0,22857.0,23082.0,103.64067256
2023-01-24 04:00:00+00:00,23082.0,23154.0,23018.0,23049.0,130.86689573
2023-01-24 08:00:00+00:00,23051.0,23079.0,22770.0,22916.0,337.94535812
2023-01-24 12:00:00+00:00,22916.0,23033.0,22703.0,22926.0,813.34964755
2023-01-24 16:00:00+00:00,22927.0,23078.0,22784.0,23016.0,120.19234442
2023-01-24 20:00:00+00:00,23019.0,23078.0,22437.0,22627.0,371.23772518
2023-01-25 00:00:00+00:00,22627.0,22699.0,22324.0,22637.0,220.11491559
2023-01-25 04:00:00+00:00,22637.0,22761.0,22605.0,22717.0,113.68380808
2023-01-25 08:00:00+00:00,22712.0,22729.0,22477.0,22596.0,123.66135658
2023-01-25 12:00:00+00:00,22596.0,22745.0,22345.0,22585.0,468.60513486
2023-01-25 16:00:00+00:00,22585.0,22771.0,22524.0,22762.0,495.4091057
2023-01-25 20:00:00+00:00,22762.0,23812.0,22762.0,23054.0,2321.05394992
2023-01-26 00:00:00+00:00,23054.0,23273.0,23054.0,23136.0,179.46730076
2023-01-26 04:00:00+00:00,23137.0,23191.0,22920.0,22973.0,188.12141252
2023-01-26 08:00:00+00:00,22969.0,23037.0,22857.0,22980.0,163.85744245
2023-01-26 12:00:00+00:00,22980.0,23240.0,22890.0,22948.0,545.52986189
2023-01-26 16:00:00+00:00,22946.0,23093.0,22853.0,23056.0,134.79596395
2023-01-26 20:00:00+00:00,23056.0,23148.0,22964.0,23004.0,192.9896286
2023-01-27 00:00:00+00:00,23005.0,23061.0,22533.0,22769.0,371.89790016
2023-01-27 04:00:00+00:00,22773.0,23092.0,22772.0,23070.0,162.03041846
2023-01-27 08:00:00+00:00,23071.0,23075.0,22908.0,22955.0,114.4454673
2023-01-27 12:00:00+00:00,22955.0,23128.0,22843.0,22941.0,348.52021848
2023-01-27 16:00:00+00:00,22935.0,23290.0,22925.0,23250.0,359.26807143
2023-01-27 20:00:00+00:00,23255.0,23486.0,22933.0,23067.0,891.25280844
2023-01-28 00:00:00+00:00,23066.0,23181.0,23043.0,23110.0,103.60669455
2023-01-28 04:00:00+00:00,23109.0,23120.0,22949.0,22987.0,79.71200624
2023-01-28 08:00:00+00:00,22987.0,23015.0,22899.0,22975.0,273.90647044
2023-01-28 12:00:00+00:00,22975.0,23039.0,22876.0,23016.0,96.31515889
2023-01-28 16:00:00+00:00,23015.0,23043.0,22982.0,23039.0,48.70607448
2023-01-28 20:00:00+00:00,23036.0,23038.0,22949.0,23029.0,803.82044895
2023-01-29 00:00:00+00:00,23028.0,23523.0,23000.0,23186.0,715.46432938
2023-01-29 04:00:00+00:00,23192.0,23259.0,23155.0,23198.0,69.67495933000001
2023-01-29 08:00:00+00:00,23198.0,23857.0,23155.0,23438.0,1490.13143241
2023-01-29 12:00:00+00:00,23440.0,23665.0,23367.0,23545.0,277.58093916
2023-01-29 16:00:00+00:00,23541.0,23962.0,23496.0,23915.0,690.48601051
2023-01-29 20:00:00+00:00,23916.0,23918.0,23605.0,23746.0,995.30851745
2023-01-30 00:00:00+00:00,23743.0,23785.0,23569.0,23678.0,144.9128051
2023-01-30 04:00:00+00:00,23678.0,23749.0,23598.0,23641.0,133.83295137
2023-01-30 08:00:00+00:00,23636.0,23660.0,23000.0,23070.0,1243.26425301
2023-01-30 12:00:00+00:00,23069.0,23296.0,23000.0,23174.0,446.69373147
2023-01-30 16:00:00+00:00,23176.0,23237.0,22644.0,22789.0,697.68839771
2023-01-30 20:00:00+00:00,22788.0,22843.0,22500.0,22830.0,284.78243453
2023-01-31 00:00:00+00:00,22830.0,22907.0,22730.0,22837.0,82.42517192
2023-01-31 04:00:00+00:00,22837.0,22985.0,22756.0,22978.0,79.57638008
2023-01-31 08:00:00+00:00,22978.0,22993.0,22807.0,22857.0,189.88780857
2023-01-31 12:00:00+00:00,22857.0,23216.0,22854.0,23130.0,561.1084146
2023-01-31 16:00:00+00:00,23130.0,23270.0,23098.0,23174.0,308.42206638
2023-01-31 20:00:00+00:00,23174.0,23297.0,22799.0,23135.0,766.77623493
2023-02-01 00:00:00+00:00,23136.0,23179.0,23009.0,23127.0,97.97683347
2023-02-01 04:00:00+00:00,23128.0,23161.0,23029.0,23080.0,95.24027688
2023-02-01 08:00:00+00:00,23080.0,23097.0,22925.0,23078.0,125.95169674
2023-02-01 12:00:00+00:00,23080.0,23139.0,22949.0,22981.0,187.00175834
2023-02-01 16:00:00+00:00,22980.0,23483.0,22757.0,23376.0,844.38538136
2023-02-01 20:00:00+00:00,23377.0,23814.0,23316.0,23723.0,777.3688889700001
2023-02-02 00:00:00+00:00,23724.0,24240.0,23695.0,23849.0,725.07063129
2023-02-02 04:00:00+00:00,23847.0,23915.0,23657.0,23775.0,126.91376538
2023-02-02 08:00:00+00:00,23775.0,23842.0,23747.0,23822.0,172.61114197
2023-02-02 12:00:00+00:00,23822.0,23935.0,23544.0,23836.0,485.05825537
2023-02-02 16:00:00+00:00,23835.0,24137.0,23733.0,23807.0,899.98893104
2023-02-02 20:00:00+00:00,23807.0,23923.0,23385.0,23491.0,421.96935059
2023-02-03 00:00:00+00:00,23487.0,23580.0,23400.0,23521.0,261.89043792
2023-02-03 04:00:00+00:00,23521.0,23549.0,23435.0,23437.0,211.03020614
2023-02-03 08:00:00+00:00,23440.0,23530.0,23343.0,23530.0,305.48954353
2023-02-03 12:00:00+00:00,23529.0,23697.0,23256.0,23605.0,688.46163047
2023-02-03 16:00:00+00:00,23605.0,23708.0,23311.0,23320.0,181.32297799
2023-02-03 20:00:00+00:00,23312.0,23470.0,23230.0,23433.0,275.74240814
2023-02-04 00:00:00+00:00,23433.0,23456.0,23340.0,23342.0,72.44415085
2023-02-04 04:00:00+00:00,23340.0,23354.0,23257.0,23330.0,81.38076204
2023-02-04 08:00:00+00:00,23329.0,23363.0,23289.0,23358.0,79.02034829
2023-02-04 12:00:00+00:00,23358.0,23580.0,23346.0,23412.0,156.97418269
2023-02-04 16:00:00+00:00,23412.0,23457.0,23361.0,23418.0,82.65694166
2023-02-04 20:00:00+00:00,23419.0,23439.0,23248.0,23315.0,111.72712792
2023-02-05 00:00:00+00:00,23314.0,23359.0,23230.0,23327.0,56.56671365
2023-02-05 04:00:00+00:00,23338.0,23419.0,23330.0,23381.0,26.49829518
2023-02-05 08:00:00+00:00,23380.0,23407.0,23355.0,23358.0,34.21042056
2023-02-05 12:00:00+00:00,23355.0,23371.0,23011.0,23097.0,419.07380546
2023-02-05 16:00:00+00:00,23095.0,23146.0,22777.0,22900.0,733.41362768
2023-02-05 20:00:00+00:00,22901.0,23029.0,22806.0,22932.0,167.2292309
2023-02-06 00:00:00+00:00,22935.0,23093.0,22840.0,22894.0,49.48983793
2023-02-06 04:00:00+00:00,22896.0,22925.0,22666.0,22883.0,362.86056275
2023-02-06 08:00:00+00:00,22885.0,22934.0,22750.0,22884.0,111.73534126
2023-02-06 12:00:00+00:00,22883.0,23053.0,22754.0,23038.0,203.31375202
2023-02-06 16:00:00+00:00,23040.0,23145.0,22931.0,23022.0,118.10445576
2023-02-06 20:00:00+00:00,23022.0,23027.0,22620.0,22755.0,235.30117053
2023-02-07 00:00:00+00:00,22754.0,22901.0,22742.0,22873.0,43.42097507
2023-02-07 04:00:00+00:00,22873.0,22974.0,22872.0,22911.0,54.85577656
2023-02-07 08:00:00+00:00,22911.0,23058.0,22871.0,22982.0,93.7086335
2023-02-07 12:00:00+00:00,22982.0,23031.0,22887.0,22907.0,80.93637252
2023-02-07 16:00:00+00:00,22906.0,23350.0,22774.0,23093.0,692.65792905
2023-02-07 20:00:00+00:00,23092.0,23308.0,23046.0,23246.0,230.67999902
2023-02-08 00:00:00+00:00,23245.0,23430.0,23231.0,23262.0,129.88171438
2023-02-08 04:00:00+00:00,23262.0,23280.0,23190.0,23233.0,36.39345685
2023-02-08 08:00:00+00:00,23233.0,23233.0,23139.0,23153.0,80.83096181
2023-02-08 12:00:00+00:00,23153.0,23184.0,22871.0,22876.0,682.7364822
2023-02-08 16:00:00+00:00,22875.0,23038.0,22691.0,22878.0,346.41942524
2023-02-08 20:00:00+00:00,22876.0,22980.0,22789.0,22957.0,77.95729572
2023-02-09 00:00:00+00:00,22957.0,23003.0,22422.0,22502.0,456.76059219
2023-02-09 04:00:00+00:00,22514.0,22729.0,22380.0,22681.0,233.92878383000001
2023-02-09 08:00:00+00:00,22682.0,22763.0,22661.0,22682.0,60.87352278
2023-02-09 12:00:00+00:00,22684.0,22823.0,22561.0,22603.0,225.41251673
2023-02-09 16:00:00+00:00,22603.0,22619.0,21878.0,22033.0,1679.8386933900001
2023-02-09 20:00:00+00:00,22030.0,22083.0,21700.0,21800.0,652.60178346
2023-02-10 00:00:00+00:00,21799.0,21937.0,21764.0,21828.0,111.98895772
2023-02-10 04:00:00+00:00,21829.0,21922.0,21640.0,21907.0,230.81552314
2023-02-10 08:00:00+00:00,21912.0,21920.0,21719.0,21728.0,78.75896847
2023-02-10 12:00:00+00:00,21734.0,21894.0,21529.0,21650.0,553.63689452
2023-02-10 16:00:00+00:00,21649.0,21799.0,21558.0,21778.0,203.13295114
2023-02-10 20:00:00+00:00,21779.0,21791.0,21500.0,21641.0,291.87317375
2023-02-11 00:00:00+00:00,21641.0,21718.0,21614.0,21678.0,75.94267253
2023-02-11 04:00:00+00:00,21678.0,21707.0,21652.0,21691.0,21.48662908
2023-02-11 08:00:00+00:00,21692.0,21707.0,21666.0,21696.0,37.19823702
2023-02-11 12:00:00+00:00,21695.0,21770.0,21670.0,21738.0,79.54464547
2023-02-11 16:00:00+00:00,21739.0,21739.0,21627.0,21664.0,70.00334467
2023-02-11 20:00:00+00:00,21664.0,21907.0,21653.0,21865.0,72.80473022
2023-02-12 00:00:00+00:00,21865.0,21889.0,21770.0,21789.0,38.65796522
2023-02-12 04:00:00+00:00,21790.0,21813.0,21771.0,21803.0,23.77257229
2023-02-12 08:00:00+00:00,21803.0,21948.0,21803.0,21892.0,44.72120433
2023-02-12 12:00:00+00:00,21892.0,21992.0,21767.0,21948.0,94.50975611
2023-02-12 16:00:00+00:00,21947.0,22096.0,21928.0,22004.0,385.35790638
2023-02-12 20:00:00+00:00,22015.0,22036.0,21666.0,21796.0,677.83677983
2023-02-13 00:00:00+00:00,21793.0,21884.0,21634.0,21817.0,556.3784001
2023-02-13 04:00:00+00:00,21818.0,21905.0,21808.0,21881.0,130.60175745
2023-02-13 08:00:00+00:00,21882.0,21884.0,21444.0,21619.0,654.46014879
2023-02-13 12:00:00+00:00,21618.0,21712.0,21590.0,21590.0,271.68393669
2023-02-13 16:00:00+00:00,21592.0,21667.0,21354.0,21603.0,1185.87664776
2023-02-13 20:00:00+00:00,21603.0,21834.0,21565.0,21773.0,285.17220834
2023-02-14 00:00:00+00:00,21773.0,21805.0,21674.0,21695.0,34.10727297
2023-02-14 04:00:00+00:00,21695.0,21784.0,21688.0,21767.0,32.42640179
2023-02-14 08:00:00+00:00,21767.0,21875.0,21669.0,21810.0,72.54939929
2023-02-14 12:00:00+00:00,21811.0,22339.0,21555.0,22048.0,1000.07218501
2023-02-14 16:00:00+00:00,22047.0,22243.0,21942.0,22217.0,116.64139435
2023-02-14 20:00:00+00:00,22217.0,22280.0,22130.0,22198.0,182.43417356
2023-02-15 00:00:00+00:00,22197.0,22197.0,22063.0,22105.0,44.33454513
2023-02-15 04:00:00+00:00,22105.0,22168.0,22082.0,22112.0,53.23081658
2023-02-15 08:00:00+00:00,22106.0,22492.0,22091.0,22448.0,193.89936464
2023-02-15 12:00:00+00:00,22452.0,22919.0,22452.0,22818.0,429.25943971
2023-02-15 16:00:00+00:00,22813.0,23340.0,22756.0,23314.0,338.6415673
2023-02-15 20:00:00+00:00,23315.0,24393.0,23298.0,24318.0,1314.5043838
2023-02-16 00:00:00+00:00,24325.0,24867.0,24277.0,24716.0,943.07767357
2023-02-16 04:00:00+00:00,24716.0,24738.0,24438.0,24608.0,733.12809254
2023-02-16 08:00:00+00:00,24608.0,24658.0,24514.0,24572.0,103.88640916
2023-02-16 12:00:00+00:00,24569.0,25066.0,24286.0,25066.0,562.11315883
2023-02-16 16:00:00+00:00,25062.0,25234.0,24604.0,24872.0,755.75007168
2023-02-16 20:00:00+00:00,24869.0,24869.0,23526.0,23529.0,1543.99816285
2023-02-17 00:00:00+00:00,23525.0,23911.0,23350.0,23844.0,178.66172292
2023-02-17 04:00:00+00:00,23845.0,23881.0,23624.0,23644.0,119.77458924
2023-02-17 08:00:00+00:00,23639.0,23868.0,23542.0,23795.0,150.39289495
2023-02-17 12:00:00+00:00,23797.0,24299.0,23707.0,24144.0,1027.81154925
2023-02-17 16:00:00+00:00,24147.0,24553.0,23954.0,24525.0,1815.23187072
2023-02-17 20:00:00+00:00,24523.0,25023.0,24057.0,24582.0,881.52195191
2023-02-18 00:00:00+00:00,24580.0,24790.0,24524.0,24617.0,90.40630207
2023-02-18 04:00:00+00:00,24617.0,24670.0,24450.0,24522.0,84.70846583
2023-02-18 08:00:00+00:00,24519.0,24603.0,24450.0,24525.0,137.46999434
2023-02-18 12:00:00+00:00,24521.0,24729.0,24498.0,24678.0,119.29531641
2023-02-18 16:00:00+00:00,24679.0,24878.0,24577.0,24613.0,139.58949721
2023-02-18 20:00:00+00:00,24613.0,24665.0,24532.0,24633.0,57.03370026
2023-02-19 00:00:00+00:00,24634.0,24763.0,24628.0,24675.0,86.5342329
2023-02-19 04:00:00+00:00,24675.0,24839.0,24562.0,24572.0,170.10469116
2023-02-19 08:00:00+00:00,24570.0,24707.0,24560.0,24668.0,117.52655711
2023-02-19 12:00:00+00:00,24668.0,25090.0,24667.0,24937.0,1013.77783881
2023-02-19 16:00:00+00:00,24935.0,25209.0,24287.0,24527.0,898.79078869
2023-02-19 20:00:00+00:00,24515.0,24589.0,24221.0,24284.0,434.58321060000003
2023-02-20 00:00:00+00:00,24281.0,24485.0,23862.0,24432.0,282.5465902
2023-02-20 04:00:00+00:00,24440.0,24561.0,24424.0,24507.0,183.04139823
2023-02-20 08:00:00+00:00,24511.0,24983.0,24385.0,24884.0,433.6418049
2023-02-20 12:00:00+00:00,24893.0,25114.0,24723.0,24947.0,717.81539249
2023-02-20 16:00:00+00:00,24947.0,24963.0,24634.0,24867.0,280.18500632
2023-02-20 20:00:00+00:00,24868.0,24875.0,24657.0,24835.0,123.51271196
2023-02-21 00:00:00+00:00,24834.0,25095.0,24778.0,24921.0,322.23526133
2023-02-21 04:00:00+00:00,24927.0,25059.0,24859.0,25007.0,221.76696609
2023-02-21 08:00:00+00:00,25005.0,25227.0,24539.0,24562.0,835.82657295
2023-02-21 12:00:00+00:00,24564.0,24769.0,24410.0,24545.0,954.33711555
2023-02-21 16:00:00+00:00,24544.0,24754.0,24281.0,24614.0,935.20984546
2023-02-21 20:00:00+00:00,24614.0,24641.0,24172.0,24466.0,283.48741246
2023-02-22 00:00:00+00:00,24466.0,24485.0,23881.0,24212.0,727.03033592
2023-02-22 04:00:00+00:00,24211.0,24225.0,23941.0,24066.0,551.33080078
2023-02-22 08:00:00+00:00,24066.0,24214.0,23880.0,24168.0,387.43038319
2023-02-22 12:00:00+00:00,24166.0,24239.0,23650.0,23741.0,935.12800369
2023-02-22 16:00:00+00:00,23730.0,23968.0,23578.0,23796.0,557.54721002
2023-02-22 20:00:00+00:00,23795.0,24207.0,23752.0,24191.0,176.66378198
2023-02-23 00:00:00+00:00,24191.0,24600.0,24134.0,24461.0,323.18393697
2023-02-23 04:00:00+00:00,24456.0,24527.0,24316.0,24385.0,61.14120313
2023-02-23 08:00:00+00:00,24385.0,24493.0,23659.0,23790.0,502.18953097
2023-02-23 12:00:00+00:00,23782.0,24221.0,23622.0,23966.0,669.58740518
2023-02-23 16:00:00+00:00,23967.0,24073.0,23773.0,23998.0,590.55270755
2023-02-23 20:00:00+00:00,24005.0,24087.0,23777.0,23950.0,95.27148497
2023-02-24 00:00:00+00:00,23958.0,24150.0,23906.0,23960.0,500.3020615
2023-02-24 04:00:00+00:00,23961.0,23986.0,23777.0,23830.0,513.22674432
2023-02-24 08:00:00+00:00,23828.0,23969.0,23761.0,23885.0,260.15132271
2023-02-24 12:00:00+00:00,23885.0,24033.0,23337.0,23361.0,815.6451374
2023-02-24 16:00:00+00:00,23359.0,23359.0,22873.0,23193.0,1093.73832019
2023-02-24 20:00:00+00:00,23195.0,23336.0,23000.0,23200.0,267.56229977
2023-02-25 00:00:00+00:00,23197.0,23223.0,23056.0,23082.0,128.268672
2023-02-25 04:00:00+00:00,23084.0,23137.0,23033.0,23130.0,72.78577747
2023-02-25 08:00:00+00:00,23127.0,23166.0,22917.0,22993.0,155.42148367
2023-02-25 12:00:00+00:00,22993.0,23093.0,22869.0,23018.0,301.98129888
2023-02-25 16:00:00+00:00,23017.0,23093.0,22928.0,22986.0,103.22553677
2023-02-25 20:00:00+00:00,22992.0,23200.0,22810.0,23178.0,353.55084171
2023-02-26 00:00:00+00:00,23178.0,23266.0,23083.0,23235.0,57.4799072
2023-02-26 04:00:00+00:00,23235.0,23239.0,23116.0,23164.0,36.94275178
2023-02-26 08:00:00+00:00,23170.0,23302.0,23129.0,23259.0,89.33640484
2023-02-26 12:00:00+00:00,23259.0,23339.0,23142.0,23252.0,79.57701770999999
2023-02-26 16:00:00+00:00,23253.0,23546.0,23148.0,23509.0,302.8816538
2023-02-26 20:00:00+00:00,23508.0,23673.0,23326.0,23561.0,205.39212142
2023-02-27 00:00:00+00:00,23560.0,23643.0,23450.0,23555.0,172.26167222
2023-02-27 04:00:00+00:00,23556.0,23558.0,23361.0,23426.0,209.04788719
2023-02-27 08:00:00+00:00,23427.0,23452.0,23347.0,23429.0,70.91027662
2023-02-27 12:00:00+00:00,23436.0,23891.0,23383.0,23566.0,641.79691783
2023-02-27 16:00:00+00:00,23572.0,23619.0,23170.0,23281.0,629.78158333
2023-02-27 20:00:00+00:00,23280.0,23581.0,23131.0,23502.0,114.54061743
2023-02-28 00:00:00+00:00,23503.0,23553.0,23365.0,23467.0,50.18562932
2023-02-28 04:00:00+00:00,23470.0,23472.0,23229.0,23236.0,96.82239265
2023-02-28 08:00:00+00:00,23234.0,23429.0,23216.0,23409.0,104.57844684
2023-02-28 12:00:00+00:00,23409.0,23581.0,23326.0,23529.0,160.9423424
2023-02-28 16:00:00+00:00,23529.0,23615.0,23239.0,23267.0,282.53924337
2023-02-28 20:00:00+00:00,23270.0,23347.0,23066.0,23142.0,742.26303158
2023-03-01 00:00:00+00:00,23146.0,23498.0,23036.0,23447.0,284.60858787
2023-03-01 04:00:00+00:00,23448.0,23849.0,23441.0,23719.0,207.41253499
2023-03-01 08:00:00+00:00,23721.0,24009.0,23692.0,23743.0,273.76828415
2023-03-01 12:00:00+00:00,23744.0,23896.0,23585.0,23721.0,220.94016407
2023-03-01 16:00:00+00:00,23717.0,23749.0,23350.0,23366.0,249.41367053
2023-03-01 20:00:00+00:00,23366.0,23675.0,23325.0,23646.0,136.02394585
2023-03-02 00:00:00+00:00,23645.0,23800.0,23437.0,23502.0,134.12640351
2023-03-02 04:00:00+00:00,23502.0,23546.0,23351.0,23392.0,91.3462381
2023-03-02 08:00:00+00:00,23390.0,23470.0,23350.0,23418.0,51.2069607
2023-03-02 12:00:00+00:00,23418.0,23437.0,23205.0,23371.0,177.97579541
2023-03-02 16:00:00+00:00,23366.0,23506.0,23241.0,23474.0,117.8255863
2023-03-02 20:00:00+00:00,23473.0,23561.0,23402.0,23472.0,128.43761606
2023-03-03 00:00:00+00:00,23474.0,23482.0,21910.0,22318.0,1400.90519864
2023-03-03 04:00:00+00:00,22318.0,22407.0,22259.0,22365.0,169.41469548999999
2023-03-03 08:00:00+00:00,22364.0,22474.0,22306.0,22340.0,492.61199667
2023-03-03 12:00:00+00:00,22341.0,22486.0,22155.0,22335.0,485.21718161
2023-03-03 16:00:00+00:00,22337.0,22447.0,22237.0,22364.0,203.49594107
2023-03-03 20:00:00+00:00,22364.0,22382.0,22160.0,22362.0,237.19150812
2023-03-04 00:00:00+00:00,22362.0,22397.0,22329.0,22352.0,48.01383717
2023-03-04 04:00:00+00:00,22352.0,22406.0,22282.0,22365.0,87.51714537
2023-03-04 08:00:00+00:00,22362.0,22369.0,22332.0,22351.0,20.25486557
2023-03-04 12:00:00+00:00,22349.0,22400.0,22310.0,22316.0,35.06958482
2023-03-04 16:00:00+00:00,22319.0,22343.0,22233.0,22245.0,57.61428889
2023-03-04 20:00:00+00:00,22247.0,22360.0,22176.0,22345.0,162.372518
2023-03-05 00:00:00+00:00,22346.0,22660.0,22200.0,22390.0,161.49280374
2023-03-05 04:00:00+00:00,22392.0,22469.0,22375.0,22377.0,56.94720352
2023-03-05 08:00:00+00:00,22383.0,22457.0,22332.0,22398.0,58.59354218
2023-03-05 12:00:00+00:00,22397.0,22494.0,22396.0,22441.0,25.62437478
2023-03-05 16:00:00+00:00,22439.0,22450.0,22380.0,22400.0,28.0702788
2023-03-05 20:00:00+00:00,22400.0,22547.0,22334.0,22431.0,103.5638915
2023-03-06 00:00:00+00:00,22430.0,22509.0,22278.0,22387.0,179.70527376
2023-03-06 04:00:00+00:00,22388.0,22437.0,22324.0,22395.0,33.35860835
2023-03-06 08:00:00+00:00,22395.0,22442.0,22363.0,22417.0,6.61474931
2023-03-06 12:00:00+00:00,22418.0,22591.0,22394.0,22553.0,145.09716844
2023-03-06 16:00:00+00:00,22556.0,22579.0,22363.0,22404.0,453.40645866
2023-03-06 20:00:00+00:00,22403.0,22444.0,22333.0,22405.0,74.39750378
2023-03-07 00:00:00+00:00,22405.0,22554.0,22381.0,22458.0,170.22421701
2023-03-07 04:00:00+00:00,22459.0,22473.0,22422.0,22425.0,16.89471343
2023-03-07 08:00:00+00:00,22426.0,22428.0,22334.0,22347.0,85.28344947
2023-03-07 12:00:00+00:00,22346.0,22488.0,21950.0,22334.0,826.17777727
2023-03-07 16:00:00+00:00,22333.0,22396.0,22080.0,22144.0,494.95856701
2023-03-07 20:00:00+00:00,22137.0,22232.0,21960.0,22209.0,246.34106369
2023-03-08 00:00:00+00:00,22209.0,22291.0,22095.0,22155.0,40.07312712
2023-03-08 04:00:00+00:00,22156.0,22168.0,21848.0,21977.0,159.38675042
2023-03-08 08:00:00+00:00,21977.0,22149.0,21949.0,22080.0,88.29841932000001
2023-03-08 12:00:00+00:00,22080.0,22227.0,21900.0,22162.0,466.54746874
2023-03-08 16:00:00+00:00,22163.0,22227.0,21969.0,22009.0,269.45649893
2023-03-08 20:00:00+00:00,22009.0,22152.0,21590.0,21713.0,726.00268841
2023-03-09 00:00:00+00:00,21712.0,21811.0,21644.0,21775.0,126.57184405
2023-03-09 04:00:00+00:00,21775.0,21781.0,21675.0,21691.0,55.14407624
2023-03-09 08:00:00+00:00,21691.0,21703.0,21533.0,21674.0,270.26649928
2023-03-09 12:00:00+00:00,21674.0,21836.0,21572.0,21657.0,204.77984899
2023-03-09 16:00:00+00:00,21657.0,21679.0,20800.0,20870.0,1627.06964205
2023-03-09 20:00:00+00:00,20870.0,20883.0,20086.0,20381.0,1501.83106684
2023-03-10 00:00:00+00:00,20381.0,20382.0,19776.0,20066.0,942.54529236
2023-03-10 04:00:00+00:00,20065.0,20072.0,19790.0,19961.0,478.70601739
2023-03-10 08:00:00+00:00,19961.0,19983.0,19592.0,19773.0,542.9969198699999
2023-03-10 12:00:00+00:00,19778.0,20320.0,19673.0,20032.0,797.80973433
2023-03-10 16:00:00+00:00,20029.0,20327.0,19841.0,20042.0,545.58800349
2023-03-10 20:00:00+00:00,20042.0,20308.0,19873.0,20201.0,1337.08115912
2023-03-11 00:00:00+00:00,20200.0,20789.0,20185.0,20498.0,2501.79144846
2023-03-11 04:00:00+00:00,20498.0,20499.0,19920.0,19950.0,729.53934514
2023-03-11 08:00:00+00:00,19940.0,20272.0,19863.0,20145.0,938.1610315
2023-03-11 12:00:00+00:00,20144.0,20290.0,20103.0,20157.0,284.91601879
2023-03-11 16:00:00+00:00,20156.0,20400.0,20084.0,20301.0,1972.76088231
2023-03-11 20:00:00+00:00,20299.0,20591.0,20289.0,20529.0,377.43080532
2023-03-12 00:00:00+00:00,20530.0,20562.0,20379.0,20434.0,316.43188626
2023-03-12 04:00:00+00:00,20435.0,20522.0,20363.0,20422.0,1044.42808633
2023-03-12 08:00:00+00:00,20423.0,20548.0,20415.0,20512.0,97.52382079
2023-03-12 12:00:00+00:00,20511.0,20520.0,20357.0,20446.0,1057.44269684
2023-03-12 16:00:00+00:00,20440.0,21395.0,20430.0,20859.0,1852.8201862
2023-03-12 20:00:00+00:00,20868.0,22193.0,20850.0,22083.0,1244.62387368
2023-03-13 00:00:00+00:00,22091.0,22698.0,21963.0,22301.0,693.84315251
2023-03-13 04:00:00+00:00,22302.0,22582.0,22300.0,22552.0,350.03552333
2023-03-13 08:00:00+00:00,22553.0,22615.0,21878.0,22154.0,867.32260444
2023-03-13 12:00:00+00:00,22161.0,24600.0,22005.0,24072.0,4062.75938252
2023-03-13 16:00:00+00:00,24077.0,24478.0,23861.0,24376.0,750.31720129
2023-03-13 20:00:00+00:00,24376.0,24395.0,24013.0,24183.0,281.37074817
2023-03-14 00:00:00+00:00,24188.0,24560.0,24071.0,24460.0,269.21564661
2023-03-14 04:00:00+00:00,24461.0,24867.0,24223.0,24319.0,693.55551994
2023-03-14 08:00:00+00:00,24320.0,25001.0,24182.0,24865.0,1677.08646647
2023-03-14 12:00:00+00:00,24865.0,26529.0,24646.0,25982.0,5110.23006698
2023-03-14 16:00:00+00:00,25976.0,26077.0,24302.0,25122.0,1328.86942403
2023-03-14 20:00:00+00:00,25120.0,25241.0,24060.0,24735.0,528.12374602
2023-03-15 00:00:00+00:00,24730.0,25116.0,24343.0,24781.0,350.54114020000003
2023-03-15 04:00:00+00:00,24780.0,24974.0,24691.0,24945.0,180.19788365
2023-03-15 08:00:00+00:00,24934.0,24971.0,24335.0,24817.0,486.5791575
2023-03-15 12:00:00+00:00,24809.0,25324.0,24435.0,24522.0,769.43057741
2023-03-15 16:00:00+00:00,24522.0,24556.0,23931.0,24406.0,639.49685733
2023-03-15 20:00:00+00:00,24410.0,24692.0,24285.0,24321.0,206.13669541
2023-03-16 00:00:00+00:00,24330.0,24483.0,24186.0,24321.0,123.98857379
2023-03-16 04:00:00+00:00,24321.0,24746.0,24253.0,24662.0,175.48930348
2023-03-16 08:00:00+00:00,24661.0,25102.0,24424.0,24889.0,306.66684671
2023-03-16 12:00:00+00:00,24888.0,25078.0,24600.0,24941.0,706.18145638
2023-03-16 16:00:00+00:00,24941.0,25213.0,24641.0,25035.0,747.40197621
2023-03-16 20:00:00+00:00,25028.0,25154.0,24706.0,25061.0,358.39810374
2023-03-17 00:00:00+00:00,25054.0,25938.0,24954.0,25836.0,763.05575455
2023-03-17 04:00:00+00:00,25836.0,26239.0,25719.0,26108.0,456.24848843
2023-03-17 08:00:00+00:00,26114.0,26850.0,25981.0,26850.0,3668.90180731
2023-03-17 12:00:00+00:00,26850.0,26854.0,26133.0,26426.0,691.76608019
2023-03-17 16:00:00+00:00,26429.0,26863.0,26279.0,26844.0,494.4405325
2023-03-17 20:00:00+00:00,26853.0,27563.0,26603.0,27351.0,3741.89261578
2023-03-18 00:00:00+00:00,27352.0,27621.0,27004.0,27272.0,948.56133325
2023-03-18 04:00:00+00:00,27272.0,27587.0,27201.0,27337.0,222.37615905
2023-03-18 08:00:00+00:00,27337.0,27488.0,27036.0,27428.0,337.61203383000003
2023-03-18 12:00:00+00:00,27428.0,27621.0,27053.0,27218.0,394.82892907
2023-03-18 16:00:00+00:00,27218.0,27470.0,26547.0,27354.0,887.8978398
2023-03-18 20:00:00+00:00,27351.0,27459.0,26808.0,26914.0,290.50259899
2023-03-19 00:00:00+00:00,26916.0,27248.0,26916.0,27224.0,121.78616145
2023-03-19 04:00:00+00:00,27203.0,27279.0,26838.0,26970.0,141.5907067
2023-03-19 08:00:00+00:00,26972.0,27201.0,26888.0,27181.0,271.60934589
2023-03-19 12:00:00+00:00,27180.0,27685.0,27131.0,27546.0,778.8252585
2023-03-19 16:00:00+00:00,27545.0,28305.0,27473.0,28225.0,2216.20451702
2023-03-19 20:00:00+00:00,28226.0,28342.0,27733.0,27943.0,808.07455283
2023-03-20 00:00:00+00:00,27947.0,28043.0,27130.0,27262.0,403.35370481
2023-03-20 04:00:00+00:00,27264.0,28257.0,27141.0,28187.0,473.09024404
2023-03-20 08:00:00+00:00,28187.0,28439.0,27934.0,28199.0,827.77197948
2023-03-20 12:00:00+00:00,28186.0,28252.0,27623.0,27683.0,469.52566618
2023-03-20 16:00:00+00:00,27683.0,28035.0,27446.0,27794.0,345.38641254
2023-03-20 20:00:00+00:00,27793.0,28174.0,27578.0,27714.0,182.54900435
2023-03-21 00:00:00+00:00,27713.0,27934.0,27675.0,27773.0,131.09567536
2023-03-21 04:00:00+00:00,27772.0,27956.0,27312.0,27499.0,307.39452646
2023-03-21 08:00:00+00:00,27503.0,28168.0,27405.0,28041.0,293.22439182
2023-03-21 12:00:00+00:00,28040.0,28233.0,27717.0,28054.0,380.88079008
2023-03-21 16:00:00+00:00,28046.0,28435.0,27928.0,28122.0,372.40878935
2023-03-21 20:00:00+00:00,28123.0,28199.0,27912.0,28112.0,177.37125568
2023-03-22 00:00:00+00:00,28111.0,28288.0,27860.0,28170.0,276.54686742
2023-03-22 04:00:00+00:00,28161.0,28290.0,28018.0,28102.0,177.74103099
2023-03-22 08:00:00+00:00,28103.0,28208.0,28000.0,28134.0,170.31242707
2023-03-22 12:00:00+00:00,28130.0,28711.0,28116.0,28595.0,970.91643418
2023-03-22 16:00:00+00:00,28597.0,28818.0,26634.0,26652.0,1889.26563318
2023-03-22 20:00:00+00:00,26666.0,27435.0,26591.0,27258.0,448.83663995
2023-03-23 00:00:00+00:00,27258.0,27422.0,27094.0,27364.0,116.47571452
2023-03-23 04:00:00+00:00,27363.0,27703.0,27269.0,27632.0,229.68735753
2023-03-23 08:00:00+00:00,27632.0,27734.0,27474.0,27569.0,706.62291967
2023-03-23 12:00:00+00:00,27571.0,28772.0,27271.0,28597.0,1050.64939391
2023-03-23 16:00:00+00:00,28597.0,28660.0,27779.0,28384.0,704.21987839
2023-03-23 20:00:00+00:00,28386.0,28441.0,27993.0,28304.0,315.27221216
2023-03-24 00:00:00+00:00,28308.0,28376.0,28143.0,28225.0,129.57957816
2023-03-24 04:00:00+00:00,28225.0,28334.0,28113.0,28283.0,128.0099049
2023-03-24 08:00:00+00:00,28282.0,28299.0,27347.0,27592.0,576.089252
2023-03-24 12:00:00+00:00,27587.0,28253.0,27546.0,28030.0,639.25184474
2023-03-24 16:00:00+00:00,28024.0,28053.0,27533.0,27831.0,195.18339203
2023-03-24 20:00:00+00:00,27831.0,27865.0,27000.0,27461.0,250.06016026
2023-03-25 00:00:00+00:00,27463.0,27658.0,27440.0,27601.0,67.19295277
2023-03-25 04:00:00+00:00,27601.0,27619.0,27392.0,27502.0,68.00417823
2023-03-25 08:00:00+00:00,27502.0,27541.0,27328.0,27467.0,82.19379769
2023-03-25 12:00:00+00:00,27467.0,27810.0,27380.0,27663.0,286.03767496
2023-03-25 16:00:00+00:00,27663.0,27738.0,27164.0,27192.0,156.51175906
2023-03-25 20:00:00+00:00,27187.0,27543.0,27170.0,27478.0,197.83812991
2023-03-26 00:00:00+00:00,27472.0,27668.0,27438.0,27529.0,73.19010501
2023-03-26 04:00:00+00:00,27538.0,27588.0,27490.0,27516.0,94.99145717
2023-03-26 08:00:00+00:00,27516.0,27944.0,27507.0,27893.0,232.45857955
2023-03-26 12:00:00+00:00,27881.0,28227.0,27695.0,27820.0,390.71202939
2023-03-26 16:00:00+00:00,27820.0,27936.0,27617.0,27831.0,108.71160192
2023-03-26 20:00:00+00:00,27830.0,28147.0,27690.0,27978.0,271.81361977
2023-03-27 00:00:00+00:00,27985.0,28027.0,27795.0,27898.0,111.44711783
2023-03-27 04:00:00+00:00,27891.0,27928.0,27668.0,27800.0,63.80236418
2023-03-27 08:00:00+00:00,27800.0,27994.0,27784.0,27905.0,117.80602136
2023-03-27 12:00:00+00:00,27896.0,27925.0,26536.0,26904.0,1285.00101366
2023-03-27 16:00:00+00:00,26909.0,27341.0,26869.0,26950.0,262.5902582
2023-03-27 20:00:00+00:00,26958.0,27245.0,26881.0,27127.0,98.67261036
2023-03-28 00:00:00+00:00,27127.0,27162.0,26814.0,26973.0,97.60986449
2023-03-28 04:00:00+00:00,26973.0,27141.0,26887.0,26957.0,324.6123414
2023-03-28 08:00:00+00:00,26966.0,27151.0,26636.0,27069.0,443.39434923
2023-03-28 12:00:00+00:00,27065.0,27214.0,26841.0,26985.0,187.77349683
2023-03-28 16:00:00+00:00,26985.0,27529.0,26751.0,27411.0,259.39059737
2023-03-28 20:00:00+00:00,27423.0,27493.0,27098.0,27265.0,125.99925549
2023-03-29 00:00:00+00:00,27266.0,27474.0,27253.0,27364.0,84.5179415
2023-03-29 04:00:00+00:00,27364.0,28210.0,27355.0,28091.0,384.15878354
2023-03-29 08:00:00+00:00,28092.0,28649.0,28052.0,28351.0,673.28722589
2023-03-29 12:00:00+00:00,28351.0,28588.0,28252.0,28453.0,643.58063101
2023-03-29 16:00:00+00:00,28449.0,28451.0,28136.0,28422.0,199.17821293
2023-03-29 20:00:00+00:00,28422.0,28510.0,28212.0,28345.0,134.83456477000001
2023-03-30 00:00:00+00:00,28344.0,29171.0,28072.0,28480.0,1150.60977473
2023-03-30 04:00:00+00:00,28484.0,28763.0,28446.0,28723.0,290.41341926
2023-03-30 08:00:00+00:00,28722.0,28745.0,28488.0,28652.0,258.40349764
2023-03-30 12:00:00+00:00,28650.0,28694.0,28145.0,28289.0,368.80059919
2023-03-30 16:00:00+00:00,28290.0,28290.0,27677.0,27969.0,401.59189257
2023-03-30 20:00:00+00:00,27978.0,28175.0,27797.0,28021.0,211.68797222
2023-03-31 00:00:00+00:00,28021.0,28373.0,27905.0,28174.0,231.62147675
2023-03-31 04:00:00+00:00,28168.0,28206.0,27504.0,27734.0,180.63490104
2023-03-31 08:00:00+00:00,27731.0,27989.0,27690.0,27932.0,181.01207994
2023-03-31 12:00:00+00:00,27930.0,28651.0,27878.0,28484.0,449.88943303
2023-03-31 16:00:00+00:00,28485.0,28531.0,28249.0,28455.0,149.62587936
2023-03-31 20:00:00+00:00,28459.0,28623.0,28332.0,28460.0,129.23701995
2023-04-01 00:00:00+00:00,28454.0,28817.0,28404.0,28535.0,195.68952515
2023-04-01 04:00:00+00:00,28536.0,28618.0,28344.0,28427.0,92.9133756
2023-04-01 08:00:00+00:00,28427.0,28481.0,28352.0,28358.0,70.37807674
2023-04-01 12:00:00+00:00,28359.0,28430.0,28201.0,28389.0,146.27112066
2023-04-01 16:00:00+00:00,28388.0,28426.0,28333.0,28373.0,268.60283659
2023-04-01 20:00:00+00:00,28373.0,28583.0,28372.0,28443.0,89.32810078
2023-04-02 00:00:00+00:00,28443.0,28515.0,28366.0,28466.0,55.90259085
2023-04-02 04:00:00+00:00,28466.0,28478.0,28378.0,28417.0,42.93707267
2023-04-02 08:00:00+00:00,28417.0,28436.0,28324.0,28353.0,183.10315178
2023-04-02 12:00:00+00:00,28355.0,28357.0,28046.0,28121.0,355.71721154
2023-04-02 16:00:00+00:00,28123.0,28231.0,27856.0,27948.0,244.33567
2023-04-02 20:00:00+00:00,27942.0,28194.0,27839.0,28173.0,120.57591302
2023-04-03 00:00:00+00:00,28173.0,28174.0,27557.0,27754.0,228.08966875
2023-04-03 04:00:00+00:00,27751.0,27941.0,27584.0,27941.0,220.09042706
2023-04-03 08:00:00+00:00,27941.0,28500.0,27941.0,28247.0,412.54997286
2023-04-03 12:00:00+00:00,28247.0,28373.0,27960.0,28048.0,522.9138387
2023-04-03 16:00:00+00:00,28052.0,28251.0,27900.0,28075.0,189.7230247
2023-04-03 20:00:00+00:00,28075.0,28089.0,27213.0,27795.0,1066.7241951
2023-04-04 00:00:00+00:00,27795.0,27957.0,27671.0,27864.0,82.29320993
2023-04-04 04:00:00+00:00,27860.0,28147.0,27782.0,28014.0,151.85850475
2023-04-04 08:00:00+00:00,28031.0,28449.0,27951.0,28291.0,409.26036694
2023-04-04 12:00:00+00:00,28292.0,28411.0,27950.0,28026.0,236.27752278
2023-04-04 16:00:00+00:00,28026.0,28252.0,27975.0,28186.0,116.54634004
2023-04-04 20:00:00+00:00,28189.0,28300.0,28075.0,28154.0,86.19141898
2023-04-05 00:00:00+00:00,28153.0,28801.0,28100.0,28536.0,294.93854632
2023-04-05 04:00:00+00:00,28536.0,28626.0,28458.0,28523.0,119.14198869
2023-04-05 08:00:00+00:00,28521.0,28591.0,28442.0,28550.0,83.56183132
2023-04-05 12:00:00+00:00,28550.0,28761.0,27888.0,28029.0,611.77025087
2023-04-05 16:00:00+00:00,28024.0,28294.0,27828.0,28230.0,310.83326806
2023-04-05 20:00:00+00:00,28230.0,28282.0,28114.0,28153.0,97.16240078
2023-04-06 00:00:00+00:00,28152.0,28155.0,27835.0,28128.0,184.30355855
2023-04-06 04:00:00+00:00,28116.0,28117.0,27880.0,27896.0,119.80583482
2023-04-06 08:00:00+00:00,27896.0,28010.0,27717.0,27937.0,232.35753746
2023-04-06 12:00:00+00:00,27938.0,28164.0,27732.0,28093.0,209.72995803
2023-04-06 16:00:00+00:00,28094.0,28145.0,27951.0,28020.0,57.19172679
2023-04-06 20:00:00+00:00,28016.0,28113.0,27896.0,28019.0,77.7484555
2023-04-07 00:00:00+00:00,28019.0,28083.0,27927.0,28019.0,55.45472373
2023-04-07 04:00:00+00:00,28018.0,28037.0,27755.0,27817.0,89.53653268000001
2023-04-07 08:00:00+00:00,27814.0,27924.0,27776.0,27807.0,56.39515111
2023-04-07 12:00:00+00:00,27802.0,27977.0,27773.0,27921.0,83.49303346
2023-04-07 16:00:00+00:00,27920.0,27928.0,27846.0,27883.0,21.15733841
2023-04-07 20:00:00+00:00,27883.0,27963.0,27839.0,27889.0,28.29722728
2023-04-08 00:00:00+00:00,27889.0,28046.0,27847.0,28003.0,48.57112612
2023-04-08 04:00:00+00:00,28008.0,28151.0,27957.0,28067.0,81.88487724
2023-04-08 08:00:00+00:00,28066.0,28104.0,27975.0,27996.0,90.40539166
2023-04-08 12:00:00+00:00,27997.0,28031.0,27932.0,27987.0,88.36473612
2023-04-08 16:00:00+00:00,27986.0,27995.0,27833.0,27887.0,54.77861155
2023-04-08 20:00:00+00:00,27889.0,27944.0,27860.0,27901.0,38.15952435
2023-04-09 00:00:00+00:00,27908.0,28057.0,27892.0,27997.0,67.26770184
2023-04-09 04:00:00+00:00,28000.0,28033.0,27800.0,27882.0,85.70845915
2023-04-09 08:00:00+00:00,27882.0,27913.0,27767.0,27903.0,43.15152131
2023-04-09 12:00:00+00:00,27903.0,27951.0,27780.0,27874.0,68.89943776
2023-04-09 16:00:00+00:00,27873.0,28240.0,27853.0,28133.0,151.10409823
2023-04-09 20:00:00+00:00,28134.0,28521.0,28081.0,28320.0,266.89144007
2023-04-10 00:00:00+00:00,28320.0,28416.0,28251.0,28268.0,81.84611533
2023-04-10 04:00:00+00:00,28272.0,28305.0,28188.0,28268.0,68.98420096
2023-04-10 08:00:00+00:00,28276.0,28369.0,28258.0,28293.0,74.84726029
2023-04-10 12:00:00+00:00,28291.0,28547.0,28136.0,28429.0,168.84129825
2023-04-10 16:00:00+00:00,28432.0,29272.0,28377.0,29162.0,897.28544362
2023-04-10 20:00:00+00:00,29161.0,29724.0,29061.0,29613.0,944.61531654
2023-04-11 00:00:00+00:00,29614.0,30357.0,29579.0,30097.0,1123.08670724
2023-04-11 04:00:00+00:00,30097.0,30161.0,29764.0,30101.0,225.21944435
2023-04-11 08:00:00+00:00,30101.0,30136.0,29985.0,30048.0,200.01955765
2023-04-11 12:00:00+00:00,30054.0,30259.0,29969.0,30184.0,361.53687154
2023-04-11 16:00:00+00:00,30183.0,30494.0,30037.0,30101.0,539.38064818
2023-04-11 20:00:00+00:00,30103.0,30250.0,29938.0,30190.0,305.15341001
2023-04-12 00:00:00+00:00,30189.0,30310.0,29846.0,29920.0,278.69139331
2023-04-12 04:00:00+00:00,29919.0,30057.0,29850.0,29982.0,116.77224881
2023-04-12 08:00:00+00:00,29984.0,30035.0,29907.0,30004.0,148.15813805
2023-04-12 12:00:00+00:00,30003.0,30468.0,29677.0,29956.0,807.22085238
2023-04-12 16:00:00+00:00,29960.0,30080.0,29768.0,29798.0,256.22476832
2023-04-12 20:00:00+00:00,29797.0,29979.0,29773.0,29879.0,80.80174316
2023-04-13 00:00:00+00:00,29884.0,30180.0,29867.0,30070.0,135.3921005
2023-04-13 04:00:00+00:00,30072.0,30120.0,30007.0,30065.0,121.14834534
2023-04-13 08:00:00+00:00,30063.0,30340.0,30035.0,30167.0,340.62843405
2023-04-13 12:00:00+00:00,30167.0,30563.0,30143.0,30441.0,388.98304678
2023-04-13 16:00:00+00:00,30441.0,30540.0,30271.0,30338.0,372.03617575
2023-04-13 20:00:00+00:00,30341.0,30396.0,30203.0,30389.0,73.82404092
2023-04-14 00:00:00+00:00,30385.0,30861.0,30333.0,30693.0,822.36566273
2023-04-14 04:00:00+00:00,30694.0,30968.0,30677.0,30746.0,474.56925094
2023-04-14 08:00:00+00:00,30747.0,30825.0,30668.0,30799.0,124.33836791
2023-04-14 12:00:00+00:00,30799.0,30844.0,30100.0,30238.0,637.89546736
2023-04-14 16:00:00+00:00,30232.0,30345.0,30001.0,30307.0,419.59402609
2023-04-14 20:00:00+00:00,30317.0,30508.0,30277.0,30462.0,116.00696791
2023-04-15 00:00:00+00:00,30462.0,30575.0,30273.0,30369.0,141.18429845
2023-04-15 04:00:00+00:00,30368.0,30457.0,30287.0,30421.0,120.56242493
2023-04-15 08:00:00+00:00,30425.0,30451.0,30356.0,30372.0,153.60600383
2023-04-15 12:00:00+00:00,30372.0,30419.0,30280.0,30317.0,129.7682819
2023-04-15 16:00:00+00:00,30317.0,30333.0,30192.0,30314.0,136.77566149
2023-04-15 20:00:00+00:00,30314.0,30342.0,30222.0,30278.0,113.59310219
2023-04-16 00:00:00+00:00,30278.0,30300.0,30103.0,30228.0,205.04476687
2023-04-16 04:00:00+00:00,30228.0,30385.0,30223.0,30335.0,139.37864381
2023-04-16 08:00:00+00:00,30334.0,30341.0,30138.0,30150.0,415.19120175
2023-04-16 12:00:00+00:00,30150.0,30349.0,30144.0,30339.0,384.21072685
2023-04-16 16:00:00+00:00,30339.0,30623.0,30260.0,30298.0,565.31430874
2023-04-16 20:00:00+00:00,30298.0,30388.0,30178.0,30286.0,131.7862287
2023-04-17 00:00:00+00:00,30285.0,30290.0,29723.0,29960.0,376.06963159000003
2023-04-17 04:00:00+00:00,29959.0,29990.0,29840.0,29841.0,296.02392704
2023-04-17 08:00:00+00:00,29845.0,29918.0,29414.0,29581.0,703.62932599
2023-04-17 12:00:00+00:00,29580.0,29593.0,29262.0,29362.0,406.63164378
2023-04-17 16:00:00+00:00,29361.0,29580.0,29339.0,29477.0,117.81491288
2023-04-17 20:00:00+00:00,29477.0,29535.0,29405.0,29437.0,144.83205341000001
2023-04-18 00:00:00+00:00,29437.0,29505.0,29169.0,29459.0,413.96861415
2023-04-18 04:00:00+00:00,29459.0,29811.0,29454.0,29797.0,134.10113962
2023-04-18 08:00:00+00:00,29797.0,30413.0,29725.0,30394.0,518.07783212
2023-04-18 12:00:00+00:00,30394.0,30527.0,30123.0,30202.0,504.62649813
2023-04-18 16:00:00+00:00,30202.0,30287.0,29950.0,30234.0,147.70752409
2023-04-18 20:00:00+00:00,30231.0,30456.0,30172.0,30391.0,215.42652442
2023-04-19 00:00:00+00:00,30392.0,30412.0,30134.0,30217.0,134.53866798
2023-04-19 04:00:00+00:00,30217.0,30328.0,29989.0,30075.0,340.98812677
2023-04-19 08:00:00+00:00,30075.0,30076.0,29015.0,29318.0,2135.18547517
2023-04-19 12:00:00+00:00,29324.0,29513.0,29110.0,29281.0,462.55681413
2023-04-19 16:00:00+00:00,29275.0,29379.0,29098.0,29240.0,102.68412205
2023-04-19 20:00:00+00:00,29239.0,29329.0,28582.0,28818.0,588.89454072
2023-04-20 00:00:00+00:00,28809.0,29002.0,28571.0,28870.0,131.56948481
2023-04-20 04:00:00+00:00,28874.0,29098.0,28834.0,28890.0,135.02681509
2023-04-20 08:00:00+00:00,28892.0,28956.0,28613.0,28627.0,251.46405573
2023-04-20 12:00:00+00:00,28621.0,28949.0,28322.0,28516.0,396.17629911
2023-04-20 16:00:00+00:00,28515.0,28662.0,28012.0,28119.0,527.43788553
2023-04-20 20:00:00+00:00,28119.0,28363.0,28035.0,28248.0,103.4148233
2023-04-21 00:00:00+00:00,28251.0,28381.0,28103.0,28333.0,66.88430212
2023-04-21 04:00:00+00:00,28332.0,28355.0,27822.0,28173.0,257.60214641
2023-04-21 08:00:00+00:00,28167.0,28236.0,27939.0,28069.0,121.33582665
2023-04-21 12:00:00+00:00,28070.0,28310.0,27986.0,28047.0,200.55841475
2023-04-21 16:00:00+00:00,28046.0,28094.0,27216.0,27292.0,539.17449611
2023-04-21 20:00:00+00:00,27285.0,27410.0,27155.0,27287.0,186.98198674
2023-04-22 00:00:00+00:00,27287.0,27368.0,27163.0,27337.0,97.27674417
2023-04-22 04:00:00+00:00,27336.0,27406.0,27247.0,27287.0,164.71545509
2023-04-22 08:00:00+00:00,27288.0,27332.0,27204.0,27311.0,60.283814129999996
2023-04-22 12:00:00+00:00,27312.0,27567.0,27256.0,27496.0,149.57554672
2023-04-22 16:00:00+00:00,27508.0,27799.0,27508.0,27643.0,122.77545027
2023-04-22 20:00:00+00:00,27640.0,27885.0,27590.0,27826.0,113.69010337
2023-04-23 00:00:00+00:00,27827.0,27827.0,27442.0,27573.0,105.89453888
2023-04-23 04:00:00+00:00,27573.0,27762.0,27563.0,27752.0,32.66213625
2023-04-23 08:00:00+00:00,27740.0,27775.0,27508.0,27661.0,188.09789189
2023-04-23 12:00:00+00:00,27666.0,27744.0,27333.0,27491.0,231.30325702
2023-04-23 16:00:00+00:00,27492.0,27703.0,27358.0,27491.0,73.94339789
2023-04-23 20:00:00+00:00,27491.0,27673.0,27427.0,27612.0,62.76229186
2023-04-24 00:00:00+00:00,27611.0,28007.0,27456.0,27800.0,276.44433296
2023-04-24 04:00:00+00:00,27803.0,27804.0,27378.0,27467.0,74.21604872
2023-04-24 08:00:00+00:00,27470.0,27579.0,27160.0,27575.0,240.31273928
2023-04-24 12:00:00+00:00,27579.0,27735.0,27245.0,27275.0,231.81398852
2023-04-24 16:00:00+00:00,27276.0,27604.0,26978.0,27395.0,467.48353039
2023-04-24 20:00:00+00:00,27394.0,27563.0,27352.0,27522.0,90.45016058
2023-04-25 00:00:00+00:00,27522.0,27596.0,27342.0,27359.0,88.3697374
2023-04-25 04:00:00+00:00,27361.0,27464.0,27261.0,27285.0,86.38448745
2023-04-25 08:00:00+00:00,27285.0,27453.0,27210.0,27409.0,97.84928334
2023-04-25 12:00:00+00:00,27413.0,27486.0,27240.0,27357.0,86.36602246
2023-04-25 16:00:00+00:00,27359.0,27791.0,27334.0,27628.0,164.29734559
2023-04-25 20:00:00+00:00,27628.0,28394.0,27628.0,28324.0,454.51234551
2023-04-26 00:00:00+00:00,28325.0,28491.0,28275.0,28327.0,150.5531924
2023-04-26 04:00:00+00:00,28327.0,28589.0,28315.0,28387.0,131.31239724
2023-04-26 08:00:00+00:00,28387.0,29153.0,28387.0,28964.0,589.4283371
2023-04-26 12:00:00+00:00,28985.0,30034.0,28975.0,29823.0,900.83061596
2023-04-26 16:00:00+00:00,29824.0,29906.0,27709.0,27891.0,773.50386494
2023-04-26 20:00:00+00:00,27891.0,28744.0,27234.0,28427.0,910.24747372
2023-04-27 00:00:00+00:00,28425.0,29469.0,28395.0,28903.0,489.26140461
2023-04-27 04:00:00+00:00,28896.0,29282.0,28653.0,28910.0,353.50782174
2023-04-27 08:00:00+00:00,28910.0,29145.0,28803.0,28954.0,148.49908796
2023-04-27 12:00:00+00:00,28954.0,29560.0,28680.0,29154.0,343.26546764
2023-04-27 16:00:00+00:00,29154.0,29888.0,29028.0,29684.0,357.48483977
2023-04-27 20:00:00+00:00,29686.0,29782.0,29269.0,29479.0,195.14991051
2023-04-28 00:00:00+00:00,29486.0,29589.0,29346.0,29429.0,133.32407367
2023-04-28 04:00:00+00:00,29431.0,29562.0,29410.0,29497.0,48.54713291
2023-04-28 08:00:00+00:00,29498.0,29498.0,29157.0,29262.0,204.99274287
2023-04-28 12:00:00+00:00,29261.0,29474.0,28911.0,29149.0,277.04220166
2023-04-28 16:00:00+00:00,29151.0,29476.0,29136.0,29353.0,604.98225612
2023-04-28 20:00:00+00:00,29357.0,29457.0,29309.0,29338.0,136.00802948
2023-04-29 00:00:00+00:00,29338.0,29426.0,29224.0,29385.0,68.50617605
2023-04-29 04:00:00+00:00,29377.0,29467.0,29318.0,29379.0,42.52804804
2023-04-29 08:00:00+00:00,29375.0,29382.0,29266.0,29349.0,49.94942106
2023-04-29 12:00:00+00:00,29351.0,29412.0,29250.0,29291.0,39.896972
2023-04-29 16:00:00+00:00,29291.0,29326.0,29059.0,29262.0,103.98836239
2023-04-29 20:00:00+00:00,29265.0,29287.0,29170.0,29253.0,40.45807314
2023-04-30 00:00:00+00:00,29252.0,29252.0,29113.0,29197.0,67.09668545
2023-04-30 04:00:00+00:00,29200.0,29310.0,29196.0,29296.0,24.04803258
2023-04-30 08:00:00+00:00,29296.0,29359.0,29198.0,29215.0,85.14694788
2023-04-30 12:00:00+00:00,29220.0,29974.0,29212.0,29685.0,387.60841388
2023-04-30 16:00:00+00:00,29681.0,29881.0,29252.0,29382.0,576.2898021
2023-04-30 20:00:00+00:00,29374.0,29506.0,29202.0,29254.0,233.41250228
2023-05-01 00:00:00+00:00,29263.0,29347.0,28409.0,28590.0,765.34988126
2023-05-01 04:00:00+00:00,28589.0,28746.0,28281.0,28657.0,112.91816152
2023-05-01 08:00:00+00:00,28656.0,28679.0,28520.0,28560.0,170.85915743
2023-05-01 12:00:00+00:00,28560.0,28649.0,28106.0,28195.0,344.58225449
2023-05-01 16:00:00+00:00,28197.0,28420.0,27817.0,27852.0,210.88740517
2023-05-01 20:00:00+00:00,27853.0,28164.0,27692.0,28101.0,197.80593989
2023-05-02 00:00:00+00:00,28101.0,28163.0,27942.0,28057.0,62.62696008
2023-05-02 04:00:00+00:00,28059.0,28175.0,27901.0,28072.0,102.39208428
2023-05-02 08:00:00+00:00,28073.0,28147.0,27966.0,28101.0,104.19677395
2023-05-02 12:00:00+00:00,28101.0,28765.0,27937.0,28556.0,636.44036291
2023-05-02 16:00:00+00:00,28556.0,28888.0,28455.0,28700.0,195.0998695
2023-05-02 20:00:00+00:00,28718.0,28823.0,28638.0,28679.0,142.98854503
2023-05-03 00:00:00+00:00,28680.0,28694.0,28354.0,28536.0,129.21001853
2023-05-03 04:00:00+00:00,28537.0,28693.0,28451.0,28675.0,82.96443569
2023-05-03 08:00:00+00:00,28675.0,28786.0,28563.0,28568.0,134.33066937
2023-05-03 12:00:00+00:00,28568.0,28594.0,28129.0,28322.0,192.10191806
2023-05-03 16:00:00+00:00,28329.0,28816.0,28247.0,28340.0,213.65944275
2023-05-03 20:00:00+00:00,28341.0,29282.0,28309.0,29037.0,277.90640746
2023-05-04 00:00:00+00:00,29043.0,29208.0,28982.0,29118.0,50.693534650000004
2023-05-04 04:00:00+00:00,29119.0,29250.0,29063.0,29075.0,156.56739791
2023-05-04 08:00:00+00:00,29074.0,29412.0,29013.0,29183.0,180.48840984
2023-05-04 12:00:00+00:00,29189.0,29243.0,28709.0,28900.0,163.50712921
2023-05-04 16:00:00+00:00,28892.0,28987.0,28700.0,28896.0,212.31933027
2023-05-04 20:00:00+00:00,28905.0,28935.0,28769.0,28844.0,42.16259506
2023-05-05 00:00:00+00:00,28854.0,29557.0,28844.0,29205.0,274.95222015
2023-05-05 04:00:00+00:00,29215.0,29293.0,29066.0,29081.0,54.98927455
2023-05-05 08:00:00+00:00,29085.0,29209.0,29054.0,29169.0,86.81099031
2023-05-05 12:00:00+00:00,29166.0,29454.0,28816.0,29392.0,292.34309691
2023-05-05 16:00:00+00:00,29385.0,29691.0,29338.0,29579.0,476.63851285
2023-05-05 20:00:00+00:00,29578.0,29669.0,29481.0,29526.0,228.09620369
2023-05-06 00:00:00+00:00,29526.0,29847.0,29373.0,29380.0,212.42093209
2023-05-06 04:00:00+00:00,29384.0,29448.0,29289.0,29392.0,72.02818199000001
2023-05-06 08:00:00+00:00,29391.0,29391.0,29174.0,29299.0,128.22425853000001
2023-05-06 12:00:00+00:00,29298.0,29299.0,28405.0,28633.0,498.60917812
2023-05-06 16:00:00+00:00,28633.0,29014.0,28598.0,28900.0,114.18671871
2023-05-06 20:00:00+00:00,28900.0,28935.0,28710.0,28909.0,121.76806002
2023-05-07 00:00:00+00:00,28909.0,29188.0,28798.0,28854.0,95.09626921
2023-05-07 04:00:00+00:00,28855.0,28993.0,28847.0,28959.0,43.82112164
2023-05-07 08:00:00+00:00,28959.0,29000.0,28777.0,28893.0,119.19400123
2023-05-07 12:00:00+00:00,28900.0,29140.0,28898.0,28993.0,67.77232569
2023-05-07 16:00:00+00:00,28993.0,29069.0,28823.0,28959.0,87.59457064
2023-05-07 20:00:00+00:00,28959.0,28994.0,28458.0,28484.0,225.61904459
2023-05-08 00:00:00+00:00,28485.0,28686.0,28077.0,28245.0,313.90715876
2023-05-08 04:00:00+00:00,28244.0,28314.0,27888.0,28021.0,244.79881292
2023-05-08 08:00:00+00:00,28023.0,28033.0,27626.0,27965.0,195.75462335
2023-05-08 12:00:00+00:00,27970.0,28112.0,27722.0,27919.0,225.91596293
2023-05-08 16:00:00+00:00,27919.0,27953.0,27321.0,27360.0,337.8362603
2023-05-08 20:00:00+00:00,27364.0,27737.0,27309.0,27701.0,267.5842368
2023-05-09 00:00:00+00:00,27701.0,27774.0,27587.0,27656.0,147.18297168
2023-05-09 04:00:00+00:00,27660.0,27694.0,27469.0,27692.0,122.14012281
2023-05-09 08:00:00+00:00,27692.0,27765.0,27562.0,27716.0,101.06148353
2023-05-09 12:00:00+00:00,27715.0,27846.0,27407.0,27430.0,238.76451074
2023-05-09 16:00:00+00:00,27429.0,27763.0,27383.0,27737.0,89.07962609
2023-05-09 20:00:00+00:00,27736.0,27808.0,27558.0,27668.0,52.54956206
2023-05-10 00:00:00+00:00,27668.0,27880.0,27660.0,27707.0,71.52552248
2023-05-10 04:00:00+00:00,27710.0,27736.0,27554.0,27564.0,32.3063696
2023-05-10 08:00:00+00:00,27566.0,27705.0,27521.0,27704.0,48.495751
2023-05-10 12:00:00+00:00,27704.0,28338.0,27674.0,28184.0,374.52749969
2023-05-10 16:00:00+00:00,28185.0,28340.0,26850.0,27718.0,934.60841337
2023-05-10 20:00:00+00:00,27722.0,28000.0,27317.0,27622.0,242.91886425
2023-05-11 00:00:00+00:00,27625.0,27640.0,27400.0,27462.0,59.47727303
2023-05-11 04:00:00+00:00,27462.0,27573.0,27433.0,27477.0,54.55416665
2023-05-11 08:00:00+00:00,27477.0,27512.0,27308.0,27429.0,61.06022271
2023-05-11 12:00:00+00:00,27429.0,27654.0,26970.0,27210.0,594.35899978
2023-05-11 16:00:00+00:00,27210.0,27236.0,26795.0,26874.0,893.88168792
2023-05-11 20:00:00+00:00,26874.0,27094.0,26850.0,27016.0,122.02924649
2023-05-12 00:00:00+00:00,27006.0,27125.0,26578.0,26623.0,219.73677717
2023-05-12 04:00:00+00:00,26623.0,26745.0,26161.0,26340.0,305.07484009
2023-05-12 08:00:00+00:00,26340.0,26468.0,26281.0,26381.0,86.5475765
2023-05-12 12:00:00+00:00,26380.0,26626.0,26295.0,26349.0,279.04178905
2023-05-12 16:00:00+00:00,26348.0,26515.0,25857.0,26515.0,696.68881131
2023-05-12 20:00:00+00:00,26493.0,26907.0,26380.0,26818.0,237.83935695
2023-05-13 00:00:00+00:00,26821.0,26997.0,26727.0,26832.0,76.73652167
2023-05-13 04:00:00+00:00,26832.0,26887.0,26713.0,26799.0,69.1512364
2023-05-13 08:00:00+00:00,26798.0,26887.0,26774.0,26836.0,31.30555324
2023-05-13 12:00:00+00:00,26849.0,26920.0,26765.0,26835.0,71.63826473
2023-05-13 16:00:00+00:00,26839.0,27071.0,26803.0,26878.0,73.30292305
2023-05-13 20:00:00+00:00,26867.0,26957.0,26781.0,26790.0,27.15987443
2023-05-14 00:00:00+00:00,26796.0,26897.0,26603.0,26887.0,86.23484260000001
2023-05-14 04:00:00+00:00,26889.0,26919.0,26825.0,26883.0,20.12037371
2023-05-14 08:00:00+00:00,26883.0,26909.0,26821.0,26832.0,27.26362038
2023-05-14 12:00:00+00:00,26831.0,27205.0,26778.0,27109.0,131.20695836
2023-05-14 16:00:00+00:00,27110.0,27158.0,26857.0,26905.0,58.6658626
2023-05-14 20:00:00+00:00,26904.0,26980.0,26875.0,26937.0,43.1826151
2023-05-15 00:00:00+00:00,26939.0,27374.0,26741.0,27257.0,228.18395192
2023-05-15 04:00:00+00:00,27258.0,27565.0,27205.0,27434.0,370.60299516
2023-05-15 08:00:00+00:00,27434.0,27500.0,27348.0,27367.0,66.62496373
2023-05-15 12:00:00+00:00,27366.0,27555.0,27255.0,27422.0,83.56269424
2023-05-15 16:00:00+00:00,27422.0,27674.0,27355.0,27434.0,144.16561085
2023-05-15 20:00:00+00:00,27444.0,27444.0,27143.0,27196.0,83.9411094
2023-05-16 00:00:00+00:00,27188.0,27313.0,26892.0,27156.0,122.1217695
2023-05-16 04:00:00+00:00,27159.0,27272.0,27024.0,27272.0,64.52055406
2023-05-16 08:00:00+00:00,27273.0,27303.0,27018.0,27085.0,80.04478728
2023-05-16 12:00:00+00:00,27085.0,27151.0,26926.0,27059.0,117.29468842
2023-05-16 16:00:00+00:00,27058.0,27161.0,26905.0,26967.0,367.59874637
2023-05-16 20:00:00+00:00,26962.0,27073.0,26932.0,27054.0,47.15930828
2023-05-17 00:00:00+00:00,27058.0,27264.0,27017.0,27101.0,118.01199692
2023-05-17 04:00:00+00:00,27101.0,27132.0,26807.0,26888.0,926.99105639
2023-05-17 08:00:00+00:00,26888.0,26941.0,26612.0,26669.0,179.75270835
2023-05-17 12:00:00+00:00,26668.0,26872.0,26634.0,26826.0,267.39453928
2023-05-17 16:00:00+00:00,26827.0,27466.0,26777.0,27402.0,296.03940403
2023-05-17 20:00:00+00:00,27408.0,27532.0,27313.0,27425.0,89.38191488
2023-05-18 00:00:00+00:00,27431.0,27500.0,27323.0,27381.0,34.98466099
2023-05-18 04:00:00+00:00,27386.0,27481.0,27176.0,27420.0,72.63592698
2023-05-18 08:00:00+00:00,27420.0,27460.0,27373.0,27432.0,138.46886478
2023-05-18 12:00:00+00:00,27431.0,27506.0,27073.0,27108.0,585.26814541
2023-05-18 16:00:00+00:00,27113.0,27137.0,26413.0,26778.0,669.09836521
2023-05-18 20:00:00+00:00,26772.0,27129.0,26740.0,26860.0,86.91408768
2023-05-19 00:00:00+00:00,26859.0,26952.0,26782.0,26874.0,40.62056094
2023-05-19 04:00:00+00:00,26871.0,26987.0,26852.0,26884.0,23.73499178
2023-05-19 08:00:00+00:00,26884.0,26958.0,26828.0,26886.0,39.59324135
2023-05-19 12:00:00+00:00,26891.0,27219.0,26667.0,26918.0,153.59499733
2023-05-19 16:00:00+00:00,26912.0,26997.0,26816.0,26868.0,39.56498613
2023-05-19 20:00:00+00:00,26867.0,26947.0,26842.0,26911.0,30.25341499
2023-05-20 00:00:00+00:00,26910.0,26929.0,26863.0,26899.0,20.35901913
2023-05-20 04:00:00+00:00,26899.0,26899.0,26863.0,26877.0,14.05607633
2023-05-20 08:00:00+00:00,26876.0,26938.0,26876.0,26902.0,36.37682735
2023-05-20 12:00:00+00:00,26902.0,27000.0,26902.0,26972.0,38.89847104
2023-05-20 16:00:00+00:00,26972.0,27168.0,26936.0,27086.0,39.45399766
2023-05-20 20:00:00+00:00,27085.0,27154.0,26988.0,27126.0,35.26455263
2023-05-21 00:00:00+00:00,27126.0,27297.0,27090.0,27196.0,202.34267601
2023-05-21 04:00:00+00:00,27195.0,27196.0,27074.0,27074.0,24.69812192
2023-05-21 08:00:00+00:00,27074.0,27102.0,26805.0,26843.0,101.03470062
2023-05-21 12:00:00+00:00,26837.0,26992.0,26830.0,26921.0,57.34591531
2023-05-21 16:00:00+00:00,26918.0,26951.0,26856.0,26922.0,33.35135523
2023-05-21 20:00:00+00:00,26926.0,26941.0,26693.0,26760.0,104.74174286
2023-05-22 00:00:00+00:00,26760.0,26797.0,26547.0,26665.0,92.01825891
2023-05-22 04:00:00+00:00,26665.0,26925.0,26664.0,26868.0,50.71043032
2023-05-22 08:00:00+00:00,26868.0,26912.0,26806.0,26851.0,196.52810173
2023-05-22 12:00:00+00:00,26852.0,27130.0,26755.0,26906.0,159.02088622
2023-05-22 16:00:00+00:00,26905.0,26956.0,26821.0,26877.0,28.97512378
2023-05-22 20:00:00+00:00,26885.0,26978.0,26863.0,26869.0,17.22872664
2023-05-23 00:00:00+00:00,26870.0,27480.0,26829.0,27401.0,245.56708583
2023-05-23 04:00:00+00:00,27403.0,27543.0,27237.0,27323.0,110.16546176
2023-05-23 08:00:00+00:00,27327.0,27370.0,27284.0,27363.0,49.5238035
2023-05-23 12:00:00+00:00,27364.0,27419.0,27209.0,27335.0,77.58298017
2023-05-23 16:00:00+00:00,27341.0,27347.0,27128.0,27217.0,93.3909038
2023-05-23 20:00:00+00:00,27210.0,27269.0,27183.0,27243.0,17.11106754
2023-05-24 00:00:00+00:00,27238.0,27239.0,26695.0,26802.0,115.2925869
2023-05-24 04:00:00+00:00,26804.0,26838.0,26616.0,26701.0,91.50735522
2023-05-24 08:00:00+00:00,26700.0,26859.0,26688.0,26754.0,69.95677521
2023-05-24 12:00:00+00:00,26754.0,26754.0,26067.0,26320.0,524.20462802
2023-05-24 16:00:00+00:00,26322.0,26400.0,26173.0,26264.0,68.84286262
2023-05-24 20:00:00+00:00,26265.0,26493.0,26254.0,26344.0,54.9347814
2023-05-25 00:00:00+00:00,26344.0,26401.0,25886.0,26192.0,155.75174239
2023-05-25 04:00:00+00:00,26192.0,26300.0,26142.0,26143.0,71.97809144
2023-05-25 08:00:00+00:00,26142.0,26348.0,26140.0,26303.0,49.67227187
2023-05-25 12:00:00+00:00,26310.0,26506.0,26167.0,26232.0,195.00641754
2023-05-25 16:00:00+00:00,26233.0,26644.0,26225.0,26483.0,94.81457208
2023-05-25 20:00:00+00:00,26484.0,26581.0,26459.0,26498.0,74.00562956
2023-05-26 00:00:00+00:00,26498.0,26552.0,26381.0,26456.0,35.63842297
2023-05-26 04:00:00+00:00,26458.0,26551.0,26359.0,26523.0,38.24556198
2023-05-26 08:00:00+00:00,26530.0,26561.0,26442.0,26496.0,33.9369022
2023-05-26 12:00:00+00:00,26489.0,26947.0,26388.0,26811.0,676.26769601
2023-05-26 16:00:00+00:00,26812.0,26876.0,26656.0,26801.0,158.20003452
2023-05-26 20:00:00+00:00,26809.0,26834.0,26726.0,26736.0,22.7990227
2023-05-27 00:00:00+00:00,26737.0,26814.0,26674.0,26785.0,70.47326936
2023-05-27 04:00:00+00:00,26788.0,26819.0,26744.0,26760.0,7.38146262
2023-05-27 08:00:00+00:00,26759.0,26762.0,26699.0,26724.0,36.97894726
2023-05-27 12:00:00+00:00,26724.0,26808.0,26587.0,26710.0,55.82738056
2023-05-27 16:00:00+00:00,26710.0,26884.0,26650.0,26764.0,32.48227984
2023-05-27 20:00:00+00:00,26765.0,26920.0,26757.0,26885.0,33.55059146
2023-05-28 00:00:00+00:00,26886.0,27264.0,26803.0,27206.0,179.0945612
2023-05-28 04:00:00+00:00,27211.0,27306.0,27126.0,27242.0,78.75898275
2023-05-28 08:00:00+00:00,27242.0,27403.0,27177.0,27183.0,204.29198993
2023-05-28 12:00:00+00:00,27183.0,27294.0,27135.0,27291.0,47.74341945
2023-05-28 16:00:00+00:00,27294.0,27789.0,27248.0,27550.0,523.7025047
2023-05-28 20:00:00+00:00,27550.0,28277.0,27550.0,28096.0,567.62744864
2023-05-29 00:00:00+00:00,28097.0,28475.0,27935.0,27981.0,226.66272132
2023-05-29 04:00:00+00:00,27982.0,28080.0,27870.0,27927.0,116.39797676
2023-05-29 08:00:00+00:00,27927.0,27981.0,27784.0,27942.0,156.24762679
2023-05-29 12:00:00+00:00,27942.0,27973.0,27626.0,27656.0,122.05007542999999
2023-05-29 16:00:00+00:00,27656.0,27776.0,27550.0,27674.0,136.44132158
2023-05-29 20:00:00+00:00,27674.0,27846.0,27593.0,27772.0,59.55848848
2023-05-30 00:00:00+00:00,27771.0,27971.0,27620.0,27863.0,97.96172547
2023-05-30 04:00:00+00:00,27864.0,27892.0,27712.0,27772.0,61.200129079999996
2023-05-30 08:00:00+00:00,27764.0,28069.0,27750.0,28064.0,101.49844287
2023-05-30 12:00:00+00:00,28064.0,28064.0,27651.0,27700.0,112.84722565
2023-05-30 16:00:00+00:00,27702.0,27892.0,27600.0,27890.0,61.04080057
2023-05-30 20:00:00+00:00,27891.0,27892.0,27682.0,27723.0,50.53496833
2023-05-31 00:00:00+00:00,27720.0,27856.0,27602.0,27690.0,43.36446826
2023-05-31 04:00:00+00:00,27677.0,27701.0,27001.0,27196.0,369.2343682
2023-05-31 08:00:00+00:00,27196.0,27221.0,27032.0,27115.0,90.56854311
2023-05-31 12:00:00+00:00,27115.0,27249.0,26889.0,26921.0,692.53830909
2023-05-31 16:00:00+00:00,26920.0,27133.0,26858.0,27023.0,92.44824176
2023-05-31 20:00:00+00:00,27024.0,27302.0,27020.0,27220.0,54.46811439
2023-06-01 00:00:00+00:00,27237.0,27359.0,26666.0,26801.0,268.17905797
2023-06-01 04:00:00+00:00,26796.0,26897.0,26774.0,26826.0,47.89204085
2023-06-01 08:00:00+00:00,26826.0,26967.0,26808.0,26913.0,40.68569959
2023-06-01 12:00:00+00:00,26913.0,26988.0,26814.0,26908.0,212.50987668
2023-06-01 16:00:00+00:00,26907.0,27189.0,26685.0,26877.0,193.93678136
2023-06-01 20:00:00+00:00,26882.0,26962.0,26728.0,26833.0,71.70068418
2023-06-02 00:00:00+00:00,26832.0,27032.0,26511.0,27027.0,121.28110673
2023-06-02 04:00:00+00:00,27017.0,27225.0,26966.0,27066.0,166.78948951
2023-06-02 08:00:00+00:00,27066.0,27190.0,27063.0,27143.0,103.10831216
2023-06-02 12:00:00+00:00,27144.0,27248.0,26888.0,27112.0,171.72669159
2023-06-02 16:00:00+00:00,27111.0,27297.0,27022.0,27243.0,115.50373433
2023-06-02 20:00:00+00:00,27252.0,27301.0,27162.0,27254.0,107.98947158
2023-06-03 00:00:00+00:00,27253.0,27253.0,27112.0,27149.0,70.58416891
2023-06-03 04:00:00+00:00,27149.0,27217.0,27123.0,27181.0,16.01845461
2023-06-03 08:00:00+00:00,27182.0,27189.0,27127.0,27142.0,32.13379658
2023-06-03 12:00:00+00:00,27142.0,27340.0,27138.0,27324.0,69.49564545
2023-06-03 16:00:00+00:00,27311.0,27320.0,27034.0,27108.0,178.4298054
2023-06-03 20:00:00+00:00,27107.0,27132.0,26924.0,27077.0,75.74895098
2023-06-04 00:00:00+00:00,27077.0,27104.0,26963.0,27066.0,34.97682145
2023-06-04 04:00:00+00:00,27067.0,27164.0,27037.0,27160.0,20.70434808
2023-06-04 08:00:00+00:00,27162.0,27245.0,27128.0,27205.0,30.24859145
2023-06-04 12:00:00+00:00,27205.0,27304.0,27173.0,27198.0,58.74384529
2023-06-04 16:00:00+00:00,27191.0,27228.0,27177.0,27225.0,35.20227546
2023-06-04 20:00:00+00:00,27225.0,27472.0,27066.0,27126.0,281.59605692
2023-06-05 00:00:00+00:00,27125.0,27136.0,26823.0,26855.0,368.71402448
2023-06-05 04:00:00+00:00,26855.0,26884.0,26749.0,26840.0,115.17560304
2023-06-05 08:00:00+00:00,26837.0,26854.0,26688.0,26777.0,138.79845805
2023-06-05 12:00:00+00:00,26777.0,26817.0,26000.0,26002.0,682.97914803
2023-06-05 16:00:00+00:00,26001.0,26069.0,25391.0,25634.0,1528.42784435
2023-06-05 20:00:00+00:00,25641.0,25866.0,25529.0,25730.0,185.72792966
2023-06-06 00:00:00+00:00,25742.0,25802.0,25620.0,25746.0,100.69246483
2023-06-06 04:00:00+00:00,25742.0,25829.0,25726.0,25741.0,82.43206165
2023-06-06 08:00:00+00:00,25741.0,25809.0,25653.0,25697.0,151.39172492
2023-06-06 12:00:00+00:00,25700.0,26141.0,25331.0,26082.0,411.72777671
2023-06-06 16:00:00+00:00,26082.0,27200.0,26081.0,27100.0,563.15340121
2023-06-06 20:00:00+00:00,27101.0,27365.0,26912.0,27233.0,383.4719181
2023-06-07 00:00:00+00:00,27234.0,27393.0,26740.0,26914.0,286.33566932
2023-06-07 04:00:00+00:00,26914.0,26980.0,26770.0,26808.0,71.70719327
2023-06-07 08:00:00+00:00,26803.0,26982.0,26372.0,26907.0,398.58262536
2023-06-07 12:00:00+00:00,26908.0,26916.0,26288.0,26359.0,381.2013748
2023-06-07 16:00:00+00:00,26361.0,26563.0,26288.0,26507.0,331.40592002
2023-06-07 20:00:00+00:00,26493.0,26503.0,26157.0,26360.0,318.5320772
2023-06-08 00:00:00+00:00,26356.0,26482.0,26238.0,26365.0,155.00487324
2023-06-08 04:00:00+00:00,26366.0,26539.0,26316.0,26467.0,80.9566495
2023-06-08 08:00:00+00:00,26467.0,26525.0,26400.0,26465.0,24.29671778
2023-06-08 12:00:00+00:00,26466.0,26845.0,26334.0,26756.0,373.52785044
2023-06-08 16:00:00+00:00,26753.0,26754.0,26454.0,26572.0,46.43647295
2023-06-08 20:00:00+00:00,26572.0,26673.0,26525.0,26526.0,21.64304179
2023-06-09 00:00:00+00:00,26525.0,26615.0,26302.0,26514.0,157.77016177
2023-06-09 04:00:00+00:00,26507.0,26592.0,26450.0,26516.0,57.68482919
2023-06-09 08:00:00+00:00,26517.0,26713.0,26517.0,26634.0,76.39755565
2023-06-09 12:00:00+00:00,26632.0,26804.0,26478.0,26497.0,120.04452547
2023-06-09 16:00:00+00:00,26493.0,26545.0,26405.0,26421.0,56.84834173
2023-06-09 20:00:00+00:00,26418.0,26520.0,26411.0,26502.0,23.41099078
2023-06-10 00:00:00+00:00,26502.0,26556.0,26286.0,26346.0,82.1162292
2023-06-10 04:00:00+00:00,26348.0,26369.0,25490.0,25677.0,662.82631342
2023-06-10 08:00:00+00:00,25676.0,25772.0,25589.0,25761.0,128.16483815
2023-06-10 12:00:00+00:00,25759.0,25761.0,25610.0,25651.0,107.71420467
2023-06-10 16:00:00+00:00,25650.0,26169.0,25393.0,25774.0,568.66719816
2023-06-10 20:00:00+00:00,25774.0,25951.0,25713.0,25871.0,113.51928909
2023-06-11 00:00:00+00:00,25871.0,25889.0,25727.0,25756.0,83.69476464
2023-06-11 04:00:00+00:00,25755.0,25857.0,25668.0,25771.0,76.02345295
2023-06-11 08:00:00+00:00,25771.0,25868.0,25730.0,25831.0,65.52414371
2023-06-11 12:00:00+00:00,25830.0,25834.0,25708.0,25787.0,77.82852262
2023-06-11 16:00:00+00:00,25784.0,26129.0,25768.0,26063.0,139.18338537
2023-06-11 20:00:00+00:00,26063.0,26233.0,25787.0,25953.0,89.51536927
2023-06-12 00:00:00+00:00,25953.0,26042.0,25632.0,25815.0,76.62150136
2023-06-12 04:00:00+00:00,25819.0,25921.0,25782.0,25825.0,44.46172355
2023-06-12 08:00:00+00:00,25825.0,26125.0,25811.0,26010.0,80.28426086
2023-06-12 12:00:00+00:00,26010.0,26010.0,25769.0,25852.0,71.95578686
2023-06-12 16:00:00+00:00,25851.0,25983.0,25688.0,25847.0,61.95902806
2023-06-12 20:00:00+00:00,25844.0,25983.0,25833.0,25933.0,27.26288412
2023-06-13 00:00:00+00:00,25927.0,26165.0,25844.0,26080.0,108.61804656
2023-06-13 04:00:00+00:00,26081.0,26150.0,26004.0,26093.0,70.64060393
2023-06-13 08:00:00+00:00,26093.0,26295.0,26089.0,26218.0,107.44408991
2023-06-13 12:00:00+00:00,26217.0,26455.0,25744.0,25780.0,430.62900046
2023-06-13 16:00:00+00:00,25771.0,25989.0,25761.0,25905.0,34.6859474
2023-06-13 20:00:00+00:00,25914.0,25977.0,25836.0,25948.0,42.54124296
2023-06-14 00:00:00+00:00,25953.0,26066.0,25930.0,26003.0,71.94336147
2023-06-14 04:00:00+00:00,26001.0,26017.0,25857.0,25919.0,48.06351737
2023-06-14 08:00:00+00:00,25918.0,26049.0,25912.0,25998.0,43.47244246
2023-06-14 12:00:00+00:00,25999.0,26093.0,25952.0,26007.0,42.52672131
2023-06-14 16:00:00+00:00,26008.0,26113.0,25780.0,25888.0,145.95481059
2023-06-14 20:00:00+00:00,25887.0,25892.0,24838.0,25146.0,908.2944989
2023-06-15 00:00:00+00:00,25143.0,25219.0,25048.0,25076.0,88.16889949
2023-06-15 04:00:00+00:00,25075.0,25078.0,24881.0,24981.0,193.1084794
2023-06-15 08:00:00+00:00,24981.0,25048.0,24825.0,25030.0,241.1095981
2023-06-15 12:00:00+00:00,25040.0,25108.0,24936.0,24965.0,116.61313266
2023-06-15 16:00:00+00:00,24965.0,25523.0,24951.0,25466.0,184.7497205
2023-06-15 20:00:00+00:00,25466.0,25766.0,25241.0,25611.0,287.80238512
2023-06-16 00:00:00+00:00,25610.0,25623.0,25460.0,25585.0,30.05951927
2023-06-16 04:00:00+00:00,25585.0,25634.0,25482.0,25560.0,63.56449485
2023-06-16 08:00:00+00:00,25560.0,25629.0,25487.0,25487.0,153.12711252
2023-06-16 12:00:00+00:00,25487.0,25900.0,25211.0,25857.0,346.75943688
2023-06-16 16:00:00+00:00,25858.0,26570.0,25796.0,26395.0,342.76755585
2023-06-16 20:00:00+00:00,26394.0,26461.0,26306.0,26359.0,83.90492641
2023-06-17 00:00:00+00:00,26359.0,26385.0,26202.0,26269.0,85.03284235
2023-06-17 04:00:00+00:00,26270.0,26857.0,26258.0,26612.0,278.22104604
2023-06-17 08:00:00+00:00,26613.0,26671.0,26502.0,26527.0,101.37587805
2023-06-17 12:00:00+00:00,26528.0,26589.0,26317.0,26422.0,164.43955142
2023-06-17 16:00:00+00:00,26424.0,26546.0,26397.0,26492.0,38.073285
2023-06-17 20:00:00+00:00,26493.0,26607.0,26488.0,26535.0,138.7284036
2023-06-18 00:00:00+00:00,26535.0,26562.0,26410.0,26559.0,64.46299455
2023-06-18 04:00:00+00:00,26560.0,26685.0,26498.0,26599.0,51.18558309
2023-06-18 08:00:00+00:00,26604.0,26611.0,26480.0,26520.0,36.69383642
2023-06-18 12:00:00+00:00,26520.0,26588.0,26479.0,26585.0,165.73971382
2023-06-18 16:00:00+00:00,26585.0,26677.0,26551.0,26672.0,56.56721386
2023-06-18 20:00:00+00:00,26674.0,26729.0,26276.0,26358.0,160.29261518
2023-06-19 00:00:00+00:00,26357.0,26482.0,26292.0,26413.0,52.72228403
2023-06-19 04:00:00+00:00,26422.0,26491.0,26396.0,26454.0,42.2942693
2023-06-19 08:00:00+00:00,26450.0,26473.0,26400.0,26465.0,149.65053624
2023-06-19 12:00:00+00:00,26465.0,26593.0,26370.0,26460.0,112.74579217
2023-06-19 16:00:00+00:00,26458.0,27075.0,26334.0,26696.0,438.89989671
2023-06-19 20:00:00+00:00,26697.0,26885.0,26675.0,26858.0,167.94720933
2023-06-20 00:00:00+00:00,26858.0,27198.0,26824.0,26916.0,181.52990695
2023-06-20 04:00:00+00:00,26917.0,27045.0,26772.0,26849.0,110.20408539
2023-06-20 08:00:00+00:00,26849.0,26918.0,26730.0,26914.0,59.50513174
2023-06-20 12:00:00+00:00,26921.0,27140.0,26670.0,27093.0,257.01005884
2023-06-20 16:00:00+00:00,27093.0,28151.0,27017.0,27999.0,1158.08687556
2023-06-20 20:00:00+00:00,28000.0,28412.0,27898.0,28326.0,405.78919082
2023-06-21 00:00:00+00:00,28326.0,29063.0,28286.0,28728.0,449.32630611
2023-06-21 04:00:00+00:00,28729.0,29012.0,28699.0,28880.0,142.13138597
2023-06-21 08:00:00+00:00,28883.0,29199.0,28808.0,28968.0,426.40841394
2023-06-21 12:00:00+00:00,28955.0,30025.0,28903.0,29859.0,777.45514257
2023-06-21 16:00:00+00:00,29862.0,30801.0,29786.0,30143.0,1164.049347
2023-06-21 20:00:00+00:00,30140.0,30213.0,29827.0,30015.0,179.69696508
2023-06-22 00:00:00+00:00,30017.0,30527.0,29925.0,30310.0,173.36370906
2023-06-22 04:00:00+00:00,30318.0,30367.0,30046.0,30121.0,88.1357939
2023-06-22 08:00:00+00:00,30120.0,30260.0,29876.0,29962.0,629.52249668
2023-06-22 12:00:00+00:00,29957.0,30368.0,29587.0,29877.0,428.0287369
2023-06-22 16:00:00+00:00,29886.0,30260.0,29864.0,30240.0,260.43234345
2023-06-22 20:00:00+00:00,30242.0,30283.0,29913.0,29919.0,104.40170539
2023-06-23 00:00:00+00:00,29912.0,30070.0,29835.0,30038.0,72.7676475
2023-06-23 04:00:00+00:00,30039.0,30107.0,29955.0,29967.0,44.75593679
2023-06-23 08:00:00+00:00,29973.0,30214.0,29943.0,30179.0,117.37687789
2023-06-23 12:00:00+00:00,30176.0,31419.0,29958.0,31270.0,1090.73544455
2023-06-23 16:00:00+00:00,31270.0,31430.0,30652.0,30915.0,792.1575242
2023-06-23 20:00:00+00:00,30916.0,30980.0,30501.0,30712.0,173.8067174
2023-06-24 00:00:00+00:00,30713.0,30820.0,30437.0,30760.0,97.62596693
2023-06-24 04:00:00+00:00,30759.0,30780.0,30585.0,30596.0,37.05341019
2023-06-24 08:00:00+00:00,30591.0,30767.0,30579.0,30701.0,122.45696606
2023-06-24 12:00:00+00:00,30703.0,30817.0,30350.0,30427.0,208.18227949
2023-06-24 16:00:00+00:00,30425.0,30713.0,30278.0,30642.0,181.87628859
2023-06-24 20:00:00+00:00,30638.0,30638.0,30432.0,30556.0,80.50557198
2023-06-25 00:00:00+00:00,30551.0,30789.0,30494.0,30763.0,158.34689781
2023-06-25 04:00:00+00:00,30763.0,31070.0,30703.0,30748.0,146.66388811
2023-06-25 08:00:00+00:00,30748.0,30778.0,30617.0,30738.0,63.37829347
2023-06-25 12:00:00+00:00,30738.0,30749.0,30500.0,30607.0,118.01545871
2023-06-25 16:00:00+00:00,30605.0,30668.0,30375.0,30451.0,75.82245854
2023-06-25 20:00:00+00:00,30454.0,30587.0,30316.0,30488.0,87.26972496
2023-06-26 00:00:00+00:00,30488.0,30567.0,29993.0,30316.0,224.72824198
2023-06-26 04:00:00+00:00,30316.0,30586.0,30186.0,30420.0,142.65779115
2023-06-26 08:00:00+00:00,30421.0,30439.0,30152.0,30351.0,112.57803752
2023-06-26 12:00:00+00:00,30342.0,30685.0,30274.0,30439.0,186.80520072
2023-06-26 16:00:00+00:00,30438.0,30447.0,29957.0,30261.0,269.73556136
2023-06-26 20:00:00+00:00,30262.0,30303.0,30121.0,30287.0,98.17939194
2023-06-27 00:00:00+00:00,30282.0,30386.0,30246.0,30362.0,30.58478918
2023-06-27 04:00:00+00:00,30386.0,30478.0,30263.0,30421.0,46.60395743
2023-06-27 08:00:00+00:00,30392.0,30799.0,30356.0,30752.0,203.00119163
2023-06-27 12:00:00+00:00,30753.0,31018.0,30416.0,30527.0,385.84736724
2023-06-27 16:00:00+00:00,30527.0,30789.0,30499.0,30701.0,167.32600679
2023-06-27 20:00:00+00:00,30701.0,30759.0,30589.0,30711.0,228.14028368
2023-06-28 00:00:00+00:00,30715.0,30731.0,30371.0,30480.0,97.08006623
2023-06-28 04:00:00+00:00,30478.0,30500.0,30188.0,30210.0,84.71203258
2023-06-28 08:00:00+00:00,30210.0,30398.0,30178.0,30341.0,64.7859476
2023-06-28 12:00:00+00:00,30336.0,30503.0,30044.0,30437.0,296.07641893
2023-06-28 16:00:00+00:00,30438.0,30483.0,29842.0,30108.0,467.24052416
2023-06-28 20:00:00+00:00,30108.0,30215.0,29955.0,30091.0,198.20818544
2023-06-29 00:00:00+00:00,30091.0,30250.0,30056.0,30175.0,105.20304871
2023-06-29 04:00:00+00:00,30175.0,30431.0,30145.0,30365.0,73.40183184
2023-06-29 08:00:00+00:00,30357.0,30774.0,30357.0,30687.0,270.12205574
2023-06-29 12:00:00+00:00,30686.0,30849.0,30437.0,30501.0,332.25033377
2023-06-29 16:00:00+00:00,30502.0,30686.0,30452.0,30616.0,112.04860796
2023-06-29 20:00:00+00:00,30607.0,30656.0,30277.0,30471.0,87.2400531
2023-06-30 00:00:00+00:00,30471.0,30899.0,30383.0,30758.0,209.21387949
2023-06-30 04:00:00+00:00,30765.0,31300.0,30667.0,30816.0,1007.44526328
2023-06-30 08:00:00+00:00,30808.0,30975.0,30777.0,30968.0,170.77973687
2023-06-30 12:00:00+00:00,30954.0,31161.0,29508.0,30076.0,1428.53002879
2023-06-30 16:00:00+00:00,30095.0,30741.0,29960.0,30414.0,332.41386329
2023-06-30 20:00:00+00:00,30411.0,30561.0,30377.0,30500.0,74.34726034
2023-07-01 00:00:00+00:00,30499.0,30561.0,30407.0,30423.0,56.24408014
2023-07-01 04:00:00+00:00,30423.0,30487.0,30356.0,30478.0,81.65561393
2023-07-01 08:00:00+00:00,30481.0,30620.0,30449.0,30547.0,82.39343095
2023-07-01 12:00:00+00:00,30548.0,30689.0,30531.0,30596.0,429.55923871
2023-07-01 16:00:00+00:00,30596.0,30661.0,30571.0,30635.0,241.67672905
2023-07-01 20:00:00+00:00,30639.0,30639.0,30574.0,30607.0,55.77856052
2023-07-02 00:00:00+00:00,30607.0,30664.0,30490.0,30527.0,60.52978146
2023-07-02 04:00:00+00:00,30532.0,30572.0,30500.0,30533.0,143.479831
2023-07-02 08:00:00+00:00,30533.0,30581.0,30509.0,30568.0,29.59231092
2023-07-02 12:00:00+00:00,30570.0,30644.0,30193.0,30517.0,223.07610624
2023-07-02 16:00:00+00:00,30532.0,30711.0,30410.0,30591.0,108.51386226
2023-07-02 20:00:00+00:00,30591.0,30830.0,30483.0,30649.0,136.21252991
2023-07-03 00:00:00+00:00,30655.0,30837.0,30638.0,30799.0,58.69720616
2023-07-03 04:00:00+00:00,30799.0,30829.0,30661.0,30702.0,75.65653287
2023-07-03 08:00:00+00:00,30703.0,30734.0,30627.0,30652.0,116.40902291
2023-07-03 12:00:00+00:00,30647.0,31199.0,30606.0,31085.0,430.36787666
2023-07-03 16:00:00+00:00,31094.0,31416.0,30855.0,31284.0,493.46704347
2023-07-03 20:00:00+00:00,31284.0,31333.0,30953.0,31177.0,188.48995887
2023-07-04 00:00:00+00:00,31182.0,31347.0,31131.0,31213.0,128.60531165
2023-07-04 04:00:00+00:00,31217.0,31235.0,30888.0,30934.0,311.47416278
2023-07-04 08:00:00+00:00,30933.0,31104.0,30901.0,31098.0,253.26882276999999
2023-07-04 12:00:00+00:00,31098.0,31102.0,30906.0,30979.0,341.21913825
2023-07-04 16:00:00+00:00,30978.0,31152.0,30655.0,30709.0,602.07501067
2023-07-04 20:00:00+00:00,30703.0,30853.0,30688.0,30782.0,31.66277409
2023-07-05 00:00:00+00:00,30783.0,30898.0,30777.0,30887.0,48.9477493
2023-07-05 04:00:00+00:00,30887.0,30892.0,30795.0,30796.0,133.64182395
2023-07-05 08:00:00+00:00,30796.0,30821.0,30376.0,30425.0,620.38167687
2023-07-05 12:00:00+00:00,30425.0,30454.0,30232.0,30375.0,241.74375561
2023-07-05 16:00:00+00:00,30375.0,30608.0,30358.0,30464.0,132.71129212
2023-07-05 20:00:00+00:00,30455.0,30558.0,30423.0,30526.0,75.11348459
2023-07-06 00:00:00+00:00,30525.0,30576.0,30352.0,30519.0,91.29341146
2023-07-06 04:00:00+00:00,30519.0,30877.0,30474.0,30835.0,160.85409241
2023-07-06 08:00:00+00:00,30830.0,31553.0,30749.0,30869.0,756.92888023
2023-07-06 12:00:00+00:00,30864.0,30896.0,29925.0,30441.0,870.71556591
2023-07-06 16:00:00+00:00,30432.0,30478.0,30196.0,30332.0,72.84001614
2023-07-06 20:00:00+00:00,30331.0,30357.0,29875.0,29931.0,359.70035654000003
2023-07-07 00:00:00+00:00,29929.0,30186.0,29750.0,30168.0,141.72251956
2023-07-07 04:00:00+00:00,30165.0,30321.0,29965.0,30028.0,232.17559608
2023-07-07 08:00:00+00:00,30029.0,30220.0,29997.0,30140.0,251.83108272
2023-07-07 12:00:00+00:00,30141.0,30469.0,30089.0,30414.0,394.26731289
2023-07-07 16:00:00+00:00,30414.0,30469.0,30149.0,30268.0,109.55191332
2023-07-07 20:00:00+00:00,30268.0,30370.0,30245.0,30370.0,56.97681633
2023-07-08 00:00:00+00:00,30370.0,30406.0,30294.0,30312.0,32.95801149
2023-07-08 04:00:00+00:00,30311.0,30311.0,30182.0,30217.0,43.64967256
2023-07-08 08:00:00+00:00,30221.0,30333.0,30211.0,30234.0,202.69978965
2023-07-08 12:00:00+00:00,30235.0,30271.0,30193.0,30240.0,52.97655594
2023-07-08 16:00:00+00:00,30240.0,30345.0,30086.0,30140.0,71.27315576
2023-07-08 20:00:00+00:00,30140.0,30319.0,30091.0,30318.0,56.47295556
2023-07-09 00:00:00+00:00,30318.0,30428.0,30281.0,30321.0,52.09751921
2023-07-09 04:00:00+00:00,30318.0,30331.0,30267.0,30292.0,54.22742211
2023-07-09 08:00:00+00:00,30294.0,30333.0,30275.0,30299.0,32.86411775
2023-07-09 12:00:00+00:00,30298.0,30474.0,30216.0,30378.0,99.66494751
2023-07-09 16:00:00+00:00,30378.0,30379.0,30249.0,30272.0,34.90411798
2023-07-09 20:00:00+00:00,30271.0,30277.0,30081.0,30188.0,503.55689493
2023-07-10 00:00:00+00:00,30188.0,30259.0,29975.0,30186.0,158.81512492
2023-07-10 04:00:00+00:00,30185.0,30185.0,30079.0,30132.0,74.04993674
2023-07-10 08:00:00+00:00,30132.0,30268.0,30025.0,30267.0,73.59448521
2023-07-10 12:00:00+00:00,30268.0,30375.0,30181.0,30339.0,145.07979695
2023-07-10 16:00:00+00:00,30342.0,30860.0,30273.0,30853.0,194.15804863
2023-07-10 20:00:00+00:00,30861.0,31060.0,30224.0,30445.0,638.02970694
2023-07-11 00:00:00+00:00,30445.0,30626.0,30401.0,30509.0,70.60610058
2023-07-11 04:00:00+00:00,30509.0,30678.0,30463.0,30563.0,69.45481113
2023-07-11 08:00:00+00:00,30564.0,30584.0,30379.0,30441.0,158.46670966
2023-07-11 12:00:00+00:00,30441.0,30836.0,30338.0,30619.0,226.2280716
2023-07-11 16:00:00+00:00,30621.0,30712.0,30452.0,30614.0,123.00870469
2023-07-11 20:00:00+00:00,30614.0,30675.0,30551.0,30654.0,66.69277702
2023-07-12 00:00:00+00:00,30656.0,30698.0,30548.0,30628.0,50.35133276
2023-07-12 04:00:00+00:00,30626.0,30873.0,30616.0,30777.0,73.22070753
2023-07-12 08:00:00+00:00,30778.0,30835.0,30698.0,30800.0,57.76019617
2023-07-12 12:00:00+00:00,30809.0,30999.0,30509.0,30556.0,678.64906163
2023-07-12 16:00:00+00:00,30554.0,30571.0,30260.0,30329.0,178.14330428
2023-07-12 20:00:00+00:00,30325.0,30448.0,30286.0,30428.0,34.18141786
2023-07-13 00:00:00+00:00,30421.0,30466.0,30326.0,30339.0,42.53012317
2023-07-13 04:00:00+00:00,30339.0,30461.0,30307.0,30406.0,42.91530708
2023-07-13 08:00:00+00:00,30407.0,30662.0,30396.0,30594.0,261.60059851
2023-07-13 12:00:00+00:00,30595.0,31200.0,30513.0,30957.0,525.6847556
2023-07-13 16:00:00+00:00,30960.0,31845.0,30766.0,31662.0,1638.27576041
2023-07-13 20:00:00+00:00,31661.0,31735.0,31070.0,31500.0,401.94755644
2023-07-14 00:00:00+00:00,31501.0,31663.0,31381.0,31491.0,117.22098769
2023-07-14 04:00:00+00:00,31490.0,31502.0,31117.0,31136.0,120.70563182000001
2023-07-14 08:00:00+00:00,31128.0,31314.0,31124.0,31255.0,89.68613057
2023-07-14 12:00:00+00:00,31255.0,31397.0,31105.0,31284.0,380.03553918
2023-07-14 16:00:00+00:00,31285.0,31313.0,29929.0,30141.0,1512.4889959
2023-07-14 20:00:00+00:00,30144.0,30346.0,30027.0,30343.0,188.40341095
2023-07-15 00:00:00+00:00,30342.0,30419.0,30283.0,30329.0,112.62218604
2023-07-15 04:00:00+00:00,30329.0,30397.0,30303.0,30377.0,56.70349035
2023-07-15 08:00:00+00:00,30378.0,30403.0,30326.0,30347.0,31.77297912
2023-07-15 12:00:00+00:00,30347.0,30390.0,30288.0,30336.0,101.37763176
2023-07-15 16:00:00+00:00,30335.0,30384.0,30293.0,30358.0,52.79320487
2023-07-15 20:00:00+00:00,30350.0,30351.0,30307.0,30310.0,24.7978726
2023-07-16 00:00:00+00:00,30316.0,30357.0,30101.0,30219.0,150.7439939
2023-07-16 04:00:00+00:00,30218.0,30331.0,30176.0,30299.0,33.43602611
2023-07-16 08:00:00+00:00,30302.0,30371.0,30301.0,30354.0,130.13068187
2023-07-16 12:00:00+00:00,30348.0,30484.0,30319.0,30416.0,79.2757028
2023-07-16 16:00:00+00:00,30417.0,30430.0,30245.0,30289.0,76.09893599
2023-07-16 20:00:00+00:00,30289.0,30390.0,30175.0,30262.0,61.81437656
2023-07-17 00:00:00+00:00,30262.0,30353.0,30223.0,30335.0,54.99594263
2023-07-17 04:00:00+00:00,30335.0,30353.0,30274.0,30303.0,68.24827769
2023-07-17 08:00:00+00:00,30303.0,30345.0,30006.0,30209.0,605.53984587
2023-07-17 12:00:00+00:00,30209.0,30336.0,30075.0,30219.0,111.08660031
2023-07-17 16:00:00+00:00,30219.0,30269.0,29700.0,29926.0,388.41255835
2023-07-17 20:00:00+00:00,29919.0,30312.0,29917.0,30172.0,97.03169369
2023-07-18 00:00:00+00:00,30173.0,30269.0,30119.0,30119.0,49.24478726
2023-07-18 04:00:00+00:00,30118.0,30157.0,29967.0,30002.0,40.24898048
2023-07-18 08:00:00+00:00,30002.0,30139.0,29852.0,29920.0,689.880817
2023-07-18 12:00:00+00:00,29915.0,30062.0,29729.0,29946.0,188.98704619
2023-07-18 16:00:00+00:00,29952.0,29995.0,29543.0,29745.0,225.13423272
2023-07-18 20:00:00+00:00,29745.0,29888.0,29739.0,29888.0,93.25283239
2023-07-19 00:00:00+00:00,29874.0,30104.0,29874.0,30099.0,63.59558057
2023-07-19 04:00:00+00:00,30096.0,30221.0,30019.0,30033.0,102.56010152
2023-07-19 08:00:00+00:00,30033.0,30073.0,29918.0,30054.0,53.58222284
2023-07-19 12:00:00+00:00,30045.0,30179.0,29804.0,29977.0,115.31146181
2023-07-19 16:00:00+00:00,29984.0,30124.0,29912.0,30073.0,67.13032077
2023-07-19 20:00:00+00:00,30073.0,30082.0,29864.0,29939.0,102.05216108
2023-07-20 00:00:00+00:00,29935.0,30066.0,29918.0,29970.0,55.86723349
2023-07-20 04:00:00+00:00,29976.0,30269.0,29963.0,30235.0,256.64901503
2023-07-20 08:00:00+00:00,30235.0,30438.0,30203.0,30324.0,339.0303949
2023-07-20 12:00:00+00:00,30324.0,30346.0,29667.0,29849.0,364.29801993
2023-07-20 16:00:00+00:00,29848.0,29913.0,29565.0,29786.0,229.01924062
2023-07-20 20:00:00+00:00,29789.0,29916.0,29717.0,29839.0,63.38157273
2023-07-21 00:00:00+00:00,29841.0,29987.0,29774.0,29953.0,78.81949812
2023-07-21 04:00:00+00:00,29939.0,29939.0,29796.0,29802.0,40.3586011
2023-07-21 08:00:00+00:00,29803.0,29885.0,29770.0,29812.0,636.04434051
2023-07-21 12:00:00+00:00,29812.0,29947.0,29812.0,29898.0,122.32291235
2023-07-21 16:00:00+00:00,29897.0,30091.0,29811.0,29918.0,152.22761957
2023-07-21 20:00:00+00:00,29914.0,29989.0,29864.0,29940.0,85.9266324
2023-07-22 00:00:00+00:00,29940.0,30035.0,29939.0,29943.0,27.9238296
2023-07-22 04:00:00+00:00,29941.0,30017.0,29886.0,29976.0,37.14170695
2023-07-22 08:00:00+00:00,29977.0,30006.0,29910.0,29923.0,20.18185525
2023-07-22 12:00:00+00:00,29922.0,29937.0,29873.0,29935.0,22.31413321
2023-07-22 16:00:00+00:00,29937.0,29938.0,29839.0,29885.0,21.18952423
2023-07-22 20:00:00+00:00,29884.0,29884.0,29667.0,29821.0,61.66600226
2023-07-23 00:00:00+00:00,29821.0,29919.0,29776.0,29884.0,29.47511626
2023-07-23 04:00:00+00:00,29885.0,30008.0,29885.0,29940.0,53.47640306
2023-07-23 08:00:00+00:00,29945.0,29991.0,29926.0,29926.0,15.84540556
2023-07-23 12:00:00+00:00,29930.0,29955.0,29897.0,29930.0,31.36167799
2023-07-23 16:00:00+00:00,29930.0,30380.0,29930.0,30131.0,313.31258347
2023-07-23 20:00:00+00:00,30134.0,30176.0,29953.0,30122.0,55.83631908
2023-07-24 00:00:00+00:00,30117.0,30125.0,29715.0,29751.0,151.2466046
2023-07-24 04:00:00+00:00,29751.0,29897.0,29698.0,29863.0,66.63728987
2023-07-24 08:00:00+00:00,29858.0,29860.0,29003.0,29312.0,452.39596105
2023-07-24 12:00:00+00:00,29312.0,29312.0,28924.0,29132.0,695.3070956400001
2023-07-24 16:00:00+00:00,29131.0,29193.0,28997.0,29156.0,227.90085863000002
2023-07-24 20:00:00+00:00,29155.0,29242.0,29139.0,29224.0,29.73070908
2023-07-25 00:00:00+00:00,29222.0,29222.0,29101.0,29161.0,39.30825093
2023-07-25 04:00:00+00:00,29154.0,29207.0,29125.0,29192.0,94.81282719
2023-07-25 08:00:00+00:00,29193.0,29317.0,29162.0,29162.0,104.01247971
2023-07-25 12:00:00+00:00,29162.0,29378.0,29131.0,29223.0,56.98528518
2023-07-25 16:00:00+00:00,29223.0,29404.0,29223.0,29239.0,47.75407917
2023-07-25 20:00:00+00:00,29239.0,29288.0,29234.0,29272.0,29.87179322
2023-07-26 00:00:00+00:00,29269.0,29440.0,29149.0,29292.0,119.7300566
2023-07-26 04:00:00+00:00,29290.0,29353.0,29236.0,29248.0,101.68013499
2023-07-26 08:00:00+00:00,29250.0,29278.0,29211.0,29220.0,55.91027643
2023-07-26 12:00:00+00:00,29220.0,29384.0,29215.0,29363.0,43.68167172
2023-07-26 16:00:00+00:00,29363.0,29543.0,29253.0,29442.0,139.71963741
2023-07-26 20:00:00+00:00,29442.0,29721.0,29329.0,29390.0,287.21915636
2023-07-27 00:00:00+00:00,29392.0,29485.0,29351.0,29449.0,15.54929456
2023-07-27 04:00:00+00:00,29449.0,29526.0,29422.0,29450.0,96.3310004
2023-07-27 08:00:00+00:00,29450.0,29601.0,29442.0,29554.0,159.45856163
2023-07-27 12:00:00+00:00,29546.0,29546.0,29288.0,29342.0,134.4210148
2023-07-27 16:00:00+00:00,29340.0,29365.0,29123.0,29200.0,148.42240457
2023-07-27 20:00:00+00:00,29199.0,29266.0,29173.0,29260.0,64.48217817
2023-07-28 00:00:00+00:00,29259.0,29338.0,29233.0,29288.0,32.71318531
2023-07-28 04:00:00+00:00,29291.0,29295.0,29179.0,29179.0,45.59535529
2023-07-28 08:00:00+00:00,29180.0,29275.0,29169.0,29250.0,34.6133049
2023-07-28 12:00:00+00:00,29250.0,29578.0,29247.0,29426.0,115.57077298
2023-07-28 16:00:00+00:00,29426.0,29439.0,29242.0,29362.0,69.40032724
2023-07-28 20:00:00+00:00,29362.0,29412.0,29331.0,29365.0,24.8175829
2023-07-29 00:00:00+00:00,29364.0,29427.0,29347.0,29420.0,13.33504842
2023-07-29 04:00:00+00:00,29421.0,29444.0,29338.0,29339.0,14.32491951
2023-07-29 08:00:00+00:00,29338.0,29369.0,29308.0,29314.0,33.71012614
2023-07-29 12:00:00+00:00,29314.0,29371.0,29305.0,29332.0,49.30963148
2023-07-29 16:00:00+00:00,29331.0,29387.0,29331.0,29381.0,27.13482829
2023-07-29 20:00:00+00:00,29381.0,29414.0,29381.0,29402.0,14.92436891
2023-07-30 00:00:00+00:00,29402.0,29402.0,29357.0,29358.0,9.548261740000001
2023-07-30 04:00:00+00:00,29358.0,29373.0,29316.0,29335.0,18.97389661
2023-07-30 08:00:00+00:00,29334.0,29355.0,29287.0,29352.0,21.45780833
2023-07-30 12:00:00+00:00,29353.0,29488.0,29335.0,29392.0,213.35813723
2023-07-30 16:00:00+00:00,29393.0,29442.0,29171.0,29239.0,123.75255429
2023-07-30 20:00:00+00:00,29241.0,29317.0,29091.0,29315.0,105.1877179
2023-07-31 00:00:00+00:00,29315.0,29560.0,29306.0,29456.0,87.2279653
2023-07-31 04:00:00+00:00,29457.0,29475.0,29412.0,29425.0,14.39389968
2023-07-31 08:00:00+00:00,29423.0,29450.0,29379.0,29439.0,30.57693532
2023-07-31 12:00:00+00:00,29440.0,29511.0,29274.0,29297.0,123.7910946
2023-07-31 16:00:00+00:00,29285.0,29307.0,29148.0,29199.0,127.73348538
2023-07-31 20:00:00+00:00,29201.0,29326.0,29169.0,29273.0,65.69373849
2023-08-01 00:00:00+00:00,29272.0,29379.0,28788.0,28869.0,293.53283376
2023-08-01 04:00:00+00:00,28878.0,29005.0,28860.0,28975.0,168.35861106
2023-08-01 08:00:00+00:00,28975.0,29034.0,28900.0,28901.0,137.53312116
2023-08-01 12:00:00+00:00,28902.0,28998.0,28637.0,28977.0,522.66813599
2023-08-01 16:00:00+00:00,28979.0,29347.0,28897.0,29308.0,200.25549049
2023-08-01 20:00:00+00:00,29308.0,29755.0,29219.0,29733.0,315.11733658
2023-08-02 00:00:00+00:00,29733.0,30076.0,29653.0,29663.0,278.5240054
2023-08-02 04:00:00+00:00,29655.0,29732.0,29595.0,29601.0,73.46965357
2023-08-02 08:00:00+00:00,29602.0,29602.0,29421.0,29581.0,216.97564391
2023-08-02 12:00:00+00:00,29580.0,29613.0,29201.0,29340.0,141.84148442
2023-08-02 16:00:00+00:00,29340.0,29377.0,28957.0,29178.0,268.38041935
2023-08-02 20:00:00+00:00,29170.0,29246.0,29093.0,29197.0,197.39059057
2023-08-03 00:00:00+00:00,29207.0,29291.0,29164.0,29200.0,54.33606829
2023-08-03 04:00:00+00:00,29199.0,29204.0,29042.0,29061.0,73.42807055
2023-08-03 08:00:00+00:00,29062.0,29200.0,28988.0,29151.0,135.66042139
2023-08-03 12:00:00+00:00,29152.0,29442.0,29094.0,29270.0,143.90841413
2023-08-03 16:00:00+00:00,29270.0,29371.0,29160.0,29295.0,136.02191494
2023-08-03 20:00:00+00:00,29295.0,29366.0,29177.0,29206.0,75.51467936
2023-08-04 00:00:00+00:00,29206.0,29260.0,29121.0,29163.0,34.35627872
2023-08-04 04:00:00+00:00,29163.0,29254.0,29145.0,29213.0,16.89084262
2023-08-04 08:00:00+00:00,29215.0,29258.0,29150.0,29175.0,69.91227103
2023-08-04 12:00:00+00:00,29176.0,29337.0,29135.0,29291.0,153.18570535
2023-08-04 16:00:00+00:00,29291.0,29297.0,28965.0,29032.0,166.22758987
2023-08-04 20:00:00+00:00,29042.0,29125.0,28821.0,29119.0,146.66293165
2023-08-05 00:00:00+00:00,29118.0,29153.0,29075.0,29097.0,52.68288801
2023-08-05 04:00:00+00:00,29095.0,29102.0,29050.0,29051.0,37.18061691
2023-08-05 08:00:00+00:00,29050.0,29090.0,29044.0,29051.0,132.71226584000001
2023-08-05 12:00:00+00:00,29051.0,29086.0,28992.0,29039.0,113.07711944
2023-08-05 16:00:00+00:00,29039.0,29102.0,29013.0,29072.0,52.48114412
2023-08-05 20:00:00+00:00,29069.0,29097.0,29060.0,29075.0,24.7677004
2023-08-06 00:00:00+00:00,29074.0,29078.0,29043.0,29061.0,24.51429748
2023-08-06 04:00:00+00:00,29061.0,29106.0,29057.0,29096.0,75.00695842
2023-08-06 08:00:00+00:00,29095.0,29135.0,29048.0,29079.0,95.51215884
2023-08-06 12:00:00+00:00,29079.0,29079.0,29007.0,29012.0,142.54846097
2023-08-06 16:00:00+00:00,29012.0,29107.0,29007.0,29090.0,8.57532252
2023-08-06 20:00:00+00:00,29094.0,29198.0,29052.0,29095.0,48.31583734
2023-08-07 00:00:00+00:00,29095.0,29228.0,29026.0,29164.0,33.62550599
2023-08-07 04:00:00+00:00,29164.0,29190.0,29043.0,29087.0,93.74343706
2023-08-07 08:00:00+00:00,29087.0,29148.0,29028.0,29090.0,214.62589951
2023-08-07 12:00:00+00:00,29090.0,29140.0,28794.0,28868.0,349.41310881
2023-08-07 16:00:00+00:00,28868.0,29189.0,28716.0,29149.0,153.94100777
2023-08-07 20:00:00+00:00,29158.0,29289.0,29133.0,29223.0,180.01640641
2023-08-08 00:00:00+00:00,29226.0,29270.0,29164.0,29216.0,120.08696618
2023-08-08 04:00:00+00:00,29216.0,29338.0,29203.0,29204.0,72.20420645
2023-08-08 08:00:00+00:00,29202.0,29447.0,29190.0,29445.0,151.59409667
2023-08-08 12:00:00+00:00,29447.0,29678.0,29371.0,29548.0,235.4703105
2023-08-08 16:00:00+00:00,29549.0,29959.0,29548.0,29898.0,427.73339726
2023-08-08 20:00:00+00:00,29902.0,30284.0,29683.0,29796.0,350.7010174
2023-08-09 00:00:00+00:00,29790.0,29887.0,29675.0,29720.0,61.93358941
2023-08-09 04:00:00+00:00,29721.0,29836.0,29696.0,29836.0,67.18805473
2023-08-09 08:00:00+00:00,29835.0,29930.0,29779.0,29909.0,336.77329395
2023-08-09 12:00:00+00:00,29905.0,30170.0,29704.0,29780.0,254.74971045
2023-08-09 16:00:00+00:00,29781.0,29791.0,29410.0,29435.0,375.2263171
2023-08-09 20:00:00+00:00,29429.0,29646.0,29393.0,29597.0,121.78218447
2023-08-10 00:00:00+00:00,29597.0,29673.0,29589.0,29598.0,25.13293341
2023-08-10 04:00:00+00:00,29598.0,29622.0,29514.0,29519.0,147.16392187
2023-08-10 08:00:00+00:00,29520.0,29581.0,29509.0,29527.0,237.79863119
2023-08-10 12:00:00+00:00,29526.0,29745.0,29409.0,29475.0,780.60922358
2023-08-10 16:00:00+00:00,29467.0,29479.0,29340.0,29447.0,219.10048585
2023-08-10 20:00:00+00:00,29448.0,29483.0,29432.0,29458.0,27.299077
2023-08-11 00:00:00+00:00,29459.0,29489.0,29364.0,29413.0,124.94241489
2023-08-11 04:00:00+00:00,29412.0,29477.0,29387.0,29425.0,163.18341354
2023-08-11 08:00:00+00:00,29425.0,29447.0,29333.0,29441.0,328.42723377
2023-08-11 12:00:00+00:00,29441.0,29557.0,29340.0,29390.0,291.06361599
2023-08-11 16:00:00+00:00,29387.0,29419.0,29250.0,29391.0,170.74461796
2023-08-11 20:00:00+00:00,29398.0,29445.0,29398.0,29434.0,25.11905062
2023-08-12 00:00:00+00:00,29434.0,29463.0,29393.0,29407.0,26.12857381
2023-08-12 04:00:00+00:00,29406.0,29428.0,29396.0,29427.0,26.818055949999998
2023-08-12 08:00:00+00:00,29428.0,29448.0,29420.0,29444.0,91.67679627
2023-08-12 12:00:00+00:00,29442.0,29469.0,29428.0,29455.0,12.30966747
2023-08-12 16:00:00+00:00,29456.0,29497.0,29429.0,29431.0,29.25936249
2023-08-12 20:00:00+00:00,29430.0,29445.0,29418.0,29445.0,10.54260056
2023-08-13 00:00:00+00:00,29445.0,29473.0,29418.0,29429.0,12.89623236
2023-08-13 04:00:00+00:00,29428.0,29429.0,29386.0,29414.0,35.28874234
2023-08-13 08:00:00+00:00,29413.0,29424.0,29400.0,29402.0,16.38361224
2023-08-13 12:00:00+00:00,29401.0,29407.0,29381.0,29381.0,115.26087839
2023-08-13 16:00:00+00:00,29383.0,29477.0,29331.0,29465.0,30.61463683
2023-08-13 20:00:00+00:00,29464.0,29465.0,29296.0,29314.0,61.99173359
2023-08-14 00:00:00+00:00,29315.0,29417.0,29103.0,29367.0,206.33420511
2023-08-14 04:00:00+00:00,29391.0,29466.0,29389.0,29416.0,55.26193609
2023-08-14 08:00:00+00:00,29429.0,29486.0,29396.0,29413.0,103.18679041
2023-08-14 12:00:00+00:00,29412.0,29669.0,29339.0,29606.0,238.4636147
2023-08-14 16:00:00+00:00,29607.0,29689.0,29262.0,29351.0,149.37722629
2023-08-14 20:00:00+00:00,29356.0,29475.0,29335.0,29445.0,36.21480992
2023-08-15 00:00:00+00:00,29444.0,29463.0,29379.0,29392.0,23.67094758
2023-08-15 04:00:00+00:00,29400.0,29424.0,29360.0,29410.0,10.13415082
2023-08-15 08:00:00+00:00,29409.0,29447.0,29364.0,29370.0,13.5147997
2023-08-15 12:00:00+00:00,29368.0,29499.0,29315.0,29331.0,206.16861782
2023-08-15 16:00:00+00:00,29330.0,29368.0,29077.0,29190.0,179.52492521
2023-08-15 20:00:00+00:00,29190.0,29236.0,29144.0,29200.0,60.63536569
2023-08-16 00:00:00+00:00,29200.0,29255.0,29197.0,29231.0,27.43371092
2023-08-16 04:00:00+00:00,29231.0,29232.0,29127.0,29204.0,66.17170833
2023-08-16 08:00:00+00:00,29201.0,29209.0,29109.0,29160.0,175.29751216
2023-08-16 12:00:00+00:00,29160.0,29208.0,29066.0,29112.0,358.81704953
2023-08-16 16:00:00+00:00,29111.0,29237.0,28970.0,29130.0,199.42611085
2023-08-16 20:00:00+00:00,29123.0,29144.0,28728.0,28730.0,239.00744636
2023-08-17 00:00:00+00:00,28729.0,28779.0,28345.0,28661.0,337.90896417
2023-08-17 04:00:00+00:00,28660.0,28700.0,28610.0,28620.0,144.41490466
2023-08-17 08:00:00+00:00,28620.0,28637.0,28501.0,28558.0,251.54036994
2023-08-17 12:00:00+00:00,28558.0,28573.0,27902.0,27943.0,869.98992635
2023-08-17 16:00:00+00:00,27943.0,28086.0,27717.0,27905.0,803.5652694
2023-08-17 20:00:00+00:00,27905.0,27924.0,24713.0,26634.0,2549.6885771400002
2023-08-18 00:00:00+00:00,26634.0,26829.0,26335.0,26417.0,178.3218405
2023-08-18 04:00:00+00:00,26417.0,26615.0,26186.0,26437.0,240.93553419
2023-08-18 08:00:00+00:00,26438.0,26620.0,26413.0,26520.0,406.46798488
2023-08-18 12:00:00+00:00,26515.0,26520.0,25947.0,26000.0,500.8299779
2023-08-18 16:00:00+00:00,26007.0,26316.0,25655.0,26074.0,584.22120338
2023-08-18 20:00:00+00:00,26077.0,26261.0,26032.0,26066.0,127.5600683
2023-08-19 00:00:00+00:00,26071.0,26167.0,25948.0,25977.0,59.27494576
2023-08-19 04:00:00+00:00,25977.0,26021.0,25812.0,25927.0,57.7921829
2023-08-19 08:00:00+00:00,25930.0,26016.0,25905.0,25926.0,43.73179432
2023-08-19 12:00:00+00:00,25920.0,26236.0,25891.0,26234.0,70.77122708
2023-08-19 16:00:00+00:00,26230.0,26288.0,26056.0,26158.0,54.23136831
2023-08-19 20:00:00+00:00,26143.0,26172.0,26048.0,26115.0,43.00739557
2023-08-20 00:00:00+00:00,26111.0,26217.0,26067.0,26125.0,42.71241642
2023-08-20 04:00:00+00:00,26125.0,26169.0,26073.0,26097.0,22.8965541
2023-08-20 08:00:00+00:00,26096.0,26207.0,26083.0,26201.0,38.93156632
2023-08-20 12:00:00+00:00,26201.0,26231.0,26001.0,26122.0,407.75902295000003
2023-08-20 16:00:00+00:00,26127.0,26180.0,26034.0,26153.0,29.39075462
2023-08-20 20:00:00+00:00,26158.0,26314.0,26158.0,26215.0,58.79479084
2023-08-21 00:00:00+00:00,26213.0,26219.0,26097.0,26106.0,27.15033502
2023-08-21 04:00:00+00:00,26106.0,26199.0,26025.0,26043.0,347.03092565000003
2023-08-21 08:00:00+00:00,26045.0,26105.0,25915.0,26054.0,270.51393063
2023-08-21 12:00:00+00:00,26055.0,26217.0,25834.0,25958.0,162.18444543
2023-08-21 16:00:00+00:00,25959.0,26180.0,25958.0,26117.0,31.10897593
2023-08-21 20:00:00+00:00,26119.0,26279.0,26109.0,26144.0,61.00844511
2023-08-22 00:00:00+00:00,26144.0,26156.0,26050.0,26074.0,13.73025863
2023-08-22 04:00:00+00:00,26074.0,26131.0,26027.0,26123.0,18.50145286
2023-08-22 08:00:00+00:00,26122.0,26129.0,26050.0,26070.0,8.63120294
2023-08-22 12:00:00+00:00,26071.0,26115.0,25944.0,25962.0,109.3205424
2023-08-22 16:00:00+00:00,25954.0,26064.0,25750.0,25807.0,169.96944107
2023-08-22 20:00:00+00:00,25804.0,26073.0,25387.0,26061.0,745.30156391
2023-08-23 00:00:00+00:00,26066.0,26195.0,26007.0,26017.0,131.73011414
2023-08-23 04:00:00+00:00,26021.0,26197.0,25998.0,26070.0,79.7850489
2023-08-23 08:00:00+00:00,26076.0,26115.0,25926.0,25955.0,38.93530854
2023-08-23 12:00:00+00:00,25969.0,26204.0,25840.0,26165.0,216.93569785
2023-08-23 16:00:00+00:00,26164.0,26840.0,26153.0,26666.0,531.15642397
2023-08-23 20:00:00+00:00,26661.0,26747.0,26246.0,26461.0,191.66382531
2023-08-24 00:00:00+00:00,26457.0,26568.0,26382.0,26472.0,50.13450145
2023-08-24 04:00:00+00:00,26465.0,26533.0,26418.0,26497.0,44.38300532
2023-08-24 08:00:00+00:00,26499.0,26599.0,26458.0,26477.0,208.8300522
2023-08-24 12:00:00+00:00,26477.0,26477.0,26021.0,26024.0,208.70483076
2023-08-24 16:00:00+00:00,26020.0,26185.0,25900.0,26058.0,229.49755289
2023-08-24 20:00:00+00:00,26064.0,26228.0,25962.0,26199.0,90.37767719
2023-08-25 00:00:00+00:00,26201.0,26203.0,26050.0,26126.0,31.23862813
2023-08-25 04:00:00+00:00,26127.0,26128.0,26005.0,26005.0,127.2735161
2023-08-25 08:00:00+00:00,26005.0,26145.0,26005.0,26126.0,34.19509892
2023-08-25 12:00:00+00:00,26129.0,26326.0,25816.0,25957.0,957.95879949
2023-08-25 16:00:00+00:00,25952.0,26080.0,25861.0,25997.0,88.22265721
2023-08-25 20:00:00+00:00,25993.0,26106.0,25977.0,26079.0,35.04129512
2023-08-26 00:00:00+00:00,26079.0,26144.0,26059.0,26105.0,12.84633414
2023-08-26 04:00:00+00:00,26103.0,26192.0,26077.0,26079.0,139.83721906
2023-08-26 08:00:00+00:00,26078.0,26086.0,26036.0,26070.0,25.67500425
2023-08-26 12:00:00+00:00,26069.0,26099.0,26018.0,26078.0,17.023790599999998
2023-08-26 16:00:00+00:00,26077.0,26080.0,26034.0,26062.0,6.28635972
2023-08-26 20:00:00+00:00,26062.0,26073.0,26023.0,26045.0,8.13210695
2023-08-27 00:00:00+00:00,26046.0,26056.0,25997.0,26047.0,9.04465096
2023-08-27 04:00:00+00:00,26048.0,26070.0,26047.0,26067.0,1.83126972
2023-08-27 08:00:00+00:00,26068.0,26113.0,26054.0,26083.0,6.18749675
2023-08-27 12:00:00+00:00,26083.0,26198.0,26082.0,26150.0,24.84224957
2023-08-27 16:00:00+00:00,26149.0,26195.0,26067.0,26140.0,30.68822638
2023-08-27 20:00:00+00:00,26145.0,26190.0,26067.0,26121.0,51.08589874
2023-08-28 00:00:00+00:00,26120.0,26122.0,26020.0,26046.0,146.40076547
2023-08-28 04:00:00+00:00,26046.0,26060.0,25903.0,25951.0,20.88151018
2023-08-28 08:00:00+00:00,25951.0,26021.0,25900.0,26021.0,282.81363455
2023-08-28 12:00:00+00:00,26021.0,26264.0,26020.0,26117.0,129.54541836
2023-08-28 16:00:00+00:00,26121.0,26211.0,25953.0,26025.0,56.39970612
2023-08-28 20:00:00+00:00,26016.0,26192.0,25986.0,26147.0,50.66190806
2023-08-29 00:00:00+00:00,26146.0,26229.0,26092.0,26108.0,40.53526617
2023-08-29 04:00:00+00:00,26109.0,26110.0,26009.0,26018.0,63.28129965
2023-08-29 08:00:00+00:00,26017.0,26068.0,25954.0,26009.0,57.04950987
2023-08-29 12:00:00+00:00,26000.0,27748.0,25992.0,27452.0,1371.35186542
2023-08-29 16:00:00+00:00,27452.0,28193.0,27387.0,27878.0,976.86726326
2023-08-29 20:00:00+00:00,27867.0,27908.0,27573.0,27752.0,166.66042904
2023-08-30 00:00:00+00:00,27749.0,27793.0,27309.0,27426.0,167.34655788
2023-08-30 04:00:00+00:00,27416.0,27493.0,27397.0,27461.0,60.00921824
2023-08-30 08:00:00+00:00,27462.0,27521.0,27338.0,27355.0,169.44698689
2023-08-30 12:00:00+00:00,27359.0,27591.0,27040.0,27226.0,673.75434827
2023-08-30 16:00:00+00:00,27226.0,27312.0,27102.0,27215.0,122.6735953
2023-08-30 20:00:00+00:00,27212.0,27360.0,27212.0,27325.0,96.19781148
2023-08-31 00:00:00+00:00,27326.0,27326.0,27209.0,27231.0,16.08682641
2023-08-31 04:00:00+00:00,27236.0,27313.0,27236.0,27280.0,14.81318348
2023-08-31 08:00:00+00:00,27282.0,27550.0,27219.0,27336.0,630.58973509
2023-08-31 12:00:00+00:00,27336.0,27336.0,26825.0,26939.0,375.82628055
2023-08-31 16:00:00+00:00,26938.0,26938.0,25961.0,26207.0,1546.7576759
2023-08-31 20:00:00+00:00,26191.0,26210.0,25714.0,25967.0,1041.11076172
2023-09-01 00:00:00+00:00,25966.0,26119.0,25958.0,26112.0,60.55116063
2023-09-01 04:00:00+00:00,26105.0,26113.0,26020.0,26022.0,54.21435694
2023-09-01 08:00:00+00:00,26022.0,26085.0,25997.0,26065.0,726.01295249
2023-09-01 12:00:00+00:00,26065.0,26166.0,25593.0,25818.0,698.2787233
2023-09-01 16:00:00+00:00,25817.0,25961.0,25342.0,25642.0,417.27668407
2023-09-01 20:00:00+00:00,25646.0,25927.0,25575.0,25816.0,93.95242739
2023-09-02 00:00:00+00:00,25815.0,25847.0,25762.0,25806.0,46.17875188
2023-09-02 04:00:00+00:00,25807.0,25859.0,25778.0,25812.0,25.95362902
2023-09-02 08:00:00+00:00,25804.0,25860.0,25784.0,25824.0,165.5307589
2023-09-02 12:00:00+00:00,25825.0,25995.0,25808.0,25924.0,434.9435596
2023-09-02 16:00:00+00:00,25920.0,25959.0,25777.0,25841.0,453.31467664999997
2023-09-02 20:00:00+00:00,25841.0,25908.0,25826.0,25870.0,48.61631
2023-09-03 00:00:00+00:00,25876.0,25908.0,25833.0,25869.0,18.69973914
2023-09-03 04:00:00+00:00,25868.0,25952.0,25868.0,25952.0,13.9602206
2023-09-03 08:00:00+00:00,25953.0,25953.0,25889.0,25953.0,41.81721298
2023-09-03 12:00:00+00:00,25953.0,26093.0,25832.0,25882.0,117.95398443
2023-09-03 16:00:00+00:00,25882.0,26048.0,25825.0,26019.0,107.65171763
2023-09-03 20:00:00+00:00,26020.0,26137.0,25943.0,25980.0,154.30215013
2023-09-04 00:00:00+00:00,25980.0,26100.0,25888.0,26003.0,44.06555182
2023-09-04 04:00:00+00:00,26000.0,26021.0,25920.0,25966.0,32.66404454
2023-09-04 08:00:00+00:00,25966.0,26010.0,25866.0,25888.0,110.65289524
2023-09-04 12:00:00+00:00,25888.0,25962.0,25728.0,25817.0,228.45983381
2023-09-04 16:00:00+00:00,25819.0,25945.0,25819.0,25893.0,77.43786764
2023-09-04 20:00:00+00:00,25893.0,25915.0,25658.0,25823.0,230.1158645
2023-09-05 00:00:00+00:00,25831.0,25845.0,25602.0,25692.0,238.60746742999999
2023-09-05 04:00:00+00:00,25691.0,25758.0,25681.0,25738.0,101.20804192
2023-09-05 08:00:00+00:00,25739.0,25802.0,25659.0,25786.0,251.77749975
2023-09-05 12:00:00+00:00,25788.0,25909.0,25638.0,25767.0,295.00951006
2023-09-05 16:00:00+00:00,25767.0,25851.0,25698.0,25698.0,47.16278547
2023-09-05 20:00:00+00:00,25700.0,25805.0,25686.0,25793.0,88.94768105
2023-09-06 00:00:00+00:00,25798.0,25873.0,25786.0,25797.0,46.34879958
2023-09-06 04:00:00+00:00,25797.0,25798.0,25741.0,25741.0,45.59614931
2023-09-06 08:00:00+00:00,25742.0,25786.0,25733.0,25737.0,58.15838862
2023-09-06 12:00:00+00:00,25734.0,25791.0,25564.0,25619.0,474.55035249
2023-09-06 16:00:00+00:00,25616.0,26067.0,25444.0,25697.0,470.78694863
2023-09-06 20:00:00+00:00,25708.0,25803.0,25676.0,25783.0,47.19739427
2023-09-07 00:00:00+00:00,25782.0,25860.0,25755.0,25859.0,22.37007375
2023-09-07 04:00:00+00:00,25859.0,25868.0,25769.0,25789.0,14.95153341
2023-09-07 08:00:00+00:00,25788.0,25788.0,25716.0,25726.0,18.44388493
2023-09-07 12:00:00+00:00,25725.0,25848.0,25641.0,25804.0,208.58555834
2023-09-07 16:00:00+00:00,25798.0,25987.0,25790.0,25911.0,79.56223599
2023-09-07 20:00:00+00:00,25912.0,26461.0,25884.0,26269.0,869.2061446
2023-09-08 00:00:00+00:00,26274.0,26455.0,26225.0,26284.0,101.97464918
2023-09-08 04:00:00+00:00,26279.0,26406.0,26216.0,26267.0,188.54032776
2023-09-08 08:00:00+00:00,26267.0,26278.0,25680.0,25839.0,232.0505781
2023-09-08 12:00:00+00:00,25849.0,25961.0,25810.0,25856.0,135.96541723
2023-09-08 16:00:00+00:00,25855.0,25901.0,25739.0,25901.0,152.01150321
2023-09-08 20:00:00+00:00,25901.0,25948.0,25861.0,25918.0,48.32291902
2023-09-09 00:00:00+00:00,25917.0,25917.0,25871.0,25883.0,9.8450402
2023-09-09 04:00:00+00:00,25882.0,25901.0,25853.0,25898.0,13.77717706
2023-09-09 08:00:00+00:00,25892.0,25910.0,25867.0,25876.0,104.75090037
2023-09-09 12:00:00+00:00,25874.0,25938.0,25811.0,25901.0,84.08725735
2023-09-09 16:00:00+00:00,25900.0,25950.0,25865.0,25888.0,17.80268007
2023-09-09 20:00:00+00:00,25888.0,25924.0,25871.0,25910.0,37.10371572
2023-09-10 00:00:00+00:00,25914.0,25914.0,25848.0,25878.0,15.37120618
2023-09-10 04:00:00+00:00,25878.0,25880.0,25764.0,25871.0,56.8835718
2023-09-10 08:00:00+00:00,25870.0,25880.0,25808.0,25808.0,121.13423494
2023-09-10 12:00:00+00:00,25809.0,25845.0,25726.0,25785.0,30.11731209
2023-09-10 16:00:00+00:00,25787.0,25873.0,25608.0,25819.0,166.98786552
2023-09-10 20:00:00+00:00,25819.0,26042.0,25791.0,25860.0,114.05800281
2023-09-11 00:00:00+00:00,25849.0,25885.0,25677.0,25751.0,34.01683094
2023-09-11 04:00:00+00:00,25751.0,25904.0,25737.0,25822.0,46.63535965
2023-09-11 08:00:00+00:00,25823.0,25836.0,25585.0,25614.0,94.50082948
2023-09-11 12:00:00+00:00,25614.0,25766.0,24971.0,25131.0,813.27276251
2023-09-11 16:00:00+00:00,25129.0,25256.0,25008.0,25041.0,147.34116301
2023-09-11 20:00:00+00:00,25037.0,25226.0,24917.0,25183.0,104.82208074
2023-09-12 00:00:00+00:00,25177.0,25974.0,25152.0,25815.0,229.3334027
2023-09-12 04:00:00+00:00,25819.0,26000.0,25640.0,25836.0,189.26080301
2023-09-12 08:00:00+00:00,25837.0,26345.0,25760.0,26115.0,474.33724249
2023-09-12 12:00:00+00:00,26124.0,26413.0,26073.0,26226.0,512.5464366799999
2023-09-12 16:00:00+00:00,26227.0,26575.0,25919.0,26101.0,585.22999272
2023-09-12 20:00:00+00:00,26100.0,26169.0,25812.0,25851.0,494.51562001
2023-09-13 00:00:00+00:00,25854.0,26005.0,25797.0,25894.0,86.4238326
2023-09-13 04:00:00+00:00,25894.0,26123.0,25882.0,25892.0,157.96001911
2023-09-13 08:00:00+00:00,25889.0,26253.0,25889.0,26216.0,254.40137483
2023-09-13 12:00:00+00:00,26221.0,26415.0,26061.0,26276.0,164.11102668
2023-09-13 16:00:00+00:00,26277.0,26430.0,26086.0,26169.0,185.57906272
2023-09-13 20:00:00+00:00,26168.0,26327.0,26168.0,26238.0,25.96475633
2023-09-14 00:00:00+00:00,26238.0,26553.0,26151.0,26279.0,150.93317808
2023-09-14 04:00:00+00:00,26280.0,26399.0,26191.0,26365.0,52.87222161
2023-09-14 08:00:00+00:00,26357.0,26509.0,26290.0,26485.0,283.20773742
2023-09-14 12:00:00+00:00,26478.0,26810.0,26379.0,26728.0,1189.79065771
2023-09-14 16:00:00+00:00,26731.0,26869.0,26582.0,26695.0,773.21741726
2023-09-14 20:00:00+00:00,26696.0,26735.0,26501.0,26544.0,110.55255112
2023-09-15 00:00:00+00:00,26543.0,26644.0,26499.0,26644.0,236.13356144
2023-09-15 04:00:00+00:00,26645.0,26681.0,26590.0,26596.0,198.19362967
2023-09-15 08:00:00+00:00,26595.0,26718.0,26417.0,26444.0,192.6541991
2023-09-15 12:00:00+00:00,26452.0,26543.0,26255.0,26335.0,116.14484159
2023-09-15 16:00:00+00:00,26336.0,26463.0,26336.0,26426.0,21.11836701
2023-09-15 20:00:00+00:00,26428.0,26910.0,26406.0,26625.0,137.50358144
2023-09-16 00:00:00+00:00,26625.0,26792.0,26605.0,26640.0,119.76110292
2023-09-16 04:00:00+00:00,26641.0,26641.0,26489.0,26513.0,68.38840699
2023-09-16 08:00:00+00:00,26513.0,26597.0,26475.0,26546.0,49.33313394
2023-09-16 12:00:00+00:00,26546.0,26600.0,26511.0,26538.0,18.25663959
2023-09-16 16:00:00+00:00,26534.0,26642.0,26533.0,26560.0,29.12811622
2023-09-16 20:00:00+00:00,26559.0,26604.0,26548.0,26576.0,19.73747398
2023-09-17 00:00:00+00:00,26575.0,26576.0,26447.0,26549.0,72.65042664
2023-09-17 04:00:00+00:00,26549.0,26585.0,26524.0,26524.0,18.63353188
2023-09-17 08:00:00+00:00,26521.0,26634.0,26518.0,26591.0,23.56244564
2023-09-17 12:00:00+00:00,26592.0,26618.0,26558.0,26567.0,29.85924243
2023-09-17 16:00:00+00:00,26568.0,26569.0,26494.0,26537.0,19.65945781
2023-09-17 20:00:00+00:00,26536.0,26550.0,26444.0,26547.0,162.02914516
2023-09-18 00:00:00+00:00,26543.0,26767.0,26444.0,26669.0,180.79579555
2023-09-18 04:00:00+00:00,26683.0,26826.0,26603.0,26727.0,63.80643056
2023-09-18 08:00:00+00:00,26729.0,27272.0,26711.0,27217.0,317.09186005
2023-09-18 12:00:00+00:00,27217.0,27452.0,27183.0,27303.0,1149.68923618
2023-09-18 16:00:00+00:00,27304.0,27346.0,26662.0,26850.0,1096.05787762
2023-09-18 20:00:00+00:00,26850.0,26901.0,26758.0,26788.0,64.33640462
2023-09-19 00:00:00+00:00,26788.0,26858.0,26700.0,26848.0,52.67816384
2023-09-19 04:00:00+00:00,26847.0,26905.0,26796.0,26885.0,157.02853282
2023-09-19 08:00:00+00:00,26883.0,27492.0,26883.0,27260.0,590.46088518
2023-09-19 12:00:00+00:00,27260.0,27500.0,26911.0,27443.0,249.41837561
2023-09-19 16:00:00+00:00,27448.0,27508.0,27112.0,27232.0,249.17792953
2023-09-19 20:00:00+00:00,27225.0,27257.0,27021.0,27244.0,300.44814967
2023-09-20 00:00:00+00:00,27245.0,27414.0,27123.0,27145.0,72.60458348
2023-09-20 04:00:00+00:00,27145.0,27179.0,26959.0,27124.0,173.41807857999999
2023-09-20 08:00:00+00:00,27125.0,27211.0,26983.0,27122.0,146.54015391
2023-09-20 12:00:00+00:00,27141.0,27258.0,27033.0,27191.0,533.13644634
2023-09-20 16:00:00+00:00,27191.0,27300.0,26804.0,26939.0,371.94555383
2023-09-20 20:00:00+00:00,26937.0,27243.0,26937.0,27144.0,145.18914431
2023-09-21 00:00:00+00:00,27144.0,27167.0,26972.0,27057.0,209.31937904
2023-09-21 04:00:00+00:00,27057.0,27126.0,27015.0,27021.0,25.86979051
2023-09-21 08:00:00+00:00,27021.0,27040.0,26666.0,26761.0,158.73246434
2023-09-21 12:00:00+00:00,26756.0,26797.0,26412.0,26607.0,741.52427518
2023-09-21 16:00:00+00:00,26606.0,26710.0,26575.0,26633.0,58.79912674
2023-09-21 20:00:00+00:00,26632.0,26649.0,26546.0,26594.0,339.81397247
2023-09-22 00:00:00+00:00,26594.0,26690.0,26525.0,26654.0,247.85653826
2023-09-22 04:00:00+00:00,26654.0,26710.0,26609.0,26705.0,238.85711222999998
2023-09-22 08:00:00+00:00,26696.0,26749.0,26622.0,26670.0,521.61206722
2023-09-22 12:00:00+00:00,26670.0,26722.0,26600.0,26674.0,497.72889309
2023-09-22 16:00:00+00:00,26667.0,26671.0,26572.0,26572.0,272.23698422
2023-09-22 20:00:00+00:00,26573.0,26619.0,26555.0,26606.0,257.5538198
2023-09-23 00:00:00+00:00,26607.0,26643.0,26560.0,26569.0,14.00057435
2023-09-23 04:00:00+00:00,26566.0,26621.0,26555.0,26612.0,70.72447129
2023-09-23 08:00:00+00:00,26613.0,26627.0,26595.0,26611.0,14.86434873
2023-09-23 12:00:00+00:00,26611.0,26810.0,26596.0,26599.0,699.77671613
2023-09-23 16:00:00+00:00,26599.0,26662.0,26596.0,26638.0,20.04300927
2023-09-23 20:00:00+00:00,26639.0,26644.0,26606.0,26609.0,65.46604412
2023-09-24 00:00:00+00:00,26608.0,26622.0,26606.0,26607.0,82.18799392
2023-09-24 04:00:00+00:00,26607.0,26610.0,26601.0,26602.0,159.64668619
2023-09-24 08:00:00+00:00,26603.0,26646.0,26603.0,26640.0,113.40597002
2023-09-24 12:00:00+00:00,26640.0,26656.0,26601.0,26608.0,136.10635728
2023-09-24 16:00:00+00:00,26608.0,26768.0,26393.0,26498.0,803.63667367
2023-09-24 20:00:00+00:00,26497.0,26557.0,26191.0,26299.0,738.9413836
2023-09-25 00:00:00+00:00,26293.0,26370.0,26044.0,26200.0,87.00395286
2023-09-25 04:00:00+00:00,26200.0,26227.0,26080.0,26219.0,326.58405981
2023-09-25 08:00:00+00:00,26220.0,26251.0,26055.0,26107.0,250.18857633
2023-09-25 12:00:00+00:00,26109.0,26320.0,26040.0,26266.0,137.77543622
2023-09-25 16:00:00+00:00,26267.0,26466.0,26266.0,26361.0,339.42782165
2023-09-25 20:00:00+00:00,26360.0,26465.0,26297.0,26330.0,33.88659693
2023-09-26 00:00:00+00:00,26331.0,26410.0,26266.0,26385.0,242.28495695
2023-09-26 04:00:00+00:00,26384.0,26389.0,26282.0,26296.0,19.53667103
2023-09-26 08:00:00+00:00,26296.0,26345.0,26233.0,26296.0,258.82925869
2023-09-26 12:00:00+00:00,26296.0,26330.0,26129.0,26161.0,266.06842134
2023-09-26 16:00:00+00:00,26160.0,26321.0,26152.0,26285.0,95.45371397
2023-09-26 20:00:00+00:00,26275.0,26312.0,26138.0,26244.0,21.50423977
2023-09-27 00:00:00+00:00,26250.0,26307.0,26235.0,26307.0,24.24740319
2023-09-27 04:00:00+00:00,26304.0,26305.0,26268.0,26277.0,69.74221152
2023-09-27 08:00:00+00:00,26277.0,26875.0,26266.0,26796.0,574.91711882
2023-09-27 12:00:00+00:00,26797.0,26876.0,26207.0,26315.0,703.6308066
2023-09-27 16:00:00+00:00,26319.0,26327.0,26147.0,26290.0,250.07010267
2023-09-27 20:00:00+00:00,26289.0,26404.0,26266.0,26391.0,289.32766293
2023-09-28 00:00:00+00:00,26392.0,26574.0,26368.0,26396.0,78.84743907000001
2023-09-28 04:00:00+00:00,26395.0,26517.0,26375.0,26470.0,52.92908839
2023-09-28 08:00:00+00:00,26469.0,26639.0,26416.0,26487.0,86.14689698
2023-09-28 12:00:00+00:00,26488.0,27061.0,26487.0,27025.0,429.99916636
2023-09-28 16:00:00+00:00,27025.0,27335.0,26892.0,27118.0,364.55423827
2023-09-28 20:00:00+00:00,27121.0,27191.0,26927.0,27046.0,53.50724086
2023-09-29 00:00:00+00:00,27061.0,27159.0,26914.0,26990.0,241.6217383
2023-09-29 04:00:00+00:00,26988.0,27264.0,26940.0,27205.0,112.28734947
2023-09-29 08:00:00+00:00,27209.0,27215.0,27001.0,27010.0,35.72134983
2023-09-29 12:00:00+00:00,27000.0,27111.0,26708.0,26911.0,602.20129016
2023-09-29 16:00:00+00:00,26911.0,26971.0,26782.0,26954.0,45.17925884
2023-09-29 20:00:00+00:00,26952.0,27002.0,26891.0,26929.0,18.98737607
2023-09-30 00:00:00+00:00,26928.0,26960.0,26909.0,26938.0,7.55912875
2023-09-30 04:00:00+00:00,26938.0,26976.0,26936.0,26957.0,49.77274777
2023-09-30 08:00:00+00:00,26958.0,27018.0,26956.0,26964.0,19.57525573
2023-09-30 12:00:00+00:00,26964.0,27110.0,26939.0,27015.0,128.97438706
2023-09-30 16:00:00+00:00,27018.0,27057.0,26993.0,27038.0,53.64617028
2023-09-30 20:00:00+00:00,27038.0,27100.0,26969.0,26980.0,72.34424251
2023-10-01 00:00:00+00:00,26976.0,27067.0,26973.0,27065.0,21.62338735
2023-10-01 04:00:00+00:00,27064.0,27168.0,27042.0,27134.0,27.64363562
2023-10-01 08:00:00+00:00,27134.0,27297.0,27120.0,27216.0,128.25677365
2023-10-01 12:00:00+00:00,27211.0,27249.0,27108.0,27163.0,35.98197673
2023-10-01 16:00:00+00:00,27163.0,27167.0,27063.0,27111.0,23.22356303
2023-10-01 20:00:00+00:00,27102.0,28105.0,27063.0,28010.0,1595.31079595
2023-10-02 00:00:00+00:00,28023.0,28252.0,27874.0,28160.0,204.55365945
2023-10-02 04:00:00+00:00,28162.0,28462.0,27965.0,28339.0,292.52796083
2023-10-02 08:00:00+00:00,28340.0,28520.0,28219.0,28237.0,280.04742167
2023-10-02 12:00:00+00:00,28240.0,28611.0,28013.0,28053.0,337.28391417
2023-10-02 16:00:00+00:00,28049.0,28133.0,27668.0,27998.0,492.49388579
2023-10-02 20:00:00+00:00,28000.0,28001.0,27335.0,27532.0,476.74656613
2023-10-03 00:00:00+00:00,27532.0,27662.0,27424.0,27631.0,99.02229428
2023-10-03 04:00:00+00:00,27631.0,27700.0,27561.0,27586.0,169.51620839
2023-10-03 08:00:00+00:00,27579.0,27666.0,27502.0,27583.0,142.07290214
2023-10-03 12:00:00+00:00,27584.0,27600.0,27257.0,27358.0,179.83443905
2023-10-03 16:00:00+00:00,27353.0,27486.0,27262.0,27293.0,69.57163572
2023-10-03 20:00:00+00:00,27277.0,27474.0,27176.0,27431.0,107.63928111
2023-10-04 00:00:00+00:00,27431.0,27497.0,27211.0,27425.0,84.20914324
2023-10-04 04:00:00+00:00,27435.0,27453.0,27359.0,27452.0,27.33166465
2023-10-04 08:00:00+00:00,27458.0,27636.0,27442.0,27572.0,47.09515083
2023-10-04 12:00:00+00:00,27581.0,27630.0,27342.0,27404.0,48.16867845
2023-10-04 16:00:00+00:00,27409.0,27846.0,27405.0,27637.0,548.70768916
2023-10-04 20:00:00+00:00,27638.0,27846.0,27593.0,27813.0,134.1141636
2023-10-05 00:00:00+00:00,27815.0,27922.0,27673.0,27673.0,72.83786242
2023-10-05 04:00:00+00:00,27673.0,27708.0,27566.0,27619.0,52.84048926
2023-10-05 08:00:00+00:00,27619.0,27773.0,27612.0,27742.0,52.10605794
2023-10-05 12:00:00+00:00,27741.0,28134.0,27416.0,27564.0,525.34649055
2023-10-05 16:00:00+00:00,27565.0,27624.0,27369.0,27480.0,699.1182079
2023-10-05 20:00:00+00:00,27485.0,27512.0,27406.0,27418.0,42.69307306
2023-10-06 00:00:00+00:00,27418.0,27587.0,27405.0,27561.0,97.47270629
2023-10-06 04:00:00+00:00,27560.0,27648.0,27475.0,27642.0,41.099098500000004
2023-10-06 08:00:00+00:00,27646.0,27816.0,27614.0,27775.0,241.23479507
2023-10-06 12:00:00+00:00,27755.0,28049.0,27195.0,27946.0,760.97906855
2023-10-06 16:00:00+00:00,27953.0,28047.0,27804.0,27966.0,224.18824306
2023-10-06 20:00:00+00:00,27967.0,28297.0,27895.0,27942.0,257.55673711000003
2023-10-07 00:00:00+00:00,27927.0,27965.0,27861.0,27923.0,29.3128115
2023-10-07 04:00:00+00:00,27923.0,27950.0,27897.0,27904.0,10.26313654
2023-10-07 08:00:00+00:00,27901.0,28026.0,27901.0,27958.0,110.37432758
2023-10-07 12:00:00+00:00,27961.0,27990.0,27918.0,27952.0,42.06884597
2023-10-07 16:00:00+00:00,27953.0,27974.0,27856.0,27860.0,139.30463897
2023-10-07 20:00:00+00:00,27860.0,27975.0,27840.0,27967.0,115.84304433
2023-10-08 00:00:00+00:00,27964.0,28093.0,27963.0,28080.0,36.25028953
2023-10-08 04:00:00+00:00,28067.0,28082.0,27898.0,27913.0,37.32236511
2023-10-08 08:00:00+00:00,27913.0,27935.0,27765.0,27820.0,76.42315711
2023-10-08 12:00:00+00:00,27819.0,27990.0,27710.0,27902.0,70.54886077
2023-10-08 16:00:00+00:00,27903.0,27949.0,27823.0,27898.0,33.43337301
2023-10-08 20:00:00+00:00,27903.0,27990.0,27815.0,27929.0,48.2736837
2023-10-09 00:00:00+00:00,27927.0,27989.0,27796.0,27937.0,66.91144825
2023-10-09 04:00:00+00:00,27929.0,27957.0,27866.0,27866.0,643.97591211
2023-10-09 08:00:00+00:00,27866.0,27867.0,27466.0,27499.0,1184.23139522
2023-10-09 12:00:00+00:00,27496.0,27598.0,27426.0,27464.0,366.11807261
2023-10-09 16:00:00+00:00,27465.0,27782.0,27331.0,27656.0,774.61202851
2023-10-09 20:00:00+00:00,27656.0,27689.0,27603.0,27618.0,35.32312494
2023-10-10 00:00:00+00:00,27624.0,27724.0,27545.0,27667.0,55.54340833
2023-10-10 04:00:00+00:00,27667.0,27721.0,27619.0,27674.0,38.74989239
2023-10-10 08:00:00+00:00,27674.0,27752.0,27555.0,27555.0,610.32666427
2023-10-10 12:00:00+00:00,27555.0,27649.0,27363.0,27420.0,294.01257904
2023-10-10 16:00:00+00:00,27429.0,27532.0,27325.0,27420.0,232.44459363
2023-10-10 20:00:00+00:00,27421.0,27498.0,27357.0,27414.0,43.45601209
2023-10-11 00:00:00+00:00,27425.0,27492.0,27027.0,27027.0,438.66794815
2023-10-11 04:00:00+00:00,27027.0,27159.0,26948.0,27035.0,109.49733871
2023-10-11 08:00:00+00:00,27035.0,27339.0,27031.0,27222.0,158.76663266
2023-10-11 12:00:00+00:00,27212.0,27278.0,26776.0,26815.0,623.89379812
2023-10-11 16:00:00+00:00,26812.0,26816.0,26562.0,26777.0,495.60759335
2023-10-11 20:00:00+00:00,26779.0,26894.0,26705.0,26894.0,149.36029158
2023-10-12 00:00:00+00:00,26889.0,26964.0,26762.0,26871.0,53.39250862
2023-10-12 04:00:00+00:00,26871.0,26941.0,26811.0,26828.0,220.07081454
2023-10-12 08:00:00+00:00,26829.0,26878.0,26682.0,26859.0,64.65619257
2023-10-12 12:00:00+00:00,26860.0,26874.0,26655.0,26686.0,217.41865325
2023-10-12 16:00:00+00:00,26687.0,26831.0,26580.0,26755.0,747.94136016
2023-10-12 20:00:00+00:00,26755.0,26798.0,26742.0,26795.0,139.98043837
2023-10-13 00:00:00+00:00,26794.0,26910.0,26781.0,26810.0,113.43764644
2023-10-13 04:00:00+00:00,26812.0,26950.0,26806.0,26893.0,56.69473655
2023-10-13 08:00:00+00:00,26904.0,26919.0,26769.0,26848.0,124.08996304
2023-10-13 12:00:00+00:00,26847.0,26950.0,26699.0,26719.0,306.23903042
2023-10-13 16:00:00+00:00,26714.0,26825.0,26708.0,26788.0,76.38632724
2023-10-13 20:00:00+00:00,26803.0,27140.0,26776.0,26875.0,178.24946313
2023-10-14 00:00:00+00:00,26875.0,26995.0,26859.0,26949.0,50.50417694
2023-10-14 04:00:00+00:00,26949.0,26951.0,26862.0,26881.0,8.59629061
2023-10-14 08:00:00+00:00,26887.0,26912.0,26868.0,26890.0,61.45971529
2023-10-14 12:00:00+00:00,26890.0,26958.0,26883.0,26957.0,75.05720976
2023-10-14 16:00:00+00:00,26957.0,26972.0,26877.0,26891.0,36.02702609
2023-10-14 20:00:00+00:00,26891.0,26906.0,26820.0,26871.0,129.36555192
2023-10-15 00:00:00+00:00,26870.0,26923.0,26838.0,26899.0,9.4450622
2023-10-15 04:00:00+00:00,26900.0,26906.0,26893.0,26895.0,7.38578569
2023-10-15 08:00:00+00:00,26899.0,26945.0,26880.0,26880.0,7.77395409
2023-10-15 12:00:00+00:00,26879.0,26983.0,26832.0,26925.0,46.18842012
2023-10-15 16:00:00+00:00,26924.0,27100.0,26921.0,27062.0,70.53399107
2023-10-15 20:00:00+00:00,27065.0,27304.0,27040.0,27168.0,327.30681699
2023-10-16 00:00:00+00:00,27169.0,27297.0,27129.0,27249.0,81.32025667
2023-10-16 04:00:00+00:00,27251.0,28000.0,27210.0,27865.0,660.19469025
2023-10-16 08:00:00+00:00,27867.0,27921.0,27675.0,27769.0,113.70041807
2023-10-16 12:00:00+00:00,27768.0,30208.0,27740.0,28078.0,2355.56214513
2023-10-16 16:00:00+00:00,28077.0,28824.0,28077.0,28476.0,228.74954153
2023-10-16 20:00:00+00:00,28487.0,28660.0,28258.0,28524.0,870.81837836
2023-10-17 00:00:00+00:00,28526.0,28565.0,28264.0,28280.0,79.07998536
2023-10-17 04:00:00+00:00,28285.0,28474.0,28099.0,28437.0,95.5918311
2023-10-17 08:00:00+00:00,28440.0,28620.0,28368.0,28439.0,145.96859604
2023-10-17 12:00:00+00:00,28443.0,28587.0,28155.0,28482.0,273.61313342
2023-10-17 16:00:00+00:00,28478.0,28624.0,28316.0,28519.0,123.98260045
2023-10-17 20:00:00+00:00,28521.0,28563.0,28383.0,28410.0,108.3380499
2023-10-18 00:00:00+00:00,28409.0,28520.0,28335.0,28519.0,79.12586024
2023-10-18 04:00:00+00:00,28519.0,28990.0,28450.0,28510.0,400.39351784
2023-10-18 08:00:00+00:00,28511.0,28615.0,28229.0,28374.0,240.11492852
2023-10-18 12:00:00+00:00,28374.0,28419.0,28166.0,28263.0,164.96812075
2023-10-18 16:00:00+00:00,28263.0,28440.0,28253.0,28268.0,87.52067584
2023-10-18 20:00:00+00:00,28268.0,28384.0,28218.0,28332.0,49.09073601
2023-10-19 00:00:00+00:00,28327.0,28424.0,28147.0,28270.0,98.57062238
2023-10-19 04:00:00+00:00,28273.0,28351.0,28245.0,28339.0,57.62854904
2023-10-19 08:00:00+00:00,28337.0,28527.0,28307.0,28455.0,55.55954434
2023-10-19 12:00:00+00:00,28460.0,28823.0,28445.0,28701.0,375.71763179
2023-10-19 16:00:00+00:00,28701.0,28955.0,28475.0,28790.0,724.5396867
2023-10-19 20:00:00+00:00,28791.0,28918.0,28633.0,28751.0,249.00274809
2023-10-20 00:00:00+00:00,28752.0,29449.0,28619.0,29259.0,205.48862913
2023-10-20 04:00:00+00:00,29274.0,29433.0,29162.0,29278.0,144.94868922
2023-10-20 08:00:00+00:00,29272.0,30260.0,29272.0,29879.0,1583.57455787
2023-10-20 12:00:00+00:00,29888.0,29951.0,29428.0,29546.0,911.82484871
2023-10-20 16:00:00+00:00,29545.0,29598.0,29342.0,29579.0,198.7637411
2023-10-20 20:00:00+00:00,29580.0,29794.0,29543.0,29689.0,109.21807688
2023-10-21 00:00:00+00:00,29688.0,29708.0,29478.0,29615.0,78.16512964
2023-10-21 04:00:00+00:00,29614.0,29729.0,29555.0,29704.0,41.33541022
2023-10-21 08:00:00+00:00,29704.0,29874.0,29656.0,29819.0,205.32022229
2023-10-21 12:00:00+00:00,29819.0,29978.0,29706.0,29948.0,256.64660087
2023-10-21 16:00:00+00:00,29940.0,30362.0,29867.0,30177.0,151.80145756
2023-10-21 20:00:00+00:00,30177.0,30177.0,29869.0,29922.0,58.07345124
2023-10-22 00:00:00+00:00,29917.0,30076.0,29861.0,29923.0,37.51039054
2023-10-22 04:00:00+00:00,29926.0,30243.0,29668.0,29828.0,99.80133815
2023-10-22 08:00:00+00:00,29810.0,30002.0,29800.0,29918.0,55.70874988
2023-10-22 12:00:00+00:00,29919.0,29978.0,29806.0,29846.0,70.28953823
2023-10-22 16:00:00+00:00,29845.0,29965.0,29822.0,29867.0,21.38778266
2023-10-22 20:00:00+00:00,29871.0,30071.0,29730.0,30023.0,219.05979484
2023-10-23 00:00:00+00:00,30023.0,30818.0,29923.0,30738.0,419.83228058
2023-10-23 04:00:00+00:00,30760.0,31006.0,30454.0,30534.0,328.61777157
2023-10-23 08:00:00+00:00,30535.0,30814.0,30394.0,30701.0,812.21738888
2023-10-23 12:00:00+00:00,30703.0,31013.0,30451.0,30929.0,565.09523264
2023-10-23 16:00:00+00:00,30929.0,31437.0,30628.0,31369.0,1587.98965012
2023-10-23 20:00:00+00:00,31369.0,33542.0,31350.0,33084.0,3053.13908206
2023-10-24 00:00:00+00:00,33078.0,35199.0,32851.0,34071.0,1097.2459224
2023-10-24 04:00:00+00:00,34053.0,34570.0,33736.0,34024.0,777.88204933
2023-10-24 08:00:00+00:00,34024.0,34884.0,33975.0,34559.0,627.13527641
2023-10-24 12:00:00+00:00,34563.0,34852.0,33254.0,33660.0,1663.41723838
2023-10-24 16:00:00+00:00,33683.0,34396.0,33400.0,33804.0,294.09003559
2023-10-24 20:00:00+00:00,33798.0,34314.0,33480.0,33949.0,842.89026555
2023-10-25 00:00:00+00:00,33953.0,34396.0,33813.0,34014.0,79.51688811
2023-10-25 04:00:00+00:00,34023.0,34235.0,33720.0,33894.0,282.95438156
2023-10-25 08:00:00+00:00,33894.0,34494.0,33826.0,34235.0,217.98328093
2023-10-25 12:00:00+00:00,34243.0,35039.0,34243.0,34866.0,535.96241602
2023-10-25 16:00:00+00:00,34870.0,35152.0,34394.0,34746.0,990.97613644
2023-10-25 20:00:00+00:00,34737.0,34842.0,34250.0,34504.0,128.20703444
2023-10-26 00:00:00+00:00,34501.0,34843.0,34449.0,34806.0,45.09389697
2023-10-26 04:00:00+00:00,34808.0,34825.0,34430.0,34664.0,63.28530689
2023-10-26 08:00:00+00:00,34641.0,34747.0,34000.0,34110.0,203.64696418
2023-10-26 12:00:00+00:00,34111.0,34371.0,33888.0,34043.0,344.86957152
2023-10-26 16:00:00+00:00,34061.0,34132.0,33768.0,34084.0,259.69771369
2023-10-26 20:00:00+00:00,34055.0,34302.0,34054.0,34184.0,96.78866047
2023-10-27 00:00:00+00:00,34184.0,34204.0,33800.0,34152.0,43.08326033
2023-10-27 04:00:00+00:00,34144.0,34269.0,33973.0,33978.0,176.78777847
2023-10-27 08:00:00+00:00,33983.0,34199.0,33979.0,34062.0,36.36272874
2023-10-27 12:00:00+00:00,34086.0,34224.0,33888.0,34015.0,302.13421786
2023-10-27 16:00:00+00:00,34021.0,34053.0,33428.0,33712.0,439.19690643
2023-10-27 20:00:00+00:00,33715.0,33956.0,33704.0,33933.0,122.76837306
2023-10-28 00:00:00+00:00,33933.0,34174.0,33906.0,34097.0,83.56967535
2023-10-28 04:00:00+00:00,34098.0,34209.0,34065.0,34071.0,93.08770098
2023-10-28 08:00:00+00:00,34072.0,34531.0,34064.0,34207.0,410.58013562
2023-10-28 12:00:00+00:00,34218.0,34260.0,33970.0,34209.0,107.51532643
2023-10-28 16:00:00+00:00,34226.0,34246.0,34115.0,34151.0,13.11264144
2023-10-28 20:00:00+00:00,34150.0,34224.0,34087.0,34104.0,43.66928837
2023-10-29 00:00:00+00:00,34103.0,34126.0,33988.0,34000.0,18.81011719
2023-10-29 04:00:00+00:00,34001.0,34161.0,33969.0,34118.0,122.61409986
2023-10-29 08:00:00+00:00,34102.0,34347.0,34102.0,34277.0,192.55781624
2023-10-29 12:00:00+00:00,34278.0,34586.0,34278.0,34455.0,544.94209298
2023-10-29 16:00:00+00:00,34465.0,34783.0,34385.0,34593.0,306.21416141
2023-10-29 20:00:00+00:00,34594.0,34740.0,34431.0,34552.0,306.79159706
2023-10-30 00:00:00+00:00,34552.0,34593.0,34233.0,34287.0,223.58094533
2023-10-30 04:00:00+00:00,34287.0,34365.0,34125.0,34210.0,134.8762839
2023-10-30 08:00:00+00:00,34211.0,34697.0,34184.0,34636.0,238.66211873
2023-10-30 12:00:00+00:00,34637.0,34876.0,34515.0,34658.0,321.5407107
2023-10-30 16:00:00+00:00,34659.0,34659.0,34100.0,34443.0,221.16476223
2023-10-30 20:00:00+00:00,34442.0,34590.0,34342.0,34490.0,222.52221899
2023-10-31 00:00:00+00:00,34492.0,34612.0,34250.0,34250.0,334.3816144
2023-10-31 04:00:00+00:00,34246.0,34376.0,34121.0,34169.0,201.41187542
2023-10-31 08:00:00+00:00,34170.0,34578.0,34111.0,34546.0,332.15422039
2023-10-31 12:00:00+00:00,34542.0,34560.0,34173.0,34292.0,184.31178967
2023-10-31 16:00:00+00:00,34301.0,34599.0,34262.0,34551.0,189.83120753
2023-10-31 20:00:00+00:00,34549.0,34732.0,34452.0,34669.0,150.68750655
2023-11-01 00:00:00+00:00,34670.0,34677.0,34439.0,34462.0,18.1996531
2023-11-01 04:00:00+00:00,34456.0,34512.0,34336.0,34477.0,42.95516896
2023-11-01 08:00:00+00:00,34476.0,34510.0,34375.0,34424.0,32.22291792
2023-11-01 12:00:00+00:00,34440.0,35160.0,34111.0,34308.0,847.53924955
2023-11-01 16:00:00+00:00,34309.0,34747.0,34304.0,34588.0,264.08513276
2023-11-01 20:00:00+00:00,34590.0,35622.0,34562.0,35447.0,781.94041596
2023-11-02 00:00:00+00:00,35447.0,35975.0,35413.0,35605.0,322.22958351
2023-11-02 04:00:00+00:00,35610.0,35632.0,35112.0,35302.0,143.84289403
2023-11-02 08:00:00+00:00,35307.0,35514.0,35133.0,35413.0,155.45694029
2023-11-02 12:00:00+00:00,35413.0,35494.0,34454.0,34658.0,1126.64808209
2023-11-02 16:00:00+00:00,34658.0,35029.0,34333.0,34995.0,269.81672586999997
2023-11-02 20:00:00+00:00,35004.0,35099.0,34733.0,34944.0,172.24962212
2023-11-03 00:00:00+00:00,34947.0,34954.0,34406.0,34717.0,203.96260593
2023-11-03 04:00:00+00:00,34711.0,34712.0,34354.0,34485.0,253.77408233
2023-11-03 08:00:00+00:00,34487.0,34637.0,34154.0,34285.0,280.33668028
2023-11-03 12:00:00+00:00,34284.0,34882.0,34186.0,34808.0,497.42088758
2023-11-03 16:00:00+00:00,34801.0,34869.0,34377.0,34576.0,202.26829007
2023-11-03 20:00:00+00:00,34573.0,34773.0,34531.0,34751.0,72.31980055
2023-11-04 00:00:00+00:00,34757.0,34822.0,34693.0,34753.0,183.57230033
2023-11-04 04:00:00+00:00,34758.0,35077.0,34647.0,34819.0,206.9840947
2023-11-04 08:00:00+00:00,34815.0,34910.0,34734.0,34760.0,19.71804121
2023-11-04 12:00:00+00:00,34759.0,34837.0,34704.0,34743.0,132.79378909
2023-11-04 16:00:00+00:00,34749.0,34841.0,34745.0,34793.0,66.46503497
2023-11-04 20:00:00+00:00,34781.0,35296.0,34769.0,35103.0,114.62652902
2023-11-05 00:00:00+00:00,35103.0,35345.0,34992.0,35307.0,43.73285662
2023-11-05 04:00:00+00:00,35319.0,35347.0,35111.0,35224.0,96.16250696
2023-11-05 08:00:00+00:00,35214.0,35238.0,35073.0,35134.0,45.92521466
2023-11-05 12:00:00+00:00,35135.0,35219.0,34826.0,34932.0,87.52114999
2023-11-05 16:00:00+00:00,34924.0,35311.0,34921.0,35034.0,70.81230882
2023-11-05 20:00:00+00:00,35039.0,35439.0,34479.0,35074.0,266.05137908
2023-11-06 00:00:00+00:00,35062.0,35176.0,34901.0,35038.0,61.83871451
2023-11-06 04:00:00+00:00,35043.0,35087.0,34798.0,34952.0,72.74879215
2023-11-06 08:00:00+00:00,34957.0,35323.0,34894.0,35288.0,70.28343466
2023-11-06 12:00:00+00:00,35288.0,35306.0,34951.0,35098.0,98.91089947
2023-11-06 16:00:00+00:00,35101.0,35134.0,34848.0,35091.0,36.84873994
2023-11-06 20:00:00+00:00,35099.0,35162.0,34926.0,35053.0,34.16021935
2023-11-07 00:00:00+00:00,35068.0,35074.0,34843.0,34944.0,141.14313486
2023-11-07 04:00:00+00:00,34941.0,35005.0,34872.0,34962.0,26.99457515
2023-11-07 08:00:00+00:00,34966.0,35001.0,34614.0,34675.0,191.41153519
2023-11-07 12:00:00+00:00,34676.0,34871.0,34518.0,34736.0,123.11483586
2023-11-07 16:00:00+00:00,34756.0,35599.0,34618.0,35514.0,262.76636262
2023-11-07 20:00:00+00:00,35495.0,35930.0,35257.0,35455.0,229.40306642
2023-11-08 00:00:00+00:00,35439.0,35451.0,35268.0,35295.0,50.18494842
2023-11-08 04:00:00+00:00,35292.0,35383.0,35201.0,35246.0,66.47684948
2023-11-08 08:00:00+00:00,35252.0,35448.0,35221.0,35344.0,57.53045537
2023-11-08 12:00:00+00:00,35345.0,35470.0,35106.0,35239.0,57.89793664
2023-11-08 16:00:00+00:00,35234.0,35750.0,35199.0,35629.0,190.59241645
2023-11-08 20:00:00+00:00,35651.0,36103.0,35413.0,35629.0,282.32548353
2023-11-09 00:00:00+00:00,35629.0,36500.0,35562.0,36444.0,656.57349778
2023-11-09 04:00:00+00:00,36445.0,36807.0,36417.0,36541.0,342.42928306
2023-11-09 08:00:00+00:00,36544.0,37000.0,36544.0,36826.0,272.31953705
2023-11-09 12:00:00+00:00,36826.0,37974.0,36797.0,37096.0,1611.59876362
2023-11-09 16:00:00+00:00,37091.0,37208.0,35524.0,36387.0,877.4356914
2023-11-09 20:00:00+00:00,36381.0,36768.0,36150.0,36699.0,211.04137665
2023-11-10 00:00:00+00:00,36708.0,36908.0,36466.0,36738.0,76.4191287
2023-11-10 04:00:00+00:00,36735.0,36822.0,36453.0,36454.0,102.98053104
2023-11-10 08:00:00+00:00,36454.0,37136.0,36350.0,37073.0,250.52113946
2023-11-10 12:00:00+00:00,37080.0,37274.0,36838.0,37102.0,256.38724877
2023-11-10 16:00:00+00:00,37111.0,37461.0,37111.0,37243.0,176.1555215
2023-11-10 20:00:00+00:00,37250.0,37522.0,37081.0,37301.0,88.01154972
2023-11-11 00:00:00+00:00,37301.0,37405.0,36944.0,37057.0,655.27994835
2023-11-11 04:00:00+00:00,37057.0,37138.0,36944.0,37006.0,64.75476561
2023-11-11 08:00:00+00:00,37006.0,37064.0,36929.0,37001.0,78.2231645
2023-11-11 12:00:00+00:00,37002.0,37295.0,36974.0,37073.0,105.9785533
2023-11-11 16:00:00+00:00,37072.0,37171.0,37047.0,37154.0,51.23889037
2023-11-11 20:00:00+00:00,37154.0,37154.0,36651.0,37141.0,262.03545131
2023-11-12 00:00:00+00:00,37133.0,37169.0,36751.0,36980.0,123.96464496
2023-11-12 04:00:00+00:00,36980.0,37179.0,36925.0,37121.0,33.53880692
2023-11-12 08:00:00+00:00,37133.0,37137.0,37038.0,37063.0,19.55233754
2023-11-12 12:00:00+00:00,37059.0,37215.0,36952.0,37163.0,77.13946842
2023-11-12 16:00:00+00:00,37163.0,37192.0,37054.0,37103.0,56.68820869
2023-11-12 20:00:00+00:00,37102.0,37182.0,36929.0,37046.0,140.61397546
2023-11-13 00:00:00+00:00,37045.0,37444.0,36890.0,36940.0,140.85211834
2023-11-13 04:00:00+00:00,36942.0,37058.0,36788.0,36981.0,97.44340033
2023-11-13 08:00:00+00:00,36984.0,37054.0,36727.0,36821.0,70.98367075
2023-11-13 12:00:00+00:00,36821.0,36959.0,36552.0,36859.0,393.44124051
2023-11-13 16:00:00+00:00,36867.0,37047.0,36666.0,36873.0,252.45163127
2023-11-13 20:00:00+00:00,36865.0,36900.0,36379.0,36503.0,276.02225948
2023-11-14 00:00:00+00:00,36500.0,36506.0,36222.0,36469.0,204.58429849
2023-11-14 04:00:00+00:00,36470.0,36724.0,36411.0,36706.0,22.88414797
2023-11-14 08:00:00+00:00,36705.0,36756.0,36263.0,36285.0,226.36859629
2023-11-14 12:00:00+00:00,36281.0,36703.0,35899.0,36178.0,465.13981254
2023-11-14 16:00:00+00:00,36169.0,36435.0,34779.0,35311.0,982.31154199
2023-11-14 20:00:00+00:00,35287.0,35681.0,35237.0,35542.0,151.32185542
2023-11-15 00:00:00+00:00,35550.0,35664.0,35374.0,35391.0,80.92911078
2023-11-15 04:00:00+00:00,35390.0,35666.0,35390.0,35601.0,27.50450266
2023-11-15 08:00:00+00:00,35595.0,36284.0,35595.0,36260.0,222.43427065
2023-11-15 12:00:00+00:00,36257.0,36426.0,36037.0,36423.0,177.07862539
2023-11-15 16:00:00+00:00,36427.0,37796.0,36291.0,37509.0,869.49833672
2023-11-15 20:00:00+00:00,37515.0,37950.0,37331.0,37865.0,617.47205679
2023-11-16 00:00:00+00:00,37856.0,37929.0,37365.0,37463.0,83.59298992
2023-11-16 04:00:00+00:00,37463.0,37617.0,37353.0,37448.0,58.87194089
2023-11-16 08:00:00+00:00,37450.0,37543.0,37156.0,37261.0,76.66367318
2023-11-16 12:00:00+00:00,37253.0,37329.0,36286.0,36421.0,228.30327012
2023-11-16 16:00:00+00:00,36420.0,36650.0,35517.0,35931.0,369.625627
2023-11-16 20:00:00+00:00,35924.0,36275.0,35693.0,36161.0,143.22935173
2023-11-17 00:00:00+00:00,36181.0,36675.0,36131.0,36506.0,131.18276663
2023-11-17 04:00:00+00:00,36505.0,36537.0,36180.0,36249.0,54.22876054
2023-11-17 08:00:00+00:00,36261.0,36475.0,36155.0,36398.0,86.13552881
2023-11-17 12:00:00+00:00,36398.0,36619.0,35866.0,36055.0,194.14678133
2023-11-17 16:00:00+00:00,36060.0,36846.0,35925.0,36330.0,311.94264948
2023-11-17 20:00:00+00:00,36340.0,36730.0,36329.0,36631.0,101.65924939
2023-11-18 00:00:00+00:00,36631.0,36632.0,36397.0,36397.0,72.60729844
2023-11-18 04:00:00+00:00,36397.0,36466.0,36221.0,36425.0,93.40954866
2023-11-18 08:00:00+00:00,36439.0,36552.0,36411.0,36431.0,23.52268485
2023-11-18 12:00:00+00:00,36431.0,36691.0,36380.0,36682.0,41.86807722
2023-11-18 16:00:00+00:00,36669.0,36850.0,36623.0,36715.0,55.11177884
2023-11-18 20:00:00+00:00,36699.0,36726.0,36474.0,36581.0,52.07145995
2023-11-19 00:00:00+00:00,36586.0,36591.0,36428.0,36538.0,30.07925514
2023-11-19 04:00:00+00:00,36538.0,36684.0,36516.0,36624.0,21.47640884
2023-11-19 08:00:00+00:00,36634.0,36725.0,36410.0,36469.0,52.49392925
2023-11-19 12:00:00+00:00,36468.0,36585.0,36415.0,36584.0,42.01147424
2023-11-19 16:00:00+00:00,36585.0,37000.0,36550.0,36983.0,121.35870799
2023-11-19 20:00:00+00:00,36984.0,37509.0,36845.0,37369.0,253.37237891
2023-11-20 00:00:00+00:00,37379.0,37395.0,37069.0,37123.0,76.41655462
2023-11-20 04:00:00+00:00,37142.0,37270.0,37072.0,37260.0,23.97165617
2023-11-20 08:00:00+00:00,37269.0,37441.0,37095.0,37167.0,110.76260011
2023-11-20 12:00:00+00:00,37168.0,37494.0,36620.0,37460.0,541.58625182
2023-11-20 16:00:00+00:00,37464.0,37745.0,36860.0,37571.0,601.05264035
2023-11-20 20:00:00+00:00,37575.0,37600.0,37277.0,37451.0,298.213285
2023-11-21 00:00:00+00:00,37451.0,37645.0,37307.0,37467.0,216.36264981
2023-11-21 04:00:00+00:00,37468.0,37481.0,37250.0,37277.0,265.69485766
2023-11-21 08:00:00+00:00,37281.0,37427.0,37159.0,37170.0,230.39181661
2023-11-21 12:00:00+00:00,37169.0,37229.0,36209.0,36994.0,657.49541172
2023-11-21 16:00:00+00:00,36985.0,37544.0,36625.0,36994.0,505.08523161
2023-11-21 20:00:00+00:00,36994.0,37172.0,35755.0,35755.0,808.43809187
2023-11-22 00:00:00+00:00,35756.0,36402.0,35660.0,36401.0,221.22942076
2023-11-22 04:00:00+00:00,36401.0,36583.0,36344.0,36461.0,144.77256952
2023-11-22 08:00:00+00:00,36463.0,36760.0,36433.0,36471.0,283.78968617
2023-11-22 12:00:00+00:00,36478.0,36670.0,36261.0,36513.0,262.70209091
2023-11-22 16:00:00+00:00,36497.0,37440.0,36402.0,37312.0,631.10156112
2023-11-22 20:00:00+00:00,37313.0,37888.0,37245.0,37407.0,550.19639052
2023-11-23 00:00:00+00:00,37408.0,37534.0,37265.0,37306.0,279.02051069
2023-11-23 04:00:00+00:00,37307.0,37409.0,37275.0,37369.0,108.35594293
2023-11-23 08:00:00+00:00,37370.0,37645.0,37178.0,37370.0,262.92172798
2023-11-23 12:00:00+00:00,37371.0,37520.0,36890.0,36965.0,278.22251061
2023-11-23 16:00:00+00:00,36960.0,37347.0,36941.0,37285.0,247.53383198
2023-11-23 20:00:00+00:00,37286.0,37376.0,37222.0,37280.0,119.58474602
2023-11-24 00:00:00+00:00,37290.0,37471.0,37248.0,37319.0,199.31108114
2023-11-24 04:00:00+00:00,37309.0,37560.0,37295.0,37521.0,171.31193323
2023-11-24 08:00:00+00:00,37523.0,38016.0,37418.0,37759.0,472.63900656
2023-11-24 12:00:00+00:00,37751.0,38410.0,37603.0,38255.0,1956.22937901
2023-11-24 16:00:00+00:00,38250.0,38376.0,37524.0,37769.0,656.84911856
2023-11-24 20:00:00+00:00,37761.0,37937.0,37584.0,37704.0,187.50907954
2023-11-25 00:00:00+00:00,37710.0,37831.0,37680.0,37793.0,204.34073708
2023-11-25 04:00:00+00:00,37786.0,37817.0,37698.0,37799.0,271.56865482
2023-11-25 08:00:00+00:00,37798.0,37820.0,37583.0,37643.0,294.58273778
2023-11-25 12:00:00+00:00,37643.0,37718.0,37625.0,37708.0,118.28793874
2023-11-25 16:00:00+00:00,37708.0,37831.0,37705.0,37829.0,146.1024757
2023-11-25 20:00:00+00:00,37830.0,37893.0,37741.0,37781.0,93.69391679
2023-11-26 00:00:00+00:00,37781.0,37781.0,37660.0,37720.0,189.5876385
2023-11-26 04:00:00+00:00,37721.0,37787.0,37689.0,37784.0,125.74648819
2023-11-26 08:00:00+00:00,37781.0,37798.0,37666.0,37667.0,162.85309337
2023-11-26 12:00:00+00:00,37667.0,37667.0,37262.0,37447.0,372.01497562
2023-11-26 16:00:00+00:00,37437.0,37496.0,37117.0,37367.0,739.8804854699999
2023-11-26 20:00:00+00:00,37348.0,37741.0,37302.0,37443.0,246.90551544
2023-11-27 00:00:00+00:00,37442.0,37547.0,37210.0,37285.0,228.30726464
2023-11-27 04:00:00+00:00,37301.0,37416.0,37107.0,37298.0,217.59765519
2023-11-27 08:00:00+00:00,37297.0,37455.0,36913.0,37060.0,156.72839608
2023-11-27 12:00:00+00:00,37056.0,37120.0,36760.0,36761.0,763.27775983
2023-11-27 16:00:00+00:00,36760.0,37153.0,36732.0,36887.0,242.35340757
2023-11-27 20:00:00+00:00,36885.0,37285.0,36805.0,37263.0,136.35832021
2023-11-28 00:00:00+00:00,37253.0,37341.0,37119.0,37129.0,76.58327735
2023-11-28 04:00:00+00:00,37135.0,37166.0,36891.0,37135.0,41.11408011
2023-11-28 08:00:00+00:00,37126.0,37270.0,36949.0,37270.0,33.29329792
2023-11-28 12:00:00+00:00,37270.0,37593.0,37169.0,37535.0,221.36186381
2023-11-28 16:00:00+00:00,37540.0,38349.0,37540.0,38116.0,1183.20948201
2023-11-28 20:00:00+00:00,38111.0,38287.0,37681.0,37815.0,236.33607972000001
2023-11-29 00:00:00+00:00,37815.0,38073.0,37679.0,37923.0,210.24221632
2023-11-29 04:00:00+00:00,37930.0,38208.0,37859.0,38085.0,144.21713438
2023-11-29 08:00:00+00:00,38094.0,38402.0,37908.0,38088.0,350.41575206
2023-11-29 12:00:00+00:00,38089.0,38263.0,37555.0,37804.0,285.73379974
2023-11-29 16:00:00+00:00,37821.0,37923.0,37657.0,37876.0,120.49046981
2023-11-29 20:00:00+00:00,37878.0,37878.0,37599.0,37834.0,78.67984325
2023-11-30 00:00:00+00:00,37840.0,38048.0,37698.0,38047.0,149.54668754
2023-11-30 04:00:00+00:00,38051.0,38136.0,37776.0,37785.0,185.83998475
2023-11-30 08:00:00+00:00,37793.0,37901.0,37590.0,37901.0,81.86034931
2023-11-30 12:00:00+00:00,37882.0,37950.0,37490.0,37603.0,170.39539034
2023-11-30 16:00:00+00:00,37607.0,37801.0,37550.0,37754.0,20.44697735
2023-11-30 20:00:00+00:00,37754.0,37803.0,37625.0,37724.0,126.23830814
2023-12-01 00:00:00+00:00,37732.0,38066.0,37618.0,38044.0,197.08746669
2023-12-01 04:00:00+00:00,38045.0,38328.0,38035.0,38249.0,338.10674883
2023-12-01 08:00:00+00:00,38257.0,38786.0,38216.0,38587.0,1105.1137576
2023-12-01 12:00:00+00:00,38582.0,38634.0,38220.0,38403.0,348.15810582
2023-12-01 16:00:00+00:00,38404.0,38979.0,38390.0,38779.0,567.88779367
2023-12-01 20:00:00+00:00,38779.0,38888.0,38647.0,38676.0,133.47128332
2023-12-02 00:00:00+00:00,38676.0,38787.0,38634.0,38772.0,122.29030417
2023-12-02 04:00:00+00:00,38773.0,38808.0,38700.0,38700.0,121.76220304
2023-12-02 08:00:00+00:00,38701.0,38772.0,38665.0,38732.0,82.83917506
2023-12-02 12:00:00+00:00,38724.0,38848.0,38716.0,38802.0,213.20471461
2023-12-02 16:00:00+00:00,38797.0,39464.0,38704.0,39420.0,1757.62676964
2023-12-02 20:00:00+00:00,39421.0,39678.0,39296.0,39438.0,558.71965501
2023-12-03 00:00:00+00:00,39431.0,39538.0,39253.0,39357.0,99.35671
2023-12-03 04:00:00+00:00,39356.0,39445.0,39301.0,39442.0,104.07184237
2023-12-03 08:00:00+00:00,39443.0,39487.0,39300.0,39415.0,128.80636574
2023-12-03 12:00:00+00:00,39415.0,39752.0,39318.0,39726.0,435.82006211
2023-12-03 16:00:00+00:00,39738.0,39792.0,39440.0,39549.0,95.93106652
2023-12-03 20:00:00+00:00,39550.0,40170.0,39534.0,39940.0,544.74892764
2023-12-04 00:00:00+00:00,39959.0,40825.0,39959.0,40655.0,515.96328687
2023-12-04 04:00:00+00:00,40654.0,41700.0,40650.0,41383.0,647.25760356
2023-12-04 08:00:00+00:00,41395.0,42073.0,41274.0,41530.0,477.96197706
2023-12-04 12:00:00+00:00,41533.0,41879.0,41116.0,41237.0,384.03135861
2023-12-04 16:00:00+00:00,41231.0,42000.0,41156.0,41950.0,221.8121106
2023-12-04 20:00:00+00:00,41969.0,42336.0,41689.0,41942.0,706.67533341
2023-12-05 00:00:00+00:00,41905.0,41905.0,41594.0,41784.0,127.71893788
2023-12-05 04:00:00+00:00,41782.0,41869.0,40849.0,41470.0,701.40455473
2023-12-05 08:00:00+00:00,41470.0,41698.0,41377.0,41661.0,154.78141143
2023-12-05 12:00:00+00:00,41661.0,42444.0,41637.0,42254.0,1125.19695402
2023-12-05 16:00:00+00:00,42253.0,44000.0,42133.0,43781.0,1273.30877952
2023-12-05 20:00:00+00:00,43781.0,44488.0,43501.0,44112.0,1949.70411643
2023-12-06 00:00:00+00:00,44113.0,44169.0,43666.0,43735.0,1484.56575954
2023-12-06 04:00:00+00:00,43741.0,43859.0,43510.0,43688.0,318.81930502
2023-12-06 08:00:00+00:00,43696.0,44297.0,43444.0,43830.0,406.55005767
2023-12-06 12:00:00+00:00,43822.0,44279.0,43788.0,43843.0,987.54738987
2023-12-06 16:00:00+00:00,43833.0,44134.0,43785.0,44002.0,667.17264566
2023-12-06 20:00:00+00:00,44001.0,44080.0,43703.0,43814.0,1260.89159935
2023-12-07 00:00:00+00:00,43809.0,44050.0,43770.0,43980.0,442.59942801
2023-12-07 04:00:00+00:00,43985.0,44091.0,43900.0,43917.0,153.96688987
2023-12-07 08:00:00+00:00,43917.0,43924.0,42862.0,43229.0,897.77764183
2023-12-07 12:00:00+00:00,43202.0,44000.0,42987.0,43671.0,512.98321944
2023-12-07 16:00:00+00:00,43670.0,43765.0,43056.0,43204.0,631.17851898
2023-12-07 20:00:00+00:00,43216.0,43508.0,43100.0,43290.0,297.05390006
2023-12-08 00:00:00+00:00,43284.0,43532.0,43283.0,43379.0,202.45041032
2023-12-08 04:00:00+00:00,43380.0,43562.0,43086.0,43181.0,204.92523873
2023-12-08 08:00:00+00:00,43178.0,43734.0,43101.0,43677.0,231.90917603
2023-12-08 12:00:00+00:00,43674.0,44062.0,43515.0,43775.0,396.74914788
2023-12-08 16:00:00+00:00,43774.0,44016.0,43652.0,43958.0,371.10307444
2023-12-08 20:00:00+00:00,43966.0,44699.0,43966.0,44173.0,555.07547313
2023-12-09 00:00:00+00:00,44178.0,44287.0,44044.0,44135.0,158.41950724
2023-12-09 04:00:00+00:00,44147.0,44366.0,44118.0,44183.0,232.35266088
2023-12-09 08:00:00+00:00,44191.0,44204.0,43748.0,43852.0,332.57146038
2023-12-09 12:00:00+00:00,43852.0,44192.0,43776.0,44105.0,248.28742974
2023-12-09 16:00:00+00:00,44104.0,44132.0,43916.0,43962.0,169.93777613
2023-12-09 20:00:00+00:00,43954.0,44132.0,43623.0,43749.0,143.41455634
2023-12-10 00:00:00+00:00,43745.0,43882.0,43702.0,43864.0,75.94287381
2023-12-10 04:00:00+00:00,43863.0,44032.0,43852.0,43994.0,74.67998534
2023-12-10 08:00:00+00:00,44002.0,44058.0,43631.0,43754.0,112.07768393
2023-12-10 12:00:00+00:00,43754.0,43993.0,43744.0,43930.0,82.73518989
2023-12-10 16:00:00+00:00,43939.0,43975.0,43773.0,43822.0,88.69593163
2023-12-10 20:00:00+00:00,43822.0,44066.0,43623.0,43809.0,502.07065408
2023-12-11 00:00:00+00:00,43818.0,43842.0,40198.0,42363.0,1214.66227864
2023-12-11 04:00:00+00:00,42330.0,42336.0,41701.0,42151.0,270.11644675
2023-12-11 08:00:00+00:00,42160.0,42503.0,42016.0,42380.0,219.24400091
2023-12-11 12:00:00+00:00,42379.0,42420.0,41707.0,41831.0,431.8067267
2023-12-11 16:00:00+00:00,41828.0,41879.0,40286.0,40828.0,587.00829314
2023-12-11 20:00:00+00:00,40827.0,41375.0,40605.0,41287.0,281.61179424
2023-12-12 00:00:00+00:00,41286.0,41950.0,41216.0,41762.0,202.86458943
2023-12-12 04:00:00+00:00,41776.0,42081.0,41408.0,41962.0,83.70159988
2023-12-12 08:00:00+00:00,41962.0,42115.0,41596.0,41618.0,69.25608861
2023-12-12 12:00:00+00:00,41617.0,42068.0,41196.0,41344.0,150.66992408
2023-12-12 16:00:00+00:00,41371.0,41469.0,40695.0,41144.0,281.19410091
2023-12-12 20:00:00+00:00,41151.0,41584.0,41081.0,41501.0,114.98165674
2023-12-13 00:00:00+00:00,41518.0,41518.0,40666.0,40856.0,226.18955904
2023-12-13 04:00:00+00:00,40863.0,41263.0,40682.0,41157.0,133.43441207
2023-12-13 08:00:00+00:00,41159.0,41295.0,40997.0,41042.0,65.70118167
2023-12-13 12:00:00+00:00,41023.0,41971.0,41023.0,41961.0,328.85903462
2023-12-13 16:00:00+00:00,41971.0,42887.0,41775.0,42760.0,445.89046871
2023-12-13 20:00:00+00:00,42771.0,43461.0,42612.0,42891.0,254.73333642
2023-12-14 00:00:00+00:00,42902.0,42965.0,42712.0,42747.0,76.05723217
2023-12-14 04:00:00+00:00,42752.0,43129.0,42737.0,42930.0,80.57463507
2023-12-14 08:00:00+00:00,42930.0,43343.0,42737.0,43292.0,86.05546076
2023-12-14 12:00:00+00:00,43290.0,43377.0,41475.0,42492.0,1071.74311485
2023-12-14 16:00:00+00:00,42492.0,43470.0,42492.0,43141.0,268.89001262
2023-12-14 20:00:00+00:00,43143.0,43209.0,42901.0,43064.0,82.74669097
2023-12-15 00:00:00+00:00,43061.0,43106.0,42509.0,42814.0,154.22288674
2023-12-15 04:00:00+00:00,42814.0,42892.0,42559.0,42719.0,91.75785497
2023-12-15 08:00:00+00:00,42719.0,43048.0,42682.0,42812.0,57.00438948
2023-12-15 12:00:00+00:00,42812.0,42812.0,41723.0,41950.0,450.34884122
2023-12-15 16:00:00+00:00,41957.0,42223.0,41751.0,42131.0,187.76609577
2023-12-15 20:00:00+00:00,42131.0,42296.0,41955.0,41974.0,70.55974995
2023-12-16 00:00:00+00:00,41976.0,42429.0,41693.0,42375.0,189.1241722
2023-12-16 04:00:00+00:00,42389.0,42401.0,42192.0,42259.0,33.90621615
2023-12-16 08:00:00+00:00,42261.0,42370.0,42152.0,42356.0,103.30771625
2023-12-16 12:00:00+00:00,42356.0,42627.0,42272.0,42621.0,50.23860969
2023-12-16 16:00:00+00:00,42630.0,42746.0,42371.0,42404.0,62.06403684
2023-12-16 20:00:00+00:00,42377.0,42438.0,42213.0,42328.0,212.00491427
2023-12-17 00:00:00+00:00,42321.0,42351.0,41920.0,41958.0,256.7804157
2023-12-17 04:00:00+00:00,41968.0,42090.0,41888.0,41929.0,133.45788798
2023-12-17 08:00:00+00:00,41934.0,42072.0,41740.0,42015.0,98.79159022
2023-12-17 12:00:00+00:00,42015.0,42052.0,41547.0,41839.0,302.9911541
2023-12-17 16:00:00+00:00,41839.0,42448.0,41730.0,42120.0,145.44751665
2023-12-17 20:00:00+00:00,42164.0,42209.0,41286.0,41411.0,171.63322399
2023-12-18 00:00:00+00:00,41410.0,41478.0,40827.0,41110.0,139.49092117
2023-12-18 04:00:00+00:00,41114.0,41305.0,41041.0,41139.0,138.85363646
2023-12-18 08:00:00+00:00,41140.0,41266.0,40508.0,41119.0,380.0717039
2023-12-18 12:00:00+00:00,41118.0,41762.0,40932.0,41291.0,297.77771352
2023-12-18 16:00:00+00:00,41324.0,41759.0,41197.0,41728.0,187.99446006
2023-12-18 20:00:00+00:00,41728.0,42773.0,41615.0,42672.0,312.7952023
2023-12-19 00:00:00+00:00,42684.0,43529.0,42621.0,43096.0,326.35423744
2023-12-19 04:00:00+00:00,43099.0,43138.0,42826.0,43060.0,117.78719557
2023-12-19 08:00:00+00:00,43084.0,43288.0,42971.0,43001.0,118.0409278
2023-12-19 12:00:00+00:00,42996.0,43045.0,42272.0,42518.0,144.40956877
2023-12-19 16:00:00+00:00,42517.0,42666.0,41850.0,42350.0,171.07951156000001
2023-12-19 20:00:00+00:00,42364.0,42549.0,42170.0,42316.0,79.93138913
2023-12-20 00:00:00+00:00,42309.0,42526.0,42244.0,42449.0,70.09580562
2023-12-20 04:00:00+00:00,42449.0,43046.0,42410.0,42959.0,147.25986691
2023-12-20 08:00:00+00:00,42976.0,43028.0,42721.0,42901.0,133.1203784
2023-12-20 12:00:00+00:00,42900.0,44363.0,42802.0,44080.0,940.12772643
2023-12-20 16:00:00+00:00,44100.0,44307.0,43537.0,43792.0,628.17860928
2023-12-20 20:00:00+00:00,43793.0,43826.0,43280.0,43689.0,256.99532473
2023-12-21 00:00:00+00:00,43697.0,43755.0,43362.0,43710.0,217.40611205
2023-12-21 04:00:00+00:00,43702.0,43924.0,43520.0,43803.0,66.7416321
2023-12-21 08:00:00+00:00,43817.0,44159.0,43647.0,43960.0,298.73784072
2023-12-21 12:00:00+00:00,43969.0,44250.0,43445.0,43864.0,246.46033922
2023-12-21 16:00:00+00:00,43865.0,43949.0,43400.0,43629.0,186.45963317
2023-12-21 20:00:00+00:00,43634.0,44174.0,43616.0,43890.0,152.230917
2023-12-22 00:00:00+00:00,43890.0,44296.0,43778.0,44024.0,146.60014095
2023-12-22 04:00:00+00:00,44028.0,44444.0,43613.0,43630.0,411.22388043
2023-12-22 08:00:00+00:00,43646.0,43907.0,43534.0,43817.0,149.43283526
2023-12-22 12:00:00+00:00,43818.0,43850.0,43480.0,43722.0,138.30449002
2023-12-22 16:00:00+00:00,43735.0,44067.0,43565.0,43715.0,100.47095517
2023-12-22 20:00:00+00:00,43715.0,44166.0,43715.0,44038.0,46.72184979
2023-12-23 00:00:00+00:00,44058.0,44068.0,43512.0,43582.0,111.31135285
2023-12-23 04:00:00+00:00,43584.0,43691.0,43332.0,43634.0,98.37025486
2023-12-23 08:00:00+00:00,43634.0,43727.0,43570.0,43604.0,41.96910489
2023-12-23 12:00:00+00:00,43601.0,43921.0,43601.0,43833.0,52.66943121
2023-12-23 16:00:00+00:00,43834.0,43907.0,43775.0,43780.0,156.54213577
2023-12-23 20:00:00+00:00,43778.0,43898.0,43739.0,43801.0,196.36621344
2023-12-24 00:00:00+00:00,43801.0,43978.0,43695.0,43867.0,29.38579724
2023-12-24 04:00:00+00:00,43868.0,43963.0,43514.0,43717.0,70.81762995
2023-12-24 08:00:00+00:00,43712.0,43750.0,43468.0,43678.0,55.157585
2023-12-24 12:00:00+00:00,43662.0,43899.0,43640.0,43770.0,79.65786855
2023-12-24 16:00:00+00:00,43755.0,43783.0,43629.0,43686.0,119.90723442
2023-12-24 20:00:00+00:00,43683.0,43684.0,42700.0,43043.0,390.55802075
2023-12-25 00:00:00+00:00,43040.0,43207.0,42784.0,43191.0,197.50928482
2023-12-25 04:00:00+00:00,43207.0,43384.0,43151.0,43290.0,55.64791881
2023-12-25 08:00:00+00:00,43284.0,43351.0,43137.0,43260.0,169.91957255
2023-12-25 12:00:00+00:00,43257.0,43881.0,43170.0,43695.0,248.31824022
2023-12-25 16:00:00+00:00,43695.0,43760.0,43401.0,43533.0,127.64713678
2023-12-25 20:00:00+00:00,43520.0,43766.0,43382.0,43641.0,38.11104064
2023-12-26 00:00:00+00:00,43640.0,43649.0,43428.0,43478.0,43.46631236
2023-12-26 04:00:00+00:00,43494.0,43510.0,42628.0,42831.0,287.15195852
2023-12-26 08:00:00+00:00,42830.0,42860.0,42239.0,42722.0,307.11783497
2023-12-26 12:00:00+00:00,42723.0,42861.0,42325.0,42427.0,235.30510377
2023-12-26 16:00:00+00:00,42432.0,42479.0,41616.0,42132.0,1053.87919681
2023-12-26 20:00:00+00:00,42132.0,42619.0,42101.0,42568.0,58.76335986
2023-12-27 00:00:00+00:00,42569.0,42597.0,42171.0,42292.0,86.47756309
2023-12-27 04:00:00+00:00,42293.0,42601.0,42271.0,42521.0,55.644842510000004
2023-12-27 08:00:00+00:00,42521.0,43318.0,42477.0,43068.0,311.71562046
2023-12-27 12:00:00+00:00,43074.0,43211.0,42803.0,43050.0,234.0384777
2023-12-27 16:00:00+00:00,43058.0,43263.0,42919.0,43225.0,155.54719727
2023-12-27 20:00:00+00:00,43224.0,43666.0,43195.0,43479.0,173.5303491
2023-12-28 00:00:00+00:00,43475.0,43793.0,43351.0,43444.0,237.8989417
2023-12-28 04:00:00+00:00,43448.0,43638.0,42852.0,43080.0,87.17143215
2023-12-28 08:00:00+00:00,43085.0,43245.0,42943.0,43141.0,102.45314007
2023-12-28 12:00:00+00:00,43142.0,43206.0,42488.0,42511.0,338.04432614
2023-12-28 16:00:00+00:00,42507.0,42806.0,42388.0,42672.0,277.34127906
2023-12-28 20:00:00+00:00,42671.0,42778.0,42395.0,42617.0,51.80509165
2023-12-29 00:00:00+00:00,42659.0,42870.0,42199.0,42778.0,303.86008613
2023-12-29 04:00:00+00:00,42778.0,42828.0,42302.0,42350.0,48.75292358
2023-12-29 08:00:00+00:00,42349.0,42994.0,42338.0,42952.0,119.29719845
2023-12-29 12:00:00+00:00,42951.0,43175.0,42202.0,42305.0,162.95739749
2023-12-29 16:00:00+00:00,42318.0,42416.0,41699.0,42151.0,631.70709781
2023-12-29 20:00:00+00:00,42169.0,42295.0,41304.0,42139.0,370.42615225
2023-12-30 00:00:00+00:00,42123.0,42279.0,41874.0,42017.0,63.7298331
2023-12-30 04:00:00+00:00,42019.0,42203.0,41991.0,41998.0,74.74225803
2023-12-30 08:00:00+00:00,41996.0,42032.0,41585.0,41941.0,139.14560143
2023-12-30 12:00:00+00:00,41953.0,42484.0,41944.0,42418.0,159.10742611
2023-12-30 16:00:00+00:00,42435.0,42665.0,42308.0,42413.0,148.00103395
2023-12-30 20:00:00+00:00,42416.0,42453.0,42142.0,42199.0,87.61149657
2023-12-31 00:00:00+00:00,42198.0,42489.0,42023.0,42200.0,96.76830414
2023-12-31 04:00:00+00:00,42208.0,42725.0,42200.0,42594.0,92.23579628
2023-12-31 08:00:00+00:00,42584.0,42939.0,42411.0,42567.0,159.11309561
2023-12-31 12:00:00+00:00,42566.0,42696.0,42422.0,42508.0,58.50170227
2023-12-31 16:00:00+00:00,42503.0,42739.0,42470.0,42643.0,51.11129654
2023-12-31 20:00:00+00:00,42642.0,42700.0,42150.0,42326.0,198.80192133
2024-01-01 00:00:00+00:00,42331.0,42811.0,42301.0,42381.0,43.65772645
2024-01-01 04:00:00+00:00,42372.0,42513.0,42232.0,42513.0,58.69159578
2024-01-01 08:00:00+00:00,42512.0,42812.0,42510.0,42742.0,79.42868519
2024-01-01 12:00:00+00:00,42742.0,42883.0,42647.0,42835.0,84.95992329
2024-01-01 16:00:00+00:00,42843.0,43579.0,42733.0,43555.0,282.88343722
2024-01-01 20:00:00+00:00,43557.0,44190.0,43414.0,44175.0,612.52276965
2024-01-02 00:00:00+00:00,44180.0,45500.0,44175.0,45404.0,1303.58683512
2024-01-02 04:00:00+00:00,45405.0,45627.0,45139.0,45461.0,365.15994129
2024-01-02 08:00:00+00:00,45450.0,45920.0,45258.0,45463.0,531.9027738
2024-01-02 12:00:00+00:00,45464.0,45840.0,44888.0,45232.0,556.72924345
2024-01-02 16:00:00+00:00,45232.0,45435.0,44864.0,45113.0,192.53192848
2024-01-02 20:00:00+00:00,45089.0,45320.0,44656.0,44994.0,154.70994619
2024-01-03 00:00:00+00:00,45003.0,45467.0,44932.0,45321.0,143.60959443
2024-01-03 04:00:00+00:00,45322.0,45453.0,45014.0,45083.0,72.90335851
2024-01-03 08:00:00+00:00,45079.0,45559.0,43501.0,43700.0,763.23571194
2024-01-03 12:00:00+00:00,43700.0,43700.0,40383.0,43040.0,2497.5914205
2024-01-03 16:00:00+00:00,43050.0,43635.0,42070.0,42651.0,614.23161178
2024-01-03 20:00:00+00:00,42636.0,42997.0,42576.0,42869.0,94.98460423
2024-01-04 00:00:00+00:00,42874.0,43241.0,42673.0,43129.0,59.19811536
2024-01-04 04:00:00+00:00,43144.0,43300.0,42816.0,42816.0,87.42884804
2024-01-04 08:00:00+00:00,42812.0,43287.0,42717.0,43209.0,188.50717842
2024-01-04 12:00:00+00:00,43209.0,44367.0,43155.0,44127.0,549.28631949
2024-01-04 16:00:00+00:00,44141.0,44480.0,43877.0,44035.0,507.9263768
2024-01-04 20:00:00+00:00,44041.0,44810.0,43966.0,44224.0,457.04116372
2024-01-05 00:00:00+00:00,44216.0,44329.0,42413.0,43514.0,762.15285088
2024-01-05 04:00:00+00:00,43502.0,43969.0,43261.0,43825.0,182.05393891
2024-01-05 08:00:00+00:00,43834.0,44330.0,43554.0,43801.0,164.1208303
2024-01-05 12:00:00+00:00,43798.0,44150.0,43245.0,43529.0,258.96248378
2024-01-05 16:00:00+00:00,43533.0,43859.0,43150.0,43639.0,285.98875679
2024-01-05 20:00:00+00:00,43640.0,44449.0,43640.0,44191.0,240.77273917
2024-01-06 00:00:00+00:00,44192.0,44263.0,43882.0,43988.0,92.96474047
2024-01-06 04:00:00+00:00,43987.0,43989.0,43453.0,43694.0,226.17229196
2024-01-06 08:00:00+00:00,43688.0,43779.0,43602.0,43691.0,104.66897625
2024-01-06 12:00:00+00:00,43700.0,43929.0,43582.0,43900.0,195.25154184
2024-01-06 16:00:00+00:00,43888.0,44144.0,43858.0,43943.0,64.00906454
2024-01-06 20:00:00+00:00,43926.0,44018.0,43706.0,44018.0,59.211938520000004
2024-01-07 00:00:00+00:00,44011.0,44280.0,43901.0,43993.0,81.92912595
2024-01-07 04:00:00+00:00,43983.0,44136.0,43902.0,44134.0,95.0551679
2024-01-07 08:00:00+00:00,44136.0,44206.0,43943.0,44113.0,62.33690181
2024-01-07 12:00:00+00:00,44121.0,44500.0,43993.0,44085.0,169.05252939
2024-01-07 16:00:00+00:00,44101.0,44295.0,43764.0,44277.0,92.92022281
2024-01-07 20:00:00+00:00,44261.0,44308.0,43627.0,43959.0,72.97431652
2024-01-08 00:00:00+00:00,43959.0,44007.0,43241.0,43560.0,82.34790712
2024-01-08 04:00:00+00:00,43550.0,44389.0,43477.0,44017.0,175.08998572
2024-01-08 08:00:00+00:00,44016.0,44738.0,43708.0,44645.0,112.72528532
2024-01-08 12:00:00+00:00,44651.0,45400.0,44403.0,45018.0,769.87455176
2024-01-08 16:00:00+00:00,45015.0,47224.0,44852.0,46985.0,2213.6606347
2024-01-08 20:00:00+00:00,46991.0,47207.0,46675.0,46946.0,471.81094229
2024-01-09 00:00:00+00:00,46946.0,47149.0,46258.0,46944.0,294.96911243
2024-01-09 04:00:00+00:00,46941.0,46946.0,46612.0,46841.0,191.74068399
2024-01-09 08:00:00+00:00,46837.0,46880.0,46421.0,46662.0,239.16329442
2024-01-09 12:00:00+00:00,46637.0,47063.0,45488.0,46867.0,958.01027486
2024-01-09 16:00:00+00:00,46894.0,46994.0,46518.0,46879.0,302.25615198
2024-01-09 20:00:00+00:00,46879.0,47857.0,44545.0,46113.0,1883.2855876
2024-01-10 00:00:00+00:00,46100.0,46230.0,45630.0,46142.0,587.56053139
2024-01-10 04:00:00+00:00,46159.0,46202.0,45793.0,45805.0,358.73255757
2024-01-10 08:00:00+00:00,45805.0,45883.0,45050.0,45520.0,708.48615232
2024-01-10 12:00:00+00:00,45538.0,45663.0,44268.0,45579.0,728.0699697
2024-01-10 16:00:00+00:00,45593.0,46736.0,45224.0,46510.0,623.63019137
2024-01-10 20:00:00+00:00,46521.0,47582.0,44809.0,46653.0,2048.05680125
2024-01-11 00:00:00+00:00,46654.0,46742.0,46224.0,46498.0,225.7888724
2024-01-11 04:00:00+00:00,46498.0,46508.0,45655.0,46093.0,246.17201666
2024-01-11 08:00:00+00:00,46082.0,47038.0,46077.0,47000.0,497.2739593
2024-01-11 12:00:00+00:00,47020.0,48750.0,46450.0,46729.0,2835.19046051
2024-01-11 16:00:00+00:00,46736.0,46969.0,45581.0,46663.0,1120.96588021
2024-01-11 20:00:00+00:00,46661.0,46945.0,46072.0,46333.0,494.44990434
2024-01-12 00:00:00+00:00,46334.0,46508.0,45902.0,46008.0,339.17979425
2024-01-12 04:00:00+00:00,45991.0,46347.0,45737.0,45992.0,188.14716579
2024-01-12 08:00:00+00:00,45967.0,46223.0,45531.0,45940.0,354.87132385
2024-01-12 12:00:00+00:00,45941.0,46098.0,44284.0,44440.0,1193.51162344
2024-01-12 16:00:00+00:00,44439.0,44652.0,43205.0,43488.0,775.55229095
2024-01-12 20:00:00+00:00,43489.0,43978.0,41500.0,42809.0,926.76278116
2024-01-13 00:00:00+00:00,42833.0,42999.0,42441.0,42617.0,87.05769046
2024-01-13 04:00:00+00:00,42617.0,43238.0,42569.0,43088.0,183.79168302
2024-01-13 08:00:00+00:00,43088.0,43230.0,42517.0,42600.0,218.18179179
2024-01-13 12:00:00+00:00,42599.0,43250.0,42501.0,43179.0,376.97924533
2024-01-13 16:00:00+00:00,43183.0,43183.0,42731.0,42800.0,132.74004272
2024-01-13 20:00:00+00:00,42767.0,43026.0,42709.0,42847.0,37.16407132
2024-01-14 00:00:00+00:00,42825.0,42873.0,42666.0,42680.0,73.47556698
2024-01-14 04:00:00+00:00,42670.0,43063.0,42579.0,43012.0,84.73292927
2024-01-14 08:00:00+00:00,43013.0,43075.0,42791.0,42813.0,44.03103846
2024-01-14 12:00:00+00:00,42833.0,43005.0,42732.0,42925.0,78.63272658
2024-01-14 16:00:00+00:00,42929.0,43018.0,42631.0,42648.0,200.8880618
2024-01-14 20:00:00+00:00,42647.0,42722.0,41715.0,41731.0,618.34367366
2024-01-15 00:00:00+00:00,41722.0,42635.0,41700.0,42570.0,183.13291432
2024-01-15 04:00:00+00:00,42570.0,42819.0,42513.0,42724.0,110.1715006
2024-01-15 08:00:00+00:00,42723.0,42768.0,42538.0,42705.0,121.11098448
2024-01-15 12:00:00+00:00,42713.0,42956.0,42161.0,42282.0,268.34966336
2024-01-15 16:00:00+00:00,42278.0,43369.0,42249.0,42985.0,156.02874279
2024-01-15 20:00:00+00:00,42992.0,43113.0,42339.0,42520.0,95.01716425
2024-01-16 00:00:00+00:00,42521.0,42937.0,42490.0,42936.0,70.37178761
2024-01-16 04:00:00+00:00,42932.0,42941.0,42623.0,42779.0,48.94193345
2024-01-16 08:00:00+00:00,42780.0,43153.0,42738.0,42904.0,52.00861598
2024-01-16 12:00:00+00:00,42899.0,43345.0,42069.0,43260.0,281.57226192
2024-01-16 16:00:00+00:00,43256.0,43430.0,42841.0,43164.0,151.6146087
2024-01-16 20:00:00+00:00,43188.0,43588.0,43069.0,43163.0,93.37464099
2024-01-17 00:00:00+00:00,43175.0,43215.0,42861.0,42861.0,66.49590705
2024-01-17 04:00:00+00:00,42862.0,42921.0,42610.0,42657.0,87.65669755
2024-01-17 08:00:00+00:00,42645.0,42855.0,42575.0,42685.0,47.61416821
2024-01-17 12:00:00+00:00,42686.0,42936.0,42404.0,42513.0,236.26784734
2024-01-17 16:00:00+00:00,42511.0,42754.0,42216.0,42635.0,253.58900608
2024-01-17 20:00:00+00:00,42621.0,42866.0,42482.0,42778.0,109.90048882
2024-01-18 00:00:00+00:00,42784.0,42784.0,42531.0,42608.0,35.16174686
2024-01-18 04:00:00+00:00,42606.0,42932.0,42606.0,42911.0,21.51561264
2024-01-18 08:00:00+00:00,42932.0,42932.0,42422.0,42571.0,131.98292655
2024-01-18 12:00:00+00:00,42556.0,42811.0,42380.0,42639.0,111.062658
2024-01-18 16:00:00+00:00,42632.0,42637.0,40908.0,41060.0,754.51989333
2024-01-18 20:00:00+00:00,41060.0,41400.0,40704.0,41337.0,328.5421388
2024-01-19 00:00:00+00:00,41358.0,41392.0,40795.0,41089.0,144.22006455
2024-01-19 04:00:00+00:00,41084.0,41590.0,41070.0,41309.0,220.6188845
2024-01-19 08:00:00+00:00,41309.0,41580.0,41180.0,41557.0,198.18783877
2024-01-19 12:00:00+00:00,41564.0,41573.0,40779.0,40950.0,149.33474907
2024-01-19 16:00:00+00:00,40950.0,42024.0,40358.0,41846.0,608.79868337
2024-01-19 20:00:00+00:00,41846.0,42212.0,41549.0,41715.0,229.18951258
2024-01-20 00:00:00+00:00,41727.0,41753.0,41518.0,41716.0,306.37150525
2024-01-20 04:00:00+00:00,41712.0,41883.0,41653.0,41758.0,172.94782744
2024-01-20 08:00:00+00:00,41762.0,41781.0,41547.0,41675.0,242.62653652
2024-01-20 12:00:00+00:00,41684.0,41781.0,41573.0,41653.0,199.63518302
2024-01-20 16:00:00+00:00,41662.0,41756.0,41604.0,41715.0,378.94777477
2024-01-20 20:00:00+00:00,41718.0,41944.0,41696.0,41778.0,210.38478798
2024-01-21 00:00:00+00:00,41777.0,41823.0,41719.0,41766.0,219.93294702
2024-01-21 04:00:00+00:00,41765.0,41794.0,41663.0,41752.0,166.93018461
2024-01-21 08:00:00+00:00,41749.0,41910.0,41749.0,41818.0,212.96854679
2024-01-21 12:00:00+00:00,41817.0,41946.0,41697.0,41749.0,245.36870285
2024-01-21 16:00:00+00:00,41743.0,41820.0,41622.0,41814.0,200.2966144
2024-01-21 20:00:00+00:00,41813.0,41891.0,41588.0,41679.0,192.57187826
2024-01-22 00:00:00+00:00,41670.0,41775.0,41147.0,41255.0,273.04938647
2024-01-22 04:00:00+00:00,41255.0,41380.0,40753.0,41091.0,347.58973901
2024-01-22 08:00:00+00:00,41103.0,41103.0,40439.0,40866.0,404.03754597
2024-01-22 12:00:00+00:00,40855.0,41211.0,40337.0,40784.0,734.38948585
2024-01-22 16:00:00+00:00,40772.0,41007.0,39452.0,39854.0,914.22665573
2024-01-22 20:00:00+00:00,39850.0,40388.0,39499.0,39600.0,473.13394116
2024-01-23 00:00:00+00:00,39600.0,40159.0,39551.0,40051.0,335.51317524
2024-01-23 04:00:00+00:00,40051.0,40215.0,39712.0,39798.0,312.88808211
2024-01-23 08:00:00+00:00,39805.0,39896.0,38678.0,38881.0,611.6490286
2024-01-23 12:00:00+00:00,38873.0,39439.0,38572.0,39235.0,628.61055473
2024-01-23 16:00:00+00:00,39235.0,39693.0,38963.0,39196.0,452.60586202
2024-01-23 20:00:00+00:00,39191.0,39938.0,39078.0,39938.0,443.32542887
2024-01-24 00:00:00+00:00,39937.0,40301.0,39632.0,39660.0,364.52974028
2024-01-24 04:00:00+00:00,39660.0,40201.0,39618.0,40027.0,251.16698535
2024-01-24 08:00:00+00:00,40031.0,40599.0,39915.0,40258.0,319.2968831
2024-01-24 12:00:00+00:00,40254.0,40343.0,39818.0,40098.0,364.20414476
2024-01-24 16:00:00+00:00,40098.0,40243.0,39671.0,39849.0,291.62973313
2024-01-24 20:00:00+00:00,39838.0,40228.0,39526.0,40139.0,291.48550079
2024-01-25 00:00:00+00:00,40139.0,40221.0,39970.0,40010.0,349.41894986
2024-01-25 04:00:00+00:00,40010.0,40180.0,39829.0,40178.0,456.63885196
2024-01-25 08:00:00+00:00,40173.0,40333.0,40013.0,40203.0,413.05293794
2024-01-25 12:00:00+00:00,40203.0,40298.0,39646.0,39818.0,419.01590826
2024-01-25 16:00:00+00:00,39817.0,40028.0,39554.0,39993.0,341.0600084
2024-01-25 20:00:00+00:00,39993.0,40018.0,39650.0,40001.0,325.72348067
2024-01-26 00:00:00+00:00,39986.0,40271.0,39876.0,40089.0,485.53696457
2024-01-26 04:00:00+00:00,40096.0,40223.0,39935.0,40009.0,242.20135395
2024-01-26 08:00:00+00:00,40003.0,41466.0,40003.0,41319.0,575.11704875
2024-01-26 12:00:00+00:00,41324.0,41598.0,40921.0,41431.0,452.95550799
2024-01-26 16:00:00+00:00,41430.0,42144.0,41423.0,42071.0,760.60206427
2024-01-26 20:00:00+00:00,42051.0,42192.0,41812.0,41821.0,216.85081439
2024-01-27 00:00:00+00:00,41827.0,41935.0,41725.0,41820.0,66.70488086
2024-01-27 04:00:00+00:00,41824.0,41888.0,41622.0,41714.0,72.98195630000001
2024-01-27 08:00:00+00:00,41713.0,41806.0,41405.0,41766.0,65.73956894
2024-01-27 12:00:00+00:00,41766.0,41900.0,41723.0,41816.0,58.140554290000004
2024-01-27 16:00:00+00:00,41821.0,41988.0,41755.0,41921.0,52.09443031
2024-01-27 20:00:00+00:00,41920.0,42204.0,41920.0,42129.0,150.61957819
2024-01-28 00:00:00+00:00,42129.0,42222.0,41945.0,42221.0,104.31409241
2024-01-28 04:00:00+00:00,42222.0,42815.0,42221.0,42387.0,491.03661747
2024-01-28 08:00:00+00:00,42388.0,42690.0,42336.0,42478.0,120.46398523
2024-01-28 12:00:00+00:00,42478.0,42519.0,42168.0,42262.0,78.15962989
2024-01-28 16:00:00+00:00,42261.0,42339.0,41736.0,41790.0,81.93994029
2024-01-28 20:00:00+00:00,41781.0,42066.0,41623.0,42044.0,59.75450338
2024-01-29 00:00:00+00:00,42045.0,42490.0,41893.0,42328.0,117.97544329
2024-01-29 04:00:00+00:00,42329.0,42346.0,42007.0,42054.0,47.30237787
2024-01-29 08:00:00+00:00,42058.0,42385.0,41958.0,42234.0,74.76371847
2024-01-29 12:00:00+00:00,42257.0,42650.0,41821.0,42636.0,331.19606733
2024-01-29 16:00:00+00:00,42650.0,43300.0,42539.0,43005.0,350.46761347
2024-01-29 20:00:00+00:00,43010.0,43332.0,43007.0,43309.0,242.50932527
2024-01-30 00:00:00+00:00,43309.0,43769.0,43164.0,43505.0,321.16529723
2024-01-30 04:00:00+00:00,43505.0,43562.0,43270.0,43364.0,66.47038783
2024-01-30 08:00:00+00:00,43364.0,43563.0,43231.0,43539.0,118.6515636
2024-01-30 12:00:00+00:00,43539.0,43867.0,43124.0,43364.0,247.37990197
2024-01-30 16:00:00+00:00,43364.0,43602.0,43219.0,43555.0,240.43628472
2024-01-30 20:00:00+00:00,43549.0,43750.0,42700.0,42956.0,116.39945318
2024-01-31 00:00:00+00:00,42955.0,43095.0,42663.0,42924.0,100.98694210000001
2024-01-31 04:00:00+00:00,42924.0,43063.0,42879.0,43044.0,51.564691960000005
2024-01-31 08:00:00+00:00,43044.0,43069.0,42385.0,42672.0,149.48572144
2024-01-31 12:00:00+00:00,42643.0,43463.0,42537.0,43372.0,291.20557208
2024-01-31 16:00:00+00:00,43367.0,43722.0,43055.0,43323.0,396.13674926
2024-01-31 20:00:00+00:00,43354.0,43359.0,42304.0,42594.0,304.14497519
2024-02-01 00:00:00+00:00,42593.0,42674.0,41880.0,42012.0,147.50132422000001
2024-02-01 04:00:00+00:00,42011.0,42283.0,41899.0,42200.0,117.42939528
2024-02-01 08:00:00+00:00,42198.0,42315.0,42050.0,42058.0,73.25529721
2024-02-01 12:00:00+00:00,42077.0,42934.0,41951.0,42530.0,211.93141858
2024-02-01 16:00:00+00:00,42530.0,43273.0,42370.0,43205.0,253.66996281000002
2024-02-01 20:00:00+00:00,43210.0,43257.0,42893.0,43088.0,132.46890841
2024-02-02 00:00:00+00:00,43100.0,43436.0,43042.0,43053.0,78.4414252
2024-02-02 04:00:00+00:00,43052.0,43262.0,42963.0,43111.0,63.18371483
2024-02-02 08:00:00+00:00,43112.0,43188.0,42947.0,43146.0,53.88924192
2024-02-02 12:00:00+00:00,43150.0,43234.0,42554.0,43233.0,228.2424586
2024-02-02 16:00:00+00:00,43233.0,43481.0,42789.0,43066.0,178.14717492
2024-02-02 20:00:00+00:00,43066.0,43224.0,42886.0,43201.0,177.19855595
2024-02-03 00:00:00+00:00,43201.0,43366.0,43150.0,43178.0,49.03131734
2024-02-03 04:00:00+00:00,43178.0,43210.0,43042.0,43052.0,49.29212207
2024-02-03 08:00:00+00:00,43052.0,43124.0,42980.0,42999.0,25.75716006
2024-02-03 12:00:00+00:00,42999.0,43173.0,42888.0,43113.0,43.7879887
2024-02-03 16:00:00+00:00,43130.0,43274.0,43019.0,43050.0,49.58679866
2024-02-03 20:00:00+00:00,43050.0,43098.0,42943.0,43004.0,70.9898567
2024-02-04 00:00:00+00:00,43004.0,43062.0,42901.0,43034.0,59.104235620000004
2024-02-04 04:00:00+00:00,43034.0,43034.0,42735.0,42847.0,122.5798671
2024-02-04 08:00:00+00:00,42837.0,43106.0,42740.0,43047.0,86.60466819
2024-02-04 12:00:00+00:00,43047.0,43109.0,42854.0,42953.0,159.31666979
2024-02-04 16:00:00+00:00,42953.0,42959.0,42573.0,42632.0,65.76757706000001
2024-02-04 20:00:00+00:00,42626.0,42987.0,42240.0,42583.0,132.21353571
2024-02-05 00:00:00+00:00,42584.0,42720.0,42247.0,42705.0,52.08123015
2024-02-05 04:00:00+00:00,42715.0,43163.0,42649.0,43069.0,58.19666231
2024-02-05 08:00:00+00:00,43073.0,43265.0,42957.0,43192.0,120.63591865000001
2024-02-05 12:00:00+00:00,43193.0,43540.0,42609.0,42649.0,283.44505329
2024-02-05 16:00:00+00:00,42648.0,42865.0,42490.0,42759.0,251.85780386
2024-02-05 20:00:00+00:00,42758.0,42786.0,42325.0,42707.0,269.76844497
2024-02-06 00:00:00+00:00,42707.0,42950.0,42574.0,42848.0,58.90890017
2024-02-06 04:00:00+00:00,42843.0,42914.0,42664.0,42885.0,44.59667785
2024-02-06 08:00:00+00:00,42891.0,43103.0,42694.0,42830.0,108.72782153
2024-02-06 12:00:00+00:00,42826.0,43264.0,42664.0,43248.0,127.15301103
2024-02-06 16:00:00+00:00,43248.0,43387.0,43018.0,43277.0,215.58697191
2024-02-06 20:00:00+00:00,43279.0,43308.0,43040.0,43101.0,154.57124546
2024-02-07 00:00:00+00:00,43084.0,43191.0,42788.0,42795.0,86.29144911
2024-02-07 04:00:00+00:00,42795.0,43050.0,42795.0,42918.0,88.82490297
2024-02-07 08:00:00+00:00,42922.0,43200.0,42852.0,42932.0,100.83875876
2024-02-07 12:00:00+00:00,42934.0,43334.0,42899.0,43092.0,232.67704768000002
2024-02-07 16:00:00+00:00,43098.0,43736.0,43058.0,43621.0,288.50607501
2024-02-07 20:00:00+00:00,43638.0,44354.0,43638.0,44328.0,942.94377062
2024-02-08 00:00:00+00:00,44330.0,44733.0,44323.0,44516.0,468.52921399
2024-02-08 04:00:00+00:00,44523.0,44606.0,44409.0,44497.0,40.356092780000004
2024-02-08 08:00:00+00:00,44501.0,44846.0,44501.0,44687.0,241.03719338
2024-02-08 12:00:00+00:00,44694.0,45438.0,44600.0,45416.0,356.32141867
2024-02-08 16:00:00+00:00,45425.0,45453.0,44890.0,45273.0,442.31603809
2024-02-08 20:00:00+00:00,45262.0,45563.0,45228.0,45279.0,118.133994
2024-02-09 00:00:00+00:00,45280.0,46321.0,45246.0,46018.0,295.21592634
2024-02-09 04:00:00+00:00,46018.0,46374.0,45828.0,46170.0,101.14715397
2024-02-09 08:00:00+00:00,46165.0,47367.0,46165.0,47218.0,950.79854556
2024-02-09 12:00:00+00:00,47216.0,47700.0,46708.0,47172.0,730.23196179
2024-02-09 16:00:00+00:00,47174.0,48190.0,47163.0,47540.0,589.39913341
2024-02-09 20:00:00+00:00,47570.0,47715.0,47100.0,47150.0,136.53008616
2024-02-10 00:00:00+00:00,47150.0,47526.0,47100.0,47401.0,94.40221261
2024-02-10 04:00:00+00:00,47404.0,47461.0,47184.0,47186.0,32.16647733
2024-02-10 08:00:00+00:00,47206.0,47290.0,46900.0,47224.0,112.8528813
2024-02-10 12:00:00+00:00,47207.0,47404.0,47136.0,47385.0,64.92662447000001
2024-02-10 16:00:00+00:00,47384.0,47689.0,47211.0,47585.0,150.03408243
2024-02-10 20:00:00+00:00,47574.0,48190.0,47515.0,47795.0,277.11485526
2024-02-11 00:00:00+00:00,47801.0,48484.0,47609.0,48484.0,631.10701543
2024-02-11 04:00:00+00:00,48484.0,48500.0,48101.0,48207.0,215.95957729
2024-02-11 08:00:00+00:00,48215.0,48465.0,47986.0,48458.0,83.1251588
2024-02-11 12:00:00+00:00,48458.0,48500.0,47980.0,48194.0,160.71827945
2024-02-11 16:00:00+00:00,48191.0,48433.0,48000.0,48326.0,141.58742925
2024-02-11 20:00:00+00:00,48337.0,48406.0,48028.0,48321.0,80.06579068
2024-02-12 00:00:00+00:00,48342.0,48841.0,48054.0,48183.0,145.29950939
2024-02-12 04:00:00+00:00,48189.0,48403.0,47800.0,48241.0,233.78283904
2024-02-12 08:00:00+00:00,48240.0,48352.0,47699.0,47934.0,965.65569506
2024-02-12 12:00:00+00:00,47945.0,49955.0,47900.0,49945.0,1354.40878209
2024-02-12 16:00:00+00:00,49946.0,50283.0,49450.0,49579.0,1342.95717224
2024-02-12 20:00:00+00:00,49600.0,50271.0,49600.0,49947.0,322.24529667
2024-02-13 00:00:00+00:00,49939.0,50349.0,49755.0,49811.0,215.50777174
2024-02-13 04:00:00+00:00,49816.0,50146.0,49816.0,50041.0,108.66681529
2024-02-13 08:00:00+00:00,50041.0,50300.0,49710.0,50033.0,179.94079526
2024-02-13 12:00:00+00:00,50035.0,50035.0,48424.0,48797.0,630.32741602
2024-02-13 16:00:00+00:00,48770.0,49703.0,48322.0,49080.0,928.41230755
2024-02-13 20:00:00+00:00,49093.0,49829.0,49080.0,49777.0,368.40827155
2024-02-14 00:00:00+00:00,49774.0,49777.0,49420.0,49590.0,54.1529493
2024-02-14 04:00:00+00:00,49594.0,49946.0,49298.0,49902.0,105.21073828
2024-02-14 08:00:00+00:00,49907.0,51735.0,49820.0,51568.0,1343.93672405
2024-02-14 12:00:00+00:00,51588.0,52005.0,51345.0,51598.0,952.54263441
2024-02-14 16:00:00+00:00,51606.0,51742.0,51234.0,51683.0,390.15678053
2024-02-14 20:00:00+00:00,51681.0,51881.0,51497.0,51779.0,228.2493271
2024-02-15 00:00:00+00:00,51788.0,52386.0,51608.0,52283.0,731.74759363
2024-02-15 04:00:00+00:00,52283.0,52304.0,51642.0,51786.0,248.65855294
2024-02-15 08:00:00+00:00,51776.0,52399.0,51625.0,52304.0,405.95423336
2024-02-15 12:00:00+00:00,52284.0,52700.0,51606.0,51864.0,627.38446551
2024-02-15 16:00:00+00:00,51865.0,52321.0,51700.0,51983.0,216.28966803
2024-02-15 20:00:00+00:00,51973.0,51978.0,51280.0,51893.0,213.99567034
2024-02-16 00:00:00+00:00,51890.0,52301.0,51806.0,52243.0,145.68090394
2024-02-16 04:00:00+00:00,52255.0,52308.0,51728.0,51740.0,110.2094658
2024-02-16 08:00:00+00:00,51735.0,52405.0,51580.0,52214.0,142.35744253000001
2024-02-16 12:00:00+00:00,52214.0,52580.0,51600.0,51855.0,484.38679637
2024-02-16 16:00:00+00:00,51848.0,52196.0,51656.0,51735.0,278.17274892
2024-02-16 20:00:00+00:00,51733.0,52216.0,51690.0,52134.0,113.46521028000001
2024-02-17 00:00:00+00:00,52143.0,52156.0,51907.0,51976.0,107.04567655
2024-02-17 04:00:00+00:00,51976.0,52063.0,51807.0,51899.0,69.37310179
2024-02-17 08:00:00+00:00,51899.0,51900.0,51508.0,51674.0,171.59009948
2024-02-17 12:00:00+00:00,51684.0,51719.0,50130.0,50987.0,527.16169866
2024-02-17 16:00:00+00:00,50977.0,51442.0,50743.0,51412.0,205.00657952
2024-02-17 20:00:00+00:00,51414.0,52005.0,51345.0,51637.0,308.89408072
2024-02-18 00:00:00+00:00,51636.0,51778.0,51165.0,51477.0,77.81997228
2024-02-18 04:00:00+00:00,51469.0,51719.0,51404.0,51652.0,138.88622498
2024-02-18 08:00:00+00:00,51649.0,52060.0,51627.0,51842.0,131.63207333
2024-02-18 12:00:00+00:00,51838.0,51950.0,51571.0,51807.0,67.97076932
2024-02-18 16:00:00+00:00,51807.0,51996.0,51686.0,51791.0,89.94666012
2024-02-18 20:00:00+00:00,51787.0,52451.0,51617.0,52070.0,404.93290668
2024-02-19 00:00:00+00:00,52075.0,52382.0,51897.0,52047.0,137.4584469
2024-02-19 04:00:00+00:00,52048.0,52466.0,51964.0,52379.0,176.87226552
2024-02-19 08:00:00+00:00,52385.0,52426.0,52050.0,52314.0,255.21607695
2024-02-19 12:00:00+00:00,52315.0,52429.0,52009.0,52112.0,170.50727085
2024-02-19 16:00:00+00:00,52108.0,52198.0,51648.0,51787.0,345.92900154
2024-02-19 20:00:00+00:00,51772.0,52002.0,51667.0,51731.0,108.56295857
2024-02-20 00:00:00+00:00,51732.0,51777.0,51280.0,51555.0,80.8710588
2024-02-20 04:00:00+00:00,51556.0,52002.0,51502.0,51800.0,144.35571503
2024-02-20 08:00:00+00:00,51799.0,52360.0,51542.0,52257.0,186.47948229
2024-02-20 12:00:00+00:00,52263.0,52880.0,51324.0,51631.0,748.6418919
2024-02-20 16:00:00+00:00,51636.0,51990.0,50584.0,51989.0,889.25468647
2024-02-20 20:00:00+00:00,51980.0,52411.0,51848.0,52167.0,553.05190596
2024-02-21 00:00:00+00:00,52167.0,52279.0,51913.0,51916.0,227.46118148
2024-02-21 04:00:00+00:00,51916.0,52026.0,51469.0,51552.0,307.94651879
2024-02-21 08:00:00+00:00,51534.0,51743.0,50600.0,50924.0,469.11934457
2024-02-21 12:00:00+00:00,50927.0,51525.0,50600.0,51119.0,364.28413253
2024-02-21 16:00:00+00:00,51123.0,51382.0,50439.0,51030.0,489.62362339
2024-02-21 20:00:00+00:00,51040.0,52000.0,50876.0,51859.0,366.67247767
2024-02-22 00:00:00+00:00,51858.0,51875.0,51164.0,51601.0,90.67079226
2024-02-22 04:00:00+00:00,51588.0,51874.0,51372.0,51780.0,129.15150286
2024-02-22 08:00:00+00:00,51780.0,52000.0,51518.0,51602.0,241.94557479
2024-02-22 12:00:00+00:00,51609.0,51722.0,50902.0,51587.0,651.76985967
2024-02-22 16:00:00+00:00,51561.0,51750.0,51400.0,51508.0,371.18371098
2024-02-22 20:00:00+00:00,51522.0,52100.0,51215.0,51280.0,390.09595435
2024-02-23 00:00:00+00:00,51280.0,51537.0,50989.0,51105.0,113.0970045
2024-02-23 04:00:00+00:00,51106.0,51317.0,50900.0,50914.0,61.88608781
2024-02-23 08:00:00+00:00,50914.0,51250.0,50721.0,51218.0,202.8749501
2024-02-23 12:00:00+00:00,51216.0,51288.0,50227.0,50938.0,457.04503277
2024-02-23 16:00:00+00:00,50914.0,51195.0,50617.0,51103.0,105.97881226
2024-02-23 20:00:00+00:00,51110.0,51170.0,50499.0,50737.0,107.00444587
2024-02-24 00:00:00+00:00,50737.0,50897.0,50589.0,50836.0,60.83875945
2024-02-24 04:00:00+00:00,50836.0,51087.0,50832.0,51073.0,208.48100988
2024-02-24 08:00:00+00:00,51083.0,51152.0,50968.0,51109.0,68.67243627
2024-02-24 12:00:00+00:00,51108.0,51172.0,51037.0,51112.0,180.58555985
2024-02-24 16:00:00+00:00,51112.0,51717.0,51107.0,51615.0,410.27463556
2024-02-24 20:00:00+00:00,51616.0,51736.0,51488.0,51630.0,48.617567890000004
2024-02-25 00:00:00+00:00,51629.0,51963.0,51520.0,51699.0,422.25266418
2024-02-25 04:00:00+00:00,51698.0,51833.0,51590.0,51730.0,123.43037272
2024-02-25 08:00:00+00:00,51730.0,51798.0,51571.0,51686.0,67.61496622
2024-02-25 12:00:00+00:00,51685.0,51777.0,51493.0,51535.0,184.78165865
2024-02-25 16:00:00+00:00,51538.0,51716.0,51307.0,51663.0,212.61812062
2024-02-25 20:00:00+00:00,51658.0,51949.0,51637.0,51715.0,266.35249646
2024-02-26 00:00:00+00:00,51725.0,51779.0,51442.0,51586.0,128.52534472
2024-02-26 04:00:00+00:00,51589.0,51628.0,51317.0,51317.0,62.861707870000004
2024-02-26 08:00:00+00:00,51317.0,51384.0,50871.0,51099.0,163.99468267
2024-02-26 12:00:00+00:00,51100.0,52833.0,50956.0,52833.0,635.0423508599999
2024-02-26 16:00:00+00:00,52837.0,54325.0,52760.0,54325.0,2612.37646876
2024-02-26 20:00:00+00:00,54325.0,54720.0,54212.0,54402.0,788.65795821
2024-02-27 00:00:00+00:00,54402.0,56626.0,54384.0,55493.0,1375.44975988
2024-02-27 04:00:00+00:00,55493.0,56300.0,55372.0,55950.0,573.34463829
2024-02-27 08:00:00+00:00,55960.0,56709.0,55923.0,56417.0,644.16806084
2024-02-27 12:00:00+00:00,56423.0,57270.0,56384.0,56689.0,1011.08001323
2024-02-27 16:00:00+00:00,56674.0,57537.0,56183.0,57264.0,678.27395915
2024-02-27 20:00:00+00:00,57264.0,57291.0,56522.0,56999.0,214.65293597000002
2024-02-28 00:00:00+00:00,57013.0,57055.0,56668.0,56860.0,216.55553932
2024-02-28 04:00:00+00:00,56866.0,58300.0,56829.0,58176.0,342.3382093
2024-02-28 08:00:00+00:00,58187.0,59757.0,58102.0,58920.0,1058.81465265
2024-02-28 12:00:00+00:00,58921.0,61236.0,58860.0,60882.0,1213.15936338
2024-02-28 16:00:00+00:00,60882.0,63905.0,58813.0,60871.0,2950.52887552
2024-02-28 20:00:00+00:00,60870.0,62593.0,59622.0,62372.0,851.72905908
2024-02-29 00:00:00+00:00,62374.0,62377.0,60979.0,61467.0,513.81485567
2024-02-29 04:00:00+00:00,61483.0,63578.0,61247.0,62639.0,557.30518115
2024-02-29 08:00:00+00:00,62655.0,63210.0,62129.0,62884.0,721.58432795
2024-02-29 12:00:00+00:00,62867.0,63444.0,62017.0,62743.0,1025.21801162
2024-02-29 16:00:00+00:00,62731.0,62848.0,60201.0,61565.0,845.28767377
2024-02-29 20:00:00+00:00,61566.0,62288.0,60611.0,61143.0,441.8852983
2024-03-01 00:00:00+00:00,61126.0,61720.0,60500.0,61084.0,258.63930644
2024-03-01 04:00:00+00:00,61084.0,61739.0,60968.0,61417.0,285.00861202
2024-03-01 08:00:00+00:00,61441.0,62248.0,61337.0,61877.0,378.11371074
2024-03-01 12:00:00+00:00,61904.0,62622.0,61140.0,61243.0,693.80727597
2024-03-01 16:00:00+00:00,61249.0,62410.0,61234.0,62124.0,311.1898604
2024-03-01 20:00:00+00:00,62129.0,63028.0,62129.0,62348.0,585.21138553
2024-03-02 00:00:00+00:00,62330.0,62406.0,61902.0,62258.0,199.20365989
2024-03-02 04:00:00+00:00,62234.0,62258.0,61767.0,62013.0,273.97007938
2024-03-02 08:00:00+00:00,62009.0,62102.0,61672.0,61835.0,312.30294092
2024-03-02 12:00:00+00:00,61831.0,62142.0,61584.0,61757.0,210.14704412
2024-03-02 16:00:00+00:00,61756.0,62066.0,61651.0,62066.0,191.53028535
2024-03-02 20:00:00+00:00,62058.0,62139.0,61700.0,61962.0,185.56176843
2024-03-03 00:00:00+00:00,61972.0,61984.0,61652.0,61911.0,150.35251331
2024-03-03 04:00:00+00:00,61912.0,62057.0,61350.0,61621.0,228.86914861
2024-03-03 08:00:00+00:00,61613.0,61887.0,61426.0,61804.0,166.61369463
2024-03-03 12:00:00+00:00,61804.0,62647.0,61803.0,62192.0,325.26639214
2024-03-03 16:00:00+00:00,62190.0,63078.0,62112.0,62769.0,464.80117384
2024-03-03 20:00:00+00:00,62774.0,63248.0,62628.0,63121.0,379.9973056
2024-03-04 00:00:00+00:00,63113.0,64300.0,62216.0,63458.0,541.12437261
2024-03-04 04:00:00+00:00,63469.0,64282.0,63269.0,64082.0,355.89673418
2024-03-04 08:00:00+00:00,64083.0,65600.0,64032.0,65259.0,858.45261661
2024-03-04 12:00:00+00:00,65265.0,66624.0,64647.0,66444.0,1010.61346067
2024-03-04 16:00:00+00:00,66443.0,67500.0,66103.0,67379.0,1246.04025366
2024-03-04 20:00:00+00:00,67390.0,68161.0,66732.0,68098.0,1437.24101751
2024-03-05 00:00:00+00:00,68098.0,68391.0,67432.0,67997.0,843.60807217
2024-03-05 04:00:00+00:00,68002.0,68149.0,64932.0,66122.0,1541.86929831
2024-03-05 08:00:00+00:00,66122.0,67053.0,65525.0,66577.0,635.74304166
2024-03-05 12:00:00+00:00,66587.0,68874.0,66300.0,66682.0,1395.94661721
2024-03-05 16:00:00+00:00,66673.0,66889.0,59008.0,61341.0,3411.99797707
2024-03-05 20:00:00+00:00,61337.0,64391.0,61252.0,63772.0,1502.76962968
2024-03-06 00:00:00+00:00,63771.0,64177.0,62783.0,63270.0,328.64819283
2024-03-06 04:00:00+00:00,63275.0,66741.0,63255.0,66691.0,1143.65598888
2024-03-06 08:00:00+00:00,66666.0,67681.0,65999.0,67319.0,1040.5723788
2024-03-06 12:00:00+00:00,67313.0,67612.0,63846.0,66504.0,1364.13256194
2024-03-06 16:00:00+00:00,66511.0,67461.0,66308.0,66811.0,357.61956149
2024-03-06 20:00:00+00:00,66810.0,67461.0,65716.0,66073.0,276.13203267
2024-03-07 00:00:00+00:00,66073.0,66463.0,65595.0,65883.0,183.87613349
2024-03-07 04:00:00+00:00,65875.0,66452.0,65681.0,66397.0,219.94418312
2024-03-07 08:00:00+00:00,66386.0,67231.0,66366.0,66856.0,306.04422348
2024-03-07 12:00:00+00:00,66860.0,67854.0,66555.0,67243.0,573.87423234
2024-03-07 16:00:00+00:00,67246.0,67962.0,67027.0,67472.0,429.92497541
2024-03-07 20:00:00+00:00,67480.0,67900.0,66700.0,66727.0,475.95266937
2024-03-08 00:00:00+00:00,66735.0,67205.0,66664.0,67067.0,307.40873318
2024-03-08 04:00:00+00:00,67067.0,67564.0,66720.0,67169.0,342.40146879
2024-03-08 08:00:00+00:00,67166.0,67631.0,66971.0,67631.0,317.79097587
2024-03-08 12:00:00+00:00,67631.0,69839.0,67163.0,67575.0,1372.70487284
2024-03-08 16:00:00+00:00,67551.0,68803.0,66036.0,68800.0,1785.02475262
2024-03-08 20:00:00+00:00,68801.0,69273.0,67700.0,68004.0,542.49786309
2024-03-09 00:00:00+00:00,68010.0,68165.0,67719.0,68100.0,311.34349046
2024-03-09 04:00:00+00:00,68106.0,68413.0,68000.0,68204.0,196.49382512
2024-03-09 08:00:00+00:00,68201.0,68340.0,67970.0,68235.0,356.34499169000003
2024-03-09 12:00:00+00:00,68240.0,68534.0,68019.0,68182.0,311.16979295
2024-03-09 16:00:00+00:00,68182.0,68230.0,67964.0,68101.0,293.04702711
2024-03-09 20:00:00+00:00,68096.0,68309.0,68021.0,68205.0,365.81154453
2024-03-10 00:00:00+00:00,68205.0,69140.0,68090.0,69000.0,314.66068649
2024-03-10 04:00:00+00:00,69016.0,69503.0,68893.0,69300.0,410.55205714
2024-03-10 08:00:00+00:00,69300.0,69861.0,68990.0,69500.0,907.05541027
2024-03-10 12:00:00+00:00,69500.0,69788.0,68652.0,69141.0,411.4336951
2024-03-10 16:00:00+00:00,69140.0,69705.0,69063.0,69334.0,266.62786104
2024-03-10 20:00:00+00:00,69334.0,69386.0,68047.0,68951.0,618.71893375
2024-03-11 00:00:00+00:00,68950.0,68950.0,67000.0,68505.0,1057.10151119
2024-03-11 04:00:00+00:00,68509.0,71190.0,68369.0,71010.0,2039.35405409
2024-03-11 08:00:00+00:00,71011.0,72000.0,71011.0,71257.0,1934.47179215
2024-03-11 12:00:00+00:00,71250.0,72383.0,71185.0,71842.0,1012.80802914
2024-03-11 16:00:00+00:00,71862.0,72589.0,71643.0,71820.0,717.69484773
2024-03-11 20:00:00+00:00,71830.0,72606.0,71716.0,71937.0,357.3399316
2024-03-12 00:00:00+00:00,71942.0,72365.0,71273.0,71484.0,349.1561679
2024-03-12 04:00:00+00:00,71474.0,72220.0,71214.0,72011.0,449.46474809
2024-03-12 08:00:00+00:00,72010.0,72199.0,71300.0,71887.0,334.48957917
2024-03-12 12:00:00+00:00,71900.0,72760.0,70814.0,71303.0,1613.58464419
2024-03-12 16:00:00+00:00,71319.0,71474.0,68357.0,71008.0,3427.78877998
2024-03-12 20:00:00+00:00,71009.0,71292.0,70369.0,71221.0,719.80310339
2024-03-13 00:00:00+00:00,71232.0,72138.0,71172.0,71965.0,273.76777435
2024-03-13 04:00:00+00:00,71966.0,72966.0,71880.0,72797.0,660.0305492
2024-03-13 08:00:00+00:00,72797.0,73588.0,72797.0,72975.0,572.11633184
2024-03-13 12:00:00+00:00,72976.0,73090.0,70976.0,72515.0,977.6883169
2024-03-13 16:00:00+00:00,72524.0,73268.0,72270.0,73249.0,365.52971376
2024-03-13 20:00:00+00:00,73268.0,73290.0,72764.0,72998.0,222.50083316
2024-03-14 00:00:00+00:00,72991.0,73187.0,72471.0,73149.0,221.83110446
2024-03-14 04:00:00+00:00,73150.0,73666.0,72449.0,73123.0,1093.23999749
2024-03-14 08:00:00+00:00,73123.0,73433.0,72536.0,72742.0,313.97359682
2024-03-14 12:00:00+00:00,72743.0,72898.0,70532.0,70815.0,686.8707652
2024-03-14 16:00:00+00:00,70807.0,71370.0,68530.0,69310.0,744.77301281
2024-03-14 20:00:00+00:00,69317.0,71629.0,69252.0,71353.0,417.5095523
2024-03-15 00:00:00+00:00,71351.0,72413.0,65924.0,68153.0,1052.18145185
2024-03-15 04:00:00+00:00,68153.0,68860.0,66853.0,68397.0,527.1813369
2024-03-15 08:00:00+00:00,68396.0,68525.0,65460.0,67764.0,1073.46453063
2024-03-15 12:00:00+00:00,67765.0,68715.0,67500.0,68124.0,732.4056322
2024-03-15 16:00:00+00:00,68124.0,70627.0,67447.0,68900.0,1079.65314769
2024-03-15 20:00:00+00:00,68884.0,69921.0,67356.0,69520.0,618.37624805
2024-03-16 00:00:00+00:00,69520.0,70071.0,68975.0,69214.0,230.8455904
2024-03-16 04:00:00+00:00,69212.0,69576.0,68533.0,69439.0,274.26516057
2024-03-16 08:00:00+00:00,69434.0,69434.0,67600.0,68219.0,881.2702650800001
2024-03-16 12:00:00+00:00,68219.0,68912.0,67525.0,68388.0,404.68900459
2024-03-16 16:00:00+00:00,68400.0,68429.0,66666.0,66901.0,490.81736451
2024-03-16 20:00:00+00:00,66895.0,67558.0,64867.0,65304.0,1105.78511085
2024-03-17 00:00:00+00:00,65264.0,66773.0,65133.0,66563.0,536.49412468
2024-03-17 04:00:00+00:00,66578.0,66615.0,64593.0,65654.0,702.60222853
2024-03-17 08:00:00+00:00,65634.0,67507.0,65331.0,67001.0,646.27720508
2024-03-17 12:00:00+00:00,67001.0,68367.0,66507.0,68008.0,342.04259267
2024-03-17 16:00:00+00:00,68009.0,68887.0,67826.0,68604.0,1130.14366781
2024-03-17 20:00:00+00:00,68604.0,68927.0,68052.0,68453.0,344.88515368000003
2024-03-18 00:00:00+00:00,68450.0,68470.0,66892.0,67969.0,399.83533504
2024-03-18 04:00:00+00:00,67974.0,68940.0,67714.0,68231.0,281.71307191
2024-03-18 08:00:00+00:00,68222.0,68469.0,67315.0,68265.0,251.44845385
2024-03-18 12:00:00+00:00,68267.0,68574.0,66647.0,67484.0,403.35681109
2024-03-18 16:00:00+00:00,67458.0,68044.0,66633.0,66876.0,611.67297118
2024-03-18 20:00:00+00:00,66882.0,68168.0,66882.0,67609.0,375.425853
2024-03-19 00:00:00+00:00,67606.0,68136.0,64959.0,65944.0,988.24342572
2024-03-19 04:00:00+00:00,65927.0,66024.0,63640.0,64745.0,1012.44605422
2024-03-19 08:00:00+00:00,64744.0,64744.0,62527.0,63095.0,1146.55275178
2024-03-19 12:00:00+00:00,63098.0,64187.0,62555.0,64120.0,1290.95742239
2024-03-19 16:00:00+00:00,64091.0,65870.0,64047.0,64511.0,1205.71517329
2024-03-19 20:00:00+00:00,64506.0,64605.0,61689.0,62030.0,1333.0983474
2024-03-20 00:00:00+00:00,62022.0,63536.0,61769.0,61983.0,538.91679423
2024-03-20 04:00:00+00:00,61986.0,63277.0,60870.0,63038.0,575.78271677
2024-03-20 08:00:00+00:00,63044.0,63999.0,62698.0,63448.0,503.12666091
2024-03-20 12:00:00+00:00,63448.0,64444.0,63151.0,63667.0,528.76797473
2024-03-20 16:00:00+00:00,63664.0,66083.0,61735.0,65883.0,1201.04359508
2024-03-20 20:00:00+00:00,65884.0,68202.0,65756.0,67912.0,1179.59760026
2024-03-21 00:00:00+00:00,67923.0,68280.0,66509.0,66781.0,1032.29331448
2024-03-21 04:00:00+00:00,66822.0,67472.0,66208.0,67093.0,355.82460611
2024-03-21 08:00:00+00:00,67090.0,67772.0,66761.0,67172.0,313.13488685
2024-03-21 12:00:00+00:00,67203.0,67801.0,66133.0,66631.0,419.51202057
2024-03-21 16:00:00+00:00,66634.0,67063.0,64971.0,65330.0,894.29542259
2024-03-21 20:00:00+00:00,65329.0,66007.0,64623.0,65577.0,344.56984049
2024-03-22 00:00:00+00:00,65577.0,66232.0,65209.0,66071.0,167.25065362
2024-03-22 04:00:00+00:00,66123.0,66712.0,65862.0,66267.0,122.77439671
2024-03-22 08:00:00+00:00,66295.0,66457.0,64164.0,64284.0,309.4828024
2024-03-22 12:00:00+00:00,64284.0,64638.0,62626.0,63860.0,1727.50440843
2024-03-22 16:00:00+00:00,63859.0,64141.0,62765.0,63865.0,314.65755425
2024-03-22 20:00:00+00:00,63870.0,63999.0,62201.0,63828.0,508.88311594
2024-03-23 00:00:00+00:00,63826.0,64344.0,63059.0,63607.0,274.86720635
2024-03-23 04:00:00+00:00,63590.0,64958.0,63552.0,64621.0,225.5310309
2024-03-23 08:00:00+00:00,64600.0,64864.0,64222.0,64665.0,138.24547499
2024-03-23 12:00:00+00:00,64665.0,65684.0,64336.0,65143.0,230.91906961
2024-03-23 16:00:00+00:00,65125.0,65973.0,64764.0,64879.0,261.00450053000003
2024-03-23 20:00:00+00:00,64879.0,65170.0,63968.0,64034.0,178.14481674
2024-03-24 00:00:00+00:00,64028.0,64737.0,63976.0,63996.0,61.44819844
2024-03-24 04:00:00+00:00,64002.0,64686.0,63826.0,64626.0,204.83435395
2024-03-24 08:00:00+00:00,64626.0,65430.0,64539.0,65380.0,265.15641868
2024-03-24 12:00:00+00:00,65380.0,65990.0,65266.0,65728.0,316.93681543
2024-03-24 16:00:00+00:00,65732.0,66032.0,64670.0,65879.0,330.94881141
2024-03-24 20:00:00+00:00,65867.0,67949.0,65772.0,67280.0,843.02892835
2024-03-25 00:00:00+00:00,67281.0,67400.0,66397.0,67400.0,758.03473521
2024-03-25 04:00:00+00:00,67403.0,67803.0,66781.0,66858.0,419.51994014
2024-03-25 08:00:00+00:00,66858.0,67499.0,66802.0,66862.0,409.53159239
2024-03-25 12:00:00+00:00,66863.0,69937.0,66850.0,69762.0,1663.87026213
2024-03-25 16:00:00+00:00,69781.0,70878.0,69459.0,70873.0,1088.05783356
2024-03-25 20:00:00+00:00,70878.0,70983.0,69525.0,69824.0,319.78541164
2024-03-26 00:00:00+00:00,69823.0,70538.0,69700.0,70371.0,228.95412431
2024-03-26 04:00:00+00:00,70371.0,71444.0,70219.0,70461.0,576.45746218
2024-03-26 08:00:00+00:00,70460.0,71272.0,70258.0,70695.0,390.78007666
2024-03-26 12:00:00+00:00,70695.0,71116.0,69327.0,70263.0,328.21763586
2024-03-26 16:00:00+00:00,70251.0,70480.0,69442.0,69500.0,268.43909354
2024-03-26 20:00:00+00:00,69500.0,70308.0,69409.0,69985.0,72.96795735
2024-03-27 00:00:00+00:00,69996.0,70730.0,69836.0,70395.0,162.46685818
2024-03-27 04:00:00+00:00,70378.0,70559.0,69674.0,69751.0,143.84908046
2024-03-27 08:00:00+00:00,69759.0,70324.0,69441.0,70180.0,101.34161937
2024-03-27 12:00:00+00:00,70194.0,71611.0,68251.0,68886.0,2258.89634392
2024-03-27 16:00:00+00:00,68886.0,69881.0,68444.0,68669.0,1116.6436572
2024-03-27 20:00:00+00:00,68667.0,70202.0,68637.0,69467.0,420.85935105
2024-03-28 00:00:00+00:00,69476.0,69963.0,68928.0,69348.0,285.49929821
2024-03-28 04:00:00+00:00,69318.0,70457.0,69318.0,70404.0,280.03489953
2024-03-28 08:00:00+00:00,70404.0,70928.0,70334.0,70640.0,266.0148982
2024-03-28 12:00:00+00:00,70669.0,71557.0,70375.0,71254.0,399.01163411
2024-03-28 16:00:00+00:00,71255.0,71325.0,70451.0,70835.0,176.01064079
2024-03-28 20:00:00+00:00,70836.0,71064.0,70589.0,70776.0,163.15337204
2024-03-29 00:00:00+00:00,70786.0,70893.0,70253.0,70450.0,72.91803543
2024-03-29 04:00:00+00:00,70451.0,70518.0,69728.0,69785.0,146.65143532
2024-03-29 08:00:00+00:00,69784.0,70375.0,69576.0,70201.0,281.91826355
2024-03-29 12:00:00+00:00,70214.0,70644.0,69015.0,69090.0,602.26035462
2024-03-29 16:00:00+00:00,69090.0,69780.0,69090.0,69639.0,319.95128215
2024-03-29 20:00:00+00:00,69639.0,69927.0,69324.0,69862.0,48.86918214
2024-03-30 00:00:00+00:00,69863.0,70076.0,69765.0,69809.0,32.02156904
2024-03-30 04:00:00+00:00,69797.0,70300.0,69787.0,69911.0,49.96170395
2024-03-30 08:00:00+00:00,69909.0,70202.0,69899.0,70199.0,35.60026188
2024-03-30 12:00:00+00:00,70199.0,70274.0,69997.0,70057.0,83.18997687
2024-03-30 16:00:00+00:00,70056.0,70301.0,69778.0,69966.0,80.09276282
2024-03-30 20:00:00+00:00,69965.0,69965.0,69631.0,69669.0,30.13970963
2024-03-31 00:00:00+00:00,69652.0,70180.0,69652.0,69977.0,35.69390867
2024-03-31 04:00:00+00:00,69977.0,70500.0,69958.0,70387.0,109.29790443
2024-03-31 08:00:00+00:00,70388.0,70530.0,70270.0,70456.0,77.52266028
2024-03-31 12:00:00+00:00,70456.0,70834.0,70402.0,70480.0,275.17205726
2024-03-31 16:00:00+00:00,70479.0,71287.0,70434.0,71130.0,506.53343241
2024-03-31 20:00:00+00:00,71131.0,71444.0,70773.0,71402.0,202.64296323
2024-04-01 00:00:00+00:00,71373.0,71373.0,70615.0,70686.0,94.07773956
2024-04-01 04:00:00+00:00,70685.0,70720.0,69002.0,69693.0,567.63202765
2024-04-01 08:00:00+00:00,69693.0,69826.0,69224.0,69540.0,76.18840780000001
2024-04-01 12:00:00+00:00,69541.0,70095.0,68272.0,68341.0,1011.60759931
2024-04-01 16:00:00+00:00,68282.0,69835.0,68099.0,69710.0,622.54234398
2024-04-01 20:00:00+00:00,69710.0,69900.0,69287.0,69691.0,191.21952646
2024-04-02 00:00:00+00:00,69691.0,69691.0,65822.0,66671.0,665.17649926
2024-04-02 04:00:00+00:00,66670.0,67069.0,66054.0,66443.0,408.62660819
2024-04-02 08:00:00+00:00,66427.0,66660.0,64192.0,65552.0,821.55653877
2024-04-02 12:00:00+00:00,65542.0,66230.0,64679.0,64876.0,1234.40745023
2024-04-02 16:00:00+00:00,64891.0,66225.0,64656.0,65975.0,217.83507484
2024-04-02 20:00:00+00:00,65968.0,66132.0,65208.0,65495.0,125.20426609
2024-04-03 00:00:00+00:00,65494.0,66440.0,64587.0,66264.0,431.60441819
2024-04-03 04:00:00+00:00,66250.0,66520.0,65960.0,66149.0,146.90798033
2024-04-03 08:00:00+00:00,66149.0,66600.0,65516.0,66097.0,225.77433866
2024-04-03 12:00:00+00:00,66109.0,66931.0,65682.0,65861.0,298.56910898
2024-04-03 16:00:00+00:00,65856.0,66569.0,65481.0,65827.0,271.55791479
2024-04-03 20:00:00+00:00,65826.0,66273.0,65525.0,65966.0,59.02168482
2024-04-04 00:00:00+00:00,65960.0,66325.0,65421.0,65617.0,85.01562121
2024-04-04 04:00:00+00:00,65617.0,66238.0,65048.0,66065.0,82.57798983
2024-04-04 08:00:00+00:00,66020.0,66393.0,66009.0,66274.0,150.83659506
2024-04-04 12:00:00+00:00,66274.0,68035.0,66273.0,67613.0,495.27075574
2024-04-04 16:00:00+00:00,67613.0,69634.0,67544.0,68483.0,722.69298595
2024-04-04 20:00:00+00:00,68484.0,69450.0,67266.0,68502.0,696.85211975
2024-04-05 00:00:00+00:00,68502.0,68732.0,67378.0,67858.0,240.18919981
2024-04-05 04:00:00+00:00,67859.0,67996.0,66423.0,66896.0,230.21382157
2024-04-05 08:00:00+00:00,66908.0,67643.0,66398.0,66501.0,236.29141889
2024-04-05 12:00:00+00:00,66502.0,68575.0,65959.0,68241.0,788.59328812
2024-04-05 16:00:00+00:00,68235.0,68381.0,67351.0,67422.0,145.04802461
2024-04-05 20:00:00+00:00,67411.0,67980.0,67371.0,67819.0,38.75597062
2024-04-06 00:00:00+00:00,67833.0,68064.0,67491.0,67825.0,21.27642534
2024-04-06 04:00:00+00:00,67815.0,68214.0,67649.0,68031.0,61.49347897
2024-04-06 08:00:00+00:00,68030.0,68105.0,67379.0,67633.0,134.08164658
2024-04-06 12:00:00+00:00,67633.0,68275.0,67549.0,68098.0,45.90271569
2024-04-06 16:00:00+00:00,68133.0,68482.0,67964.0,68261.0,79.36419192
2024-04-06 20:00:00+00:00,68262.0,69687.0,68193.0,68880.0,179.5492501
2024-04-07 00:00:00+00:00,68889.0,69778.0,68850.0,69413.0,44.10722355
2024-04-07 04:00:00+00:00,69412.0,69481.0,69065.0,69352.0,33.18058323
2024-04-07 08:00:00+00:00,69353.0,69525.0,69193.0,69333.0,63.94446732
2024-04-07 12:00:00+00:00,69317.0,69862.0,69202.0,69522.0,95.17893707
2024-04-07 16:00:00+00:00,69521.0,70222.0,68820.0,69027.0,284.13485986
2024-04-07 20:00:00+00:00,69027.0,69419.0,68888.0,69342.0,31.28089728
2024-04-08 00:00:00+00:00,69343.0,69930.0,69036.0,69445.0,129.2410042
2024-04-08 04:00:00+00:00,69444.0,70847.0,69278.0,70707.0,338.59568923
2024-04-08 08:00:00+00:00,70706.0,72657.0,70691.0,72467.0,2039.28708318
2024-04-08 12:00:00+00:00,72468.0,72762.0,71314.0,71855.0,417.86750037
2024-04-08 16:00:00+00:00,71845.0,72142.0,71408.0,71751.0,104.29195962
2024-04-08 20:00:00+00:00,71752.0,72029.0,71553.0,71675.0,61.60811635
2024-04-09 00:00:00+00:00,71674.0,71751.0,70724.0,71302.0,306.92437826
2024-04-09 04:00:00+00:00,71295.0,71351.0,70211.0,70382.0,596.04132408
2024-04-09 08:00:00+00:00,70382.0,70950.0,69721.0,70842.0,637.67755815
2024-04-09 12:00:00+00:00,70844.0,71000.0,68553.0,69240.0,811.42612569
2024-04-09 16:00:00+00:00,69239.0,69289.0,68238.0,69052.0,305.93529833
2024-04-09 20:00:00+00:00,69052.0,69404.0,68915.0,69165.0,169.04902974
2024-04-10 00:00:00+00:00,69163.0,69663.0,68473.0,69172.0,193.80263482
2024-04-10 04:00:00+00:00,69137.0,69529.0,69047.0,69359.0,101.61427188
2024-04-10 08:00:00+00:00,69337.0,69337.0,68700.0,69082.0,242.01018154
2024-04-10 12:00:00+00:00,69082.0,69334.0,67559.0,68696.0,933.14743301
2024-04-10 16:00:00+00:00,68724.0,70126.0,68641.0,70126.0,518.76633169
2024-04-10 20:00:00+00:00,70127.0,71341.0,69678.0,70688.0,404.28149169
2024-04-11 00:00:00+00:00,70733.0,71088.0,70368.0,70888.0,118.85019372
2024-04-11 04:00:00+00:00,70893.0,71352.0,70432.0,70816.0,402.43912355
2024-04-11 08:00:00+00:00,70815.0,71289.0,69939.0,70027.0,329.76450536
2024-04-11 12:00:00+00:00,70030.0,71125.0,69650.0,70099.0,286.76856128000003
2024-04-11 16:00:00+00:00,70098.0,70632.0,69667.0,70529.0,87.83824481
2024-04-11 20:00:00+00:00,70530.0,71444.0,69897.0,70104.0,186.75566218
2024-04-12 00:00:00+00:00,70103.0,71065.0,70093.0,71065.0,91.07152743
2024-04-12 04:00:00+00:00,71062.0,71291.0,70634.0,70892.0,61.5375019
2024-04-12 08:00:00+00:00,70850.0,71043.0,70626.0,70983.0,124.22064351
2024-04-12 12:00:00+00:00,70978.0,71037.0,69238.0,69408.0,484.68611243
2024-04-12 16:00:00+00:00,69406.0,69620.0,65103.0,66914.0,1182.7621649
2024-04-12 20:00:00+00:00,66909.0,67615.0,66649.0,67061.0,810.17199969
2024-04-13 00:00:00+00:00,67058.0,67114.0,65734.0,67114.0,270.19607984
2024-04-13 04:00:00+00:00,67114.0,67867.0,67005.0,67358.0,285.7429878
2024-04-13 08:00:00+00:00,67358.0,67806.0,67053.0,67351.0,174.14747361
2024-04-13 12:00:00+00:00,67372.0,67878.0,67198.0,67653.0,106.69010552
2024-04-13 16:00:00+00:00,67654.0,67739.0,64151.0,64748.0,1235.94585016
2024-04-13 20:00:00+00:00,64731.0,65635.0,61593.0,64006.0,2242.33956516
2024-04-14 00:00:00+00:00,63985.0,64372.0,62190.0,63488.0,497.90067402
2024-04-14 04:00:00+00:00,63485.0,64956.0,63467.0,64529.0,456.70708495
2024-04-14 08:00:00+00:00,64541.0,64934.0,63976.0,64272.0,192.84628996
2024-04-14 12:00:00+00:00,64236.0,64884.0,63541.0,64269.0,403.24080753
2024-04-14 16:00:00+00:00,64265.0,64800.0,62600.0,64286.0,640.0722728
2024-04-14 20:00:00+00:00,64266.0,65909.0,63431.0,65793.0,337.1886721
2024-04-15 00:00:00+00:00,65770.0,66000.0,65051.0,65226.0,177.50134357
2024-04-15 04:00:00+00:00,65226.0,66666.0,64784.0,66436.0,343.22657732
2024-04-15 08:00:00+00:00,66392.0,66888.0,65920.0,65950.0,260.22553091
2024-04-15 12:00:00+00:00,65944.0,66413.0,63858.0,64651.0,450.79964556
2024-04-15 16:00:00+00:00,64658.0,64904.0,62323.0,63403.0,626.56182591
2024-04-15 20:00:00+00:00,63424.0,63725.0,62819.0,63488.0,630.65072081
2024-04-16 00:00:00+00:00,63511.0,63989.0,62819.0,63054.0,262.61443958
2024-04-16 04:00:00+00:00,63065.0,63889.0,61730.0,63639.0,404.67232663
2024-04-16 08:00:00+00:00,63647.0,63758.0,61751.0,63205.0,323.48652162
2024-04-16 12:00:00+00:00,63200.0,63515.0,61807.0,61846.0,334.74291398
2024-04-16 16:00:00+00:00,61845.0,63340.0,61782.0,62792.0,199.49224541
2024-04-16 20:00:00+00:00,62774.0,64415.0,62666.0,63874.0,279.44849709
2024-04-17 00:00:00+00:00,63884.0,64359.0,63658.0,63934.0,101.48097585000001
2024-04-17 04:00:00+00:00,63903.0,64534.0,63332.0,63359.0,157.99064536
2024-04-17 08:00:00+00:00,63352.0,63648.0,62628.0,62653.0,287.49807219
2024-04-17 12:00:00+00:00,62653.0,63040.0,59980.0,60373.0,1019.4235179
2024-04-17 16:00:00+00:00,60365.0,62019.0,59810.0,61106.0,494.65805811
2024-04-17 20:00:00+00:00,61142.0,61836.0,60898.0,61375.0,221.35771649
2024-04-18 00:00:00+00:00,61351.0,62300.0,61040.0,62095.0,238.37321022
2024-04-18 04:00:00+00:00,62088.0,62172.0,60914.0,61269.0,161.67567909
2024-04-18 08:00:00+00:00,61332.0,63147.0,60954.0,62699.0,270.27516953
2024-04-18 12:00:00+00:00,62698.0,64194.0,61600.0,63506.0,510.91313675
2024-04-18 16:00:00+00:00,63542.0,63876.0,62208.0,63529.0,256.97531156
2024-04-18 20:00:00+00:00,63552.0,63862.0,63212.0,63529.0,219.7047825
2024-04-19 00:00:00+00:00,63528.0,63532.0,59675.0,61837.0,626.36208566
2024-04-19 04:00:00+00:00,61852.0,65242.0,61836.0,64595.0,608.58981431
2024-04-19 08:00:00+00:00,64609.0,65501.0,64195.0,64967.0,284.60987228
2024-04-19 12:00:00+00:00,64908.0,65487.0,63918.0,64473.0,170.12976786
2024-04-19 16:00:00+00:00,64500.0,64860.0,63568.0,64390.0,243.31134908
2024-04-19 20:00:00+00:00,64406.0,64566.0,63022.0,63867.0,344.36723992
2024-04-20 00:00:00+00:00,63890.0,64297.0,63174.0,64077.0,149.35314499
2024-04-20 04:00:00+00:00,64059.0,64353.0,63915.0,64049.0,99.71207512
2024-04-20 08:00:00+00:00,64055.0,64089.0,63381.0,63803.0,164.52232078
2024-04-20 12:00:00+00:00,63809.0,65017.0,63670.0,64891.0,154.80186628
2024-04-20 16:00:00+00:00,64901.0,65465.0,64567.0,64896.0,240.80470478
2024-04-20 20:00:00+00:00,64941.0,65049.0,64646.0,65045.0,19.65758294
2024-04-21 00:00:00+00:00,65015.0,65756.0,64684.0,65229.0,72.90230908
2024-04-21 04:00:00+00:00,65212.0,65283.0,64920.0,65193.0,23.71232968
2024-04-21 08:00:00+00:00,65236.0,65495.0,64874.0,65324.0,75.42415334
2024-04-21 12:00:00+00:00,65326.0,65449.0,64865.0,65097.0,45.85750227
2024-04-21 16:00:00+00:00,65097.0,65130.0,64261.0,64597.0,165.85360931
2024-04-21 20:00:00+00:00,64597.0,65217.0,64254.0,65011.0,109.92213186
2024-04-22 00:00:00+00:00,65011.0,66186.0,64581.0,65761.0,238.86732431000001
2024-04-22 04:00:00+00:00,65792.0,66655.0,65582.0,66089.0,189.9762079
2024-04-22 08:00:00+00:00,66090.0,66266.0,65803.0,65953.0,199.6430272
2024-04-22 12:00:00+00:00,65953.0,66550.0,65721.0,66074.0,95.59018745
2024-04-22 16:00:00+00:00,66080.0,66888.0,66031.0,66602.0,90.45661302
2024-04-22 20:00:00+00:00,66614.0,68158.0,66427.0,66894.0,261.93141042
2024-04-23 00:00:00+00:00,66906.0,67253.0,66545.0,66545.0,45.68742527
2024-04-23 04:00:00+00:00,66524.0,66695.0,66131.0,66171.0,66.66392754
2024-04-23 08:00:00+00:00,66192.0,66380.0,65807.0,66091.0,115.8472996
2024-04-23 12:00:00+00:00,66109.0,67233.0,65879.0,66489.0,175.66034716000001
2024-04-23 16:00:00+00:00,66502.0,66976.0,66462.0,66529.0,67.93613436
2024-04-23 20:00:00+00:00,66523.0,66531.0,66058.0,66458.0,41.82047185
2024-04-24 00:00:00+00:00,66479.0,66962.0,66463.0,66693.0,56.82476113
2024-04-24 04:00:00+00:00,66694.0,67153.0,66651.0,66729.0,110.95077126
2024-04-24 08:00:00+00:00,66715.0,66805.0,66292.0,66644.0,38.80064426
2024-04-24 12:00:00+00:00,66633.0,66769.0,64596.0,64691.0,267.09085237
2024-04-24 16:00:00+00:00,64691.0,65180.0,63803.0,64016.0,316.68139093
2024-04-24 20:00:00+00:00,64011.0,64482.0,63666.0,64345.0,115.47225449
2024-04-25 00:00:00+00:00,64331.0,64770.0,63954.0,64371.0,51.36933172
2024-04-25 04:00:00+00:00,64358.0,64446.0,63867.0,64067.0,36.40934173
2024-04-25 08:00:00+00:00,64068.0,64209.0,63366.0,63908.0,210.1342428
2024-04-25 12:00:00+00:00,63906.0,64484.0,62818.0,64196.0,381.06829228
2024-04-25 16:00:00+00:00,64192.0,65121.0,64062.0,64775.0,151.13738493
2024-04-25 20:00:00+00:00,64766.0,65381.0,64522.0,64555.0,101.1895966
2024-04-26 00:00:00+00:00,64557.0,64710.0,63948.0,64410.0,79.45189938
2024-04-26 04:00:00+00:00,64422.0,64674.0,64098.0,64322.0,28.1466791
2024-04-26 08:00:00+00:00,64350.0,64755.0,64152.0,64327.0,80.53666504
2024-04-26 12:00:00+00:00,64319.0,64839.0,63432.0,63532.0,259.22753042
2024-04-26 16:00:00+00:00,63532.0,64353.0,63374.0,63846.0,205.18769311
2024-04-26 20:00:00+00:00,63845.0,64159.0,63784.0,63875.0,67.39496184
2024-04-27 00:00:00+00:00,63872.0,64029.0,62405.0,63183.0,351.11196674
2024-04-27 04:00:00+00:00,63122.0,63285.0,62902.0,63067.0,111.26443554
2024-04-27 08:00:00+00:00,63064.0,63160.0,62708.0,62957.0,126.31179789
2024-04-27 12:00:00+00:00,62950.0,63540.0,62908.0,63038.0,232.18647071
2024-04-27 16:00:00+00:00,63039.0,63708.0,62861.0,63476.0,172.75991003000001
2024-04-27 20:00:00+00:00,63478.0,63652.0,63253.0,63574.0,132.10570093
2024-04-28 00:00:00+00:00,63577.0,64470.0,63577.0,64156.0,95.07410072
2024-04-28 04:00:00+00:00,64157.0,64183.0,63917.0,64035.0,42.06816466
2024-04-28 08:00:00+00:00,64054.0,64069.0,63428.0,63541.0,48.13492857
2024-04-28 12:00:00+00:00,63532.0,63947.0,63532.0,63641.0,22.2848036
2024-04-28 16:00:00+00:00,63640.0,64068.0,63600.0,63835.0,30.8690489
2024-04-28 20:00:00+00:00,63835.0,63835.0,62913.0,63216.0,128.81253759
2024-04-29 00:00:00+00:00,63217.0,63453.0,62270.0,62366.0,184.6155544
2024-04-29 04:00:00+00:00,62313.0,62735.0,62020.0,62519.0,176.40716069
2024-04-29 08:00:00+00:00,62516.0,62777.0,62303.0,62384.0,109.83775267
2024-04-29 12:00:00+00:00,62360.0,63222.0,61903.0,63160.0,268.39567671
2024-04-29 16:00:00+00:00,63164.0,63325.0,62668.0,63090.0,148.83042593
2024-04-29 20:00:00+00:00,63090.0,64304.0,62931.0,63960.0,121.08457132
2024-04-30 00:00:00+00:00,63944.0,64800.0,63246.0,63740.0,100.4742864
2024-04-30 04:00:00+00:00,63740.0,63792.0,63191.0,63255.0,115.41316884
2024-04-30 08:00:00+00:00,63255.0,63347.0,61113.0,61309.0,371.56848403
2024-04-30 12:00:00+00:00,61308.0,61635.0,60654.0,60882.0,476.5261304
2024-04-30 16:00:00+00:00,60884.0,61000.0,59360.0,59425.0,581.61055042
2024-04-30 20:00:00+00:00,59414.0,61179.0,59414.0,60836.0,312.65323427
2024-05-01 00:00:00+00:00,60845.0,60991.0,59777.0,60438.0,246.20217584
2024-05-01 04:00:00+00:00,60440.0,60552.0,57364.0,57631.0,1289.5293627
2024-05-01 08:00:00+00:00,57639.0,57988.0,56729.0,57964.0,924.99413568
2024-05-01 12:00:00+00:00,57982.0,58342.0,56711.0,56929.0,613.28173018
2024-05-01 16:00:00+00:00,56936.0,59532.0,56741.0,57071.0,508.74159745000003
2024-05-01 20:00:00+00:00,57096.0,58640.0,56858.0,58441.0,317.05077483
2024-05-02 00:00:00+00:00,58455.0,58669.0,57072.0,57552.0,248.34020246
2024-05-02 04:00:00+00:00,57552.0,58049.0,57347.0,57802.0,247.72713247000002
2024-05-02 08:00:00+00:00,57800.0,58820.0,57715.0,58700.0,417.03651895
2024-05-02 12:00:00+00:00,58698.0,59567.0,58349.0,59398.0,499.5693231
2024-05-02 16:00:00+00:00,59400.0,59767.0,59085.0,59469.0,352.26420665
2024-05-02 20:00:00+00:00,59466.0,59751.0,58748.0,59195.0,461.88095063000003
2024-05-03 00:00:00+00:00,59195.0,60132.0,58939.0,59888.0,291.751224
2024-05-03 04:00:00+00:00,59883.0,59992.0,59111.0,59229.0,566.84126096
2024-05-03 08:00:00+00:00,59240.0,59635.0,58914.0,59355.0,350.34992425
2024-05-03 12:00:00+00:00,59360.0,62247.0,59043.0,61833.0,1440.59357394
2024-05-03 16:00:00+00:00,61858.0,62311.0,61704.0,62208.0,76.23149751
2024-05-03 20:00:00+00:00,62188.0,63444.0,62111.0,62978.0,167.66902961
2024-05-04 00:00:00+00:00,62978.0,63681.0,62690.0,62827.0,62.09859161
2024-05-04 04:00:00+00:00,62831.0,63579.0,62812.0,63089.0,59.34505347
2024-05-04 08:00:00+00:00,63082.0,64644.0,63048.0,63983.0,152.99607381
2024-05-04 12:00:00+00:00,63983.0,64269.0,63601.0,63758.0,76.8267831
2024-05-04 16:00:00+00:00,63762.0,64108.0,63446.0,64040.0,60.96324642
2024-05-04 20:00:00+00:00,64045.0,64296.0,63600.0,63983.0,50.42933863
2024-05-05 00:00:00+00:00,63982.0,64297.0,63033.0,63377.0,164.34417069
2024-05-05 04:00:00+00:00,63375.0,64064.0,63276.0,63888.0,48.73747438
2024-05-05 08:00:00+00:00,63888.0,64031.0,63709.0,63808.0,38.90643613
2024-05-05 12:00:00+00:00,63803.0,64801.0,63779.0,64581.0,151.91882155
2024-05-05 16:00:00+00:00,64587.0,64675.0,64031.0,64046.0,278.40618967
2024-05-05 20:00:00+00:00,64051.0,64369.0,63752.0,64180.0,28.75200265
2024-05-06 00:00:00+00:00,64212.0,64614.0,63892.0,64038.0,24.7233737
2024-05-06 04:00:00+00:00,64037.0,64667.0,63952.0,64650.0,59.16932764
2024-05-06 08:00:00+00:00,64655.0,65628.0,63999.0,64316.0,307.74925879
2024-05-06 12:00:00+00:00,64343.0,64419.0,63091.0,63760.0,190.9644961
2024-05-06 16:00:00+00:00,63752.0,63828.0,62812.0,63313.0,226.94384219
2024-05-06 20:00:00+00:00,63313.0,63704.0,63169.0,63280.0,47.09222669
2024-05-07 00:00:00+00:00,63282.0,64061.0,62987.0,63349.0,61.10583974
2024-05-07 04:00:00+00:00,63348.0,63934.0,63231.0,63794.0,22.71877558
2024-05-07 08:00:00+00:00,63781.0,64480.0,63480.0,63593.0,78.66863925
2024-05-07 12:00:00+00:00,63603.0,64406.0,63186.0,63832.0,95.8082655
2024-05-07 16:00:00+00:00,63834.0,63985.0,62898.0,63149.0,59.26495148
2024-05-07 20:00:00+00:00,63138.0,63288.0,62372.0,62434.0,125.95539962
2024-05-08 00:00:00+00:00,62434.0,63085.0,62231.0,63008.0,117.23726567
2024-05-08 04:00:00+00:00,63004.0,63112.0,62254.0,62351.0,178.6992438
2024-05-08 08:00:00+00:00,62369.0,62667.0,62223.0,62411.0,46.86136949
2024-05-08 12:00:00+00:00,62410.0,62911.0,61912.0,62403.0,100.33498038
2024-05-08 16:00:00+00:00,62386.0,62864.0,62082.0,62286.0,84.25659047
2024-05-08 20:00:00+00:00,62289.0,62346.0,61020.0,61319.0,234.10057736
2024-05-09 00:00:00+00:00,61312.0,61929.0,61276.0,61812.0,90.83509417
2024-05-09 04:00:00+00:00,61809.0,61901.0,61276.0,61370.0,90.58908116
2024-05-09 08:00:00+00:00,61363.0,61559.0,60742.0,61204.0,146.77990458
2024-05-09 12:00:00+00:00,61221.0,62414.0,61036.0,62296.0,274.95264367
2024-05-09 16:00:00+00:00,62295.0,62781.0,61911.0,62605.0,199.48530531
2024-05-09 20:00:00+00:00,62571.0,63529.0,62480.0,63209.0,78.25327428
2024-05-10 00:00:00+00:00,63208.0,63224.0,62794.0,63022.0,22.83522866
2024-05-10 04:00:00+00:00,63021.0,63492.0,62812.0,63227.0,106.5961073
2024-05-10 08:00:00+00:00,63227.0,63436.0,62951.0,63436.0,49.43474011
2024-05-10 12:00:00+00:00,63439.0,63612.0,60803.0,61050.0,410.70860962
2024-05-10 16:00:00+00:00,61016.0,61402.0,60184.0,60760.0,550.49151746
2024-05-10 20:00:00+00:00,60786.0,61029.0,60517.0,60807.0,533.68897398
2024-05-11 00:00:00+00:00,60807.0,61098.0,60652.0,60774.0,395.82752379
2024-05-11 04:00:00+00:00,60773.0,61135.0,60765.0,61060.0,55.86581217
2024-05-11 08:00:00+00:00,61061.0,61097.0,60565.0,60772.0,48.96188209
2024-05-11 12:00:00+00:00,60773.0,61588.0,60746.0,61267.0,95.94895338
2024-05-11 16:00:00+00:00,61267.0,61504.0,61091.0,61239.0,22.69156435
2024-05-11 20:00:00+00:00,61225.0,61239.0,60891.0,60929.0,43.60271635
2024-05-12 00:00:00+00:00,60918.0,61178.0,60914.0,61046.0,22.05360369
2024-05-12 04:00:00+00:00,61045.0,61193.0,60722.0,60899.0,15.38760269
2024-05-12 08:00:00+00:00,60909.0,61492.0,60898.0,61272.0,101.8142176
2024-05-12 12:00:00+00:00,61271.0,61669.0,61212.0,61537.0,90.34782101
2024-05-12 16:00:00+00:00,61534.0,61962.0,61305.0,61530.0,118.54704875
2024-05-12 20:00:00+00:00,61531.0,61682.0,61021.0,61612.0,95.64476263
2024-05-13 00:00:00+00:00,61668.0,61920.0,60866.0,61286.0,150.70504415
2024-05-13 04:00:00+00:00,61288.0,62570.0,60951.0,62464.0,139.83392905
2024-05-13 08:00:00+00:00,62467.0,63380.0,62466.0,62834.0,135.29753592
2024-05-13 12:00:00+00:00,62837.0,63287.0,62540.0,63095.0,127.407372
2024-05-13 16:00:00+00:00,63108.0,63540.0,62663.0,63254.0,83.58567476
2024-05-13 20:00:00+00:00,63265.0,63265.0,62811.0,63020.0,21.64726446
2024-05-14 00:00:00+00:00,63001.0,63175.0,62473.0,62581.0,106.72965087
2024-05-14 04:00:00+00:00,62568.0,62840.0,61521.0,62114.0,155.54193324
2024-05-14 08:00:00+00:00,62131.0,62131.0,61632.0,61912.0,118.49897629
2024-05-14 12:00:00+00:00,61897.0,62388.0,61238.0,61890.0,245.94287782
2024-05-14 16:00:00+00:00,61882.0,61887.0,61254.0,61690.0,131.51347216
2024-05-14 20:00:00+00:00,61649.0,61860.0,61545.0,61668.0,106.71738266
2024-05-15 00:00:00+00:00,61655.0,62111.0,61436.0,62037.0,117.5545179
2024-05-15 04:00:00+00:00,62036.0,62333.0,61909.0,62282.0,147.70609629
2024-05-15 08:00:00+00:00,62296.0,63051.0,62046.0,62557.0,146.90003792
2024-05-15 12:00:00+00:00,62557.0,65147.0,62513.0,64786.0,588.17908902
2024-05-15 16:00:00+00:00,64809.0,66470.0,64809.0,66115.0,447.70030813
2024-05-15 20:00:00+00:00,66110.0,66500.0,65856.0,66320.0,204.52365570999999
2024-05-16 00:00:00+00:00,66377.0,66712.0,65873.0,66055.0,104.5059294
2024-05-16 04:00:00+00:00,66038.0,66335.0,65743.0,66240.0,144.72616305
2024-05-16 08:00:00+00:00,66240.0,66666.0,66119.0,66635.0,137.54311846
2024-05-16 12:00:00+00:00,66610.0,66799.0,65487.0,65911.0,247.64262347
2024-05-16 16:00:00+00:00,65915.0,65915.0,64715.0,65299.0,203.84315754
2024-05-16 20:00:00+00:00,65298.0,65608.0,65161.0,65314.0,46.4906531
2024-05-17 00:00:00+00:00,65325.0,65951.0,65220.0,65719.0,43.27202996
2024-05-17 04:00:00+00:00,65714.0,66595.0,65485.0,66524.0,102.93865102
2024-05-17 08:00:00+00:00,66505.0,66712.0,66220.0,66341.0,118.48164132
2024-05-17 12:00:00+00:00,66339.0,67618.0,66004.0,67278.0,422.06902233
2024-05-17 16:00:00+00:00,67299.0,67396.0,66336.0,67200.0,176.33589319
2024-05-17 20:00:00+00:00,67199.0,67199.0,66834.0,67182.0,52.24762802
2024-05-18 00:00:00+00:00,67193.0,67200.0,66885.0,67072.0,24.22470221
2024-05-18 04:00:00+00:00,67084.0,67341.0,66884.0,67028.0,19.13573776
2024-05-18 08:00:00+00:00,67028.0,67473.0,66986.0,67285.0,37.91992052
2024-05-18 12:00:00+00:00,67308.0,67326.0,66598.0,66928.0,76.83980063
2024-05-18 16:00:00+00:00,66915.0,67028.0,66812.0,66994.0,17.9122265
2024-05-18 20:00:00+00:00,66994.0,67090.0,66919.0,66995.0,16.39276462
2024-05-19 00:00:00+00:00,66995.0,67359.0,66934.0,67244.0,31.60224356
2024-05-19 04:00:00+00:00,67253.0,67400.0,67021.0,67370.0,19.48321057
2024-05-19 08:00:00+00:00,67388.0,67801.0,67051.0,67427.0,60.28934075
2024-05-19 12:00:00+00:00,67415.0,67415.0,66778.0,66949.0,60.50009722
2024-05-19 16:00:00+00:00,66949.0,67063.0,65955.0,66101.0,91.37869346
2024-05-19 20:00:00+00:00,66101.0,66487.0,66068.0,66339.0,18.27556901
2024-05-20 00:00:00+00:00,66338.0,66829.0,66166.0,66762.0,23.63629138
2024-05-20 04:00:00+00:00,66750.0,67347.0,66396.0,66920.0,97.95166184
2024-05-20 08:00:00+00:00,66902.0,67470.0,66844.0,67086.0,128.26210561
2024-05-20 12:00:00+00:00,67106.0,67586.0,66859.0,67501.0,96.82486187
2024-05-20 16:00:00+00:00,67546.0,70000.0,67500.0,70000.0,1088.75447772
2024-05-20 20:00:00+00:00,70000.0,71500.0,69001.0,71428.0,823.51117074
2024-05-21 00:00:00+00:00,71452.0,71922.0,70733.0,71239.0,275.23490071
2024-05-21 04:00:00+00:00,71253.0,71353.0,70830.0,70898.0,137.71466072
2024-05-21 08:00:00+00:00,70897.0,71450.0,70845.0,71140.0,290.6094278
2024-05-21 12:00:00+00:00,71131.0,71429.0,69696.0,69813.0,379.40648513
2024-05-21 16:00:00+00:00,69812.0,70299.0,69210.0,69302.0,205.43280217
2024-05-21 20:00:00+00:00,69301.0,70359.0,69276.0,70148.0,85.55902928
2024-05-22 00:00:00+00:00,70165.0,70392.0,69861.0,69958.0,117.68629629
2024-05-22 04:00:00+00:00,69970.0,70069.0,69259.0,69732.0,74.09538484
2024-05-22 08:00:00+00:00,69737.0,70307.0,69672.0,69811.0,88.70735197
2024-05-22 12:00:00+00:00,69811.0,70608.0,69482.0,70477.0,250.16182757
2024-05-22 16:00:00+00:00,70494.0,70668.0,69294.0,69616.0,127.96221695
2024-05-22 20:00:00+00:00,69669.0,69979.0,69000.0,69191.0,103.21353727
2024-05-23 00:00:00+00:00,69192.0,69633.0,69192.0,69481.0,58.0071807
2024-05-23 04:00:00+00:00,69477.0,69879.0,69394.0,69778.0,49.32644649
2024-05-23 08:00:00+00:00,69788.0,70049.0,69568.0,70003.0,97.85882834
2024-05-23 12:00:00+00:00,69997.0,70095.0,67632.0,68096.0,440.83099743
2024-05-23 16:00:00+00:00,68081.0,68206.0,66870.0,67175.0,217.68596303
2024-05-23 20:00:00+00:00,67233.0,68395.0,66419.0,68058.0,415.95351304
2024-05-24 00:00:00+00:00,68035.0,68103.0,67730.0,67935.0,118.314762
2024-05-24 04:00:00+00:00,67965.0,67974.0,66911.0,67215.0,97.02547072
2024-05-24 08:00:00+00:00,67229.0,67569.0,66733.0,67462.0,88.94218707
2024-05-24 12:00:00+00:00,67457.0,68494.0,67050.0,68402.0,174.37468834
2024-05-24 16:00:00+00:00,68428.0,69308.0,68046.0,69230.0,131.12079198
2024-05-24 20:00:00+00:00,69211.0,69302.0,68603.0,68604.0,33.31393706
2024-05-25 00:00:00+00:00,68604.0,68935.0,68589.0,68809.0,41.07782862
2024-05-25 04:00:00+00:00,68809.0,68857.0,68774.0,68829.0,99.19961985
2024-05-25 08:00:00+00:00,68829.0,69635.0,68814.0,69214.0,144.51305162
2024-05-25 12:00:00+00:00,69215.0,69337.0,68917.0,68987.0,175.97512457
2024-05-25 16:00:00+00:00,68987.0,69320.0,68940.0,69259.0,14.19876984
2024-05-25 20:00:00+00:00,69259.0,69397.0,69141.0,69342.0,4.8120715
2024-05-26 00:00:00+00:00,69374.0,69374.0,68901.0,69122.0,37.85404495
2024-05-26 04:00:00+00:00,69110.0,69480.0,69001.0,69409.0,30.7513359
2024-05-26 08:00:00+00:00,69403.0,69588.0,69071.0,69210.0,35.17799045
2024-05-26 12:00:00+00:00,69216.0,69417.0,68788.0,68912.0,134.42393918
2024-05-26 16:00:00+00:00,68939.0,69031.0,68782.0,68910.0,49.6678661
2024-05-26 20:00:00+00:00,68910.0,68915.0,68208.0,68585.0,151.15643856
2024-05-27 00:00:00+00:00,68544.0,69319.0,68523.0,68912.0,68.22987757
2024-05-27 04:00:00+00:00,68911.0,68918.0,68365.0,68665.0,182.16299466
2024-05-27 08:00:00+00:00,68666.0,68888.0,68313.0,68457.0,60.24132931
2024-05-27 12:00:00+00:00,68478.0,70527.0,68421.0,70388.0,531.3175692
2024-05-27 16:00:00+00:00,70389.0,70679.0,69156.0,69326.0,206.16983473
2024-05-27 20:00:00+00:00,69325.0,69898.0,69264.0,69492.0,61.96968752
2024-05-28 00:00:00+00:00,69470.0,69597.0,67834.0,68101.0,194.93143583
2024-05-28 04:00:00+00:00,68100.0,68169.0,67509.0,67722.0,103.96540379
2024-05-28 08:00:00+00:00,67722.0,68860.0,67641.0,68428.0,161.33040845
2024-05-28 12:00:00+00:00,68416.0,68568.0,67604.0,68435.0,235.20464818
2024-05-28 16:00:00+00:00,68435.0,68640.0,67361.0,68475.0,165.84366925
2024-05-28 20:00:00+00:00,68485.0,68719.0,68216.0,68434.0,38.29523132
2024-05-29 00:00:00+00:00,68487.0,68963.0,68359.0,68879.0,68.11528356
2024-05-29 04:00:00+00:00,68870.0,68971.0,68050.0,68050.0,141.6581771
2024-05-29 08:00:00+00:00,68051.0,68101.0,67655.0,67860.0,144.52410021
2024-05-29 12:00:00+00:00,67860.0,68325.0,67422.0,67447.0,166.83901256000001
2024-05-29 16:00:00+00:00,67454.0,67780.0,67230.0,67296.0,66.24297887
2024-05-29 20:00:00+00:00,67332.0,67854.0,67225.0,67720.0,40.6655593
2024-05-30 00:00:00+00:00,67732.0,68235.0,67562.0,68175.0,74.03749278
2024-05-30 04:00:00+00:00,68200.0,68467.0,67603.0,67651.0,66.52394976
2024-05-30 08:00:00+00:00,67651.0,68162.0,67180.0,67896.0,125.2467738
2024-05-30 12:00:00+00:00,67896.0,68816.0,67842.0,68588.0,288.22765531
2024-05-30 16:00:00+00:00,68544.0,69523.0,68444.0,68703.0,85.70268955
2024-05-30 20:00:00+00:00,68704.0,68704.0,68122.0,68413.0,62.22146047
2024-05-31 00:00:00+00:00,68410.0,68748.0,68346.0,68579.0,40.73766405
2024-05-31 04:00:00+00:00,68580.0,68659.0,68158.0,68204.0,44.23343788
2024-05-31 08:00:00+00:00,68220.0,68455.0,67934.0,68387.0,53.97821852
2024-05-31 12:00:00+00:00,68386.0,69028.0,67245.0,67271.0,331.0893972
2024-05-31 16:00:00+00:00,67271.0,67974.0,66680.0,67675.0,271.98164749
2024-05-31 20:00:00+00:00,67666.0,67788.0,67254.0,67582.0,74.58672834
2024-06-01 00:00:00+00:00,67573.0,67754.0,67463.0,67740.0,37.02016367
2024-06-01 04:00:00+00:00,67755.0,67820.0,67601.0,67645.0,41.52732312
2024-06-01 08:00:00+00:00,67676.0,67747.0,67640.0,67699.0,10.63718865
2024-06-01 12:00:00+00:00,67699.0,67874.0,67677.0,67714.0,16.36192654
2024-06-01 16:00:00+00:00,67731.0,67867.0,67644.0,67783.0,133.17809252
2024-06-01 20:00:00+00:00,67760.0,67890.0,67741.0,67759.0,3.11179583
2024-06-02 00:00:00+00:00,67771.0,67926.0,67701.0,67809.0,12.99293773
2024-06-02 04:00:00+00:00,67810.0,67867.0,67745.0,67771.0,1.29986752
2024-06-02 08:00:00+00:00,67760.0,68296.0,67411.0,68259.0,35.62874388
2024-06-02 12:00:00+00:00,68292.0,68444.0,67851.0,68163.0,57.10787546
2024-06-02 16:00:00+00:00,68161.0,68211.0,67340.0,67790.0,53.06348057
2024-06-02 20:00:00+00:00,67778.0,67989.0,67621.0,67816.0,15.57069034
2024-06-03 00:00:00+00:00,67812.0,68757.0,67625.0,68425.0,263.98251808
2024-06-03 04:00:00+00:00,68408.0,69235.0,68315.0,68916.0,228.48198562
2024-06-03 08:00:00+00:00,68917.0,69350.0,68823.0,69115.0,101.21757429
2024-06-03 12:00:00+00:00,69115.0,70294.0,68542.0,69629.0,495.54739575
2024-06-03 16:00:00+00:00,69629.0,69721.0,68847.0,69231.0,58.37015143
2024-06-03 20:00:00+00:00,69231.0,69521.0,68784.0,68859.0,56.33109627
2024-06-04 00:00:00+00:00,68852.0,69379.0,68702.0,69202.0,34.48878459
2024-06-04 04:00:00+00:00,69202.0,69278.0,68811.0,69060.0,28.74366598
2024-06-04 08:00:00+00:00,69060.0,69199.0,68607.0,68980.0,86.32881947
2024-06-04 12:00:00+00:00,68998.0,70521.0,68950.0,70477.0,359.31288873
2024-06-04 16:00:00+00:00,70478.0,71071.0,70157.0,70471.0,234.8840296
2024-06-04 20:00:00+00:00,70467.0,70745.0,70231.0,70604.0,59.34028109
2024-06-05 00:00:00+00:00,70594.0,71244.0,70477.0,71001.0,115.13521124
2024-06-05 04:00:00+00:00,70996.0,71391.0,70872.0,71232.0,76.82574645
2024-06-05 08:00:00+00:00,71232.0,71236.0,70720.0,70968.0,174.04498531000002
2024-06-05 12:00:00+00:00,70968.0,71666.0,70409.0,71589.0,229.25901557
2024-06-05 16:00:00+00:00,71589.0,71717.0,70896.0,71290.0,177.88792534
2024-06-05 20:00:00+00:00,71280.0,71329.0,70735.0,71101.0,89.08122547
2024-06-06 00:00:00+00:00,71106.0,71268.0,70931.0,71077.0,95.0884355
2024-06-06 04:00:00+00:00,71077.0,71123.0,70842.0,71042.0,47.385219310000004
2024-06-06 08:00:00+00:00,71043.0,71204.0,70906.0,71197.0,67.36047224
2024-06-06 12:00:00+00:00,71208.0,71651.0,71016.0,71297.0,136.3840862
2024-06-06 16:00:00+00:00,71307.0,71377.0,70495.0,70498.0,130.49625017
2024-06-06 20:00:00+00:00,70497.0,70991.0,70155.0,70836.0,191.00820473
2024-06-07 00:00:00+00:00,70835.0,71041.0,70679.0,71009.0,68.86828508
2024-06-07 04:00:00+00:00,71012.0,71438.0,71012.0,71130.0,126.55306706
2024-06-07 08:00:00+00:00,71135.0,71709.0,71096.0,71709.0,54.56433726
2024-06-07 12:00:00+00:00,71709.0,71950.0,70681.0,71129.0,440.91230705
2024-06-07 16:00:00+00:00,71128.0,71199.0,68464.0,69336.0,1005.88640013
2024-06-07 20:00:00+00:00,69323.0,69563.0,69039.0,69394.0,30.3843939
2024-06-08 00:00:00+00:00,69393.0,69534.0,69337.0,69464.0,18.46293293
2024-06-08 04:00:00+00:00,69465.0,69618.0,69300.0,69618.0,22.76652017
2024-06-08 08:00:00+00:00,69614.0,69614.0,69350.0,69397.0,34.85979607
2024-06-08 12:00:00+00:00,69385.0,69496.0,69204.0,69463.0,23.90603115
2024-06-08 16:00:00+00:00,69462.0,69494.0,69331.0,69494.0,21.51070589
2024-06-08 20:00:00+00:00,69493.0,69493.0,69326.0,69338.0,7.15103011
2024-06-09 00:00:00+00:00,69337.0,69338.0,69176.0,69294.0,9.78277162
2024-06-09 04:00:00+00:00,69294.0,69411.0,69265.0,69300.0,7.17556321
2024-06-09 08:00:00+00:00,69300.0,69401.0,69297.0,69382.0,4.66937948
2024-06-09 12:00:00+00:00,69382.0,69769.0,69309.0,69548.0,59.0355948
2024-06-09 16:00:00+00:00,69541.0,69798.0,69101.0,69700.0,375.07755292
2024-06-09 20:00:00+00:00,69700.0,69754.0,69584.0,69646.0,32.04428462
2024-06-10 00:00:00+00:00,69645.0,69756.0,69447.0,69618.0,60.22030156
2024-06-10 04:00:00+00:00,69618.0,69654.0,69278.0,69295.0,100.92564903
2024-06-10 08:00:00+00:00,69308.0,69499.0,69170.0,69447.0,101.55664861
2024-06-10 12:00:00+00:00,69447.0,70150.0,69229.0,70012.0,84.45247693
2024-06-10 16:00:00+00:00,70041.0,70099.0,69396.0,69455.0,74.78834913
2024-06-10 20:00:00+00:00,69455.0,69657.0,69320.0,69530.0,63.75973658
2024-06-11 00:00:00+00:00,69530.0,69552.0,67752.0,68440.0,447.73089224
2024-06-11 04:00:00+00:00,68439.0,68439.0,67340.0,67548.0,146.01336292
2024-06-11 08:00:00+00:00,67539.0,67626.0,66733.0,66868.0,272.33166215
2024-06-11 12:00:00+00:00,66892.0,67281.0,66150.0,66204.0,210.19567762
2024-06-11 16:00:00+00:00,66231.0,67570.0,66171.0,67404.0,227.38514653000001
2024-06-11 20:00:00+00:00,67403.0,67576.0,67194.0,67331.0,34.39082826
2024-06-12 00:00:00+00:00,67330.0,67563.0,66919.0,67403.0,84.40238889
2024-06-12 04:00:00+00:00,67405.0,67546.0,67214.0,67444.0,74.9390918
2024-06-12 08:00:00+00:00,67445.0,68033.0,67359.0,67756.0,37.87232123
2024-06-12 12:00:00+00:00,67757.0,70037.0,67740.0,69765.0,556.73299032
2024-06-12 16:00:00+00:00,69765.0,69846.0,67294.0,67611.0,333.27676915
2024-06-12 20:00:00+00:00,67564.0,68645.0,67476.0,68266.0,74.21127522
2024-06-13 00:00:00+00:00,68266.0,68400.0,67020.0,67471.0,55.96563144
2024-06-13 04:00:00+00:00,67471.0,67730.0,67325.0,67715.0,48.88315576
2024-06-13 08:00:00+00:00,67715.0,67946.0,67205.0,67724.0,48.61050558
2024-06-13 12:00:00+00:00,67724.0,68444.0,66360.0,66447.0,246.40205105
2024-06-13 16:00:00+00:00,66447.0,67034.0,66271.0,66587.0,105.06789486
2024-06-13 20:00:00+00:00,66585.0,66991.0,66543.0,66776.0,20.82516988
2024-06-14 00:00:00+00:00,66776.0,67010.0,66512.0,66735.0,48.59289064
2024-06-14 04:00:00+00:00,66736.0,67197.0,66715.0,66915.0,25.02368007
2024-06-14 08:00:00+00:00,66918.0,67221.0,66776.0,67034.0,25.38752957
2024-06-14 12:00:00+00:00,67039.0,67370.0,66330.0,66370.0,211.56598036
2024-06-14 16:00:00+00:00,66398.0,66488.0,65088.0,65514.0,370.1787097
2024-06-14 20:00:00+00:00,65537.0,66588.0,65477.0,66038.0,133.45436999
2024-06-15 00:00:00+00:00,66039.0,66262.0,65990.0,66248.0,11.14068784
2024-06-15 04:00:00+00:00,66249.0,66389.0,66064.0,66065.0,43.92857188
2024-06-15 08:00:00+00:00,66058.0,66302.0,66058.0,66298.0,28.86638681
2024-06-15 12:00:00+00:00,66298.0,66442.0,66179.0,66292.0,25.5149208
2024-06-15 16:00:00+00:00,66292.0,66335.0,66091.0,66156.0,7.49858465
2024-06-15 20:00:00+00:00,66157.0,66256.0,65886.0,66229.0,28.91845902
2024-06-16 00:00:00+00:00,66229.0,66240.0,66094.0,66128.0,6.43385273
2024-06-16 04:00:00+00:00,66127.0,66344.0,66054.0,66280.0,19.17675006
2024-06-16 08:00:00+00:00,66280.0,66819.0,66203.0,66501.0,109.00225667
2024-06-16 12:00:00+00:00,66501.0,66782.0,66492.0,66720.0,133.70142817
2024-06-16 16:00:00+00:00,66719.0,66748.0,66525.0,66539.0,5.4871699000000005
2024-06-16 20:00:00+00:00,66540.0,66947.0,66479.0,66677.0,62.8227633
2024-06-17 00:00:00+00:00,66677.0,66902.0,66178.0,66244.0,50.41818186
2024-06-17 04:00:00+00:00,66235.0,66533.0,65972.0,66192.0,54.5955164
2024-06-17 08:00:00+00:00,66184.0,66295.0,65551.0,65826.0,36.01416553
2024-06-17 12:00:00+00:00,65825.0,65825.0,65147.0,65358.0,141.03825587
2024-06-17 16:00:00+00:00,65337.0,67302.0,65205.0,66712.0,281.23903505
2024-06-17 20:00:00+00:00,66715.0,66782.0,66195.0,66569.0,118.6902677
2024-06-18 00:00:00+00:00,66569.0,66623.0,64636.0,65569.0,324.43782887
2024-06-18 04:00:00+00:00,65570.0,65917.0,65441.0,65789.0,148.8823372
2024-06-18 08:00:00+00:00,65778.0,65852.0,65252.0,65483.0,386.77071609
2024-06-18 12:00:00+00:00,65487.0,65538.0,64409.0,64752.0,351.75363083
2024-06-18 16:00:00+00:00,64765.0,64984.0,64179.0,64502.0,203.02087358
2024-06-18 20:00:00+00:00,64505.0,65382.0,64277.0,65253.0,189.95627588
2024-06-19 00:00:00+00:00,65257.0,65691.0,64922.0,65484.0,167.05603254
2024-06-19 04:00:00+00:00,65534.0,65820.0,65286.0,65424.0,102.46884718
2024-06-19 08:00:00+00:00,65424.0,65620.0,65103.0,65319.0,99.19508204
2024-06-19 12:00:00+00:00,65318.0,65387.0,64862.0,65006.0,139.15862902
2024-06-19 16:00:00+00:00,65007.0,65373.0,64900.0,64992.0,106.85311945
2024-06-19 20:00:00+00:00,64982.0,65186.0,64784.0,65071.0,97.15176352
2024-06-20 00:00:00+00:00,65071.0,65485.0,64932.0,65303.0,92.4939418
2024-06-20 04:00:00+00:00,65303.0,66123.0,65197.0,65986.0,206.30795676
2024-06-20 08:00:00+00:00,65986.0,66585.0,65709.0,66302.0,152.74652683
2024-06-20 12:00:00+00:00,66323.0,66400.0,64799.0,64943.0,383.05319745
2024-06-20 16:00:00+00:00,64942.0,65297.0,64654.0,65144.0,215.09192671
2024-06-20 20:00:00+00:00,65150.0,65304.0,64993.0,65007.0,107.75739916
2024-06-21 00:00:00+00:00,65008.0,65196.0,64500.0,64636.0,123.95609487
2024-06-21 04:00:00+00:00,64622.0,64870.0,64338.0,64348.0,127.10639834
2024-06-21 08:00:00+00:00,64349.0,64502.0,63618.0,63881.0,379.19872007
2024-06-21 12:00:00+00:00,63876.0,64423.0,63500.0,63796.0,276.83199071
2024-06-21 16:00:00+00:00,63781.0,64364.0,63569.0,64336.0,121.10392045
2024-06-21 20:00:00+00:00,64338.0,64547.0,63945.0,64237.0,93.9500999
2024-06-22 00:00:00+00:00,64240.0,64454.0,64062.0,64441.0,78.15147625
2024-06-22 04:00:00+00:00,64441.0,64613.0,64372.0,64588.0,125.53971878
2024-06-22 08:00:00+00:00,64606.0,64611.0,64333.0,64360.0,86.38356274
2024-06-22 12:00:00+00:00,64363.0,64483.0,64360.0,64405.0,77.56137132
2024-06-22 16:00:00+00:00,64403.0,64444.0,64324.0,64377.0,76.39097816
2024-06-22 20:00:00+00:00,64378.0,64420.0,64343.0,64370.0,64.17753445
2024-06-23 00:00:00+00:00,64369.0,64618.0,64369.0,64537.0,72.54223546
2024-06-23 04:00:00+00:00,64527.0,64530.0,64456.0,64506.0,62.06451063
2024-06-23 08:00:00+00:00,64506.0,64527.0,64364.0,64432.0,82.00651208000001
2024-06-23 12:00:00+00:00,64433.0,64516.0,64165.0,64179.0,83.69345907
2024-06-23 16:00:00+00:00,64179.0,64250.0,64014.0,64221.0,100.52801972
2024-06-23 20:00:00+00:00,64219.0,64233.0,63290.0,63292.0,168.0361635
2024-06-24 00:00:00+00:00,63292.0,63461.0,62823.0,62973.0,255.95323392
2024-06-24 04:00:00+00:00,62973.0,63050.0,62317.0,62577.0,255.64415723
2024-06-24 08:00:00+00:00,62578.0,63052.0,60746.0,61376.0,756.6131665
2024-06-24 12:00:00+00:00,61354.0,61773.0,60709.0,60812.0,645.54706757
2024-06-24 16:00:00+00:00,60818.0,61054.0,59062.0,59347.0,611.67195094
2024-06-24 20:00:00+00:00,59315.0,60487.0,58555.0,60372.0,424.98575534
2024-06-25 00:00:00+00:00,60371.0,61650.0,60340.0,61380.0,212.71054431
2024-06-25 04:00:00+00:00,61384.0,61509.0,60708.0,60756.0,257.91340015
2024-06-25 08:00:00+00:00,60769.0,61647.0,60746.0,61300.0,210.04199323
2024-06-25 12:00:00+00:00,61293.0,62186.0,61064.0,61874.0,325.81864757
2024-06-25 16:00:00+00:00,61887.0,62470.0,61230.0,62085.0,392.48745613
2024-06-25 20:00:00+00:00,62099.0,62232.0,61749.0,61878.0,161.00163168
2024-06-26 00:00:00+00:00,61878.0,62558.0,61726.0,62008.0,158.39436525
2024-06-26 04:00:00+00:00,62026.0,62060.0,61602.0,61797.0,135.48718783
2024-06-26 08:00:00+00:00,61791.0,61822.0,61243.0,61521.0,131.89174264
2024-06-26 12:00:00+00:00,61519.0,62045.0,61276.0,61506.0,183.97886038
2024-06-26 16:00:00+00:00,61535.0,61621.0,60789.0,61033.0,144.60148262
2024-06-26 20:00:00+00:00,61067.0,61194.0,60806.0,60923.0,116.67086402
2024-06-27 00:00:00+00:00,60930.0,61351.0,60836.0,61098.0,146.33989738
2024-06-27 04:00:00+00:00,61099.0,61257.0,60708.0,60874.0,133.12736193
2024-06-27 08:00:00+00:00,60880.0,61570.0,60811.0,61285.0,194.37292796
2024-06-27 12:00:00+00:00,61280.0,62499.0,61258.0,61691.0,594.87586783
2024-06-27 16:00:00+00:00,61725.0,62173.0,61518.0,61542.0,137.0767395
2024-06-27 20:00:00+00:00,61556.0,61825.0,61463.0,61825.0,111.50676155000001
2024-06-28 00:00:00+00:00,61804.0,62295.0,61592.0,61928.0,117.14405376
2024-06-28 04:00:00+00:00,61928.0,61928.0,61350.0,61444.0,148.35248707
2024-06-28 08:00:00+00:00,61432.0,61887.0,61314.0,61790.0,125.39431381
2024-06-28 12:00:00+00:00,61798.0,61963.0,60818.0,61152.0,218.88450648
2024-06-28 16:00:00+00:00,61147.0,61207.0,60176.0,60199.0,163.1946489
2024-06-28 20:00:00+00:00,60200.0,60579.0,60151.0,60547.0,113.97420753
2024-06-29 00:00:00+00:00,60546.0,61122.0,60513.0,60880.0,131.85194592
2024-06-29 04:00:00+00:00,60880.0,61235.0,60839.0,61163.0,125.78478708
2024-06-29 08:00:00+00:00,61163.0,61352.0,60999.0,61206.0,132.91715214
2024-06-29 12:00:00+00:00,61207.0,61289.0,61052.0,61202.0,111.69165806
2024-06-29 16:00:00+00:00,61218.0,61237.0,60985.0,61148.0,206.54705729
2024-06-29 20:00:00+00:00,61145.0,61192.0,60951.0,61087.0,89.12571324
2024-06-30 00:00:00+00:00,61084.0,61181.0,60869.0,61026.0,102.07027824
2024-06-30 04:00:00+00:00,61006.0,61870.0,60825.0,61636.0,168.05677699
2024-06-30 08:00:00+00:00,61637.0,61819.0,61489.0,61627.0,57.94061623
2024-06-30 12:00:00+00:00,61628.0,61911.0,61452.0,61795.0,54.12581849
2024-06-30 16:00:00+00:00,61799.0,62195.0,61681.0,62118.0,47.34236133
2024-06-30 20:00:00+00:00,62121.0,63131.0,61938.0,62867.0,193.34203017
2024-07-01 00:00:00+00:00,62867.0,63860.0,62678.0,63481.0,258.68484132
2024-07-01 04:00:00+00:00,63483.0,63518.0,63294.0,63348.0,37.13761483
2024-07-01 08:00:00+00:00,63348.0,63377.0,62709.0,62726.0,74.02928434
2024-07-01 12:00:00+00:00,62727.0,63214.0,62628.0,63208.0,65.42737097
2024-07-01 16:00:00+00:00,63208.0,63911.0,63049.0,63290.0,240.90726637
2024-07-01 20:00:00+00:00,63250.0,63458.0,62888.0,62953.0,17.62325577
2024-07-02 00:00:00+00:00,62939.0,63331.0,62862.0,63193.0,43.3620313
2024-07-02 04:00:00+00:00,63194.0,63286.0,62637.0,62686.0,26.55629773
2024-07-02 08:00:00+00:00,62669.0,62897.0,62497.0,62884.0,53.99614285
2024-07-02 12:00:00+00:00,62885.0,63177.0,61946.0,62005.0,230.41486768000001
2024-07-02 16:00:00+00:00,62005.0,62446.0,61878.0,61981.0,156.09112594
2024-07-02 20:00:00+00:00,61997.0,62290.0,61950.0,62219.0,101.47838617000001
2024-07-03 00:00:00+00:00,62217.0,62386.0,60700.0,61037.0,184.77523451
2024-07-03 04:00:00+00:00,61039.0,61264.0,60895.0,60975.0,102.08024941000001
2024-07-03 08:00:00+00:00,60952.0,61066.0,59686.0,60458.0,276.39524578
2024-07-03 12:00:00+00:00,60458.0,60809.0,59856.0,60287.0,154.71831312
2024-07-03 16:00:00+00:00,60287.0,60732.0,59739.0,59740.0,142.64206085
2024-07-03 20:00:00+00:00,59739.0,60445.0,59476.0,60298.0,146.01471533
2024-07-04 00:00:00+00:00,60298.0,60550.0,57944.0,59190.0,366.56962619
2024-07-04 04:00:00+00:00,59178.0,59219.0,58186.0,58279.0,138.90219522
2024-07-04 08:00:00+00:00,58278.0,58575.0,57053.0,57791.0,741.62589405
2024-07-04 12:00:00+00:00,57797.0,58386.0,56810.0,58146.0,761.28358883
2024-07-04 16:00:00+00:00,58161.0,58718.0,57818.0,58352.0,186.65010765
2024-07-04 20:00:00+00:00,58352.0,58843.0,56993.0,57118.0,203.66348672
2024-07-05 00:00:00+00:00,57118.0,57615.0,55126.0,55312.0,494.04360936
2024-07-05 04:00:00+00:00,55319.0,55445.0,53219.0,54479.0,1177.29208759
2024-07-05 08:00:00+00:00,54476.0,55686.0,53984.0,55506.0,520.03455618
2024-07-05 12:00:00+00:00,55506.0,56738.0,54910.0,56729.0,355.1492373
2024-07-05 16:00:00+00:00,56743.0,57080.0,55920.0,56554.0,281.31838457
2024-07-05 20:00:00+00:00,56535.0,56988.0,56430.0,56759.0,190.97774169
2024-07-06 00:00:00+00:00,56759.0,57129.0,56328.0,56564.0,195.83840429
2024-07-06 04:00:00+00:00,56564.0,56806.0,56188.0,56749.0,204.07754923
2024-07-06 08:00:00+00:00,56750.0,57052.0,56599.0,56914.0,140.71825591
2024-07-06 12:00:00+00:00,56906.0,57523.0,56686.0,57424.0,286.70869753
2024-07-06 16:00:00+00:00,57428.0,58191.0,57274.0,57958.0,387.64984855
2024-07-06 20:00:00+00:00,57958.0,58538.0,57900.0,58326.0,277.35120686
2024-07-07 00:00:00+00:00,58326.0,58563.0,57970.0,58071.0,144.74169324
2024-07-07 04:00:00+00:00,58072.0,58104.0,57201.0,57484.0,66.20575424
2024-07-07 08:00:00+00:00,57485.0,58048.0,57484.0,57543.0,162.06659464
2024-07-07 12:00:00+00:00,57544.0,57733.0,56724.0,56971.0,210.64022239
2024-07-07 16:00:00+00:00,56970.0,57531.0,56895.0,57335.0,164.78966772
2024-07-07 20:00:00+00:00,57322.0,57485.0,55929.0,56039.0,216.74563939
2024-07-08 00:00:00+00:00,56035.0,56190.0,54500.0,55374.0,296.83471779
2024-07-08 04:00:00+00:00,55366.0,56119.0,55171.0,56048.0,221.49011592
2024-07-08 08:00:00+00:00,56049.0,58350.0,55944.0,57282.0,333.33109011
2024-07-08 12:00:00+00:00,57282.0,57744.0,55035.0,55844.0,430.60556918
2024-07-08 16:00:00+00:00,55854.0,56686.0,55546.0,56600.0,224.38648181
2024-07-08 20:00:00+00:00,56600.0,57104.0,56334.0,56873.0,192.43797399
2024-07-09 00:00:00+00:00,56873.0,57486.0,56462.0,57321.0,215.13953371
2024-07-09 04:00:00+00:00,57316.0,57928.0,57173.0,57281.0,202.63067733
2024-07-09 08:00:00+00:00,57275.0,58029.0,57182.0,57614.0,238.37359554
2024-07-09 12:00:00+00:00,57599.0,58248.0,57078.0,57637.0,278.63346862000003
2024-07-09 16:00:00+00:00,57644.0,58418.0,57532.0,58027.0,262.63032884
2024-07-09 20:00:00+00:00,58034.0,58422.0,57865.0,58205.0,110.21096983
2024-07-10 00:00:00+00:00,58205.0,58407.0,57541.0,58380.0,174.82755997
2024-07-10 04:00:00+00:00,58391.0,59606.0,58381.0,59099.0,165.01932103000001
2024-07-10 08:00:00+00:00,59100.0,59149.0,58442.0,58585.0,110.18019139
2024-07-10 12:00:00+00:00,58585.0,58675.0,57644.0,57868.0,200.72136854000001
2024-07-10 16:00:00+00:00,57872.0,58162.0,57521.0,57575.0,144.742788
2024-07-10 20:00:00+00:00,57585.0,58061.0,57353.0,57908.0,171.16590792
2024-07-11 00:00:00+00:00,57909.0,58569.0,57237.0,57740.0,216.71323346
2024-07-11 04:00:00+00:00,57740.0,58460.0,57664.0,58362.0,164.05674835
2024-07-11 08:00:00+00:00,58370.0,58999.0,58237.0,58910.0,123.93490497
2024-07-11 12:00:00+00:00,58929.0,59654.0,57407.0,57547.0,346.68026126
2024-07-11 16:00:00+00:00,57540.0,58138.0,57331.0,57557.0,230.69822545
2024-07-11 20:00:00+00:00,57532.0,57737.0,57296.0,57458.0,288.60228492
2024-07-12 00:00:00+00:00,57457.0,57652.0,56668.0,57052.0,289.05918884
2024-07-12 04:00:00+00:00,57048.0,57548.0,56866.0,57255.0,177.03391885
2024-07-12 08:00:00+00:00,57254.0,57490.0,56936.0,57352.0,180.41113099
2024-07-12 12:00:00+00:00,57356.0,58393.0,57275.0,58356.0,213.05996467
2024-07-12 16:00:00+00:00,58360.0,58653.0,57658.0,57740.0,99.20043667
2024-07-12 20:00:00+00:00,57737.0,58059.0,57321.0,58054.0,165.24993874
2024-07-13 00:00:00+00:00,58055.0,58130.0,57937.0,57982.0,28.80659365
2024-07-13 04:00:00+00:00,57985.0,58350.0,57932.0,58300.0,62.11124805
2024-07-13 08:00:00+00:00,58299.0,59012.0,58091.0,58697.0,105.28665166
2024-07-13 12:00:00+00:00,58698.0,59040.0,58606.0,59024.0,73.89874088
2024-07-13 16:00:00+00:00,59016.0,59117.0,58760.0,58801.0,36.52321506
2024-07-13 20:00:00+00:00,58800.0,60063.0,58518.0,59382.0,317.04787773
2024-07-14 00:00:00+00:00,59381.0,60023.0,59379.0,59650.0,89.66197085
2024-07-14 04:00:00+00:00,59634.0,60467.0,59607.0,60243.0,61.30605311
2024-07-14 08:00:00+00:00,60244.0,60594.0,60099.0,60257.0,251.77795023
2024-07-14 12:00:00+00:00,60258.0,60373.0,59672.0,60250.0,47.24396552
2024-07-14 16:00:00+00:00,60251.0,60335.0,60075.0,60082.0,13.08384302
2024-07-14 20:00:00+00:00,60082.0,61535.0,60069.0,60946.0,570.92283195
2024-07-15 00:00:00+00:00,60933.0,62951.0,60840.0,62829.0,241.62687904
2024-07-15 04:00:00+00:00,62830.0,63162.0,62628.0,62983.0,277.69502707
2024-07-15 08:00:00+00:00,62963.0,63304.0,62433.0,62595.0,72.159404
2024-07-15 12:00:00+00:00,62571.0,63336.0,62571.0,63150.0,147.03252158
2024-07-15 16:00:00+00:00,63150.0,63903.0,63004.0,63529.0,274.80782391
2024-07-15 20:00:00+00:00,63489.0,65014.0,63403.0,64882.0,330.22350209
2024-07-16 00:00:00+00:00,64883.0,65070.0,64587.0,64885.0,109.57547572
2024-07-16 04:00:00+00:00,64886.0,65100.0,62850.0,63029.0,167.13731583
2024-07-16 08:00:00+00:00,63013.0,63989.0,62537.0,63863.0,89.21601753
2024-07-16 12:00:00+00:00,63888.0,65078.0,63211.0,65011.0,122.88807294
2024-07-16 16:00:00+00:00,65009.0,65352.0,64317.0,65318.0,267.58534944
2024-07-16 20:00:00+00:00,65311.0,65488.0,64281.0,65188.0,83.410505
2024-07-17 00:00:00+00:00,65180.0,66180.0,65093.0,65835.0,138.70949115
2024-07-17 04:00:00+00:00,65807.0,66099.0,65342.0,65395.0,46.27857273
2024-07-17 08:00:00+00:00,65389.0,65608.0,64674.0,64809.0,88.05685445
2024-07-17 12:00:00+00:00,64789.0,65473.0,64630.0,64840.0,73.38732001
2024-07-17 16:00:00+00:00,64821.0,64858.0,63958.0,64663.0,128.49656582
2024-07-17 20:00:00+00:00,64671.0,64761.0,64180.0,64204.0,35.21710665
2024-07-18 00:00:00+00:00,64193.0,65200.0,64006.0,64954.0,40.45691518
2024-07-18 04:00:00+00:00,64955.0,65125.0,64508.0,64766.0,18.77873146
2024-07-18 08:00:00+00:00,64766.0,65025.0,64532.0,64820.0,19.36999394
2024-07-18 12:00:00+00:00,64824.0,65181.0,63510.0,63632.0,180.52264138
2024-07-18 16:00:00+00:00,63617.0,64033.0,63292.0,63575.0,313.87851886
2024-07-18 20:00:00+00:00,63605.0,64173.0,63505.0,64048.0,42.77160294
2024-07-19 00:00:00+00:00,64047.0,64446.0,63414.0,64391.0,25.47683064
2024-07-19 04:00:00+00:00,64392.0,64564.0,63718.0,63799.0,75.52480831
2024-07-19 08:00:00+00:00,63800.0,64241.0,63490.0,64194.0,62.17354902
2024-07-19 12:00:00+00:00,64186.0,65936.0,64145.0,65907.0,260.13218389
2024-07-19 16:00:00+00:00,65908.0,67503.0,65908.0,67295.0,517.8114058
2024-07-19 20:00:00+00:00,67297.0,67448.0,66719.0,66789.0,71.78955733
2024-07-20 00:00:00+00:00,66786.0,66909.0,66368.0,66766.0,53.93974328
2024-07-20 04:00:00+00:00,66753.0,66869.0,66583.0,66721.0,32.65970792
2024-07-20 08:00:00+00:00,66716.0,66839.0,66611.0,66625.0,22.24575513
2024-07-20 12:00:00+00:00,66625.0,66915.0,66434.0,66905.0,55.62120688
2024-07-20 16:00:00+00:00,66908.0,67694.0,66812.0,67346.0,181.46914943
2024-07-20 20:00:00+00:00,67346.0,67541.0,66933.0,67239.0,81.07720653
2024-07-21 00:00:00+00:00,67239.0,67490.0,67091.0,67275.0,14.2047923
2024-07-21 04:00:00+00:00,67276.0,67326.0,66721.0,66795.0,64.40017618
2024-07-21 08:00:00+00:00,66787.0,67137.0,66787.0,66956.0,12.27509209
2024-07-21 12:00:00+00:00,66956.0,67626.0,66740.0,67282.0,111.96082662
2024-07-21 16:00:00+00:00,67282.0,67829.0,65944.0,67546.0,231.48436785
2024-07-21 20:00:00+00:00,67547.0,68479.0,67426.0,68265.0,294.08864922
2024-07-22 00:00:00+00:00,68269.0,68560.0,67872.0,67962.0,87.29970604
2024-07-22 04:00:00+00:00,67962.0,68069.0,67216.0,67330.0,150.03510558
2024-07-22 08:00:00+00:00,67330.0,67668.0,67060.0,67603.0,30.44252642
2024-07-22 12:00:00+00:00,67626.0,68067.0,66715.0,67171.0,102.73052599
2024-07-22 16:00:00+00:00,67181.0,68393.0,66951.0,68358.0,138.01715158
2024-07-22 20:00:00+00:00,68359.0,68386.0,67435.0,67698.0,201.80715151
2024-07-23 00:00:00+00:00,67691.0,67906.0,67392.0,67610.0,26.06604123
2024-07-23 04:00:00+00:00,67611.0,67647.0,66400.0,66675.0,77.55100516
2024-07-23 08:00:00+00:00,66685.0,67263.0,66612.0,66800.0,119.49093855
2024-07-23 12:00:00+00:00,66801.0,67406.0,66087.0,66677.0,142.37776936
2024-07-23 16:00:00+00:00,66660.0,66835.0,65547.0,65590.0,92.00168542
2024-07-23 20:00:00+00:00,65628.0,66141.0,65601.0,66101.0,107.49794151
2024-07-24 00:00:00+00:00,66101.0,66256.0,65620.0,66156.0,64.03162321
2024-07-24 04:00:00+00:00,66160.0,66189.0,65756.0,66169.0,10.0699745
2024-07-24 08:00:00+00:00,66174.0,66723.0,66122.0,66517.0,84.34525413
2024-07-24 12:00:00+00:00,66516.0,67241.0,66288.0,66344.0,152.10998452
2024-07-24 16:00:00+00:00,66343.0,66862.0,65754.0,65824.0,285.21226662
2024-07-24 20:00:00+00:00,65832.0,66206.0,65229.0,65482.0,139.84990742
2024-07-25 00:00:00+00:00,65503.0,65723.0,64011.0,64221.0,161.78657721
2024-07-25 04:00:00+00:00,64218.0,64444.0,63929.0,64205.0,264.08505771
2024-07-25 08:00:00+00:00,64203.0,64547.0,63980.0,64213.0,144.96388804
2024-07-25 12:00:00+00:00,64186.0,65100.0,63532.0,64848.0,182.77211085
2024-07-25 16:00:00+00:00,64880.0,65240.0,64501.0,64791.0,238.99634943
2024-07-25 20:00:00+00:00,64792.0,66241.0,64551.0,65849.0,100.73803127000001
2024-07-26 00:00:00+00:00,65867.0,67529.0,65850.0,67116.0,147.70719814
2024-07-26 04:00:00+00:00,67124.0,67247.0,66969.0,67000.0,20.11789713
2024-07-26 08:00:00+00:00,67000.0,67569.0,67000.0,67419.0,49.67670998
2024-07-26 12:00:00+00:00,67424.0,68130.0,67059.0,67700.0,436.20869003
2024-07-26 16:00:00+00:00,67704.0,68268.0,67445.0,68131.0,54.60670064
2024-07-26 20:00:00+00:00,68136.0,68333.0,67561.0,68061.0,41.14461663
2024-07-27 00:00:00+00:00,68061.0,68196.0,67803.0,67940.0,33.91248083
2024-07-27 04:00:00+00:00,67941.0,68410.0,67941.0,68210.0,47.80320833
2024-07-27 08:00:00+00:00,68209.0,68389.0,68070.0,68351.0,19.8593571
2024-07-27 12:00:00+00:00,68359.0,69529.0,68358.0,69004.0,169.41021187
2024-07-27 16:00:00+00:00,69004.0,69129.0,67869.0,68419.0,181.33355126
2024-07-27 20:00:00+00:00,68412.0,69302.0,66858.0,68023.0,310.65661344
2024-07-28 00:00:00+00:00,68020.0,68409.0,67432.0,68110.0,20.29138427
2024-07-28 04:00:00+00:00,68107.0,68150.0,67223.0,67672.0,32.26223023
2024-07-28 08:00:00+00:00,67678.0,68109.0,67394.0,67995.0,16.67852213
2024-07-28 12:00:00+00:00,67996.0,68253.0,67754.0,67801.0,41.04729627
2024-07-28 16:00:00+00:00,67802.0,68443.0,67773.0,68291.0,18.87296222
2024-07-28 20:00:00+00:00,68292.0,68419.0,67988.0,68419.0,29.80097957
2024-07-29 00:00:00+00:00,68417.0,69936.0,68350.0,69522.0,234.70996402
2024-07-29 04:00:00+00:00,69523.0,70000.0,69447.0,69699.0,82.77202211
2024-07-29 08:00:00+00:00,69709.0,69980.0,69568.0,69774.0,90.59406266
2024-07-29 12:00:00+00:00,69774.0,70162.0,67796.0,68221.0,410.59854208
2024-07-29 16:00:00+00:00,68218.0,68218.0,66666.0,67419.0,320.25952654
2024-07-29 20:00:00+00:00,67402.0,67650.0,66755.0,66933.0,77.33769101
2024-07-30 00:00:00+00:00,66927.0,66996.0,66003.0,66688.0,217.54232085
2024-07-30 04:00:00+00:00,66704.0,67179.0,66469.0,67060.0,44.34186101
2024-07-30 08:00:00+00:00,67066.0,67112.0,66563.0,66736.0,36.79937633
2024-07-30 12:00:00+00:00,66731.0,67066.0,65664.0,66378.0,135.62080732
2024-07-30 16:00:00+00:00,66349.0,66681.0,65684.0,65946.0,115.92611075
2024-07-30 20:00:00+00:00,66011.0,66480.0,65556.0,66349.0,132.53124683000001
2024-07-31 00:00:00+00:00,66348.0,66539.0,66045.0,66208.0,25.25183176
2024-07-31 04:00:00+00:00,66208.0,66671.0,65649.0,66352.0,56.24647921
2024-07-31 08:00:00+00:00,66351.0,66474.0,66061.0,66197.0,20.54762299
2024-07-31 12:00:00+00:00,66198.0,66947.0,66123.0,66524.0,91.53510773000001
2024-07-31 16:00:00+00:00,66524.0,66934.0,65069.0,65356.0,177.03145221
2024-07-31 20:00:00+00:00,65356.0,65498.0,64630.0,64724.0,122.86853411
2024-08-01 00:00:00+00:00,64724.0,64889.0,63824.0,63993.0,371.55071915
2024-08-01 04:00:00+00:00,63993.0,64535.0,63651.0,64386.0,157.41480631
2024-08-01 08:00:00+00:00,64385.0,64809.0,64385.0,64809.0,179.57874496
2024-08-01 12:00:00+00:00,64809.0,65080.0,62841.0,63039.0,380.62679436
2024-08-01 16:00:00+00:00,63038.0,63578.0,62409.0,63543.0,174.45709865
2024-08-01 20:00:00+00:00,63513.0,65720.0,63458.0,65465.0,169.20970859
2024-08-02 00:00:00+00:00,65462.0,65668.0,63800.0,64714.0,98.09199614
2024-08-02 04:00:00+00:00,64715.0,64733.0,63958.0,64288.0,39.03788977
2024-08-02 08:00:00+00:00,64281.0,65047.0,64181.0,64760.0,52.82176068
2024-08-02 12:00:00+00:00,64758.0,65581.0,62552.0,63495.0,472.13775572000003
2024-08-02 16:00:00+00:00,63493.0,63661.0,62600.0,62718.0,53.68870722
2024-08-02 20:00:00+00:00,62708.0,63237.0,61291.0,61529.0,421.49338462000003
2024-08-03 00:00:00+00:00,61548.0,62001.0,60567.0,61920.0,287.42551585
2024-08-03 04:00:00+00:00,61934.0,62013.0,61465.0,61760.0,30.78792743
2024-08-03 08:00:00+00:00,61726.0,62080.0,61550.0,62011.0,20.63308268
2024-08-03 12:00:00+00:00,62012.0,62260.0,60946.0,61000.0,182.85615524
2024-08-03 16:00:00+00:00,61010.0,61346.0,60052.0,60355.0,231.35145531
2024-08-03 20:00:00+00:00,60355.0,60932.0,60000.0,60825.0,123.86564322
2024-08-04 00:00:00+00:00,60821.0,61213.0,60441.0,60844.0,17.5333142
2024-08-04 04:00:00+00:00,60843.0,61009.0,60412.0,60469.0,31.25802316
2024-08-04 08:00:00+00:00,60472.0,61091.0,60254.0,60999.0,31.33989683
2024-08-04 12:00:00+00:00,61000.0,61175.0,59100.0,59169.0,160.60920574
2024-08-04 16:00:00+00:00,59165.0,59640.0,57300.0,59351.0,357.55864794
2024-08-04 20:00:00+00:00,59343.0,59651.0,58092.0,58220.0,75.83888008
2024-08-05 00:00:00+00:00,58203.0,58344.0,52209.0,53980.0,933.66799258
2024-08-05 04:00:00+00:00,53994.0,54663.0,49130.0,52780.0,1577.30511497
2024-08-05 08:00:00+00:00,52777.0,53283.0,50809.0,51496.0,1549.99562821
2024-08-05 12:00:00+00:00,51496.0,55083.0,49684.0,54441.0,2313.57912522
2024-08-05 16:00:00+00:00,54439.0,55587.0,52734.0,53613.0,711.98742336
2024-08-05 20:00:00+00:00,53642.0,55362.0,53642.0,54158.0,165.20209699
2024-08-06 00:00:00+00:00,54179.0,56417.0,54142.0,55835.0,127.65875168
2024-08-06 04:00:00+00:00,55826.0,56270.0,55356.0,56131.0,205.48284034
2024-08-06 08:00:00+00:00,56129.0,56198.0,54731.0,55374.0,149.10281676
2024-08-06 12:00:00+00:00,55355.0,56746.0,54625.0,56558.0,421.29344083
2024-08-06 16:00:00+00:00,56558.0,57207.0,56416.0,56921.0,194.07178444
2024-08-06 20:00:00+00:00,56911.0,57056.0,55989.0,56187.0,71.50358138
2024-08-07 00:00:00+00:00,56142.0,57360.0,55702.0,57001.0,260.1615956
2024-08-07 04:00:00+00:00,56974.0,57343.0,56671.0,57019.0,76.58435004
2024-08-07 08:00:00+00:00,57019.0,57833.0,57001.0,57067.0,163.78302144
2024-08-07 12:00:00+00:00,57077.0,57579.0,55800.0,56178.0,122.58481886
2024-08-07 16:00:00+00:00,56183.0,56405.0,54781.0,54854.0,144.09341823
2024-08-07 20:00:00+00:00,54817.0,55643.0,54659.0,55179.0,75.52124366
2024-08-08 00:00:00+00:00,55195.0,57731.0,54847.0,57206.0,200.13447854
2024-08-08 04:00:00+00:00,57206.0,57525.0,56819.0,57303.0,67.21566797
2024-08-08 08:00:00+00:00,57302.0,57746.0,57108.0,57431.0,46.01699885
2024-08-08 12:00:00+00:00,57428.0,59598.0,56792.0,59530.0,615.25696745
2024-08-08 16:00:00+00:00,59515.0,59928.0,59344.0,59488.0,144.84757682
2024-08-08 20:00:00+00:00,59489.0,62770.0,59408.0,61801.0,440.77118044
2024-08-09 00:00:00+00:00,61771.0,61809.0,60881.0,61449.0,61.99637501
2024-08-09 04:00:00+00:00,61439.0,61449.0,60700.0,60945.0,74.63983605
2024-08-09 08:00:00+00:00,60945.0,61278.0,60293.0,60758.0,51.77765105
2024-08-09 12:00:00+00:00,60757.0,61185.0,59630.0,59873.0,83.55701836
2024-08-09 16:00:00+00:00,59886.0,60816.0,59830.0,60757.0,34.80744229
2024-08-09 20:00:00+00:00,60764.0,61068.0,60044.0,60942.0,66.05314409
2024-08-10 00:00:00+00:00,60926.0,61535.0,60382.0,60516.0,33.13315386
2024-08-10 04:00:00+00:00,60523.0,60932.0,60342.0,60925.0,13.825322139999999
2024-08-10 08:00:00+00:00,60927.0,61182.0,60727.0,60999.0,22.42063422
2024-08-10 12:00:00+00:00,60999.0,61044.0,60517.0,60631.0,46.82722657
2024-08-10 16:00:00+00:00,60621.0,61302.0,60512.0,61091.0,47.76248516
2024-08-10 20:00:00+00:00,61092.0,61241.0,60873.0,61018.0,8.72455606
2024-08-11 00:00:00+00:00,61019.0,61464.0,61017.0,61206.0,10.75677807
2024-08-11 04:00:00+00:00,61206.0,61345.0,60997.0,61343.0,14.88635559
2024-08-11 08:00:00+00:00,61344.0,61916.0,60535.0,60770.0,74.77822864
2024-08-11 12:00:00+00:00,60749.0,60825.0,60072.0,60223.0,86.48568591
2024-08-11 16:00:00+00:00,60213.0,60428.0,59665.0,59735.0,43.58426445
2024-08-11 20:00:00+00:00,59735.0,59767.0,58430.0,58817.0,144.98144116
2024-08-12 00:00:00+00:00,58816.0,59148.0,58246.0,58609.0,32.8488262
2024-08-12 04:00:00+00:00,58612.0,59052.0,57720.0,58766.0,43.09882958
2024-08-12 08:00:00+00:00,58769.0,60035.0,58230.0,59938.0,69.61715132
2024-08-12 12:00:00+00:00,59937.0,60764.0,57896.0,60300.0,478.19382426
2024-08-12 16:00:00+00:00,60302.0,60501.0,58554.0,59116.0,86.88759408
2024-08-12 20:00:00+00:00,59128.0,59799.0,58673.0,59440.0,35.76648926
2024-08-13 00:00:00+00:00,59440.0,60000.0,58988.0,59134.0,43.50857989
2024-08-13 04:00:00+00:00,59124.0,59546.0,58953.0,59298.0,18.57765153
2024-08-13 08:00:00+00:00,59300.0,59410.0,58527.0,58889.0,45.86220934
2024-08-13 12:00:00+00:00,58909.0,59847.0,58826.0,59599.0,129.36870418
2024-08-13 16:00:00+00:00,59599.0,61635.0,59565.0,60931.0,503.99888303
2024-08-13 20:00:00+00:00,60915.0,61198.0,60492.0,60666.0,33.41210447
2024-08-14 00:00:00+00:00,60666.0,61360.0,60521.0,61049.0,35.30301008
2024-08-14 04:00:00+00:00,61049.0,61221.0,60731.0,60979.0,35.10790415
2024-08-14 08:00:00+00:00,60992.0,61528.0,60750.0,61371.0,60.8349941
2024-08-14 12:00:00+00:00,61372.0,61898.0,59003.0,59531.0,546.3235875
2024-08-14 16:00:00+00:00,59537.0,59543.0,58818.0,58991.0,93.64983768
2024-08-14 20:00:00+00:00,59002.0,59261.0,58558.0,58777.0,67.07065509
2024-08-15 00:00:00+00:00,58765.0,59121.0,58092.0,58504.0,93.7747195
2024-08-15 04:00:00+00:00,58504.0,58694.0,57800.0,58144.0,57.66286351
2024-08-15 08:00:00+00:00,58126.0,58932.0,58068.0,58813.0,27.79317689
2024-08-15 12:00:00+00:00,58817.0,59831.0,58680.0,59813.0,188.78671817
2024-08-15 16:00:00+00:00,59792.0,59909.0,56723.0,57131.0,304.13256085
2024-08-15 20:00:00+00:00,57126.0,57932.0,56220.0,57594.0,138.81881909
2024-08-16 00:00:00+00:00,57594.0,58599.0,57171.0,57942.0,59.18850199
2024-08-16 04:00:00+00:00,57942.0,58684.0,57896.0,58533.0,37.27698998
2024-08-16 08:00:00+00:00,58533.0,58740.0,58298.0,58482.0,47.79563706
2024-08-16 12:00:00+00:00,58483.0,58958.0,57631.0,58171.0,107.7200255
2024-08-16 16:00:00+00:00,58163.0,59905.0,58105.0,59802.0,138.36453165
2024-08-16 20:00:00+00:00,59779.0,59801.0,58889.0,58996.0,57.67095991
2024-08-17 00:00:00+00:00,59006.0,59495.0,58950.0,59257.0,46.05785124
2024-08-17 04:00:00+00:00,59257.0,59373.0,59177.0,59343.0,7.60138823
2024-08-17 08:00:00+00:00,59343.0,59567.0,59192.0,59231.0,15.427377289999999
2024-08-17 12:00:00+00:00,59230.0,59752.0,59230.0,59509.0,29.96335178
2024-08-17 16:00:00+00:00,59509.0,59800.0,59438.0,59594.0,22.23016679
2024-08-17 20:00:00+00:00,59594.0,59599.0,59291.0,59589.0,10.48893327
2024-08-18 00:00:00+00:00,59593.0,60311.0,59417.0,59451.0,155.01959569
2024-08-18 04:00:00+00:00,59450.0,59808.0,59385.0,59690.0,16.93833042
2024-08-18 08:00:00+00:00,59689.0,60305.0,59572.0,60132.0,67.13458095
2024-08-18 12:00:00+00:00,60131.0,60313.0,59828.0,59981.0,92.73913065
2024-08-18 16:00:00+00:00,59981.0,60039.0,59512.0,59820.0,86.41430218
2024-08-18 20:00:00+00:00,59820.0,59972.0,58533.0,58543.0,86.02768609
2024-08-19 00:00:00+00:00,58533.0,58856.0,58341.0,58831.0,55.61353239
2024-08-19 04:00:00+00:00,58839.0,58848.0,58500.0,58630.0,18.24500271
2024-08-19 08:00:00+00:00,58631.0,58763.0,57936.0,58511.0,61.06363662
2024-08-19 12:00:00+00:00,58508.0,59065.0,58205.0,58671.0,67.50846223
2024-08-19 16:00:00+00:00,58659.0,59379.0,58504.0,59060.0,56.89174857
2024-08-19 20:00:00+00:00,59078.0,59700.0,59032.0,59588.0,36.85853577
2024-08-20 00:00:00+00:00,59578.0,61001.0,59509.0,60700.0,294.09707199
2024-08-20 04:00:00+00:00,60709.0,61472.0,60689.0,61001.0,93.37657486
2024-08-20 08:00:00+00:00,61006.0,61080.0,60532.0,60617.0,61.39255098
2024-08-20 12:00:00+00:00,60608.0,61021.0,58838.0,58965.0,508.48075658
2024-08-20 16:00:00+00:00,58967.0,59734.0,58718.0,59662.0,124.20504785
2024-08-20 20:00:00+00:00,59661.0,59875.0,59036.0,59172.0,22.64249309
2024-08-21 00:00:00+00:00,59172.0,59655.0,58972.0,59461.0,30.32755941
2024-08-21 04:00:00+00:00,59461.0,59818.0,59351.0,59741.0,329.07928235
2024-08-21 08:00:00+00:00,59741.0,59969.0,59201.0,59477.0,53.2244783
2024-08-21 12:00:00+00:00,59471.0,60297.0,58957.0,59636.0,97.916505
2024-08-21 16:00:00+00:00,59636.0,61707.0,59501.0,61686.0,353.23053506
2024-08-21 20:00:00+00:00,61672.0,61898.0,61020.0,61252.0,118.09225165
2024-08-22 00:00:00+00:00,61253.0,61291.0,59842.0,60641.0,49.40305281
2024-08-22 04:00:00+00:00,60641.0,61201.0,60572.0,61087.0,53.28794454
2024-08-22 08:00:00+00:00,61087.0,61467.0,60908.0,61411.0,60.57738269
2024-08-22 12:00:00+00:00,61411.0,61454.0,60218.0,60523.0,132.68063496
2024-08-22 16:00:00+00:00,60499.0,60674.0,60229.0,60362.0,25.06956499
2024-08-22 20:00:00+00:00,60381.0,60761.0,60381.0,60483.0,30.71410113
2024-08-23 00:00:00+00:00,60483.0,61048.0,60461.0,60707.0,27.9673373
2024-08-23 04:00:00+00:00,60707.0,61457.0,60706.0,61180.0,70.01558032
2024-08-23 08:00:00+00:00,61180.0,61430.0,60794.0,60834.0,46.36645432
2024-08-23 12:00:00+00:00,60837.0,62416.0,60837.0,61638.0,177.51106238
2024-08-23 16:00:00+00:00,61639.0,63911.0,61472.0,63753.0,203.13110842
2024-08-23 20:00:00+00:00,63738.0,65074.0,63613.0,64151.0,224.72983052
2024-08-24 00:00:00+00:00,64140.0,64284.0,63757.0,63960.0,35.42958987
2024-08-24 04:00:00+00:00,63960.0,64451.0,63960.0,64434.0,28.93519393
2024-08-24 08:00:00+00:00,64434.0,64609.0,64014.0,64014.0,49.91679835
2024-08-24 12:00:00+00:00,64024.0,64338.0,64002.0,64087.0,27.91385954
2024-08-24 16:00:00+00:00,64088.0,64534.0,64052.0,64335.0,67.05684396
2024-08-24 20:00:00+00:00,64336.0,64422.0,63667.0,64230.0,52.12173994
2024-08-25 00:00:00+00:00,64236.0,64698.0,64104.0,64215.0,76.36399496
2024-08-25 04:00:00+00:00,64216.0,64301.0,63912.0,63961.0,14.66335243
2024-08-25 08:00:00+00:00,63968.0,64099.0,63916.0,64002.0,20.86429041
2024-08-25 12:00:00+00:00,63999.0,64462.0,63939.0,64255.0,48.47014286
2024-08-25 16:00:00+00:00,64255.0,64338.0,64132.0,64294.0,13.14292589
2024-08-25 20:00:00+00:00,64294.0,65200.0,64239.0,64361.0,69.11487109
2024-08-26 00:00:00+00:00,64362.0,64579.0,63892.0,64217.0,56.73789349
2024-08-26 04:00:00+00:00,64209.0,64282.0,63678.0,63714.0,56.47415836
2024-08-26 08:00:00+00:00,63714.0,64134.0,63355.0,63995.0,91.60052438
2024-08-26 12:00:00+00:00,63989.0,64066.0,63152.0,63655.0,119.42007495
2024-08-26 16:00:00+00:00,63650.0,63966.0,63328.0,63441.0,38.01210129
2024-08-26 20:00:00+00:00,63441.0,63650.0,62934.0,62966.0,31.66931538
2024-08-27 00:00:00+00:00,62966.0,63307.0,62789.0,63124.0,73.49268117
2024-08-27 04:00:00+00:00,63124.0,63304.0,62860.0,63008.0,24.02864557
2024-08-27 08:00:00+00:00,63011.0,63119.0,62395.0,62552.0,54.22052843
2024-08-27 12:00:00+00:00,62552.0,62611.0,61608.0,61805.0,258.42213855
2024-08-27 16:00:00+00:00,61810.0,62342.0,61670.0,62271.0,102.20090872
2024-08-27 20:00:00+00:00,62241.0,62241.0,58200.0,59545.0,644.09230101
2024-08-28 00:00:00+00:00,59540.0,59806.0,59049.0,59777.0,69.00669565
2024-08-28 04:00:00+00:00,59776.0,59802.0,58700.0,58780.0,152.5837661
2024-08-28 08:00:00+00:00,58757.0,60330.0,58701.0,60094.0,75.61659416
2024-08-28 12:00:00+00:00,60093.0,60263.0,58576.0,59137.0,97.49850986
2024-08-28 16:00:00+00:00,59136.0,59991.0,58085.0,59057.0,233.82794706
2024-08-28 20:00:00+00:00,59072.0,59763.0,58885.0,59156.0,151.99173041
2024-08-29 00:00:00+00:00,59156.0,59455.0,59039.0,59328.0,122.22763719
2024-08-29 04:00:00+00:00,59321.0,59923.0,59244.0,59767.0,141.85256912
2024-08-29 08:00:00+00:00,59766.0,60651.0,59558.0,60251.0,243.65680719
2024-08-29 12:00:00+00:00,60252.0,61290.0,60172.0,60936.0,209.98546711
2024-08-29 16:00:00+00:00,60937.0,61096.0,59078.0,59419.0,158.82033558
2024-08-29 20:00:00+00:00,59392.0,59759.0,58885.0,59512.0,127.92048846
2024-08-30 00:00:00+00:00,59512.0,59620.0,59092.0,59233.0,173.61025281
2024-08-30 04:00:00+00:00,59215.0,59745.0,58885.0,59449.0,191.4266737
2024-08-30 08:00:00+00:00,59449.0,59801.0,59449.0,59551.0,93.95369481
2024-08-30 12:00:00+00:00,59544.0,60102.0,58085.0,58221.0,763.91381346
2024-08-30 16:00:00+00:00,58206.0,59527.0,57876.0,58891.0,529.90012657
2024-08-30 20:00:00+00:00,58876.0,59472.0,58876.0,59300.0,147.65127121
2024-08-31 00:00:00+00:00,59300.0,59622.0,59254.0,59424.0,211.6316188
2024-08-31 04:00:00+00:00,59424.0,59536.0,59252.0,59273.0,168.06292942
2024-08-31 08:00:00+00:00,59270.0,59331.0,59001.0,59285.0,115.95175664
2024-08-31 12:00:00+00:00,59285.0,59405.0,59084.0,59181.0,106.25836887
2024-08-31 16:00:00+00:00,59182.0,59304.0,58932.0,59039.0,122.06782373
2024-08-31 20:00:00+00:00,59039.0,59310.0,58983.0,59155.0,88.59346626
2024-09-01 00:00:00+00:00,59155.0,59236.0,58299.0,58655.0,416.84590118
2024-09-01 04:00:00+00:00,58657.0,58735.0,57912.0,58617.0,130.42509081
2024-09-01 08:00:00+00:00,58620.0,58665.0,58039.0,58418.0,148.9860406
2024-09-01 12:00:00+00:00,58418.0,58511.0,57401.0,58386.0,219.65606441
2024-09-01 16:00:00+00:00,58374.0,58938.0,58068.0,58689.0,129.64905472
2024-09-01 20:00:00+00:00,58684.0,58806.0,57333.0,57469.0,203.42014206
2024-09-02 00:00:00+00:00,57456.0,57967.0,57309.0,57941.0,154.84985029
2024-09-02 04:00:00+00:00,57941.0,58158.0,57555.0,57735.0,137.1703063
2024-09-02 08:00:00+00:00,57736.0,58847.0,57717.0,58570.0,184.86369218
2024-09-02 12:00:00+00:00,58570.0,58939.0,58247.0,58679.0,166.22492319
2024-09-02 16:00:00+00:00,58678.0,58794.0,58455.0,58593.0,102.13458227
2024-09-02 20:00:00+00:00,58592.0,59588.0,58557.0,59308.0,142.19656207
2024-09-03 00:00:00+00:00,59305.0,59976.0,59232.0,59266.0,75.164264
2024-09-03 04:00:00+00:00,59268.0,59426.0,59070.0,59285.0,78.88599103
2024-09-03 08:00:00+00:00,59285.0,59347.0,58873.0,59215.0,135.23484083
2024-09-03 12:00:00+00:00,59214.0,59481.0,57733.0,57881.0,274.41879855
2024-09-03 16:00:00+00:00,57876.0,58417.0,57761.0,58193.0,225.73849465
2024-09-03 20:00:00+00:00,58201.0,58410.0,57609.0,57680.0,183.7480611
2024-09-04 00:00:00+00:00,57658.0,58111.0,56010.0,56832.0,679.57824419
2024-09-04 04:00:00+00:00,56831.0,57077.0,56380.0,56962.0,249.37231500000001
2024-09-04 08:00:00+00:00,56967.0,57081.0,56626.0,56747.0,171.2705398
2024-09-04 12:00:00+00:00,56746.0,58181.0,56310.0,58180.0,695.00592892
2024-09-04 16:00:00+00:00,58180.0,58632.0,57792.0,58234.0,268.66950972
2024-09-04 20:00:00+00:00,58213.0,58506.0,58020.0,58116.0,84.35005964
2024-09-05 00:00:00+00:00,58113.0,58451.0,57101.0,57291.0,651.78641384
2024-09-05 04:00:00+00:00,57286.0,57440.0,56728.0,57280.0,227.58674018
2024-09-05 08:00:00+00:00,57279.0,57313.0,56720.0,56816.0,567.7324131
2024-09-05 12:00:00+00:00,56814.0,57423.0,55950.0,56101.0,267.81428491
2024-09-05 16:00:00+00:00,56101.0,56816.0,55909.0,56171.0,197.92122102
2024-09-05 20:00:00+00:00,56160.0,56370.0,55776.0,56323.0,172.47129531
2024-09-06 00:00:00+00:00,56317.0,56981.0,56129.0,56754.0,152.89777165
2024-09-06 04:00:00+00:00,56755.0,56889.0,55438.0,55925.0,207.67057981
2024-09-06 08:00:00+00:00,55925.0,56373.0,55765.0,56125.0,172.89089954
2024-09-06 12:00:00+00:00,56125.0,57123.0,54000.0,54183.0,1063.37320069
2024-09-06 16:00:00+00:00,54191.0,54616.0,53414.0,53673.0,410.28219452
2024-09-06 20:00:00+00:00,53672.0,54136.0,52756.0,54136.0,361.19289586
2024-09-07 00:00:00+00:00,54129.0,54277.0,53931.0,53987.0,192.54880993
2024-09-07 04:00:00+00:00,53987.0,55084.0,53987.0,54449.0,470.46168888
2024-09-07 08:00:00+00:00,54449.0,54680.0,54364.0,54513.0,171.86046817
2024-09-07 12:00:00+00:00,54513.0,55003.0,54513.0,54971.0,174.20413882
2024-09-07 16:00:00+00:00,54968.0,55027.0,54196.0,54555.0,145.28380546
2024-09-07 20:00:00+00:00,54555.0,54587.0,53955.0,54309.0,146.04727016
2024-09-08 00:00:00+00:00,54302.0,54643.0,54112.0,54550.0,114.91100456
2024-09-08 04:00:00+00:00,54553.0,54712.0,54425.0,54600.0,142.3507734
2024-09-08 08:00:00+00:00,54604.0,54870.0,54517.0,54710.0,126.19069822
2024-09-08 12:00:00+00:00,54709.0,54729.0,53774.0,53787.0,268.47087716
2024-09-08 16:00:00+00:00,53786.0,54636.0,53751.0,54488.0,156.20595831
2024-09-08 20:00:00+00:00,54488.0,55448.0,54342.0,55011.0,251.10469347
2024-09-09 00:00:00+00:00,55019.0,55500.0,54854.0,55263.0,152.6815048
2024-09-09 04:00:00+00:00,55266.0,55294.0,54750.0,55131.0,123.24504366
2024-09-09 08:00:00+00:00,55127.0,55699.0,55104.0,55429.0,185.39108282
2024-09-09 12:00:00+00:00,55429.0,55881.0,54982.0,55549.0,610.88813714
2024-09-09 16:00:00+00:00,55549.0,57243.0,55525.0,57182.0,784.85891475
2024-09-09 20:00:00+00:00,57173.0,58180.0,56897.0,57110.0,82.20289297
2024-09-10 00:00:00+00:00,57121.0,57140.0,56625.0,56625.0,57.10207227
2024-09-10 04:00:00+00:00,56622.0,57373.0,56489.0,57301.0,22.68264542
2024-09-10 08:00:00+00:00,57307.0,57458.0,57011.0,57339.0,20.29729705
2024-09-10 12:00:00+00:00,57336.0,57514.0,56641.0,56705.0,62.75251834
2024-09-10 16:00:00+00:00,56700.0,58136.0,56664.0,58083.0,91.8056223
2024-09-10 20:00:00+00:00,58082.0,58082.0,57573.0,57758.0,16.92992464
2024-09-11 00:00:00+00:00,57759.0,57859.0,56815.0,56922.0,59.11245982
2024-09-11 04:00:00+00:00,56923.0,56923.0,56219.0,56826.0,282.82812258
2024-09-11 08:00:00+00:00,56825.0,56950.0,56464.0,56884.0,65.50263553
2024-09-11 12:00:00+00:00,56874.0,57222.0,55732.0,56858.0,643.9624961
2024-09-11 16:00:00+00:00,56842.0,58104.0,56802.0,57746.0,108.72471553
2024-09-11 20:00:00+00:00,57738.0,57796.0,57350.0,57451.0,25.50644278
2024-09-12 00:00:00+00:00,57456.0,58600.0,57449.0,58375.0,163.39291441
2024-09-12 04:00:00+00:00,58380.0,58560.0,58006.0,58277.0,22.25776254
2024-09-12 08:00:00+00:00,58275.0,58476.0,58071.0,58223.0,74.88145585
2024-09-12 12:00:00+00:00,58205.0,58652.0,57508.0,57645.0,167.90335901
2024-09-12 16:00:00+00:00,57645.0,58587.0,57645.0,58532.0,275.24563173
2024-09-12 20:00:00+00:00,58533.0,58533.0,57950.0,58287.0,99.5101814
2024-09-13 00:00:00+00:00,58288.0,58388.0,57991.0,57991.0,13.89608176
2024-09-13 04:00:00+00:00,57990.0,58234.0,57891.0,58234.0,37.99950633
2024-09-13 08:00:00+00:00,58235.0,58472.0,57942.0,57987.0,54.56420216
2024-09-13 12:00:00+00:00,57986.0,59842.0,57759.0,59787.0,825.33779585
2024-09-13 16:00:00+00:00,59791.0,60136.0,59460.0,59831.0,144.11315817
2024-09-13 20:00:00+00:00,59844.0,60730.0,59758.0,60645.0,88.90777108
2024-09-14 00:00:00+00:00,60638.0,60713.0,60416.0,60435.0,26.26421887
2024-09-14 04:00:00+00:00,60434.0,60435.0,60000.0,60261.0,28.98258096
2024-09-14 08:00:00+00:00,60259.0,60259.0,59722.0,59815.0,17.26839765
2024-09-14 12:00:00+00:00,59815.0,60112.0,59757.0,60010.0,52.92515112
2024-09-14 16:00:00+00:00,60009.0,60095.0,59666.0,59956.0,187.89907471
2024-09-14 20:00:00+00:00,59957.0,60260.0,59925.0,60139.0,16.27232743
2024-09-15 00:00:00+00:00,60139.0,60418.0,60139.0,60284.0,178.64400758
2024-09-15 04:00:00+00:00,60283.0,60353.0,60239.0,60320.0,5.89866348
2024-09-15 08:00:00+00:00,60320.0,60320.0,60038.0,60157.0,79.1467843
2024-09-15 12:00:00+00:00,60157.0,60525.0,60008.0,60482.0,47.07452148
2024-09-15 16:00:00+00:00,60482.0,60483.0,59863.0,59995.0,58.17918898
2024-09-15 20:00:00+00:00,59990.0,60042.0,58858.0,59296.0,464.61752475000003
2024-09-16 00:00:00+00:00,59286.0,59336.0,58274.0,58700.0,47.64914792
2024-09-16 04:00:00+00:00,58700.0,59076.0,58468.0,59050.0,44.48250473
2024-09-16 08:00:00+00:00,59050.0,59294.0,58670.0,58808.0,68.27106124
2024-09-16 12:00:00+00:00,58807.0,58923.0,57723.0,58034.0,337.94250688
2024-09-16 16:00:00+00:00,58029.0,58413.0,57652.0,58046.0,65.65338754
2024-09-16 20:00:00+00:00,58070.0,58538.0,57752.0,58342.0,60.97259844
2024-09-17 00:00:00+00:00,58342.0,58476.0,57773.0,58198.0,30.5476419
2024-09-17 04:00:00+00:00,58198.0,58890.0,58160.0,58822.0,22.69196906
2024-09-17 08:00:00+00:00,58822.0,59435.0,58791.0,59258.0,68.33275005
2024-09-17 12:00:00+00:00,59242.0,61336.0,59051.0,61237.0,638.52598056
2024-09-17 16:00:00+00:00,61237.0,61337.0,59784.0,60117.0,308.12182526
2024-09-17 20:00:00+00:00,60108.0,60550.0,59910.0,60435.0,34.85516138
2024-09-18 00:00:00+00:00,60435.0,60888.0,60015.0,60654.0,25.61464522
2024-09-18 04:00:00+00:00,60655.0,60783.0,60326.0,60578.0,10.51171063
2024-09-18 08:00:00+00:00,60571.0,60571.0,59516.0,59956.0,87.33150218
2024-09-18 12:00:00+00:00,59957.0,60255.0,59425.0,59546.0,74.11701892
2024-09-18 16:00:00+00:00,59538.0,61391.0,59293.0,60194.0,469.13056857
2024-09-18 20:00:00+00:00,60187.0,61875.0,59620.0,61853.0,335.10589356
2024-09-19 00:00:00+00:00,61853.0,62666.0,61702.0,62227.0,265.44653119
2024-09-19 04:00:00+00:00,62242.0,62301.0,61962.0,62221.0,32.30337359
2024-09-19 08:00:00+00:00,62222.0,62825.0,62032.0,62788.0,85.41304792
2024-09-19 12:00:00+00:00,62789.0,63611.0,62755.0,63309.0,160.48389818
2024-09-19 16:00:00+00:00,63292.0,63950.0,63085.0,63354.0,184.10539179
2024-09-19 20:00:00+00:00,63350.0,63350.0,62762.0,63032.0,72.72075253
2024-09-20 00:00:00+00:00,63050.0,63845.0,62724.0,63845.0,51.14547727
2024-09-20 04:00:00+00:00,63847.0,64200.0,63507.0,63619.0,83.96171578
2024-09-20 08:00:00+00:00,63620.0,63775.0,63231.0,63526.0,92.86443152
2024-09-20 12:00:00+00:00,63527.0,63624.0,62683.0,63225.0,143.82073197
2024-09-20 16:00:00+00:00,63254.0,63349.0,62435.0,62830.0,93.52927344
2024-09-20 20:00:00+00:00,62835.0,63307.0,62724.0,63205.0,25.66618385
2024-09-21 00:00:00+00:00,63205.0,63324.0,62864.0,62939.0,34.24354983
2024-09-21 04:00:00+00:00,62938.0,63165.0,62805.0,63149.0,15.76666942
2024-09-21 08:00:00+00:00,63148.0,63208.0,63104.0,63191.0,76.20613967
2024-09-21 12:00:00+00:00,63191.0,63359.0,63152.0,63272.0,46.57008164
2024-09-21 16:00:00+00:00,63272.0,63466.0,63188.0,63267.0,18.36390472
2024-09-21 20:00:00+00:00,63267.0,63614.0,63155.0,63415.0,15.22915721
2024-09-22 00:00:00+00:00,63416.0,63498.0,62965.0,63202.0,302.41926672
2024-09-22 04:00:00+00:00,63210.0,63301.0,62958.0,63044.0,15.15385452
2024-09-22 08:00:00+00:00,63044.0,63132.0,62622.0,62851.0,32.69454273
2024-09-22 12:00:00+00:00,62851.0,62981.0,62578.0,62758.0,132.56519867
2024-09-22 16:00:00+00:00,62757.0,63318.0,62575.0,63248.0,45.66091757
2024-09-22 20:00:00+00:00,63235.0,64093.0,62477.0,63663.0,102.8552532
2024-09-23 00:00:00+00:00,63663.0,64842.0,62687.0,64430.0,196.78460167
2024-09-23 04:00:00+00:00,64448.0,64544.0,63540.0,63657.0,214.97177634
2024-09-23 08:00:00+00:00,63657.0,63827.0,63455.0,63537.0,32.52007526
2024-09-23 12:00:00+00:00,63540.0,63941.0,63241.0,63748.0,183.69933625
2024-09-23 16:00:00+00:00,63747.0,63931.0,63250.0,63439.0,40.35607402
2024-09-23 20:00:00+00:00,63438.0,63644.0,63228.0,63456.0,52.55405221
2024-09-24 00:00:00+00:00,63456.0,63517.0,62857.0,63270.0,119.55653125
2024-09-24 04:00:00+00:00,63263.0,63673.0,63082.0,63672.0,35.93842164
2024-09-24 08:00:00+00:00,63673.0,64128.0,63514.0,63572.0,105.68652105
2024-09-24 12:00:00+00:00,63579.0,63878.0,62850.0,63277.0,90.23342185
2024-09-24 16:00:00+00:00,63269.0,64486.0,63202.0,64438.0,79.27691228
2024-09-24 20:00:00+00:00,64423.0,64775.0,64105.0,64381.0,95.19528372
2024-09-25 00:00:00+00:00,64386.0,64888.0,64109.0,64544.0,95.18501828
2024-09-25 04:00:00+00:00,64556.0,64556.0,63768.0,63930.0,44.47278452
2024-09-25 08:00:00+00:00,63930.0,64000.0,63522.0,63954.0,28.22647764
2024-09-25 12:00:00+00:00,63955.0,64128.0,63463.0,63600.0,92.34015604
2024-09-25 16:00:00+00:00,63607.0,63773.0,63129.0,63302.0,84.0508391
2024-09-25 20:00:00+00:00,63312.0,63697.0,63077.0,63264.0,60.45782106
2024-09-26 00:00:00+00:00,63263.0,63650.0,62805.0,63638.0,57.18036814
2024-09-26 04:00:00+00:00,63638.0,63968.0,63494.0,63966.0,45.34071192
2024-09-26 08:00:00+00:00,63966.0,64610.0,63751.0,64532.0,73.85146461
2024-09-26 12:00:00+00:00,64532.0,65654.0,64302.0,65369.0,274.70987353
2024-09-26 16:00:00+00:00,65369.0,65888.0,64844.0,64872.0,321.5357905
2024-09-26 20:00:00+00:00,64852.0,65368.0,64797.0,65307.0,88.74962257
2024-09-27 00:00:00+00:00,65308.0,65555.0,64987.0,65509.0,57.82720383
2024-09-27 04:00:00+00:00,65508.0,65656.0,65268.0,65608.0,106.19880821
2024-09-27 08:00:00+00:00,65607.0,66101.0,65472.0,65557.0,153.36877173
2024-09-27 12:00:00+00:00,65557.0,66587.0,65469.0,66165.0,193.83080369
2024-09-27 16:00:00+00:00,66165.0,66488.0,65680.0,65795.0,92.06213996
2024-09-27 20:00:00+00:00,65787.0,66102.0,65778.0,65928.0,64.28160378
2024-09-28 00:00:00+00:00,65928.0,66410.0,65880.0,66210.0,17.33035977
2024-09-28 04:00:00+00:00,66211.0,66211.0,65879.0,65968.0,20.52297613
2024-09-28 08:00:00+00:00,65968.0,65968.0,65627.0,65950.0,14.95004112
2024-09-28 12:00:00+00:00,65949.0,65957.0,65610.0,65779.0,30.60788413
2024-09-28 16:00:00+00:00,65779.0,65952.0,65675.0,65859.0,6.06453956
2024-09-28 20:00:00+00:00,65858.0,66106.0,65568.0,66014.0,15.76675776
2024-09-29 00:00:00+00:00,65999.0,66105.0,65798.0,65959.0,21.82976047
2024-09-29 04:00:00+00:00,65958.0,65959.0,65584.0,65601.0,12.40454462
2024-09-29 08:00:00+00:00,65602.0,65837.0,65574.0,65837.0,4.06669543
2024-09-29 12:00:00+00:00,65837.0,65987.0,65732.0,65911.0,20.96810207
2024-09-29 16:00:00+00:00,65912.0,66086.0,65803.0,66085.0,9.61166894
2024-09-29 20:00:00+00:00,66085.0,66193.0,65694.0,65762.0,18.6296798
2024-09-30 00:00:00+00:00,65759.0,65759.0,64333.0,64700.0,328.67756986
2024-09-30 04:00:00+00:00,64703.0,64834.0,64494.0,64704.0,37.04647168
2024-09-30 08:00:00+00:00,64704.0,64704.0,63368.0,63949.0,266.04194445
2024-09-30 12:00:00+00:00,63944.0,64273.0,63669.0,63693.0,180.750252
2024-09-30 16:00:00+00:00,63681.0,63829.0,63193.0,63582.0,66.12244015
2024-09-30 20:00:00+00:00,63593.0,63960.0,63005.0,63468.0,160.13783016
2024-10-01 00:00:00+00:00,63468.0,63845.0,63142.0,63845.0,58.48672948
2024-10-01 04:00:00+00:00,63845.0,64217.0,63786.0,64145.0,47.23680704
2024-10-01 08:00:00+00:00,64152.0,64214.0,63860.0,63862.0,44.54327773
2024-10-01 12:00:00+00:00,63861.0,63919.0,61950.0,62777.0,384.84268013
2024-10-01 16:00:00+00:00,62764.0,62891.0,61223.0,61826.0,203.22550299
2024-10-01 20:00:00+00:00,61846.0,61858.0,60313.0,60961.0,154.40202464
2024-10-02 00:00:00+00:00,60948.0,62000.0,60871.0,61890.0,55.3391988
2024-10-02 04:00:00+00:00,61876.0,62055.0,61500.0,61857.0,19.27650633
2024-10-02 08:00:00+00:00,61857.0,62022.0,61066.0,61322.0,160.09405795
2024-10-02 12:00:00+00:00,61305.0,62050.0,60704.0,61982.0,200.98090093
2024-10-02 16:00:00+00:00,61983.0,62480.0,60139.0,60324.0,139.79817444
2024-10-02 20:00:00+00:00,60324.0,61114.0,60281.0,60788.0,165.65832526
2024-10-03 00:00:00+00:00,60785.0,61581.0,60682.0,61581.0,42.77293806
2024-10-03 04:00:00+00:00,61582.0,61600.0,60955.0,61078.0,28.36985124
2024-10-03 08:00:00+00:00,61064.0,61167.0,60273.0,60897.0,118.94373997
2024-10-03 12:00:00+00:00,60896.0,61009.0,60004.0,60746.0,103.06506914
2024-10-03 16:00:00+00:00,60754.0,61168.0,60033.0,61168.0,64.90118282
2024-10-03 20:00:00+00:00,61148.0,61215.0,60747.0,60892.0,21.94947414
2024-10-04 00:00:00+00:00,60880.0,61393.0,60602.0,61065.0,34.79843238
2024-10-04 04:00:00+00:00,61069.0,61600.0,61069.0,61566.0,46.69124254
2024-10-04 08:00:00+00:00,61567.0,61762.0,61410.0,61551.0,29.50775204
2024-10-04 12:00:00+00:00,61574.0,62108.0,60947.0,61979.0,218.62118735
2024-10-04 16:00:00+00:00,61989.0,62574.0,61802.0,62501.0,74.55959634
2024-10-04 20:00:00+00:00,62501.0,62575.0,62128.0,62205.0,26.42294874
2024-10-05 00:00:00+00:00,62208.0,62326.0,61843.0,62000.0,30.23567713
2024-10-05 04:00:00+00:00,62001.0,62376.0,61966.0,62208.0,37.18881141
2024-10-05 08:00:00+00:00,62203.0,62390.0,62202.0,62258.0,76.49443475
2024-10-05 12:00:00+00:00,62257.0,62437.0,62165.0,62225.0,38.15308636
2024-10-05 16:00:00+00:00,62225.0,62225.0,61852.0,61899.0,33.87449521
2024-10-05 20:00:00+00:00,61899.0,62138.0,61767.0,62138.0,33.62385797
2024-10-06 00:00:00+00:00,62128.0,62159.0,61923.0,61933.0,24.13855289
2024-10-06 04:00:00+00:00,61924.0,62039.0,61862.0,61996.0,15.167463139999999
2024-10-06 08:00:00+00:00,61996.0,62178.0,61977.0,62162.0,6.62104728
2024-10-06 12:00:00+00:00,62161.0,62800.0,62135.0,62780.0,47.1007323
2024-10-06 16:00:00+00:00,62770.0,63033.0,62638.0,62716.0,76.46797939
2024-10-06 20:00:00+00:00,62716.0,62963.0,62392.0,62894.0,56.65652061
2024-10-07 00:00:00+00:00,62895.0,64027.0,62736.0,63580.0,105.57214761
2024-10-07 04:00:00+00:00,63582.0,63799.0,63424.0,63618.0,79.535121
2024-10-07 08:00:00+00:00,63628.0,63772.0,62741.0,63226.0,52.45808932
2024-10-07 12:00:00+00:00,63186.0,64514.0,62929.0,63748.0,163.19763047
2024-10-07 16:00:00+00:00,63748.0,63964.0,62825.0,63454.0,81.2031736
2024-10-07 20:00:00+00:00,63464.0,63480.0,62197.0,62257.0,125.04107624
2024-10-08 00:00:00+00:00,62251.0,62832.0,62200.0,62645.0,89.20019902
2024-10-08 04:00:00+00:00,62644.0,62785.0,62063.0,62358.0,74.97114737
2024-10-08 08:00:00+00:00,62346.0,62690.0,62258.0,62678.0,16.01969427
2024-10-08 12:00:00+00:00,62673.0,63248.0,61977.0,62341.0,145.18774426
2024-10-08 16:00:00+00:00,62340.0,62635.0,61940.0,62321.0,91.39780365
2024-10-08 20:00:00+00:00,62313.0,62610.0,62100.0,62230.0,12.2225185
2024-10-09 00:00:00+00:00,62223.0,62523.0,62058.0,62430.0,19.48703652
2024-10-09 04:00:00+00:00,62431.0,62587.0,62278.0,62322.0,32.94834046
2024-10-09 08:00:00+00:00,62324.0,62328.0,62121.0,62232.0,29.11733487
2024-10-09 12:00:00+00:00,62233.0,62451.0,61675.0,62385.0,166.36994553
2024-10-09 16:00:00+00:00,62362.0,62391.0,60879.0,61071.0,124.79808333
2024-10-09 20:00:00+00:00,61054.0,61142.0,60346.0,60650.0,88.03645231
2024-10-10 00:00:00+00:00,60650.0,60973.0,60400.0,60901.0,45.43026265
2024-10-10 04:00:00+00:00,60902.0,61159.0,60841.0,60929.0,31.18021035
2024-10-10 08:00:00+00:00,60928.0,61364.0,60681.0,61308.0,31.87388855
2024-10-10 12:00:00+00:00,61308.0,61348.0,60500.0,60842.0,61.94663613
2024-10-10 16:00:00+00:00,60841.0,61060.0,58943.0,59708.0,428.90698164
2024-10-10 20:00:00+00:00,59732.0,60337.0,59590.0,60337.0,61.28136092
2024-10-11 00:00:00+00:00,60337.0,60740.0,60104.0,60644.0,25.90183643
2024-10-11 04:00:00+00:00,60643.0,60940.0,60604.0,60717.0,43.2682974
2024-10-11 08:00:00+00:00,60716.0,61286.0,60702.0,61231.0,16.65265455
2024-10-11 12:00:00+00:00,61230.0,62477.0,61197.0,62325.0,98.5324207
2024-10-11 16:00:00+00:00,62318.0,63455.0,62180.0,63130.0,184.81468306
2024-10-11 20:00:00+00:00,63134.0,63203.0,62445.0,62581.0,48.11027651
2024-10-12 00:00:00+00:00,62586.0,63135.0,62569.0,62634.0,24.03463608
2024-10-12 04:00:00+00:00,62634.0,62884.0,62634.0,62846.0,13.17736716
2024-10-12 08:00:00+00:00,62847.0,63356.0,62772.0,63037.0,47.85243606
2024-10-12 12:00:00+00:00,63038.0,63590.0,62930.0,63268.0,29.68723388
2024-10-12 16:00:00+00:00,63279.0,63500.0,63066.0,63134.0,135.38448117
2024-10-12 20:00:00+00:00,63126.0,63487.0,63126.0,63335.0,38.7805803
2024-10-13 00:00:00+00:00,63335.0,63406.0,62800.0,62819.0,133.80200781
2024-10-13 04:00:00+00:00,62822.0,63081.0,62815.0,62949.0,47.0769049
2024-10-13 08:00:00+00:00,62950.0,63043.0,62666.0,62672.0,24.29610345
2024-10-13 12:00:00+00:00,62672.0,62916.0,62204.0,62368.0,287.22855485
2024-10-13 16:00:00+00:00,62367.0,63000.0,62308.0,62833.0,45.91070235
2024-10-13 20:00:00+00:00,62835.0,63253.0,62738.0,62986.0,53.19019688
2024-10-14 00:00:00+00:00,62987.0,64499.0,62601.0,64397.0,107.48914837
2024-10-14 04:00:00+00:00,64426.0,64733.0,63880.0,64694.0,198.39974752
2024-10-14 08:00:00+00:00,64694.0,65199.0,64423.0,65002.0,114.51977668
2024-10-14 12:00:00+00:00,65002.0,66381.0,64742.0,65948.0,165.1213801
2024-10-14 16:00:00+00:00,65942.0,66134.0,65611.0,66000.0,84.31372019
2024-10-14 20:00:00+00:00,66009.0,66555.0,65822.0,66179.0,142.85320171
2024-10-15 00:00:00+00:00,66179.0,66426.0,65433.0,65486.0,87.42944966
2024-10-15 04:00:00+00:00,65487.0,65912.0,65335.0,65738.0,71.74620736
2024-10-15 08:00:00+00:00,65732.0,65918.0,65409.0,65482.0,87.99551419
2024-10-15 12:00:00+00:00,65482.0,67820.0,64829.0,66051.0,926.10331093
2024-10-15 16:00:00+00:00,66064.0,67434.0,66043.0,67031.0,146.80234443
2024-10-15 20:00:00+00:00,67048.0,67193.0,66202.0,67123.0,78.78947733
2024-10-16 00:00:00+00:00,67132.0,67633.0,66861.0,67197.0,37.94457388
2024-10-16 04:00:00+00:00,67184.0,67428.0,66870.0,67026.0,96.27470799
2024-10-16 08:00:00+00:00,67025.0,68367.0,67001.0,67937.0,677.57313658
2024-10-16 12:00:00+00:00,67937.0,68304.0,67121.0,67755.0,166.7704573
2024-10-16 16:00:00+00:00,67756.0,68103.0,67519.0,67756.0,155.95489325
2024-10-16 20:00:00+00:00,67754.0,67981.0,67557.0,67654.0,29.00216154
2024-10-17 00:00:00+00:00,67654.0,67962.0,67464.0,67650.0,29.99154811
2024-10-17 04:00:00+00:00,67650.0,67650.0,67130.0,67316.0,65.21592166
2024-10-17 08:00:00+00:00,67315.0,67539.0,66828.0,66879.0,54.60368375
2024-10-17 12:00:00+00:00,66879.0,67700.0,66703.0,67645.0,130.93277633
2024-10-17 16:00:00+00:00,67645.0,67650.0,66772.0,66840.0,71.12781882
2024-10-17 20:00:00+00:00,66867.0,67487.0,66867.0,67454.0,31.022654890000002
2024-10-18 00:00:00+00:00,67453.0,68263.0,67240.0,67610.0,61.12394528
2024-10-18 04:00:00+00:00,67610.0,68381.0,67594.0,68009.0,40.47233448
2024-10-18 08:00:00+00:00,68012.0,68077.0,67714.0,67714.0,20.5391352
2024-10-18 12:00:00+00:00,67712.0,68774.0,67695.0,68704.0,488.71382105
2024-10-18 16:00:00+00:00,68693.0,68886.0,68323.0,68600.0,225.72720376
2024-10-18 20:00:00+00:00,68587.0,68618.0,68166.0,68368.0,61.06997296
2024-10-19 00:00:00+00:00,68369.0,68641.0,68249.0,68431.0,17.58986629
2024-10-19 04:00:00+00:00,68428.0,68518.0,68283.0,68312.0,39.19145833
2024-10-19 08:00:00+00:00,68313.0,68429.0,68073.0,68074.0,69.84264025
2024-10-19 12:00:00+00:00,68073.0,68305.0,68073.0,68208.0,45.78119295
2024-10-19 16:00:00+00:00,68207.0,68209.0,68035.0,68162.0,6.35119515
2024-10-19 20:00:00+00:00,68162.0,68406.0,68162.0,68360.0,4.99549683
2024-10-20 00:00:00+00:00,68359.0,68429.0,68116.0,68168.0,29.47392644
2024-10-20 04:00:00+00:00,68169.0,68410.0,68116.0,68378.0,15.63461207
2024-10-20 08:00:00+00:00,68378.0,68479.0,68359.0,68421.0,19.91714155
2024-10-20 12:00:00+00:00,68421.0,68749.0,68234.0,68640.0,39.47802353
2024-10-20 16:00:00+00:00,68640.0,68670.0,68457.0,68541.0,15.14707598
2024-10-20 20:00:00+00:00,68541.0,69402.0,68511.0,69045.0,191.79949327
2024-10-21 00:00:00+00:00,69045.0,69586.0,68652.0,68938.0,86.0730658
2024-10-21 04:00:00+00:00,68950.0,69200.0,68528.0,68547.0,38.7096115
2024-10-21 08:00:00+00:00,68542.0,68665.0,68178.0,68251.0,103.01253992
2024-10-21 12:00:00+00:00,68251.0,68349.0,66942.0,67392.0,249.08375067
2024-10-21 16:00:00+00:00,67398.0,67989.0,66983.0,67804.0,64.79389102
2024-10-21 20:00:00+00:00,67836.0,67998.0,67425.0,67425.0,39.7224903
2024-10-22 00:00:00+00:00,67427.0,67722.0,66655.0,67420.0,83.15724991
2024-10-22 04:00:00+00:00,67419.0,67815.0,67326.0,67439.0,24.73897808
2024-10-22 08:00:00+00:00,67438.0,67527.0,66820.0,67328.0,53.12909543
2024-10-22 12:00:00+00:00,67325.0,67664.0,66646.0,67291.0,141.68790824
2024-10-22 16:00:00+00:00,67275.0,67616.0,66936.0,67497.0,71.01692659
2024-10-22 20:00:00+00:00,67486.0,67824.0,67319.0,67405.0,22.251943960000002
2024-10-23 00:00:00+00:00,67412.0,67436.0,66913.0,67078.0,35.63159013
2024-10-23 04:00:00+00:00,67078.0,67283.0,66814.0,66850.0,17.010397010000002
2024-10-23 08:00:00+00:00,66849.0,67019.0,66214.0,66409.0,56.52679046
2024-10-23 12:00:00+00:00,66398.0,66854.0,65935.0,66214.0,65.264474
2024-10-23 16:00:00+00:00,66206.0,66517.0,65265.0,66407.0,236.20907864
2024-10-23 20:00:00+00:00,66448.0,66799.0,66340.0,66695.0,41.82121084
2024-10-24 00:00:00+00:00,66684.0,67600.0,66527.0,67224.0,92.41591098
2024-10-24 04:00:00+00:00,67220.0,67444.0,67057.0,67083.0,18.12932939
2024-10-24 08:00:00+00:00,67083.0,67327.0,66734.0,67268.0,43.1524713
2024-10-24 12:00:00+00:00,67271.0,67987.0,67271.0,67696.0,106.72887852
2024-10-24 16:00:00+00:00,67696.0,68346.0,67370.0,68289.0,98.58326072
2024-10-24 20:00:00+00:00,68291.0,68846.0,67991.0,68188.0,92.50467289
2024-10-25 00:00:00+00:00,68189.0,68241.0,67827.0,68001.0,12.3117527
2024-10-25 04:00:00+00:00,68001.0,68020.0,67250.0,67500.0,37.50072446
2024-10-25 08:00:00+00:00,67510.0,68155.0,67325.0,68131.0,30.70625001
2024-10-25 12:00:00+00:00,68131.0,68750.0,67449.0,67722.0,92.73083676
2024-10-25 16:00:00+00:00,67694.0,67842.0,65870.0,66794.0,243.54331717
2024-10-25 20:00:00+00:00,66814.0,67354.0,65602.0,66734.0,98.52062566
2024-10-26 00:00:00+00:00,66708.0,67011.0,66456.0,66907.0,35.97756092
2024-10-26 04:00:00+00:00,66909.0,67227.0,66809.0,67047.0,8.77458648
2024-10-26 08:00:00+00:00,67037.0,67275.0,67001.0,67153.0,11.51833322
2024-10-26 12:00:00+00:00,67153.0,67176.0,66768.0,66888.0,43.97384295
2024-10-26 16:00:00+00:00,66887.0,67152.0,66805.0,67152.0,17.23198133
2024-10-26 20:00:00+00:00,67152.0,67446.0,67077.0,67081.0,14.58216493
2024-10-27 00:00:00+00:00,67081.0,67272.0,66926.0,67249.0,4.22099679
2024-10-27 04:00:00+00:00,67262.0,67272.0,67105.0,67191.0,8.91273691
2024-10-27 08:00:00+00:00,67190.0,67238.0,67014.0,67113.0,24.9387583
2024-10-27 12:00:00+00:00,67112.0,67850.0,67102.0,67778.0,84.66153963
2024-10-27 16:00:00+00:00,67785.0,67982.0,67522.0,67834.0,32.81395929
2024-10-27 20:00:00+00:00,67844.0,68328.0,67737.0,68035.0,67.6165903
2024-10-28 00:00:00+00:00,68035.0,68115.0,67719.0,67735.0,22.38085371
2024-10-28 04:00:00+00:00,67735.0,68679.0,67660.0,68466.0,73.99140512
2024-10-28 08:00:00+00:00,68467.0,68873.0,68292.0,68793.0,83.52158503
2024-10-28 12:00:00+00:00,68788.0,69299.0,68480.0,68537.0,144.79779925
2024-10-28 16:00:00+00:00,68528.0,69966.0,68521.0,69668.0,201.06692847
2024-10-28 20:00:00+00:00,69673.0,70287.0,69491.0,69989.0,201.92958347
2024-10-29 00:00:00+00:00,69992.0,71477.0,69812.0,70967.0,586.27506285
2024-10-29 04:00:00+00:00,70959.0,71375.0,70876.0,71019.0,64.61195616
2024-10-29 08:00:00+00:00,71030.0,71579.0,71030.0,71518.0,92.97744863
2024-10-29 12:00:00+00:00,71519.0,72361.0,70993.0,72361.0,672.01110862
2024-10-29 16:00:00+00:00,72361.0,73525.0,72342.0,72491.0,1102.20753637
2024-10-29 20:00:00+00:00,72502.0,72936.0,71864.0,72688.0,136.09425564
2024-10-30 00:00:00+00:00,72705.0,72734.0,72022.0,72240.0,37.78767851
2024-10-30 04:00:00+00:00,72240.0,72589.0,72134.0,72260.0,61.87704936
2024-10-30 08:00:00+00:00,72260.0,72608.0,71965.0,71988.0,44.67537429
2024-10-30 12:00:00+00:00,72004.0,72524.0,71510.0,72121.0,169.62786544
2024-10-30 16:00:00+00:00,72106.0,72216.0,71700.0,71845.0,18.05996013
2024-10-30 20:00:00+00:00,71862.0,73060.0,71710.0,72451.0,108.15300149
2024-10-31 00:00:00+00:00,72451.0,72668.0,72114.0,72415.0,19.47300205
2024-10-31 04:00:00+00:00,72421.0,72524.0,72215.0,72458.0,12.17939242
2024-10-31 08:00:00+00:00,72472.0,72670.0,72200.0,72200.0,39.89470753
2024-10-31 12:00:00+00:00,72205.0,72282.0,70419.0,70609.0,148.66473078
2024-10-31 16:00:00+00:00,70585.0,70899.0,70013.0,70033.0,70.98800332
2024-10-31 20:00:00+00:00,70063.0,70638.0,69674.0,70299.0,112.54396518
2024-11-01 00:00:00+00:00,70294.0,70439.0,68890.0,69373.0,82.69276063
2024-11-01 04:00:00+00:00,69374.0,69690.0,69120.0,69270.0,39.34211603
2024-11-01 08:00:00+00:00,69271.0,70227.0,69251.0,70041.0,47.69124879
2024-11-01 12:00:00+00:00,70042.0,71653.0,69065.0,69371.0,239.88641239
2024-11-01 16:00:00+00:00,69409.0,70512.0,68888.0,69343.0,470.4895453
2024-11-01 20:00:00+00:00,69320.0,69645.0,68915.0,69589.0,40.7309804
2024-11-02 00:00:00+00:00,69587.0,69939.0,69561.0,69628.0,18.86627718
2024-11-02 04:00:00+00:00,69639.0,69845.0,69513.0,69832.0,8.4205425
2024-11-02 08:00:00+00:00,69832.0,69854.0,69477.0,69644.0,12.15194308
2024-11-02 12:00:00+00:00,69644.0,69705.0,69028.0,69371.0,223.77793657
2024-11-02 16:00:00+00:00,69371.0,69562.0,69192.0,69494.0,67.86894419
2024-11-02 20:00:00+00:00,69493.0,69529.0,69101.0,69321.0,40.27811195
2024-11-03 00:00:00+00:00,69332.0,69337.0,67921.0,68433.0,475.38720825
2024-11-03 04:00:00+00:00,68427.0,68770.0,68358.0,68414.0,23.65726634
2024-11-03 08:00:00+00:00,68414.0,68604.0,68245.0,68365.0,30.21603414
2024-11-03 12:00:00+00:00,68371.0,68540.0,67530.0,68174.0,379.43650023
2024-11-03 16:00:00+00:00,68146.0,68719.0,67765.0,68711.0,63.46331584
2024-11-03 20:00:00+00:00,68714.0,69409.0,68580.0,68807.0,68.08683984
2024-11-04 00:00:00+00:00,68806.0,69505.0,68286.0,69069.0,40.89367825
2024-11-04 04:00:00+00:00,69071.0,69399.0,68655.0,68657.0,18.04552178
2024-11-04 08:00:00+00:00,68661.0,69060.0,68526.0,68840.0,36.88748919
2024-11-04 12:00:00+00:00,68840.0,69304.0,68267.0,68711.0,124.24252246
2024-11-04 16:00:00+00:00,68692.0,68839.0,67328.0,67905.0,305.25704048
2024-11-04 20:00:00+00:00,67899.0,68132.0,66880.0,67858.0,100.89944433
2024-11-05 00:00:00+00:00,67879.0,68285.0,67541.0,68285.0,67.59528894
2024-11-05 04:00:00+00:00,68290.0,69029.0,68277.0,68959.0,59.09343536
2024-11-05 08:00:00+00:00,68959.0,69145.0,68675.0,68865.0,55.70080464
2024-11-05 12:00:00+00:00,68865.0,70391.0,68719.0,69661.0,203.6538825
2024-11-05 16:00:00+00:00,69663.0,70599.0,68815.0,69070.0,192.38354016
2024-11-05 20:00:00+00:00,69071.0,69970.0,68913.0,69450.0,198.38880331000001
2024-11-06 00:00:00+00:00,69458.0,74815.0,69396.0,74318.0,2306.40949811
2024-11-06 04:00:00+00:00,74318.0,75252.0,73038.0,73341.0,957.39802322
2024-11-06 08:00:00+00:00,73349.0,74500.0,72499.0,74364.0,266.37919171
2024-11-06 12:00:00+00:00,74328.0,74792.0,73542.0,74337.0,175.53499812
2024-11-06 16:00:00+00:00,74342.0,75748.0,74186.0,75748.0,712.70859796
2024-11-06 20:00:00+00:00,75748.0,76179.0,75442.0,75580.0,485.60831485
2024-11-07 00:00:00+00:00,75578.0,76050.0,75031.0,75078.0,93.89707661
2024-11-07 04:00:00+00:00,75068.0,75086.0,74397.0,74811.0,138.03607074
2024-11-07 08:00:00+00:00,74803.0,75171.0,74703.0,74736.0,113.45320777
2024-11-07 12:00:00+00:00,74736.0,76076.0,74576.0,76075.0,147.76159208
2024-11-07 16:00:00+00:00,76076.0,76543.0,75610.0,76483.0,687.57142595
2024-11-07 20:00:00+00:00,76489.0,76655.0,75455.0,75864.0,252.70177766
2024-11-08 00:00:00+00:00,75864.0,76340.0,75608.0,75894.0,61.24850524
2024-11-08 04:00:00+00:00,75894.0,76242.0,75696.0,76182.0,38.47313758
2024-11-08 08:00:00+00:00,76188.0,76309.0,75777.0,75980.0,29.34991903
2024-11-08 12:00:00+00:00,75980.0,76619.0,75660.0,76465.0,258.78464373
2024-11-08 16:00:00+00:00,76458.0,77049.0,75839.0,76866.0,297.06010096
2024-11-08 20:00:00+00:00,76869.0,77029.0,76217.0,76496.0,111.03226567
2024-11-09 00:00:00+00:00,76497.0,76626.0,76142.0,76344.0,10.742114
2024-11-09 04:00:00+00:00,76344.0,76780.0,76312.0,76542.0,14.58291619
2024-11-09 08:00:00+00:00,76542.0,76717.0,76410.0,76491.0,10.80342134
2024-11-09 12:00:00+00:00,76491.0,76545.0,76291.0,76331.0,14.79776811
2024-11-09 16:00:00+00:00,76330.0,76655.0,75746.0,76177.0,176.61720326
2024-11-09 20:00:00+00:00,76177.0,76888.0,76177.0,76703.0,80.04186025
2024-11-10 00:00:00+00:00,76705.0,77380.0,76531.0,77204.0,364.94974215
2024-11-10 04:00:00+00:00,77206.0,79596.0,77126.0,78775.0,1801.04009626
2024-11-10 08:00:00+00:00,78775.0,80000.0,78763.0,79839.0,287.84089473
2024-11-10 12:00:00+00:00,79841.0,80010.0,79180.0,79687.0,310.51641746
2024-11-10 16:00:00+00:00,79687.0,80816.0,79273.0,79718.0,844.04766669
2024-11-10 20:00:00+00:00,79722.0,81500.0,78420.0,80365.0,476.13072516
2024-11-11 00:00:00+00:00,80366.0,81793.0,80244.0,81629.0,265.8195746
2024-11-11 04:00:00+00:00,81628.0,81694.0,80443.0,81143.0,138.23931898
2024-11-11 08:00:00+00:00,81133.0,82377.0,81043.0,82165.0,251.9437149
2024-11-11 12:00:00+00:00,82169.0,84337.0,81536.0,84043.0,557.42773625
2024-11-11 16:00:00+00:00,84102.0,86706.0,83798.0,86117.0,1093.3794737
2024-11-11 20:00:00+00:00,86116.0,89529.0,86093.0,88566.0,1316.15181934
2024-11-12 00:00:00+00:00,88577.0,89400.0,86521.0,88084.0,371.60805927
2024-11-12 04:00:00+00:00,88083.0,89933.0,87721.0,89050.0,470.52409659
2024-11-12 08:00:00+00:00,89050.0,89396.0,85223.0,87205.0,634.27400809
2024-11-12 12:00:00+00:00,87200.0,87865.0,85128.0,86680.0,622.04572088
2024-11-12 16:00:00+00:00,86671.0,89713.0,85791.0,88654.0,507.73353345
2024-11-12 20:00:00+00:00,88655.0,89815.0,87416.0,87932.0,315.16445453
2024-11-13 00:00:00+00:00,87932.0,88543.0,87074.0,87092.0,188.78907844
2024-11-13 04:00:00+00:00,87170.0,87649.0,86137.0,87352.0,110.97164438
2024-11-13 08:00:00+00:00,87381.0,87967.0,87115.0,87675.0,259.82994617
2024-11-13 12:00:00+00:00,87668.0,92745.0,87505.0,92626.0,933.63364502
2024-11-13 16:00:00+00:00,92609.0,93318.0,89933.0,90249.0,696.41593021
2024-11-13 20:00:00+00:00,90218.0,91164.0,88017.0,90453.0,530.16028403
2024-11-14 00:00:00+00:00,90446.0,90577.0,89546.0,89963.0,105.40773931
2024-11-14 04:00:00+00:00,89969.0,90857.0,89111.0,90846.0,209.28617548
2024-11-14 08:00:00+00:00,90846.0,91649.0,90377.0,91497.0,216.09739727
2024-11-14 12:00:00+00:00,91477.0,91776.0,87818.0,87910.0,514.6533859
2024-11-14 16:00:00+00:00,87925.0,89704.0,87491.0,89412.0,188.63721638
2024-11-14 20:00:00+00:00,89412.0,89412.0,86693.0,87319.0,357.01252977
2024-11-15 00:00:00+00:00,87324.0,88471.0,87285.0,88235.0,92.14534268
2024-11-15 04:00:00+00:00,88224.0,88425.0,87114.0,87673.0,91.2041813
2024-11-15 08:00:00+00:00,87672.0,89796.0,87436.0,89779.0,168.98515798
2024-11-15 12:00:00+00:00,89790.0,90705.0,87754.0,88444.0,421.13544673
2024-11-15 16:00:00+00:00,88439.0,90959.0,88403.0,90400.0,219.16539703
2024-11-15 20:00:00+00:00,90400.0,91859.0,90388.0,91023.0,210.99142181
2024-11-16 00:00:00+00:00,91015.0,91669.0,90853.0,91267.0,84.59027507
2024-11-16 04:00:00+00:00,91260.0,91743.0,91050.0,91077.0,74.92709892
2024-11-16 08:00:00+00:00,91083.0,91542.0,90967.0,91155.0,130.43477473
2024-11-16 12:00:00+00:00,91172.0,91300.0,90086.0,90482.0,166.98985318
2024-11-16 16:00:00+00:00,90484.0,91346.0,90207.0,91079.0,161.3066063
2024-11-16 20:00:00+00:00,91086.0,91132.0,90319.0,90554.0,128.76575754
2024-11-17 00:00:00+00:00,90555.0,90903.0,89424.0,90242.0,142.23755743
2024-11-17 04:00:00+00:00,90242.0,90862.0,90166.0,90537.0,128.64471539
2024-11-17 08:00:00+00:00,90537.0,91423.0,90493.0,90726.0,157.1623599
2024-11-17 12:00:00+00:00,90726.0,91140.0,89962.0,90295.0,220.73276719
2024-11-17 16:00:00+00:00,90295.0,90620.0,89743.0,90101.0,74.385997
2024-11-17 20:00:00+00:00,90086.0,90226.0,88758.0,89843.0,163.78248876
2024-11-18 00:00:00+00:00,89844.0,90932.0,89679.0,90667.0,92.508105
2024-11-18 04:00:00+00:00,90677.0,92239.0,90510.0,91771.0,259.37670816
2024-11-18 08:00:00+00:00,91772.0,92218.0,90139.0,90348.0,286.22769906
2024-11-18 12:00:00+00:00,90356.0,92513.0,89500.0,92356.0,528.01637714
2024-11-18 16:00:00+00:00,92357.0,92536.0,89785.0,90707.0,347.2039844
2024-11-18 20:00:00+00:00,90708.0,92009.0,90304.0,90535.0,128.26255036
2024-11-19 00:00:00+00:00,90535.0,91512.0,90427.0,91470.0,116.88304659
2024-11-19 04:00:00+00:00,91470.0,92064.0,91259.0,91672.0,136.73478049
2024-11-19 08:00:00+00:00,91671.0,91973.0,91274.0,91708.0,146.23469777
2024-11-19 12:00:00+00:00,91708.0,92716.0,91040.0,92440.0,506.02036964
2024-11-19 16:00:00+00:00,92440.0,93751.0,92166.0,93173.0,874.81814702
2024-11-19 20:00:00+00:00,93176.0,93548.0,91348.0,92247.0,261.12787587
2024-11-20 00:00:00+00:00,92247.0,92418.0,91404.0,91998.0,86.66174429
2024-11-20 04:00:00+00:00,91980.0,92804.0,91812.0,92794.0,115.70488759
2024-11-20 08:00:00+00:00,92794.0,93610.0,92712.0,93384.0,127.83562392
2024-11-20 12:00:00+00:00,93395.0,94633.0,93269.0,94633.0,700.49592767
2024-11-20 16:00:00+00:00,94633.0,94658.0,93074.0,93959.0,290.4554308
2024-11-20 20:00:00+00:00,93971.0,94556.0,93800.0,94243.0,165.97313954
2024-11-21 00:00:00+00:00,94244.0,95730.0,93986.0,95596.0,675.8297205
2024-11-21 04:00:00+00:00,95626.0,97549.0,95626.0,96755.0,684.66191075
2024-11-21 08:00:00+00:00,96756.0,97959.0,96528.0,97799.0,321.58768843
2024-11-21 12:00:00+00:00,97799.0,98000.0,95559.0,96588.0,397.77298528
2024-11-21 16:00:00+00:00,96593.0,98700.0,96231.0,97772.0,471.72822617
2024-11-21 20:00:00+00:00,97757.0,98692.0,97500.0,98305.0,279.57539581
2024-11-22 00:00:00+00:00,98331.0,99041.0,97570.0,98670.0,289.73945048
2024-11-22 04:00:00+00:00,98681.0,99334.0,98345.0,99105.0,442.93297125
2024-11-22 08:00:00+00:00,99105.0,99160.0,97946.0,98753.0,272.14586188
2024-11-22 12:00:00+00:00,98761.0,98836.0,97010.0,98524.0,359.58924865
2024-11-22 16:00:00+00:00,98526.0,99194.0,98048.0,98666.0,606.33481035
2024-11-22 20:00:00+00:00,98666.0,99132.0,98206.0,98688.0,431.64241866
2024-11-23 00:00:00+00:00,98714.0,98715.0,97806.0,98318.0,363.80097344
2024-11-23 04:00:00+00:00,98315.0,98356.0,97867.0,98168.0,270.94816726
2024-11-23 08:00:00+00:00,98168.0,98254.0,97857.0,98141.0,308.59809432
2024-11-23 12:00:00+00:00,98150.0,98745.0,98127.0,98260.0,326.41037591
2024-11-23 16:00:00+00:00,98266.0,98309.0,97213.0,97456.0,495.60309134
2024-11-23 20:00:00+00:00,97456.0,97898.0,97136.0,97538.0,239.41447003
2024-11-24 00:00:00+00:00,97535.0,98381.0,97479.0,98000.0,150.37706125
2024-11-24 04:00:00+00:00,98001.0,98208.0,97713.0,98189.0,123.46193484
2024-11-24 08:00:00+00:00,98196.0,98251.0,97164.0,97219.0,97.16545072
2024-11-24 12:00:00+00:00,97218.0,97537.0,95770.0,95815.0,209.62999042
2024-11-24 16:00:00+00:00,95800.0,96622.0,95611.0,96258.0,102.71095208
2024-11-24 20:00:00+00:00,96258.0,98223.0,96130.0,97828.0,94.18796073
2024-11-25 00:00:00+00:00,97802.0,97944.0,96797.0,97755.0,42.41284291
2024-11-25 04:00:00+00:00,97755.0,98233.0,97526.0,97911.0,106.14409309
2024-11-25 08:00:00+00:00,97911.0,98690.0,97753.0,98079.0,307.14000741
2024-11-25 12:00:00+00:00,98095.0,98172.0,94888.0,96092.0,805.3218160600001
2024-11-25 16:00:00+00:00,96093.0,96509.0,94666.0,94820.0,227.89627262
2024-11-25 20:00:00+00:00,94754.0,95383.0,92806.0,93160.0,188.36790881
2024-11-26 00:00:00+00:00,93135.0,95090.0,92900.0,94614.0,192.51490847
2024-11-26 04:00:00+00:00,94614.0,95083.0,93633.0,93906.0,38.13037546
2024-11-26 08:00:00+00:00,93881.0,93881.0,91579.0,92448.0,210.80458099
2024-11-26 12:00:00+00:00,92427.0,93621.0,91823.0,92907.0,206.30329847
2024-11-26 16:00:00+00:00,92895.0,94722.0,91686.0,91801.0,161.27947801
2024-11-26 20:00:00+00:00,91780.0,92418.0,90911.0,92101.0,247.28176222
2024-11-27 00:00:00+00:00,92087.0,93147.0,91904.0,92682.0,144.62865149
2024-11-27 04:00:00+00:00,92698.0,93758.0,92486.0,93702.0,81.89792115
2024-11-27 08:00:00+00:00,93702.0,94070.0,93261.0,93511.0,96.69002805
2024-11-27 12:00:00+00:00,93481.0,95960.0,92974.0,95711.0,286.46511181
2024-11-27 16:00:00+00:00,95709.0,96700.0,95291.0,96700.0,139.1778264
2024-11-27 20:00:00+00:00,96700.0,97251.0,95841.0,95953.0,144.97768018
2024-11-28 00:00:00+00:00,95948.0,96629.0,94909.0,95582.0,46.1269854
2024-11-28 04:00:00+00:00,95576.0,95949.0,95140.0,95400.0,44.81488465
2024-11-28 08:00:00+00:00,95399.0,95847.0,94750.0,95584.0,54.20561703
2024-11-28 12:00:00+00:00,95584.0,96319.0,95029.0,95078.0,83.02050332
2024-11-28 16:00:00+00:00,95090.0,95508.0,94933.0,95212.0,43.6617423
2024-11-28 20:00:00+00:00,95212.0,96094.0,94813.0,95761.0,58.93188743
2024-11-29 00:00:00+00:00,95761.0,96988.0,95511.0,96681.0,55.386173819999996
2024-11-29 04:00:00+00:00,96692.0,96736.0,95737.0,95737.0,34.23374403
2024-11-29 08:00:00+00:00,95738.0,97469.0,95738.0,97358.0,69.41591053
2024-11-29 12:00:00+00:00,97369.0,98682.0,96895.0,98149.0,295.39801725
2024-11-29 16:00:00+00:00,98132.0,98500.0,96987.0,97434.0,178.8483841
2024-11-29 20:00:00+00:00,97434.0,97726.0,97151.0,97579.0,51.50685569
2024-11-30 00:00:00+00:00,97580.0,97580.0,96442.0,96766.0,65.24016716
2024-11-30 04:00:00+00:00,96766.0,97304.0,96652.0,96900.0,118.3831741
2024-11-30 08:00:00+00:00,96901.0,97049.0,96222.0,96359.0,47.99074849
2024-11-30 12:00:00+00:00,96360.0,96862.0,96359.0,96705.0,56.2143046
2024-11-30 16:00:00+00:00,96696.0,97120.0,96591.0,97119.0,30.1497488
2024-11-30 20:00:00+00:00,97118.0,97119.0,96445.0,96505.0,33.57116855
2024-12-01 00:00:00+00:00,96506.0,96724.0,95836.0,96450.0,140.21633641
2024-12-01 04:00:00+00:00,96450.0,96617.0,96350.0,96600.0,26.72507096
2024-12-01 08:00:00+00:00,96601.0,97345.0,96560.0,97273.0,94.86228449000001
2024-12-01 12:00:00+00:00,97273.0,97537.0,96851.0,97136.0,95.66107134
2024-12-01 16:00:00+00:00,97152.0,97792.0,97112.0,97265.0,85.85956819
2024-12-01 20:00:00+00:00,97265.0,97988.0,96949.0,97365.0,140.03784732
2024-12-02 00:00:00+00:00,97366.0,98240.0,96500.0,96622.0,155.79977546
2024-12-02 04:00:00+00:00,96622.0,96997.0,95888.0,96054.0,104.91421833
2024-12-02 08:00:00+00:00,96054.0,96157.0,94936.0,95277.0,129.27679738
2024-12-02 12:00:00+00:00,95267.0,97347.0,94932.0,97219.0,134.33122125
2024-12-02 16:00:00+00:00,97210.0,97470.0,94679.0,95926.0,543.12329394
2024-12-02 20:00:00+00:00,95921.0,96390.0,95179.0,95912.0,71.54126815000001
2024-12-03 00:00:00+00:00,95924.0,96402.0,95587.0,96199.0,165.32656717
2024-12-03 04:00:00+00:00,96193.0,96340.0,95408.0,95681.0,44.12905217
2024-12-03 08:00:00+00:00,95661.0,95756.0,94852.0,95143.0,203.30393481
2024-12-03 12:00:00+00:00,95142.0,96387.0,93780.0,95839.0,903.89313448
2024-12-03 16:00:00+00:00,95817.0,96271.0,95000.0,95588.0,69.00088132
2024-12-03 20:00:00+00:00,95587.0,96262.0,95407.0,96044.0,131.11167691
2024-12-04 00:00:00+00:00,96044.0,96756.0,95367.0,95930.0,61.78277101
2024-12-04 04:00:00+00:00,95930.0,96862.0,95902.0,96741.0,61.45130514
2024-12-04 08:00:00+00:00,96742.0,97101.0,96333.0,96334.0,53.35100458
2024-12-04 12:00:00+00:00,96333.0,96658.0,95455.0,95833.0,121.60054762
2024-12-04 16:00:00+00:00,95833.0,97358.0,94735.0,97260.0,187.09468744
2024-12-04 20:00:00+00:00,97286.0,99167.0,97246.0,98697.0,404.4831658
2024-12-05 00:00:00+00:00,98710.0,104000.0,98046.0,102950.0,1895.63614681
2024-12-05 04:00:00+00:00,102950.0,103650.0,101400.0,102310.0,973.20654755
2024-12-05 08:00:00+00:00,102340.0,103230.0,102270.0,102650.0,366.9902542
2024-12-05 12:00:00+00:00,102640.0,103610.0,100990.0,101360.0,391.64360403
2024-12-05 16:00:00+00:00,101410.0,102040.0,98637.0,99077.0,301.98941735
2024-12-05 20:00:00+00:00,99055.0,99549.0,88800.0,96856.0,1354.61459254
2024-12-06 00:00:00+00:00,96830.0,98638.0,96210.0,97726.0,395.01640329
2024-12-06 04:00:00+00:00,97725.0,98316.0,97401.0,98151.0,37.69205655
2024-12-06 08:00:00+00:00,98160.0,98730.0,97743.0,98188.0,134.24650604
2024-12-06 12:00:00+00:00,98179.0,99604.0,97560.0,99440.0,166.01209994
2024-12-06 16:00:00+00:00,99450.0,101800.0,98914.0,101450.0,418.17055137
2024-12-06 20:00:00+00:00,101470.0,101900.0,99101.0,99789.0,305.77345081
2024-12-07 00:00:00+00:00,99780.0,100480.0,99390.0,99390.0,133.92245315
2024-12-07 04:00:00+00:00,99380.0,99758.0,98788.0,99519.0,57.03321614
2024-12-07 08:00:00+00:00,99520.0,99939.0,99407.0,99749.0,22.70157094
2024-12-07 12:00:00+00:00,99742.0,99885.0,99180.0,99850.0,54.63804402
2024-12-07 16:00:00+00:00,99850.0,100340.0,99590.0,100160.0,38.00304343
2024-12-07 20:00:00+00:00,100160.0,100530.0,99717.0,99936.0,56.19233824
2024-12-08 00:00:00+00:00,99936.0,100400.0,99734.0,100040.0,18.12961191
2024-12-08 04:00:00+00:00,100050.0,100120.0,99353.0,99779.0,36.16258952
2024-12-08 08:00:00+00:00,99780.0,99910.0,98803.0,99840.0,126.58442683
2024-12-08 12:00:00+00:00,99841.0,100560.0,99500.0,100000.0,64.73654276
2024-12-08 16:00:00+00:00,100010.0,100260.0,99598.0,100220.0,41.62603193
2024-12-08 20:00:00+00:00,100220.0,101480.0,99867.0,101240.0,135.72483491
2024-12-09 00:00:00+00:00,101240.0,101300.0,98509.0,99206.0,337.64635902
2024-12-09 04:00:00+00:00,99190.0,99779.0,98379.0,99672.0,79.79832716
2024-12-09 08:00:00+00:00,99672.0,99729.0,98085.0,98199.0,137.62582527
2024-12-09 12:00:00+00:00,98160.0,100520.0,97630.0,97910.0,237.42181396
2024-12-09 16:00:00+00:00,97891.0,98480.0,97113.0,97140.0,238.14040176
2024-12-09 20:00:00+00:00,97120.0,97635.0,94222.0,97410.0,550.00699947
2024-12-10 00:00:00+00:00,97410.0,98215.0,95499.0,96989.0,130.50999183
2024-12-10 04:00:00+00:00,96979.0,97548.0,95980.0,97300.0,88.77885379
2024-12-10 08:00:00+00:00,97300.0,97980.0,97041.0,97840.0,73.2432536
2024-12-10 12:00:00+00:00,97831.0,98368.0,95723.0,95724.0,115.26645287
2024-12-10 16:00:00+00:00,95738.0,96560.0,94385.0,96010.0,309.9402444
2024-12-10 20:00:00+00:00,95962.0,97300.0,95725.0,96650.0,61.59191482
2024-12-11 00:00:00+00:00,96660.0,97703.0,95771.0,97480.0,23.37666906
2024-12-11 04:00:00+00:00,97490.0,97868.0,97274.0,97455.0,32.959748499999996
2024-12-11 08:00:00+00:00,97460.0,98668.0,97450.0,98412.0,47.6703294
2024-12-11 12:00:00+00:00,98401.0,100810.0,98196.0,100420.0,406.29753739
2024-12-11 16:00:00+00:00,100410.0,101130.0,99639.0,101130.0,213.01411154
2024-12-11 20:00:00+00:00,101130.0,101800.0,100860.0,101090.0,293.87397306
2024-12-12 00:00:00+00:00,101100.0,101790.0,100350.0,100980.0,73.8727106
2024-12-12 04:00:00+00:00,101000.0,101150.0,100430.0,100500.0,39.06835447
2024-12-12 08:00:00+00:00,100510.0,101090.0,100200.0,100330.0,49.66784936
2024-12-12 12:00:00+00:00,100350.0,101760.0,100350.0,101680.0,159.55817298
2024-12-12 16:00:00+00:00,101690.0,102360.0,99280.0,99423.0,398.95842834
2024-12-12 20:00:00+00:00,99423.0,100450.0,99414.0,100010.0,56.59381103
2024-12-13 00:00:00+00:00,100000.0,100300.0,99226.0,99780.0,152.72117775
2024-12-13 04:00:00+00:00,99771.0,100260.0,99561.0,100180.0,17.32050472
2024-12-13 08:00:00+00:00,100180.0,100750.0,99942.0,100400.0,101.90347574
2024-12-13 12:00:00+00:00,100390.0,101370.0,99720.0,99910.0,77.6863242
2024-12-13 16:00:00+00:00,99871.0,101840.0,99831.0,101440.0,133.90006395
2024-12-13 20:00:00+00:00,101420.0,101790.0,101030.0,101370.0,75.42200532
2024-12-14 00:00:00+00:00,101360.0,102470.0,101070.0,102040.0,231.49374692
2024-12-14 04:00:00+00:00,102050.0,102090.0,101550.0,101750.0,104.02713372
2024-12-14 08:00:00+00:00,101760.0,101790.0,101270.0,101490.0,85.87948843
2024-12-14 12:00:00+00:00,101500.0,101660.0,100780.0,101550.0,123.45208214
2024-12-14 16:00:00+00:00,101550.0,101640.0,100780.0,101240.0,69.89550252
2024-12-14 20:00:00+00:00,101240.0,101400.0,100550.0,101320.0,56.88067636
2024-12-15 00:00:00+00:00,101320.0,102100.0,101210.0,101700.0,29.20886152
2024-12-15 04:00:00+00:00,101710.0,102710.0,101500.0,101680.0,102.21880659
2024-12-15 08:00:00+00:00,101680.0,102620.0,101570.0,102620.0,13.83687923
2024-12-15 12:00:00+00:00,102620.0,103250.0,102330.0,102670.0,139.9226656
2024-12-15 16:00:00+00:00,102670.0,103360.0,102560.0,103180.0,159.11000721
2024-12-15 20:00:00+00:00,103170.0,105000.0,102570.0,104340.0,505.1722875
2024-12-16 00:00:00+00:00,104360.0,106500.0,104170.0,104470.0,312.10785671
2024-12-16 04:00:00+00:00,104490.0,105270.0,104370.0,104880.0,182.24277296
2024-12-16 08:00:00+00:00,104870.0,104870.0,103510.0,103620.0,210.63956678
2024-12-16 12:00:00+00:00,103600.0,106240.0,103220.0,106090.0,394.14780723
2024-12-16 16:00:00+00:00,106090.0,107610.0,105660.0,106450.0,602.85351425
2024-12-16 20:00:00+00:00,106460.0,106500.0,105300.0,105870.0,180.50505462
2024-12-17 00:00:00+00:00,105880.0,106860.0,105550.0,106730.0,214.42345301
2024-12-17 04:00:00+00:00,106720.0,106880.0,106210.0,106610.0,214.74016991
2024-12-17 08:00:00+00:00,106600.0,107300.0,106540.0,106650.0,159.11666719
2024-12-17 12:00:00+00:00,106650.0,108100.0,105600.0,106360.0,439.99070604
2024-12-17 16:00:00+00:00,106350.0,107450.0,106030.0,106340.0,204.54575031
2024-12-17 20:00:00+00:00,106340.0,106750.0,105110.0,106020.0,162.17622469
2024-12-18 00:00:00+00:00,105990.0,106350.0,104460.0,104620.0,168.36932537
2024-12-18 04:00:00+00:00,104620.0,104620.0,103100.0,104170.0,140.5807762
2024-12-18 08:00:00+00:00,104170.0,104960.0,103690.0,104960.0,90.60791538
2024-12-18 12:00:00+00:00,104950.0,105320.0,103600.0,104340.0,128.66508539
2024-12-18 16:00:00+00:00,104350.0,104890.0,102770.0,102780.0,136.53726845
2024-12-18 20:00:00+00:00,102770.0,102910.0,100060.0,100110.0,605.479394
2024-12-19 00:00:00+00:00,100190.0,101310.0,98843.0,101230.0,172.43415163
2024-12-19 04:00:00+00:00,101210.0,101770.0,100700.0,101750.0,42.21384139
2024-12-19 08:00:00+00:00,101750.0,102650.0,101470.0,102490.0,59.39650529
2024-12-19 12:00:00+00:00,102490.0,102800.0,99580.0,100730.0,266.28590611
2024-12-19 16:00:00+00:00,100720.0,101200.0,96278.0,97213.0,636.50587355
2024-12-19 20:00:00+00:00,97184.0,98449.0,95672.0,97482.0,376.90045596
2024-12-20 00:00:00+00:00,97503.0,97780.0,96000.0,97060.0,292.40188018
2024-12-20 04:00:00+00:00,97070.0,98180.0,96401.0,97750.0,137.36349663000001
2024-12-20 08:00:00+00:00,97749.0,97800.0,92830.0,92879.0,1865.50698709
2024-12-20 12:00:00+00:00,92861.0,97591.0,92368.0,97007.0,1000.66739889
2024-12-20 16:00:00+00:00,97003.0,97800.0,96401.0,97161.0,214.62292599
2024-12-20 20:00:00+00:00,97161.0,97873.0,95505.0,97869.0,128.02603519
2024-12-21 00:00:00+00:00,97866.0,97882.0,97254.0,97538.0,43.62657783
2024-12-21 04:00:00+00:00,97544.0,99515.0,97444.0,99027.0,239.61926877
2024-12-21 08:00:00+00:00,99031.0,99135.0,97820.0,98285.0,33.08187694
2024-12-21 12:00:00+00:00,98285.0,98285.0,96425.0,97536.0,89.70541599
2024-12-21 16:00:00+00:00,97524.0,97689.0,96819.0,97260.0,47.44439087
2024-12-21 20:00:00+00:00,97261.0,98039.0,96669.0,97289.0,127.27111982
2024-12-22 00:00:00+00:00,97290.0,97435.0,96612.0,96995.0,37.72175671
2024-12-22 04:00:00+00:00,97009.0,97088.0,95948.0,96199.0,25.7623536
2024-12-22 08:00:00+00:00,96233.0,97385.0,96233.0,97171.0,59.03289232
2024-12-22 12:00:00+00:00,97151.0,97322.0,95218.0,95435.0,202.45258619
2024-12-22 16:00:00+00:00,95435.0,96493.0,94888.0,94958.0,179.52867094
2024-12-22 20:00:00+00:00,94957.0,95828.0,94333.0,95201.0,401.95786878
2024-12-23 00:00:00+00:00,95200.0,96016.0,93887.0,96016.0,429.74011993
2024-12-23 04:00:00+00:00,96015.0,96510.0,94747.0,95405.0,121.07742232
2024-12-23 08:00:00+00:00,95404.0,96548.0,95058.0,95934.0,81.18370429
2024-12-23 12:00:00+00:00,95934.0,96425.0,93333.0,93363.0,456.36355617
2024-12-23 16:00:00+00:00,93364.0,94349.0,92825.0,93128.0,510.75109616
2024-12-23 20:00:00+00:00,93128.0,95565.0,92666.0,94918.0,188.62193291
2024-12-24 00:00:00+00:00,94919.0,94919.0,93571.0,94358.0,90.45538834999999
2024-12-24 04:00:00+00:00,94359.0,94640.0,93866.0,94246.0,40.80258909
2024-12-24 08:00:00+00:00,94246.0,94624.0,93911.0,94447.0,40.99734642
2024-12-24 12:00:00+00:00,94447.0,98367.0,94152.0,98357.0,186.91216396
2024-12-24 16:00:00+00:00,98368.0,99554.0,97700.0,97725.0,119.02716103
2024-12-24 20:00:00+00:00,97725.0,99127.0,97377.0,98730.0,116.34273904
2024-12-25 00:00:00+00:00,98721.0,98903.0,97798.0,98107.0,33.29452549
2024-12-25 04:00:00+00:00,98094.0,98613.0,97935.0,98108.0,9.84145659
2024-12-25 08:00:00+00:00,98123.0,99333.0,97888.0,97934.0,74.61890128
2024-12-25 12:00:00+00:00,97962.0,98902.0,97732.0,98544.0,164.25689614
2024-12-25 16:00:00+00:00,98562.0,99280.0,98200.0,99002.0,56.90674545
2024-12-25 20:00:00+00:00,99010.0,99566.0,98401.0,99420.0,140.53162558
2024-12-26 00:00:00+00:00,99463.0,99900.0,98514.0,98979.0,138.6512662
2024-12-26 04:00:00+00:00,98992.0,98996.0,97754.0,97754.0,54.35957982
2024-12-26 08:00:00+00:00,97753.0,97785.0,95307.0,95795.0,165.48277874000001
2024-12-26 12:00:00+00:00,95795.0,96377.0,95374.0,96149.0,125.02858558
2024-12-26 16:00:00+00:00,96149.0,96680.0,95529.0,96160.0,139.87464456
2024-12-26 20:00:00+00:00,96162.0,96179.0,95419.0,95882.0,124.00952111
2024-12-27 00:00:00+00:00,95882.0,96449.0,95503.0,96429.0,121.34098795
2024-12-27 04:00:00+00:00,96448.0,96629.0,94700.0,95151.0,151.78404719
2024-12-27 08:00:00+00:00,95140.0,97554.0,95140.0,97006.0,105.20434206
2024-12-27 12:00:00+00:00,97006.0,97086.0,94138.0,94640.0,54.42074211
2024-12-27 16:00:00+00:00,94649.0,95089.0,93617.0,94857.0,70.08431495
2024-12-27 20:00:00+00:00,94857.0,94942.0,94279.0,94419.0,28.0597183
2024-12-28 00:00:00+00:00,94418.0,94850.0,94311.0,94709.0,20.35036924
2024-12-28 04:00:00+00:00,94718.0,94891.0,94453.0,94501.0,20.3390402
2024-12-28 08:00:00+00:00,94504.0,95076.0,94471.0,94950.0,54.18342689
2024-12-28 12:00:00+00:00,94951.0,95507.0,94526.0,94591.0,109.42582284
2024-12-28 16:00:00+00:00,94591.0,95438.0,94591.0,95204.0,37.02246325
2024-12-28 20:00:00+00:00,95205.0,95916.0,95072.0,95533.0,51.3744862
2024-12-29 00:00:00+00:00,95533.0,95559.0,95069.0,95388.0,90.96377279000001
2024-12-29 04:00:00+00:00,95389.0,95469.0,95200.0,95465.0,47.51940278
2024-12-29 08:00:00+00:00,95465.0,95529.0,95258.0,95262.0,44.91604691
2024-12-29 12:00:00+00:00,95262.0,95348.0,94177.0,94714.0,100.79866259
2024-12-29 16:00:00+00:00,94714.0,94767.0,93575.0,93794.0,142.59137372
2024-12-29 20:00:00+00:00,93793.0,94152.0,93188.0,93944.0,162.29744352
2024-12-30 00:00:00+00:00,93943.0,94371.0,93453.0,93750.0,152.29199462
2024-12-30 04:00:00+00:00,93725.0,94048.0,93266.0,93708.0,140.71378574
2024-12-30 08:00:00+00:00,93707.0,94036.0,93500.0,93895.0,136.96333867
2024-12-30 12:00:00+00:00,93891.0,94200.0,91696.0,92210.0,810.36045437
2024-12-30 16:00:00+00:00,92222.0,94778.0,91918.0,94514.0,341.1194603
2024-12-30 20:00:00+00:00,94533.0,95135.0,92046.0,92982.0,238.81110808
2024-12-31 00:00:00+00:00,92983.0,93023.0,92173.0,92690.0,228.98187902
2024-12-31 04:00:00+00:00,92689.0,93214.0,92540.0,93052.0,176.77000352
2024-12-31 08:00:00+00:00,93046.0,94886.0,93039.0,94336.0,231.52135813
2024-12-31 12:00:00+00:00,94336.0,96400.0,94336.0,95559.0,174.42921643
2024-12-31 16:00:00+00:00,95559.0,95663.0,93316.0,94319.0,129.8209286
2024-12-31 20:00:00+00:00,94313.0,94348.0,93528.0,93759.0,177.77894246
2025-01-01 00:00:00+00:00,93758.0,94626.0,93659.0,93994.0,104.72863232
2025-01-01 04:00:00+00:00,93988.0,94078.0,93685.0,93844.0,102.00010226
2025-01-01 08:00:00+00:00,93844.0,93927.0,93072.0,93623.0,153.87451673
2025-01-01 12:00:00+00:00,93624.0,94666.0,93582.0,94580.0,89.71516509
2025-01-01 16:00:00+00:00,94595.0,94937.0,93942.0,94770.0,63.98199907
2025-01-01 20:00:00+00:00,94771.0,95287.0,94725.0,94757.0,32.11838781
2025-01-02 00:00:00+00:00,94757.0,95677.0,94521.0,95179.0,105.78437957999999
2025-01-02 04:00:00+00:00,95179.0,96163.0,95179.0,96005.0,49.16504518
2025-01-02 08:00:00+00:00,96005.0,97009.0,95798.0,96852.0,125.7766402
2025-01-02 12:00:00+00:00,96854.0,97530.0,96112.0,96508.0,187.92558368
2025-01-02 16:00:00+00:00,96532.0,97827.0,96134.0,97340.0,66.11910082
2025-01-02 20:00:00+00:00,97354.0,97887.0,96777.0,97035.0,42.19119679
2025-01-03 00:00:00+00:00,97035.0,97420.0,96727.0,97142.0,40.75129279
2025-01-03 04:00:00+00:00,97137.0,97137.0,96367.0,96384.0,43.30556553
2025-01-03 08:00:00+00:00,96384.0,96882.0,96191.0,96825.0,34.32783609
2025-01-03 12:00:00+00:00,96823.0,97750.0,96591.0,97651.0,172.88727548
2025-01-03 16:00:00+00:00,97658.0,99028.0,97539.0,98643.0,164.85741002
2025-01-03 20:00:00+00:00,98646.0,98768.0,98124.0,98179.0,15.8820555
2025-01-04 00:00:00+00:00,98179.0,98340.0,97859.0,98258.0,17.23735086
2025-01-04 04:00:00+00:00,98243.0,98372.0,97928.0,98329.0,18.23547084
2025-01-04 08:00:00+00:00,98331.0,98331.0,97618.0,97952.0,27.2850983
2025-01-04 12:00:00+00:00,97953.0,98193.0,97601.0,97737.0,45.6702499
2025-01-04 16:00:00+00:00,97725.0,98380.0,97602.0,98236.0,23.85808754
2025-01-04 20:00:00+00:00,98236.0,98781.0,98204.0,98294.0,22.03037691
2025-01-05 00:00:00+00:00,98294.0,98409.0,98053.0,98189.0,37.33997174
2025-01-05 04:00:00+00:00,98190.0,98556.0,98190.0,98300.0,4.5360374100000005
2025-01-05 08:00:00+00:00,98301.0,98301.0,97638.0,97672.0,27.041983
2025-01-05 12:00:00+00:00,97673.0,98307.0,97356.0,98090.0,90.43306771
2025-01-05 16:00:00+00:00,98091.0,98453.0,97673.0,98101.0,27.16309291
2025-01-05 20:00:00+00:00,98119.0,98889.0,98118.0,98400.0,35.75448078
2025-01-06 00:00:00+00:00,98402.0,99335.0,98004.0,99102.0,136.70658156
2025-01-06 04:00:00+00:00,99103.0,99956.0,99103.0,99381.0,99.28490902
2025-01-06 08:00:00+00:00,99381.0,99636.0,98740.0,99290.0,44.06276995
2025-01-06 12:00:00+00:00,99290.0,102450.0,98751.0,102110.0,330.218495
2025-01-06 16:00:00+00:00,102130.0,102560.0,101370.0,101900.0,177.05960341
2025-01-06 20:00:00+00:00,101910.0,102420.0,101640.0,102290.0,39.81532926
2025-01-07 00:00:00+00:00,102300.0,102760.0,101600.0,101740.0,56.19325264
2025-01-07 04:00:00+00:00,101750.0,102030.0,101650.0,101710.0,16.16991997
2025-01-07 08:00:00+00:00,101720.0,102000.0,100490.0,100890.0,50.40284025
2025-01-07 12:00:00+00:00,100900.0,100950.0,97206.0,97997.0,299.41300387
2025-01-07 16:00:00+00:00,97997.0,98408.0,96394.0,96495.0,470.20920975
2025-01-07 20:00:00+00:00,96495.0,97232.0,96218.0,97009.0,201.90497313
2025-01-08 00:00:00+00:00,97015.0,97346.0,96393.0,96659.0,163.90290788
2025-01-08 04:00:00+00:00,96672.0,96760.0,95422.0,95787.0,132.48329622
2025-01-08 08:00:00+00:00,95774.0,96211.0,94648.0,95212.0,166.65688434
2025-01-08 12:00:00+00:00,95212.0,96105.0,94782.0,95599.0,279.70022278
2025-01-08 16:00:00+00:00,95597.0,95597.0,92540.0,94369.0,780.40112813
2025-01-08 20:00:00+00:00,94377.0,95401.0,93760.0,95202.0,81.06854719
2025-01-09 00:00:00+00:00,95185.0,95479.0,93515.0,94161.0,54.77665406
2025-01-09 04:00:00+00:00,94147.0,94734.0,93353.0,93353.0,67.9945702
2025-01-09 08:00:00+00:00,93355.0,93989.0,92908.0,93634.0,166.96887509
2025-01-09 12:00:00+00:00,93614.0,94740.0,92088.0,94416.0,386.63266137
2025-01-09 16:00:00+00:00,94416.0,94855.0,92088.0,92088.0,133.98773515
2025-01-09 20:00:00+00:00,92088.0,92886.0,91430.0,92692.0,501.56318803
2025-01-10 00:00:00+00:00,92703.0,93907.0,92626.0,93895.0,123.05404357
2025-01-10 04:00:00+00:00,93900.0,95120.0,93714.0,94665.0,54.80000147
2025-01-10 08:00:00+00:00,94668.0,95401.0,94546.0,95189.0,23.23084461
2025-01-10 12:00:00+00:00,95188.0,95261.0,92374.0,93871.0,151.95194615
2025-01-10 16:00:00+00:00,93861.0,95930.0,93323.0,95421.0,70.56142106
2025-01-10 20:00:00+00:00,95459.0,95542.0,94698.0,94835.0,19.46995063
2025-01-11 00:00:00+00:00,94836.0,94836.0,94245.0,94296.0,11.82375368
2025-01-11 04:00:00+00:00,94297.0,94504.0,93958.0,94311.0,8.95906753
2025-01-11 08:00:00+00:00,94311.0,94852.0,94118.0,94706.0,17.58219872
2025-01-11 12:00:00+00:00,94710.0,94739.0,94473.0,94522.0,52.35108051
2025-01-11 16:00:00+00:00,94522.0,94835.0,94080.0,94346.0,27.40780087
2025-01-11 20:00:00+00:00,94346.0,95115.0,94301.0,94716.0,31.98250837
2025-01-12 00:00:00+00:00,94717.0,94791.0,94461.0,94710.0,12.91585116
2025-01-12 04:00:00+00:00,94710.0,94751.0,94420.0,94456.0,7.04149946
2025-01-12 08:00:00+00:00,94455.0,94499.0,93835.0,94400.0,79.86744325000001
2025-01-12 12:00:00+00:00,94401.0,95534.0,94294.0,95136.0,36.80436523
2025-01-12 16:00:00+00:00,95137.0,95356.0,94672.0,94742.0,37.43817807
2025-01-12 20:00:00+00:00,94742.0,94869.0,93861.0,94580.0,57.92694794
2025-01-13 00:00:00+00:00,94581.0,96069.0,94016.0,94325.0,21.25848411
2025-01-13 04:00:00+00:00,94325.0,94958.0,93360.0,93631.0,26.6784475
2025-01-13 08:00:00+00:00,93645.0,93701.0,91061.0,91062.0,349.762982
2025-01-13 12:00:00+00:00,91061.0,93240.0,89698.0,92318.0,970.57983322
2025-01-13 16:00:00+00:00,92301.0,92718.0,91420.0,92521.0,259.88412269
2025-01-13 20:00:00+00:00,92491.0,94890.0,92084.0,94682.0,222.60724637
2025-01-14 00:00:00+00:00,94680.0,95545.0,94489.0,95006.0,88.72729777
2025-01-14 04:00:00+00:00,95005.0,95559.0,94863.0,95002.0,39.81688429
2025-01-14 08:00:00+00:00,95002.0,97451.0,94988.0,96692.0,142.9306651
2025-01-14 12:00:00+00:00,96679.0,97430.0,95898.0,96633.0,109.42567293
2025-01-14 16:00:00+00:00,96633.0,97194.0,95480.0,96656.0,69.71040832
2025-01-14 20:00:00+00:00,96657.0,97026.0,96303.0,96701.0,35.58129295
2025-01-15 00:00:00+00:00,96702.0,97655.0,96670.0,97417.0,81.32810006
2025-01-15 04:00:00+00:00,97437.0,97822.0,96893.0,97440.0,45.57215685
2025-01-15 08:00:00+00:00,97444.0,97664.0,96675.0,96900.0,28.95603333
2025-01-15 12:00:00+00:00,96900.0,99861.0,96664.0,99106.0,229.56111015
2025-01-15 16:00:00+00:00,99106.0,99899.0,98714.0,99869.0,129.97600949
2025-01-15 20:00:00+00:00,99865.0,100660.0,99527.0,100490.0,216.78729409
2025-01-16 00:00:00+00:00,100490.0,100840.0,99121.0,99457.0,94.60657502
2025-01-16 04:00:00+00:00,99457.0,99841.0,99297.0,99720.0,62.24124743
2025-01-16 08:00:00+00:00,99720.0,99726.0,98474.0,99126.0,78.52423448
2025-01-16 12:00:00+00:00,99121.0,99444.0,97381.0,99315.0,189.15027781
2025-01-16 16:00:00+00:00,99303.0,100430.0,99134.0,100420.0,96.27386858
2025-01-16 20:00:00+00:00,100420.0,100620.0,99399.0,100040.0,146.51336383
2025-01-17 00:00:00+00:00,100030.0,102030.0,100000.0,100980.0,200.77584005
2025-01-17 04:00:00+00:00,100980.0,101860.0,100880.0,101410.0,192.38330585
2025-01-17 08:00:00+00:00,101420.0,102440.0,101420.0,102220.0,140.9654854
2025-01-17 12:00:00+00:00,102200.0,104150.0,102180.0,103960.0,379.18432697
2025-01-17 16:00:00+00:00,103960.0,105800.0,103860.0,105760.0,227.13568915
2025-01-17 20:00:00+00:00,105760.0,105770.0,104040.0,104040.0,120.07621509
2025-01-18 00:00:00+00:00,104040.0,104640.0,103040.0,103510.0,69.14713226
2025-01-18 04:00:00+00:00,103510.0,103670.0,102530.0,102730.0,127.71478512
2025-01-18 08:00:00+00:00,102730.0,103840.0,102200.0,103550.0,67.24705435
2025-01-18 12:00:00+00:00,103550.0,104960.0,103080.0,104560.0,123.53556129
2025-01-18 16:00:00+00:00,104560.0,104680.0,103170.0,104370.0,112.23029273
2025-01-18 20:00:00+00:00,104380.0,104740.0,103810.0,104490.0,42.04789443
2025-01-19 00:00:00+00:00,104490.0,105400.0,104010.0,104940.0,38.98259935
2025-01-19 04:00:00+00:00,104960.0,105500.0,104200.0,105120.0,59.3432379
2025-01-19 08:00:00+00:00,105130.0,105370.0,103420.0,104290.0,123.12830135
2025-01-19 12:00:00+00:00,104280.0,105610.0,104260.0,104870.0,206.66497177
2025-01-19 16:00:00+00:00,104870.0,106170.0,104470.0,106170.0,123.1784722
2025-01-19 20:00:00+00:00,106160.0,106370.0,99637.0,101300.0,486.34986424
2025-01-20 00:00:00+00:00,101310.0,102230.0,99500.0,101830.0,390.75624747
2025-01-20 04:00:00+00:00,101780.0,109590.0,101520.0,107040.0,745.77743643
2025-01-20 08:00:00+00:00,107060.0,109080.0,107060.0,108220.0,191.4543908
2025-01-20 12:00:00+00:00,108220.0,108650.0,104510.0,104930.0,436.05383563
2025-01-20 16:00:00+00:00,104900.0,107000.0,100510.0,103670.0,976.96915779
2025-01-20 20:00:00+00:00,103690.0,104310.0,101670.0,102210.0,181.38681694
2025-01-21 00:00:00+00:00,102190.0,103210.0,100100.0,102930.0,290.03623465
2025-01-21 04:00:00+00:00,102930.0,102930.0,101080.0,101970.0,149.05197536
2025-01-21 08:00:00+00:00,101940.0,103970.0,101730.0,103800.0,121.01687957
2025-01-21 12:00:00+00:00,103810.0,105290.0,102810.0,103950.0,155.35852353
2025-01-21 16:00:00+00:00,103950.0,107360.0,103870.0,107030.0,314.77393238
2025-01-21 20:00:00+00:00,107010.0,107160.0,105430.0,106150.0,88.08570646
2025-01-22 00:00:00+00:00,106150.0,106350.0,105500.0,105650.0,37.95731068
2025-01-22 04:00:00+00:00,105640.0,105910.0,105070.0,105090.0,54.9509397
2025-01-22 08:00:00+00:00,105090.0,105420.0,104530.0,105030.0,84.04053734
2025-01-22 12:00:00+00:00,105070.0,105610.0,103680.0,104220.0,141.57417374
2025-01-22 16:00:00+00:00,104220.0,104780.0,103400.0,104660.0,122.94341032
2025-01-22 20:00:00+00:00,104660.0,104870.0,103670.0,103680.0,72.61406285
2025-01-23 00:00:00+00:00,103670.0,103760.0,102000.0,102320.0,366.7987147
2025-01-23 04:00:00+00:00,102330.0,102820.0,101470.0,102620.0,155.94500855
2025-01-23 08:00:00+00:00,102620.0,102620.0,101260.0,101950.0,45.65186
2025-01-23 12:00:00+00:00,101960.0,106040.0,101310.0,105220.0,471.34267402
2025-01-23 16:00:00+00:00,105250.0,107000.0,103470.0,103830.0,309.20394039
2025-01-23 20:00:00+00:00,103830.0,106460.0,102300.0,103930.0,353.45045383
2025-01-24 00:00:00+00:00,103930.0,104260.0,102700.0,103930.0,92.86808021
2025-01-24 04:00:00+00:00,103930.0,105320.0,103850.0,105010.0,75.02631696
2025-01-24 08:00:00+00:00,105030.0,105750.0,104930.0,105420.0,46.42339625
2025-01-24 12:00:00+00:00,105420.0,106500.0,104680.0,105880.0,116.99692564
2025-01-24 16:00:00+00:00,105860.0,107030.0,105620.0,105760.0,128.03292761
2025-01-24 20:00:00+00:00,105760.0,105760.0,104390.0,104790.0,59.57450048
2025-01-25 00:00:00+00:00,104790.0,105180.0,104370.0,105170.0,25.14866912
2025-01-25 04:00:00+00:00,105170.0,105170.0,104170.0,104310.0,14.81968008
2025-01-25 08:00:00+00:00,104310.0,104650.0,104100.0,104650.0,29.2329658
2025-01-25 12:00:00+00:00,104640.0,105100.0,104460.0,104910.0,25.69892594
2025-01-25 16:00:00+00:00,104910.0,105260.0,104470.0,105050.0,22.05030728
2025-01-25 20:00:00+00:00,105050.0,105200.0,104660.0,104700.0,19.29367858
2025-01-26 00:00:00+00:00,104700.0,105200.0,104510.0,105020.0,4.65020169
2025-01-26 04:00:00+00:00,105030.0,105440.0,104940.0,104970.0,6.98265809
2025-01-26 08:00:00+00:00,104980.0,105160.0,104460.0,104760.0,18.95970729
2025-01-26 12:00:00+00:00,104780.0,105040.0,104710.0,105000.0,15.40621601
2025-01-26 16:00:00+00:00,104990.0,105220.0,104840.0,105110.0,23.40270249
2025-01-26 20:00:00+00:00,105100.0,105190.0,102660.0,102660.0,256.9574324
2025-01-27 00:00:00+00:00,102660.0,103300.0,100780.0,101490.0,164.03496132
2025-01-27 04:00:00+00:00,101480.0,101480.0,97799.0,99087.0,315.92758487
2025-01-27 08:00:00+00:00,99081.0,99535.0,98316.0,98827.0,161.2276093
2025-01-27 12:00:00+00:00,98808.0,102380.0,98758.0,101190.0,191.14446776
2025-01-27 16:00:00+00:00,101190.0,101300.0,99030.0,99779.0,234.38069687
2025-01-27 20:00:00+00:00,99801.0,102540.0,99748.0,102300.0,160.75068406
2025-01-28 00:00:00+00:00,102290.0,103070.0,101540.0,102760.0,41.67123254
2025-01-28 04:00:00+00:00,102760.0,103480.0,102640.0,102870.0,80.19921276
2025-01-28 08:00:00+00:00,102880.0,103270.0,102510.0,102850.0,26.55211172
2025-01-28 12:00:00+00:00,102870.0,103850.0,101900.0,102800.0,85.47578247
2025-01-28 16:00:00+00:00,102830.0,103140.0,101840.0,102550.0,105.51793993
2025-01-28 20:00:00+00:00,102550.0,102590.0,100380.0,101460.0,82.32571062
2025-01-29 00:00:00+00:00,101450.0,102340.0,101440.0,102130.0,26.79114808
2025-01-29 04:00:00+00:00,102100.0,102860.0,102050.0,102760.0,49.44951351
2025-01-29 08:00:00+00:00,102770.0,103020.0,102260.0,102610.0,46.21138225
2025-01-29 12:00:00+00:00,102610.0,102780.0,101600.0,101980.0,59.20520709
2025-01-29 16:00:00+00:00,101970.0,104190.0,101420.0,103670.0,73.87302304
2025-01-29 20:00:00+00:00,103630.0,104800.0,102910.0,103780.0,69.24967668
2025-01-30 00:00:00+00:00,103780.0,105330.0,103450.0,105270.0,29.96352444
2025-01-30 04:00:00+00:00,105290.0,105640.0,104900.0,105180.0,58.13087414
2025-01-30 08:00:00+00:00,105180.0,105780.0,105000.0,105390.0,68.66464033
2025-01-30 12:00:00+00:00,105390.0,106520.0,104780.0,105630.0,82.91413772
2025-01-30 16:00:00+00:00,105650.0,106090.0,104850.0,105780.0,30.03106391
2025-01-30 20:00:00+00:00,105780.0,105870.0,104700.0,104740.0,70.70947208
2025-01-31 00:00:00+00:00,104740.0,105010.0,103960.0,104310.0,32.71888537
2025-01-31 04:00:00+00:00,104310.0,104800.0,104000.0,104260.0,49.53632407
2025-01-31 08:00:00+00:00,104270.0,104830.0,103950.0,104760.0,60.92526404
2025-01-31 12:00:00+00:00,104780.0,106040.0,104180.0,105430.0,50.543091079999996
2025-01-31 16:00:00+00:00,105470.0,105590.0,102220.0,102400.0,124.77321154
2025-01-31 20:00:00+00:00,102360.0,102550.0,101670.0,102470.0,82.22339471
2025-02-01 00:00:00+00:00,102470.0,102790.0,102270.0,102320.0,12.67589041
2025-02-01 04:00:00+00:00,102310.0,102600.0,102180.0,102220.0,13.19568076
2025-02-01 08:00:00+00:00,102210.0,102260.0,101480.0,102060.0,52.54334483
2025-02-01 12:00:00+00:00,102070.0,102460.0,101810.0,102130.0,33.76685753
2025-02-01 16:00:00+00:00,102130.0,102360.0,101530.0,101700.0,44.72821687
2025-02-01 20:00:00+00:00,101700.0,101700.0,100380.0,100700.0,104.38339874
2025-02-02 00:00:00+00:00,100690.0,101460.0,99212.0,99256.0,142.58114515
2025-02-02 04:00:00+00:00,99256.0,100520.0,99212.0,99715.0,98.20474692
2025-02-02 08:00:00+00:00,99708.0,100200.0,98712.0,98813.0,260.94094046
2025-02-02 12:00:00+00:00,98862.0,99477.0,98191.0,99429.0,341.95325203
2025-02-02 16:00:00+00:00,99418.0,99426.0,96700.0,98105.0,710.60941338
2025-02-02 20:00:00+00:00,98105.0,98335.0,96200.0,97600.0,588.53825341
2025-02-03 00:00:00+00:00,97600.0,97645.0,91657.0,94138.0,1348.66304984
2025-02-03 04:00:00+00:00,94142.0,95555.0,92792.0,95480.0,236.78511724
2025-02-03 08:00:00+00:00,95475.0,96050.0,94942.0,95251.0,133.66056473
2025-02-03 12:00:00+00:00,95269.0,99443.0,93049.0,98844.0,1638.14762487
2025-02-03 16:00:00+00:00,98843.0,101900.0,98005.0,101900.0,385.58344225
2025-02-03 20:00:00+00:00,101900.0,102390.0,100830.0,101270.0,122.31079266
2025-02-04 00:00:00+00:00,101270.0,101650.0,100560.0,100620.0,58.98137799
2025-02-04 04:00:00+00:00,100620.0,100740.0,98259.0,98462.0,131.76869088
2025-02-04 08:00:00+00:00,98440.0,99420.0,97868.0,98958.0,161.41440771
2025-02-04 12:00:00+00:00,98958.0,100380.0,98357.0,99377.0,179.64884626
2025-02-04 16:00:00+00:00,99366.0,100800.0,98799.0,98870.0,101.68759515
2025-02-04 20:00:00+00:00,98878.0,99426.0,96127.0,97781.0,280.86867382
2025-02-05 00:00:00+00:00,97778.0,98962.0,97158.0,98038.0,54.93937624
2025-02-05 04:00:00+00:00,98038.0,98292.0,97340.0,97834.0,38.80283936
2025-02-05 08:00:00+00:00,97833.0,98202.0,97220.0,98202.0,96.48977473
2025-02-05 12:00:00+00:00,98202.0,99150.0,97779.0,98083.0,59.54825558
2025-02-05 16:00:00+00:00,98073.0,98243.0,96476.0,97358.0,71.05432062
2025-02-05 20:00:00+00:00,97358.0,97670.0,96172.0,96614.0,34.45033679
2025-02-06 00:00:00+00:00,96614.0,97494.0,96491.0,97330.0,92.49589929
2025-02-06 04:00:00+00:00,97329.0,98516.0,97263.0,98293.0,74.77949419
2025-02-06 08:00:00+00:00,98293.0,99222.0,98058.0,98985.0,88.77310197999999
2025-02-06 12:00:00+00:00,99005.0,99139.0,97014.0,97359.0,73.74205873
2025-02-06 16:00:00+00:00,97359.0,97596.0,95922.0,96092.0,683.04966571
2025-02-06 20:00:00+00:00,96091.0,97148.0,95922.0,96678.0,69.3165337
2025-02-07 00:00:00+00:00,96688.0,97880.0,96537.0,97569.0,38.22378755
2025-02-07 04:00:00+00:00,97574.0,97979.0,96672.0,96835.0,108.43640248
2025-02-07 08:00:00+00:00,96835.0,97820.0,96737.0,97820.0,14.17138727
2025-02-07 12:00:00+00:00,97824.0,100160.0,97301.0,98340.0,180.88343943
2025-02-07 16:00:00+00:00,98333.0,98622.0,96920.0,96924.0,84.99930016
2025-02-07 20:00:00+00:00,96915.0,96915.0,95674.0,96579.0,230.30438230000001
2025-02-08 00:00:00+00:00,96579.0,96908.0,96473.0,96724.0,37.27062462
2025-02-08 04:00:00+00:00,96725.0,96725.0,95860.0,96282.0,41.33517885
2025-02-08 08:00:00+00:00,96282.0,96339.0,95951.0,96154.0,9.46615367
2025-02-08 12:00:00+00:00,96153.0,96569.0,95748.0,95911.0,41.63892889
2025-02-08 16:00:00+00:00,95913.0,96861.0,95801.0,96659.0,78.70435708
2025-02-08 20:00:00+00:00,96675.0,96845.0,96494.0,96621.0,76.15834089
2025-02-09 00:00:00+00:00,96611.0,97337.0,96490.0,97337.0,154.07389968
2025-02-09 04:00:00+00:00,97347.0,97366.0,96858.0,97166.0,27.97873769
2025-02-09 08:00:00+00:00,97166.0,97365.0,96647.0,96647.0,12.66189056
2025-02-09 12:00:00+00:00,96643.0,96763.0,95793.0,96543.0,75.6530486
2025-02-09 16:00:00+00:00,96542.0,96591.0,95952.0,96097.0,28.27357587
2025-02-09 20:00:00+00:00,96100.0,96856.0,94995.0,96615.0,601.26324697
2025-02-10 00:00:00+00:00,96614.0,97235.0,95391.0,96899.0,101.59250495
2025-02-10 04:00:00+00:00,96899.0,97746.0,96757.0,97572.0,108.97962692
2025-02-10 08:00:00+00:00,97573.0,98078.0,97496.0,97807.0,28.55564504
2025-02-10 12:00:00+00:00,97808.0,98468.0,96984.0,97345.0,69.32055308
2025-02-10 16:00:00+00:00,97345.0,97700.0,97021.0,97482.0,109.29546983
2025-02-10 20:00:00+00:00,97472.0,97639.0,97299.0,97550.0,109.81783887
2025-02-11 00:00:00+00:00,97551.0,98233.0,97550.0,97734.0,40.60648533
2025-02-11 04:00:00+00:00,97735.0,98645.0,97697.0,98395.0,8.70858421
2025-02-11 08:00:00+00:00,98396.0,98441.0,98016.0,98281.0,20.8003541
2025-02-11 12:00:00+00:00,98282.0,98282.0,96716.0,97122.0,256.15600866
2025-02-11 16:00:00+00:00,97142.0,97212.0,95024.0,95250.0,621.9383209599999
2025-02-11 20:00:00+00:00,95222.0,96658.0,95071.0,95950.0,163.61774982
2025-02-12 00:00:00+00:00,95950.0,96435.0,95283.0,95431.0,231.08142072
2025-02-12 04:00:00+00:00,95416.0,96354.0,95373.0,96256.0,124.49641075
2025-02-12 08:00:00+00:00,96256.0,96638.0,96057.0,96278.0,139.35578251
2025-02-12 12:00:00+00:00,96240.0,96746.0,94398.0,95969.0,672.42143328
2025-02-12 16:00:00+00:00,95947.0,98058.0,95301.0,97320.0,218.29150978
2025-02-12 20:00:00+00:00,97321.0,98200.0,97004.0,98007.0,225.70475547
2025-02-13 00:00:00+00:00,98006.0,98166.0,97413.0,97445.0,136.87860423
2025-02-13 04:00:00+00:00,97446.0,97476.0,95801.0,96078.0,104.44884134
2025-02-13 08:00:00+00:00,96052.0,96392.0,95712.0,96040.0,66.67406517
2025-02-13 12:00:00+00:00,96040.0,96599.0,95450.0,96097.0,135.64206329
2025-02-13 16:00:00+00:00,96096.0,96491.0,95362.0,95796.0,206.57229039
2025-02-13 20:00:00+00:00,95787.0,96923.0,95780.0,96815.0,91.11559622
2025-02-14 00:00:00+00:00,96791.0,97344.0,96515.0,97266.0,124.56965602
2025-02-14 04:00:00+00:00,97299.0,97376.0,96735.0,97075.0,63.16209784
2025-02-14 08:00:00+00:00,97076.0,97303.0,96945.0,97007.0,27.533933049999998
2025-02-14 12:00:00+00:00,97006.0,97671.0,96431.0,97059.0,145.90536512
2025-02-14 16:00:00+00:00,97056.0,98821.0,96615.0,97928.0,246.25180032
2025-02-14 20:00:00+00:00,97923.0,98245.0,96743.0,97489.0,19.45738027
2025-02-15 00:00:00+00:00,97488.0,97969.0,97254.0,97693.0,4.90859745
2025-02-15 04:00:00+00:00,97693.0,97785.0,97369.0,97369.0,13.0458797
2025-02-15 08:00:00+00:00,97378.0,97721.0,97354.0,97627.0,7.68394495
2025-02-15 12:00:00+00:00,97627.0,97932.0,97458.0,97619.0,14.61061804
2025-02-15 16:00:00+00:00,97619.0,97687.0,97379.0,97573.0,17.27279384
2025-02-15 20:00:00+00:00,97574.0,97739.0,97444.0,97574.0,3.78267383
2025-02-16 00:00:00+00:00,97596.0,97723.0,97474.0,97559.0,5.40375377
2025-02-16 04:00:00+00:00,97560.0,97672.0,97202.0,97230.0,11.11472236
2025-02-16 08:00:00+00:00,97230.0,97418.0,97111.0,97329.0,22.35069699
2025-02-16 12:00:00+00:00,97329.0,97330.0,96710.0,96986.0,27.06403556
2025-02-16 16:00:00+00:00,96963.0,97202.0,96667.0,97101.0,37.43257876
2025-02-16 20:00:00+00:00,97100.0,97316.0,96159.0,96257.0,126.16043551
2025-02-17 00:00:00+00:00,96257.0,96784.0,96174.0,96371.0,160.99863044
2025-02-17 04:00:00+00:00,96371.0,96612.0,95953.0,96240.0,158.02358634
2025-02-17 08:00:00+00:00,96239.0,96542.0,96126.0,96201.0,23.13961193
2025-02-17 12:00:00+00:00,96203.0,97163.0,95715.0,95783.0,78.99185211
2025-02-17 16:00:00+00:00,95803.0,96049.0,95444.0,95714.0,113.4577389
2025-02-17 20:00:00+00:00,95710.0,96592.0,95687.0,95955.0,118.09849073
2025-02-18 00:00:00+00:00,95953.0,96485.0,95734.0,96379.0,114.29076713
2025-02-18 04:00:00+00:00,96376.0,96481.0,95444.0,95649.0,148.80376548
2025-02-18 08:00:00+00:00,95648.0,96065.0,95241.0,95820.0,179.39422616
2025-02-18 12:00:00+00:00,95820.0,96923.0,95397.0,95710.0,186.51180056
2025-02-18 16:00:00+00:00,95711.0,95809.0,93569.0,94278.0,905.39026849
2025-02-18 20:00:00+00:00,94278.0,95835.0,93942.0,95835.0,212.23097431
2025-02-19 00:00:00+00:00,95835.0,96242.0,95279.0,95988.0,166.76754724
2025-02-19 04:00:00+00:00,95959.0,96048.0,95250.0,95904.0,156.99587027
2025-02-19 08:00:00+00:00,95903.0,96629.0,95825.0,96587.0,116.76185199
2025-02-19 12:00:00+00:00,96588.0,96885.0,95713.0,96108.0,147.1010553
2025-02-19 16:00:00+00:00,96117.0,96669.0,95632.0,96434.0,105.00021052
2025-02-19 20:00:00+00:00,96386.0,97056.0,96273.0,96801.0,41.93953328
2025-02-20 00:00:00+00:00,96801.0,97511.0,96615.0,97251.0,11.43837226
2025-02-20 04:00:00+00:00,97251.0,97490.0,96968.0,97013.0,21.00295274
2025-02-20 08:00:00+00:00,97023.0,97508.0,96952.0,97316.0,33.15604043
2025-02-20 12:00:00+00:00,97317.0,98148.0,97009.0,97010.0,57.36598131
2025-02-20 16:00:00+00:00,97039.0,98644.0,97038.0,98551.0,33.12408272
2025-02-20 20:00:00+00:00,98562.0,98862.0,98150.0,98433.0,42.02013881
2025-02-21 00:00:00+00:00,98433.0,98609.0,98232.0,98261.0,8.79973646
2025-02-21 04:00:00+00:00,98262.0,98736.0,98248.0,98299.0,86.83404114
2025-02-21 08:00:00+00:00,98299.0,99000.0,98254.0,98824.0,118.94053041
2025-02-21 12:00:00+00:00,98817.0,99574.0,97316.0,98205.0,212.44821954
2025-02-21 16:00:00+00:00,98205.0,98849.0,95401.0,95440.0,68.27314944
2025-02-21 20:00:00+00:00,95410.0,96379.0,95024.0,96345.0,190.95173926
2025-02-22 00:00:00+00:00,96346.0,96628.0,95965.0,96466.0,75.55913501
2025-02-22 04:00:00+00:00,96466.0,96736.0,96462.0,96475.0,14.0730715
2025-02-22 08:00:00+00:00,96476.0,96751.0,96366.0,96739.0,48.82162799
2025-02-22 12:00:00+00:00,96746.0,97143.0,96671.0,96776.0,16.38586291
2025-02-22 16:00:00+00:00,96768.0,96950.0,96519.0,96795.0,8.23281924
2025-02-22 20:00:00+00:00,96795.0,96820.0,96660.0,96721.0,11.06762584
2025-02-23 00:00:00+00:00,96720.0,96767.0,96538.0,96585.0,2.6354098
2025-02-23 04:00:00+00:00,96586.0,96688.0,96340.0,96664.0,26.14526969
2025-02-23 08:00:00+00:00,96664.0,96664.0,96250.0,96259.0,15.00870128
2025-02-23 12:00:00+00:00,96259.0,96272.0,95576.0,95610.0,15.02504355
2025-02-23 16:00:00+00:00,95610.0,96004.0,95391.0,95881.0,55.10794363
2025-02-23 20:00:00+00:00,95881.0,96480.0,95728.0,96450.0,67.4001481
2025-02-24 00:00:00+00:00,96450.0,96659.0,95501.0,95614.0,75.14702924
2025-02-24 04:00:00+00:00,95611.0,96122.0,95263.0,96069.0,82.25740005
2025-02-24 08:00:00+00:00,96068.0,96307.0,95552.0,96020.0,91.70475585
2025-02-24 12:00:00+00:00,96020.0,96243.0,94028.0,94502.0,158.874945
2025-02-24 16:00:00+00:00,94487.0,95370.0,93910.0,94144.0,128.16484377
2025-02-24 20:00:00+00:00,94140.0,94758.0,91833.0,91971.0,896.16712415
2025-02-25 00:00:00+00:00,91925.0,92833.0,91633.0,92505.0,378.85358231
2025-02-25 04:00:00+00:00,92517.0,92658.0,89325.0,89763.0,2190.15977865
2025-02-25 08:00:00+00:00,89763.0,90436.0,87283.0,89505.0,866.96687901
2025-02-25 12:00:00+00:00,89510.0,89791.0,86241.0,87406.0,786.85846434
2025-02-25 16:00:00+00:00,87443.0,88270.0,86658.0,88121.0,589.7684474
2025-02-25 20:00:00+00:00,88121.0,89630.0,87809.0,88888.0,264.15681648
2025-02-26 00:00:00+00:00,88881.0,89623.0,88351.0,89118.0,187.3101392
2025-02-26 04:00:00+00:00,89116.0,89456.0,88632.0,88939.0,195.93153905
2025-02-26 08:00:00+00:00,88927.0,89506.0,88379.0,88840.0,200.4098042
2025-02-26 12:00:00+00:00,88844.0,88874.0,86089.0,87766.0,1127.26403279
2025-02-26 16:00:00+00:00,87761.0,87987.0,84141.0,84161.0,1593.88064496
2025-02-26 20:00:00+00:00,84178.0,85721.0,82925.0,84432.0,874.1087609799999
2025-02-27 00:00:00+00:00,84433.0,85668.0,84287.0,85465.0,248.83002003
2025-02-27 04:00:00+00:00,85477.0,86966.0,84932.0,86493.0,294.54801797
2025-02-27 08:00:00+00:00,86505.0,87320.0,86112.0,86936.0,241.85068043
2025-02-27 12:00:00+00:00,86934.0,87029.0,84846.0,85684.0,320.59458546
2025-02-27 16:00:00+00:00,85686.0,85935.0,83877.0,84348.0,607.51407177
2025-02-27 20:00:00+00:00,84348.0,85167.0,83000.0,85007.0,480.78667112
2025-02-28 00:00:00+00:00,85008.0,85145.0,80226.0,80719.0,1544.2317193
2025-02-28 04:00:00+00:00,80723.0,81276.0,79189.0,79409.0,702.76710472
2025-02-28 08:00:00+00:00,79409.0,81000.0,78617.0,80718.0,452.92862286
2025-02-28 12:00:00+00:00,80718.0,84652.0,80352.0,84247.0,694.35226594
2025-02-28 16:00:00+00:00,84246.0,85330.0,83425.0,84684.0,429.86642641
2025-02-28 20:00:00+00:00,84682.0,85067.0,83895.0,84654.0,253.81949758
2025-03-01 00:00:00+00:00,84620.0,85900.0,84115.0,85564.0,495.56084684
2025-03-01 04:00:00+00:00,85572.0,86819.0,85029.0,85030.0,250.06556936
2025-03-01 08:00:00+00:00,85030.0,85796.0,84653.0,84913.0,253.67160847
2025-03-01 12:00:00+00:00,84914.0,85228.0,84605.0,85077.0,199.56870066
2025-03-01 16:00:00+00:00,85077.0,85869.0,84957.0,85786.0,191.53433063
2025-03-01 20:00:00+00:00,85787.0,86513.0,85570.0,86379.0,160.87640017
2025-03-02 00:00:00+00:00,86369.0,86779.0,85942.0,86163.0,287.75142972
2025-03-02 04:00:00+00:00,86161.0,86841.0,85859.0,86558.0,159.89273507
2025-03-02 08:00:00+00:00,86559.0,86565.0,85993.0,86426.0,174.56124091
2025-03-02 12:00:00+00:00,86426.0,88944.0,85355.0,87733.0,496.48639451
2025-03-02 16:00:00+00:00,87734.0,95321.0,87643.0,93740.0,991.96337777
2025-03-02 20:00:00+00:00,93740.0,95081.0,93740.0,94466.0,220.62400819
2025-03-03 00:00:00+00:00,94488.0,94633.0,92674.0,92916.0,89.36829198
2025-03-03 04:00:00+00:00,92917.0,93525.0,91463.0,92604.0,162.01513313
2025-03-03 08:00:00+00:00,92598.0,93177.0,91423.0,92966.0,155.8082567
2025-03-03 12:00:00+00:00,92971.0,93971.0,89400.0,90230.0,263.64099213
2025-03-03 16:00:00+00:00,90264.0,91206.0,85882.0,85901.0,657.20380645
2025-03-03 20:00:00+00:00,85888.0,87299.0,85402.0,86478.0,396.43327065
2025-03-04 00:00:00+00:00,86477.0,87061.0,82755.0,84228.0,451.19051467
2025-03-04 04:00:00+00:00,84219.0,84800.0,83389.0,83431.0,256.02930096
2025-03-04 08:00:00+00:00,83409.0,84595.0,83269.0,84209.0,241.09263822
2025-03-04 12:00:00+00:00,84170.0,85183.0,81513.0,83187.0,440.48442071
2025-03-04 16:00:00+00:00,83179.0,88755.0,82211.0,88500.0,474.82037513
2025-03-04 20:00:00+00:00,88501.0,89168.0,86856.0,87472.0,440.49046056
2025-03-05 00:00:00+00:00,87470.0,88143.0,86603.0,87044.0,151.9520011
2025-03-05 04:00:00+00:00,87084.0,87966.0,86986.0,87904.0,139.2861894
2025-03-05 08:00:00+00:00,87873.0,90886.0,87852.0,90073.0,160.24468297
2025-03-05 12:00:00+00:00,90053.0,91143.0,88170.0,88552.0,213.03902839
2025-03-05 16:00:00+00:00,88552.0,90680.0,87822.0,89997.0,171.53589052
2025-03-05 20:00:00+00:00,89991.0,91262.0,89905.0,90848.0,129.32312294
2025-03-06 00:00:00+00:00,90848.0,92222.0,90243.0,91804.0,106.67572294
2025-03-06 04:00:00+00:00,91824.0,92997.0,91462.0,91527.0,72.04500966
2025-03-06 08:00:00+00:00,91527.0,91853.0,90835.0,91538.0,37.53709611
2025-03-06 12:00:00+00:00,91537.0,91635.0,89278.0,91012.0,97.44755304
2025-03-06 16:00:00+00:00,91028.0,91245.0,88071.0,88737.0,171.60473852
2025-03-06 20:00:00+00:00,88738.0,90961.0,88706.0,90120.0,95.31955144
2025-03-07 00:00:00+00:00,90120.0,91454.0,84876.0,87130.0,511.81663627
2025-03-07 04:00:00+00:00,87130.0,88804.0,86675.0,88582.0,328.09144823
2025-03-07 08:00:00+00:00,88576.0,89865.0,88224.0,89155.0,81.45698153
2025-03-07 12:00:00+00:00,89159.0,91312.0,88259.0,88669.0,167.83226085
2025-03-07 16:00:00+00:00,88669.0,89219.0,86774.0,88019.0,118.24856217
2025-03-07 20:00:00+00:00,88010.0,88639.0,85819.0,87042.0,217.99351444
2025-03-08 00:00:00+00:00,87039.0,87140.0,85469.0,86176.0,153.81935566
2025-03-08 04:00:00+00:00,86176.0,86889.0,85900.0,86428.0,137.52907578
2025-03-08 08:00:00+00:00,86429.0,86711.0,86007.0,86195.0,133.46453113
2025-03-08 12:00:00+00:00,86196.0,86890.0,86082.0,86651.0,161.21495685
2025-03-08 16:00:00+00:00,86655.0,86785.0,85936.0,86520.0,149.69876648
2025-03-08 20:00:00+00:00,86517.0,86796.0,86159.0,86494.0,131.52342417
2025-03-09 00:00:00+00:00,86498.0,86823.0,86272.0,86451.0,137.21693809
2025-03-09 04:00:00+00:00,86451.0,86510.0,86172.0,86371.0,138.38083062
2025-03-09 08:00:00+00:00,86371.0,86423.0,84973.0,85341.0,165.54511545
2025-03-09 12:00:00+00:00,85335.0,85338.0,83092.0,83384.0,272.95508632
2025-03-09 16:00:00+00:00,83380.0,84011.0,82510.0,82919.0,235.49466228
2025-03-09 20:00:00+00:00,82918.0,83832.0,80240.0,80952.0,639.24908033
2025-03-10 00:00:00+00:00,80954.0,82950.0,80310.0,82286.0,324.81361146
2025-03-10 04:00:00+00:00,82286.0,83030.0,82200.0,82557.0,226.82376079
2025-03-10 08:00:00+00:00,82557.0,84245.0,81415.0,83798.0,256.65623604
2025-03-10 12:00:00+00:00,83798.0,84028.0,79438.0,80281.0,391.42275259
2025-03-10 16:00:00+00:00,80272.0,80500.0,77793.0,79260.0,839.0149296
2025-03-10 20:00:00+00:00,79268.0,80182.0,78670.0,78813.0,354.19568048
2025-03-11 00:00:00+00:00,78860.0,80173.0,77041.0,79800.0,794.2627962
2025-03-11 04:00:00+00:00,79777.0,80873.0,79712.0,80694.0,289.5907293
2025-03-11 08:00:00+00:00,80693.0,82265.0,80600.0,81928.0,196.58847514
2025-03-11 12:00:00+00:00,81930.0,82395.0,79260.0,81389.0,196.58472275
2025-03-11 16:00:00+00:00,81390.0,83820.0,80822.0,83295.0,177.69756344
2025-03-11 20:00:00+00:00,83330.0,83519.0,82769.0,83163.0,165.88538069
2025-03-12 00:00:00+00:00,83148.0,83984.0,82311.0,82318.0,184.24822119
2025-03-12 04:00:00+00:00,82319.0,82730.0,81522.0,82664.0,160.93356729
2025-03-12 08:00:00+00:00,82661.0,83309.0,82226.0,83234.0,253.19391091
2025-03-12 12:00:00+00:00,83232.0,84630.0,80843.0,81937.0,312.55426707
2025-03-12 16:00:00+00:00,81931.0,83358.0,81828.0,83152.0,178.01849916
2025-03-12 20:00:00+00:00,83153.0,84056.0,82920.0,83856.0,22.823229
2025-03-13 00:00:00+00:00,83857.0,84494.0,83502.0,83763.0,28.39893472
2025-03-13 04:00:00+00:00,83764.0,83876.0,83066.0,83333.0,18.2638489
2025-03-13 08:00:00+00:00,83333.0,83668.0,82614.0,83122.0,46.47076041
2025-03-13 12:00:00+00:00,83121.0,84101.0,81132.0,81210.0,99.42184287
2025-03-13 16:00:00+00:00,81176.0,81389.0,80101.0,80380.0,100.84802777
2025-03-13 20:00:00+00:00,80393.0,81675.0,80382.0,81289.0,145.0360856
2025-03-14 00:00:00+00:00,81289.0,82475.0,81024.0,82074.0,163.51669336
2025-03-14 04:00:00+00:00,82081.0,82651.0,81965.0,82397.0,113.75394868
2025-03-14 08:00:00+00:00,82397.0,83555.0,82376.0,83468.0,172.27004271
2025-03-14 12:00:00+00:00,83469.0,85487.0,82879.0,84952.0,281.54384456
2025-03-14 16:00:00+00:00,84952.0,85160.0,84191.0,84775.0,99.77897989
2025-03-14 20:00:00+00:00,84766.0,84911.0,83934.0,84207.0,329.3838354
2025-03-15 00:00:00+00:00,84210.0,84911.0,84210.0,84710.0,85.96287471
2025-03-15 04:00:00+00:00,84710.0,84769.0,84065.0,84080.0,32.63505648
2025-03-15 08:00:00+00:00,84080.0,84353.0,83832.0,84320.0,27.80413188
2025-03-15 12:00:00+00:00,84312.0,84688.0,84232.0,84540.0,77.12782065
2025-03-15 16:00:00+00:00,84553.0,84725.0,84330.0,84501.0,62.35909764
2025-03-15 20:00:00+00:00,84501.0,84680.0,84463.0,84536.0,52.15914146
2025-03-16 00:00:00+00:00,84537.0,84571.0,83980.0,84519.0,27.05484614
2025-03-16 04:00:00+00:00,84520.0,84599.0,84179.0,84442.0,15.06767953
2025-03-16 08:00:00+00:00,84450.0,84480.0,82600.0,82633.0,59.47252112
2025-03-16 12:00:00+00:00,82622.0,83686.0,82613.0,83552.0,107.3580431
2025-03-16 16:00:00+00:00,83552.0,85280.0,82791.0,83272.0,78.92466939
2025-03-16 20:00:00+00:00,83273.0,83615.0,82191.0,82759.0,36.66718118
2025-03-17 00:00:00+00:00,82759.0,83878.0,82746.0,83878.0,24.29104735
2025-03-17 04:00:00+00:00,83878.0,84043.0,82871.0,83722.0,22.77844787
2025-03-17 08:00:00+00:00,83727.0,83935.0,83376.0,83702.0,39.79279906
2025-03-17 12:00:00+00:00,83702.0,84157.0,82666.0,83706.0,333.48266074000003
2025-03-17 16:00:00+00:00,83711.0,84920.0,83305.0,84633.0,105.47446326000001
2025-03-17 20:00:00+00:00,84660.0,84691.0,83954.0,84246.0,67.1669608
2025-03-18 00:00:00+00:00,84221.0,84221.0,83168.0,83335.0,113.22256276
2025-03-18 04:00:00+00:00,83335.0,83447.0,82461.0,83372.0,233.3920061
2025-03-18 08:00:00+00:00,83355.0,83630.0,82717.0,82811.0,148.24759831
2025-03-18 12:00:00+00:00,82811.0,83011.0,81366.0,81820.0,302.3689861
2025-03-18 16:00:00+00:00,81805.0,82710.0,81471.0,82540.0,310.20605995
2025-03-18 20:00:00+00:00,82556.0,83002.0,82127.0,82933.0,134.02694482
2025-03-19 00:00:00+00:00,82933.0,83450.0,82759.0,83278.0,149.94954213
2025-03-19 04:00:00+00:00,83279.0,83571.0,83011.0,83393.0,88.53883297
2025-03-19 08:00:00+00:00,83397.0,84266.0,83397.0,84089.0,104.48543939
2025-03-19 12:00:00+00:00,84089.0,85065.0,83732.0,84936.0,80.13998202
2025-03-19 16:00:00+00:00,84937.0,86110.0,83783.0,85630.0,192.13796309
2025-03-19 20:00:00+00:00,85635.0,87189.0,85416.0,87029.0,55.91901252
2025-03-20 00:00:00+00:00,87030.0,87622.0,85813.0,86057.0,87.57567337
2025-03-20 04:00:00+00:00,86057.0,86157.0,85623.0,85963.0,11.12194648
2025-03-20 08:00:00+00:00,85974.0,86678.0,84936.0,85631.0,138.97077195
2025-03-20 12:00:00+00:00,85645.0,86671.0,84724.0,84805.0,84.70003883
2025-03-20 16:00:00+00:00,84792.0,85010.0,83783.0,84252.0,60.17878515
2025-03-20 20:00:00+00:00,84244.0,84673.0,84027.0,84296.0,27.31699768
2025-03-21 00:00:00+00:00,84296.0,84945.0,84284.0,84564.0,35.42218477
2025-03-21 04:00:00+00:00,84564.0,84890.0,83832.0,84013.0,12.84750371
2025-03-21 08:00:00+00:00,84018.0,84400.0,83826.0,84153.0,29.59268368
2025-03-21 12:00:00+00:00,84153.0,84433.0,83300.0,83679.0,158.73848583
2025-03-21 16:00:00+00:00,83672.0,84513.0,83481.0,84079.0,66.63439947
2025-03-21 20:00:00+00:00,84068.0,84646.0,83915.0,84144.0,8.74210864
2025-03-22 00:00:00+00:00,84154.0,84399.0,84094.0,84370.0,11.883459
2025-03-22 04:00:00+00:00,84371.0,84503.0,84277.0,84340.0,4.3958466000000005
2025-03-22 08:00:00+00:00,84353.0,84594.0,84250.0,84342.0,4.8291876700000005
2025-03-22 12:00:00+00:00,84330.0,84360.0,84075.0,84189.0,12.56294585
2025-03-22 16:00:00+00:00,84191.0,84422.0,84177.0,84311.0,28.83445
2025-03-22 20:00:00+00:00,84302.0,84322.0,83791.0,83919.0,23.12123966
2025-03-23 00:00:00+00:00,83924.0,84345.0,83924.0,84323.0,4.44895117
2025-03-23 04:00:00+00:00,84323.0,84453.0,84197.0,84421.0,11.33071517
2025-03-23 08:00:00+00:00,84421.0,85143.0,84396.0,84766.0,22.32842596
2025-03-23 12:00:00+00:00,84782.0,85353.0,84705.0,85271.0,21.634443010000002
2025-03-23 16:00:00+00:00,85272.0,85520.0,84955.0,85199.0,60.40225184
2025-03-23 20:00:00+00:00,85200.0,86288.0,85147.0,86267.0,55.83593209
2025-03-24 00:00:00+00:00,86276.0,86816.0,85714.0,86677.0,31.78673782
2025-03-24 04:00:00+00:00,86683.0,87438.0,86683.0,87046.0,94.60211231
2025-03-24 08:00:00+00:00,87046.0,88073.0,87037.0,87852.0,89.22549398
2025-03-24 12:00:00+00:00,87836.0,88868.0,87282.0,88436.0,77.91727494
2025-03-24 16:00:00+00:00,88446.0,88666.0,87819.0,88389.0,23.1767987
2025-03-24 20:00:00+00:00,88370.0,88579.0,87200.0,87606.0,21.02044236
2025-03-25 00:00:00+00:00,87603.0,87767.0,86454.0,86592.0,54.51686482
2025-03-25 04:00:00+00:00,86615.0,86972.0,86453.0,86536.0,13.02554577
2025-03-25 08:00:00+00:00,86537.0,87580.0,86537.0,87514.0,25.60876212
2025-03-25 12:00:00+00:00,87495.0,88356.0,87071.0,87932.0,29.25074068
2025-03-25 16:00:00+00:00,87903.0,88429.0,87740.0,88245.0,151.58707264
2025-03-25 20:00:00+00:00,88246.0,88651.0,87334.0,87606.0,279.06501622
2025-03-26 00:00:00+00:00,87588.0,88039.0,87238.0,87321.0,216.57284059
2025-03-26 04:00:00+00:00,87320.0,88401.0,87246.0,88314.0,35.75109811
2025-03-26 08:00:00+00:00,88314.0,88460.0,87991.0,88101.0,18.91632159
2025-03-26 12:00:00+00:00,88100.0,88123.0,86700.0,86902.0,348.13521336
2025-03-26 16:00:00+00:00,86910.0,87208.0,86057.0,86738.0,162.65313215
2025-03-26 20:00:00+00:00,86720.0,87559.0,86712.0,87089.0,16.22189927
2025-03-27 00:00:00+00:00,87089.0,87934.0,86999.0,87808.0,17.58918814
2025-03-27 04:00:00+00:00,87808.0,87851.0,87433.0,87525.0,11.901694729999999
2025-03-27 08:00:00+00:00,87526.0,87745.0,86927.0,87068.0,23.06544001
2025-03-27 12:00:00+00:00,87068.0,87660.0,85916.0,87089.0,56.60815711
2025-03-27 16:00:00+00:00,87063.0,87525.0,86921.0,87155.0,71.96367550000001
2025-03-27 20:00:00+00:00,87169.0,87814.0,87088.0,87317.0,18.33660183
2025-03-28 00:00:00+00:00,87317.0,87578.0,86888.0,86921.0,57.50663419
2025-03-28 04:00:00+00:00,86922.0,86922.0,85361.0,85398.0,497.87487447
2025-03-28 08:00:00+00:00,85397.0,85588.0,84935.0,85332.0,82.05745484
2025-03-28 12:00:00+00:00,85331.0,85717.0,84068.0,84255.0,283.91004515
2025-03-28 16:00:00+00:00,84248.0,84359.0,83755.0,83945.0,279.46491443
2025-03-28 20:00:00+00:00,83946.0,84689.0,83905.0,84573.0,27.45468131
2025-03-29 00:00:00+00:00,84577.0,84779.0,83916.0,84373.0,117.33708206
2025-03-29 04:00:00+00:00,84372.0,84429.0,83862.0,83940.0,32.84692199
2025-03-29 08:00:00+00:00,83939.0,84101.0,82202.0,82481.0,104.16770826
2025-03-29 12:00:00+00:00,82480.0,83057.0,82350.0,82611.0,86.27994435
2025-03-29 16:00:00+00:00,82612.0,82929.0,81853.0,82929.0,126.57757541
2025-03-29 20:00:00+00:00,82930.0,82963.0,82484.0,82865.0,76.10126845
2025-03-30 00:00:00+00:00,82866.0,83684.0,82711.0,83304.0,51.34083708
2025-03-30 04:00:00+00:00,83303.0,83513.0,83096.0,83296.0,158.04015048
2025-03-30 08:00:00+00:00,83296.0,83697.0,83185.0,83289.0,73.02180119
2025-03-30 12:00:00+00:00,83290.0,83437.0,82761.0,82876.0,46.89705879
2025-03-30 16:00:00+00:00,82871.0,83078.0,82198.0,82793.0,149.526193
2025-03-30 20:00:00+00:00,82792.0,82959.0,81754.0,82553.0,286.07714052
2025-03-31 00:00:00+00:00,82552.0,82608.0,81481.0,81686.0,111.24340796
2025-03-31 04:00:00+00:00,81687.0,82456.0,81597.0,82074.0,52.77924932
2025-03-31 08:00:00+00:00,82073.0,82388.0,81423.0,82266.0,39.51463675
2025-03-31 12:00:00+00:00,82300.0,83998.0,81829.0,83530.0,203.83903598
2025-03-31 16:00:00+00:00,83532.0,83783.0,82535.0,82559.0,173.35835417
2025-03-31 20:00:00+00:00,82553.0,82958.0,82392.0,82673.0,192.79450991
2025-04-01 00:00:00+00:00,82667.0,83380.0,82568.0,83083.0,67.2978169
2025-04-01 04:00:00+00:00,83083.0,83669.0,82998.0,83558.0,72.551891
2025-04-01 08:00:00+00:00,83557.0,84496.0,83539.0,83947.0,99.00068647
2025-04-01 12:00:00+00:00,83947.0,85499.0,82573.0,85284.0,187.37150243
2025-04-01 16:00:00+00:00,85281.0,85479.0,84756.0,84941.0,17.75258644
2025-04-01 20:00:00+00:00,84964.0,85535.0,84807.0,85197.0,25.98919273
2025-04-02 00:00:00+00:00,85196.0,85239.0,84500.0,84532.0,89.42228676
2025-04-02 04:00:00+00:00,84532.0,84681.0,83923.0,84402.0,66.49124981
2025-04-02 08:00:00+00:00,84392.0,85382.0,84242.0,84498.0,35.72356709
2025-04-02 12:00:00+00:00,84501.0,87270.0,84360.0,86673.0,150.98717016
2025-04-02 16:00:00+00:00,86727.0,87288.0,86185.0,86922.0,34.29780919
2025-04-02 20:00:00+00:00,86903.0,88490.0,82335.0,82518.0,266.28620043
2025-04-03 00:00:00+00:00,82517.0,83891.0,82200.0,83490.0,62.48561781
2025-04-03 04:00:00+00:00,83490.0,83717.0,83027.0,83464.0,28.48312989
2025-04-03 08:00:00+00:00,83463.0,83750.0,83028.0,83046.0,81.99276376
2025-04-03 12:00:00+00:00,83063.0,83099.0,81227.0,82065.0,276.93092902
2025-04-03 16:00:00+00:00,82052.0,82439.0,81574.0,81983.0,116.10407045
2025-04-03 20:00:00+00:00,82017.0,83338.0,81812.0,83208.0,132.84354191
2025-04-04 00:00:00+00:00,83227.0,83433.0,82651.0,82861.0,107.09456162
2025-04-04 04:00:00+00:00,82861.0,83979.0,82682.0,83923.0,150.865202
2025-04-04 08:00:00+00:00,83941.0,84695.0,81634.0,82659.0,150.01638132
2025-04-04 12:00:00+00:00,82623.0,83648.0,81812.0,82831.0,224.17832811
2025-04-04 16:00:00+00:00,82832.0,84543.0,82712.0,83969.0,106.75698792
2025-04-04 20:00:00+00:00,83969.0,84400.0,83454.0,83842.0,15.15077307
2025-04-05 00:00:00+00:00,83862.0,84219.0,83405.0,83637.0,14.88512188
2025-04-05 04:00:00+00:00,83624.0,83839.0,83341.0,83512.0,22.54953943
2025-04-05 08:00:00+00:00,83514.0,83876.0,83384.0,83462.0,129.03026702
2025-04-05 12:00:00+00:00,83462.0,83564.0,82421.0,82659.0,200.33484694
2025-04-05 16:00:00+00:00,82659.0,83184.0,82659.0,82920.0,74.02059088
2025-04-05 20:00:00+00:00,82932.0,83719.0,82915.0,83598.0,55.144805
2025-04-06 00:00:00+00:00,83599.0,83807.0,83230.0,83395.0,47.399172639999996
2025-04-06 04:00:00+00:00,83395.0,83582.0,83017.0,83017.0,43.02789062
2025-04-06 08:00:00+00:00,83017.0,83089.0,82673.0,82819.0,32.11489044
2025-04-06 12:00:00+00:00,82818.0,82939.0,82201.0,82520.0,185.23446889
2025-04-06 16:00:00+00:00,82519.0,82519.0,78657.0,79635.0,638.83487375
2025-04-06 20:00:00+00:00,79635.0,79870.0,77133.0,78441.0,385.99374641
2025-04-07 00:00:00+00:00,78459.0,79337.0,77376.0,77701.0,81.240393
2025-04-07 04:00:00+00:00,77685.0,77969.0,74501.0,75077.0,878.17404661
2025-04-07 08:00:00+00:00,75063.0,77489.0,75038.0,76658.0,257.89405787
2025-04-07 12:00:00+00:00,76680.0,81262.0,75779.0,78461.0,647.88032376
2025-04-07 16:00:00+00:00,78445.0,79314.0,77305.0,78106.0,263.9890384
2025-04-07 20:00:00+00:00,78086.0,80204.0,78085.0,79249.0,170.51284293
2025-04-08 00:00:00+00:00,79182.0,80901.0,78830.0,79964.0,122.96416706
2025-04-08 04:00:00+00:00,79964.0,80460.0,79325.0,79586.0,80.89796833
2025-04-08 08:00:00+00:00,79569.0,80079.0,78859.0,79999.0,37.19128646
2025-04-08 12:00:00+00:00,80023.0,80367.0,78209.0,78517.0,167.53459608
2025-04-08 16:00:00+00:00,78516.0,78516.0,76350.0,76828.0,230.3174107
2025-04-08 20:00:00+00:00,76825.0,77279.0,76260.0,76332.0,123.45380872
2025-04-09 00:00:00+00:00,76333.0,76881.0,74634.0,75068.0,206.58962813
2025-04-09 04:00:00+00:00,75071.0,77965.0,75021.0,77733.0,198.82716479
2025-04-09 08:00:00+00:00,77732.0,77900.0,75690.0,76180.0,727.57291712
2025-04-09 12:00:00+00:00,76169.0,78269.0,75983.0,77219.0,220.19404811
2025-04-09 16:00:00+00:00,77248.0,82935.0,77142.0,82271.0,431.07810599
2025-04-09 20:00:00+00:00,82271.0,83582.0,81999.0,82542.0,91.58472993
2025-04-10 00:00:00+00:00,82566.0,82699.0,81452.0,81709.0,33.06697768
2025-04-10 04:00:00+00:00,81719.0,82306.0,81247.0,81541.0,33.25715031
2025-04-10 08:00:00+00:00,81574.0,82017.0,81312.0,81842.0,23.89157244
2025-04-10 12:00:00+00:00,81818.0,82392.0,78600.0,78733.0,264.92947762
2025-04-10 16:00:00+00:00,78731.0,79912.0,78448.0,79544.0,430.19868413
2025-04-10 20:00:00+00:00,79569.0,79939.0,79303.0,79519.0,27.18884953
2025-04-11 00:00:00+00:00,79505.0,80800.0,78888.0,80738.0,83.57147638
2025-04-11 04:00:00+00:00,80752.0,81361.0,80437.0,81210.0,31.1315673
2025-04-11 08:00:00+00:00,81210.0,82894.0,80740.0,82064.0,107.04668134
2025-04-11 12:00:00+00:00,82086.0,83216.0,81281.0,82455.0,112.15881545
2025-04-11 16:00:00+00:00,82461.0,84140.0,81982.0,83815.0,60.0594724
2025-04-11 20:00:00+00:00,83817.0,84232.0,83111.0,83372.0,36.93872984
2025-04-12 00:00:00+00:00,83372.0,83479.0,82761.0,82924.0,11.44216923
2025-04-12 04:00:00+00:00,82924.0,83750.0,82834.0,83661.0,9.85452551
2025-04-12 08:00:00+00:00,83681.0,83944.0,83271.0,83491.0,19.16394524
2025-04-12 12:00:00+00:00,83491.0,85335.0,83445.0,84930.0,84.1135173
2025-04-12 16:00:00+00:00,84930.0,85208.0,84385.0,84890.0,35.46734914
2025-04-12 20:00:00+00:00,84890.0,85865.0,84869.0,85259.0,25.12712762
2025-04-13 00:00:00+00:00,85259.0,86029.0,84699.0,85394.0,84.04474172
2025-04-13 04:00:00+00:00,85388.0,85388.0,84382.0,84393.0,45.47505075
2025-04-13 08:00:00+00:00,84394.0,84875.0,84181.0,84452.0,26.66053633
2025-04-13 12:00:00+00:00,84452.0,84612.0,83435.0,83811.0,48.515356340000004
2025-04-13 16:00:00+00:00,83810.0,84934.0,83037.0,83912.0,43.72106006
2025-04-13 20:00:00+00:00,83928.0,84360.0,83000.0,83676.0,43.66036535
2025-04-14 00:00:00+00:00,83717.0,85463.0,83661.0,84499.0,40.32299086
2025-04-14 04:00:00+00:00,84505.0,85036.0,84207.0,84524.0,9.95249327
2025-04-14 08:00:00+00:00,84531.0,84897.0,84231.0,84888.0,15.732471780000001
2025-04-14 12:00:00+00:00,84897.0,85727.0,83658.0,84051.0,72.65361935
2025-04-14 16:00:00+00:00,84078.0,85150.0,83832.0,84832.0,26.63680589
2025-04-14 20:00:00+00:00,84871.0,84911.0,84391.0,84544.0,11.7571093
2025-04-15 00:00:00+00:00,84547.0,85347.0,84347.0,85337.0,29.114103280000002
2025-04-15 04:00:00+00:00,85316.0,85819.0,85153.0,85670.0,34.93017673
2025-04-15 08:00:00+00:00,85671.0,85985.0,85366.0,85564.0,27.09458036
2025-04-15 12:00:00+00:00,85563.0,86446.0,84644.0,84889.0,68.24781266
2025-04-15 16:00:00+00:00,84889.0,85109.0,83888.0,83981.0,27.99475548
2025-04-15 20:00:00+00:00,83988.0,84191.0,83604.0,83667.0,28.93820781
2025-04-16 00:00:00+00:00,83649.0,83928.0,83111.0,83692.0,10.98865428
2025-04-16 04:00:00+00:00,83707.0,83796.0,83232.0,83347.0,111.83983702
2025-04-16 08:00:00+00:00,83345.0,84139.0,83222.0,84022.0,54.1660616
2025-04-16 12:00:00+00:00,84022.0,85245.0,83532.0,84829.0,58.80441676
2025-04-16 16:00:00+00:00,84863.0,85500.0,83275.0,84321.0,91.10876612
2025-04-16 20:00:00+00:00,84321.0,84639.0,84006.0,84021.0,15.47240262
2025-04-17 00:00:00+00:00,84005.0,84459.0,83815.0,83977.0,8.65524166
2025-04-17 04:00:00+00:00,83960.0,85001.0,83894.0,84617.0,17.7626021
2025-04-17 08:00:00+00:00,84638.0,84740.0,84182.0,84525.0,25.47183857
2025-04-17 12:00:00+00:00,84515.0,84797.0,83650.0,84424.0,265.12255142
2025-04-17 16:00:00+00:00,84454.0,85382.0,84327.0,84770.0,200.93302101
2025-04-17 20:00:00+00:00,84772.0,85028.0,84602.0,84832.0,133.37276003
2025-04-18 00:00:00+00:00,84834.0,85009.0,84629.0,84708.0,107.1515089
2025-04-18 04:00:00+00:00,84707.0,84709.0,84284.0,84511.0,103.61888671
2025-04-18 08:00:00+00:00,84525.0,84634.0,84356.0,84552.0,77.85867093
2025-04-18 12:00:00+00:00,84552.0,84631.0,84248.0,84266.0,158.67061313
2025-04-18 16:00:00+00:00,84260.0,84524.0,84200.0,84411.0,55.98758572
2025-04-18 20:00:00+00:00,84428.0,84556.0,84311.0,84363.0,30.46892563
2025-04-19 00:00:00+00:00,84377.0,84845.0,84311.0,84790.0,53.16638408
2025-04-19 04:00:00+00:00,84761.0,85140.0,84761.0,85105.0,35.97413507
2025-04-19 08:00:00+00:00,85118.0,85324.0,85006.0,85086.0,92.48229585
2025-04-19 12:00:00+00:00,85086.0,85522.0,84987.0,85103.0,77.71928512
2025-04-19 16:00:00+00:00,85085.0,85223.0,84614.0,84982.0,20.78906939
2025-04-19 20:00:00+00:00,84991.0,85249.0,84899.0,84899.0,65.44299279
2025-04-20 00:00:00+00:00,84931.0,85187.0,84910.0,85023.0,35.28047521
2025-04-20 04:00:00+00:00,85023.0,85114.0,84566.0,84660.0,34.35462085
2025-04-20 08:00:00+00:00,84656.0,84656.0,83817.0,83943.0,54.60729743
2025-04-20 12:00:00+00:00,83926.0,84456.0,83924.0,84165.0,51.2652214
2025-04-20 16:00:00+00:00,84150.0,84480.0,84063.0,84459.0,62.82701105
2025-04-20 20:00:00+00:00,84464.0,85125.0,84419.0,85019.0,42.73569633
2025-04-21 00:00:00+00:00,85003.0,87429.0,84940.0,87031.0,178.0489014
2025-04-21 04:00:00+00:00,87032.0,87520.0,86880.0,87221.0,149.77070193
2025-04-21 08:00:00+00:00,87225.0,87587.0,86541.0,86845.0,143.70631531
2025-04-21 12:00:00+00:00,86845.0,88630.0,86699.0,87997.0,350.9612291
2025-04-21 16:00:00+00:00,88000.0,88181.0,86352.0,87366.0,83.93961714
2025-04-21 20:00:00+00:00,87371.0,87562.0,86871.0,87473.0,10.9882735
2025-04-22 00:00:00+00:00,87473.0,88776.0,87038.0,88065.0,140.96405139
2025-04-22 04:00:00+00:00,88069.0,88399.0,87867.0,88398.0,109.85779901
2025-04-22 08:00:00+00:00,88396.0,88593.0,88176.0,88526.0,120.1049868
2025-04-22 12:00:00+00:00,88524.0,91371.0,88444.0,90919.0,329.62337927
2025-04-22 16:00:00+00:00,90918.0,91647.0,90617.0,91383.0,157.88740992
2025-04-22 20:00:00+00:00,91383.0,93911.0,90990.0,93339.0,183.58047202
2025-04-23 00:00:00+00:00,93339.0,93777.0,92519.0,93087.0,113.30393528
2025-04-23 04:00:00+00:00,93087.0,94164.0,92957.0,94071.0,122.20805433
2025-04-23 08:00:00+00:00,94078.0,94416.0,93227.0,93342.0,377.41184093
2025-04-23 12:00:00+00:00,93342.0,94569.0,91919.0,93135.0,447.28689171
2025-04-23 16:00:00+00:00,93141.0,94156.0,92854.0,93511.0,143.2615814
2025-04-23 20:00:00+00:00,93509.0,93860.0,93218.0,93635.0,91.14383828
2025-04-24 00:00:00+00:00,93635.0,93727.0,92632.0,92669.0,19.33413004
2025-04-24 04:00:00+00:00,92635.0,92868.0,92159.0,92221.0,26.01186546
2025-04-24 08:00:00+00:00,92221.0,92636.0,91756.0,92600.0,154.1735139
2025-04-24 12:00:00+00:00,92607.0,93449.0,92463.0,93233.0,69.27015311
2025-04-24 16:00:00+00:00,93233.0,93679.0,92708.0,93602.0,47.29439771
2025-04-24 20:00:00+00:00,93602.0,94000.0,93071.0,93961.0,26.41954312
2025-04-25 00:00:00+00:00,93961.0,94455.0,92921.0,93371.0,36.09036187
2025-04-25 04:00:00+00:00,93372.0,93861.0,93099.0,93792.0,18.20248044
2025-04-25 08:00:00+00:00,93812.0,94690.0,93657.0,94667.0,77.80171927
2025-04-25 12:00:00+00:00,94668.0,95814.0,94008.0,95123.0,370.96978698
2025-04-25 16:00:00+00:00,95107.0,95550.0,94446.0,95354.0,64.12545613
2025-04-25 20:00:00+00:00,95346.0,95368.0,94589.0,94707.0,147.16459418
2025-04-26 00:00:00+00:00,94687.0,95228.0,94618.0,94785.0,11.6881903
2025-04-26 04:00:00+00:00,94774.0,94830.0,94474.0,94631.0,39.45368564
2025-04-26 08:00:00+00:00,94616.0,94762.0,94175.0,94274.0,152.26887262
2025-04-26 12:00:00+00:00,94271.0,94509.0,94083.0,94509.0,74.9591059
2025-04-26 16:00:00+00:00,94479.0,94479.0,94191.0,94425.0,11.83432119
2025-04-26 20:00:00+00:00,94425.0,94929.0,94183.0,94694.0,17.56950501
2025-04-27 00:00:00+00:00,94693.0,95369.0,94144.0,94231.0,18.65635166
2025-04-27 04:00:00+00:00,94232.0,94337.0,93724.0,94151.0,133.57524674
2025-04-27 08:00:00+00:00,94151.0,94368.0,93939.0,93981.0,25.04367692
2025-04-27 12:00:00+00:00,93981.0,94230.0,93788.0,93969.0,121.07344656000001
2025-04-27 16:00:00+00:00,93982.0,94439.0,93812.0,94434.0,28.82786263
2025-04-27 20:00:00+00:00,94436.0,94534.0,93738.0,93784.0,69.53925531
2025-04-28 00:00:00+00:00,93771.0,94135.0,93033.0,94016.0,701.06269013
2025-04-28 04:00:00+00:00,94029.0,94868.0,94029.0,94775.0,44.441123
2025-04-28 08:00:00+00:00,94777.0,95550.0,94400.0,95332.0,111.14128863
2025-04-28 12:00:00+00:00,95349.0,95550.0,93744.0,93898.0,326.74512064
2025-04-28 16:00:00+00:00,93908.0,94995.0,93618.0,94889.0,105.36624411
2025-04-28 20:00:00+00:00,94888.0,95229.0,94430.0,95046.0,50.76180561
2025-04-29 00:00:00+00:00,95077.0,95482.0,94507.0,94756.0,27.13895555
2025-04-29 04:00:00+00:00,94728.0,95041.0,94358.0,95029.0,59.19765217
2025-04-29 08:00:00+00:00,95029.0,95360.0,94876.0,95222.0,13.17264646
2025-04-29 12:00:00+00:00,95234.0,95319.0,94666.0,94881.0,34.16235074
2025-04-29 16:00:00+00:00,94920.0,95531.0,94759.0,95365.0,61.83153844
2025-04-29 20:00:00+00:00,95359.0,95443.0,94012.0,94451.0,308.82380235
2025-04-30 00:00:00+00:00,94426.0,95233.0,94332.0,95150.0,46.43473481
2025-04-30 04:00:00+00:00,95166.0,95285.0,94618.0,94707.0,50.68991365
2025-04-30 08:00:00+00:00,94719.0,95253.0,94618.0,95252.0,52.19940492
2025-04-30 12:00:00+00:00,95228.0,95235.0,93436.0,94185.0,894.75027642
2025-04-30 16:00:00+00:00,94167.0,94708.0,93722.0,94292.0,60.13019559
2025-04-30 20:00:00+00:00,94312.0,94919.0,94153.0,94309.0,39.72448402
2025-05-01 00:00:00+00:00,94301.0,95100.0,94294.0,94878.0,47.77815299
2025-05-01 04:00:00+00:00,94878.0,95266.0,94829.0,95127.0,49.1848243
2025-05-01 08:00:00+00:00,95132.0,96485.0,95012.0,96258.0,104.18702987
2025-05-01 12:00:00+00:00,96270.0,97474.0,95902.0,96900.0,212.46059108
2025-05-01 16:00:00+00:00,96901.0,97381.0,96462.0,96526.0,64.17078585
2025-05-01 20:00:00+00:00,96545.0,96879.0,96208.0,96467.0,50.74415591
2025-05-02 00:00:00+00:00,96491.0,97219.0,96467.0,97103.0,48.30281513
2025-05-02 04:00:00+00:00,97101.0,97278.0,96381.0,96381.0,59.10327007
2025-05-02 08:00:00+00:00,96381.0,97070.0,96381.0,96923.0,66.7922152
2025-05-02 12:00:00+00:00,96911.0,97915.0,96659.0,97365.0,92.7266249
2025-05-02 16:00:00+00:00,97356.0,97800.0,96802.0,96970.0,50.452007280000004
2025-05-02 20:00:00+00:00,96969.0,97148.0,96574.0,96888.0,45.434659
2025-05-03 00:00:00+00:00,96894.0,96945.0,96415.0,96415.0,119.32150898
2025-05-03 04:00:00+00:00,96415.0,96609.0,96342.0,96457.0,200.59227083
2025-05-03 08:00:00+00:00,96435.0,96489.0,96181.0,96181.0,343.05635526
2025-05-03 12:00:00+00:00,96181.0,96598.0,96181.0,96515.0,64.96359842
2025-05-03 16:00:00+00:00,96515.0,96515.0,96138.0,96419.0,140.81411277
2025-05-03 20:00:00+00:00,96420.0,96538.0,96065.0,96065.0,187.9349692
2025-05-04 00:00:00+00:00,96065.0,96439.0,95948.0,95948.0,309.63477174
2025-05-04 04:00:00+00:00,95948.0,96269.0,95948.0,96066.0,76.37483171
2025-05-04 08:00:00+00:00,96067.0,96090.0,95715.0,95715.0,675.9186892
2025-05-04 12:00:00+00:00,95715.0,95900.0,95583.0,95695.0,292.1473008
2025-05-04 16:00:00+00:00,95671.0,95829.0,95575.0,95754.0,79.04564518000001
2025-05-04 20:00:00+00:00,95768.0,95978.0,94703.0,94703.0,1500.68970954
2025-05-05 00:00:00+00:00,94703.0,95089.0,94217.0,94381.0,783.35589295
2025-05-05 04:00:00+00:00,94382.0,95068.0,94371.0,94999.0,70.92514344
2025-05-05 08:00:00+00:00,95011.0,95020.0,94454.0,94454.0,800.85162584
2025-05-05 12:00:00+00:00,94454.0,94811.0,93988.0,94012.0,700.54383419
2025-05-05 16:00:00+00:00,94012.0,95129.0,94012.0,94535.0,26.85442437
2025-05-05 20:00:00+00:00,94567.0,95407.0,94102.0,94990.0,27.01457168
2025-05-06 00:00:00+00:00,94970.0,95115.0,94243.0,94671.0,12.58403571
2025-05-06 04:00:00+00:00,94653.0,94814.0,94510.0,94601.0,28.21123077
2025-05-06 08:00:00+00:00,94600.0,94600.0,93988.0,94043.0,256.86620122
2025-05-06 12:00:00+00:00,94043.0,94948.0,93663.0,94771.0,110.21824536
2025-05-06 16:00:00+00:00,94763.0,95316.0,94430.0,95132.0,41.20495324
2025-05-06 20:00:00+00:00,95152.0,96999.0,94635.0,96933.0,163.9478397
2025-05-07 00:00:00+00:00,96970.0,97840.0,96391.0,96650.0,71.50553356
2025-05-07 04:00:00+00:00,96652.0,97120.0,96471.0,97120.0,12.90476574
2025-05-07 08:00:00+00:00,97100.0,97206.0,96962.0,97126.0,9.16609929
2025-05-07 12:00:00+00:00,97145.0,97572.0,96778.0,96995.0,189.08852861
2025-05-07 16:00:00+00:00,96992.0,97039.0,95944.0,96303.0,90.10763575
2025-05-07 20:00:00+00:00,96300.0,97480.0,96209.0,97121.0,86.62321776
2025-05-08 00:00:00+00:00,97145.0,99269.0,96980.0,99230.0,138.54002354
2025-05-08 04:00:00+00:00,99230.0,99473.0,98786.0,99298.0,92.78222113
2025-05-08 08:00:00+00:00,99317.0,99888.0,99295.0,99473.0,186.89839347
2025-05-08 12:00:00+00:00,99472.0,101600.0,99188.0,100810.0,379.09774581
2025-05-08 16:00:00+00:00,100820.0,101780.0,100700.0,101330.0,164.69464672
2025-05-08 20:00:00+00:00,101350.0,104190.0,101350.0,103290.0,323.52405637
2025-05-09 00:00:00+00:00,103270.0,103270.0,102380.0,102490.0,88.56671927
2025-05-09 04:00:00+00:00,102480.0,104340.0,102400.0,103690.0,172.47382186
2025-05-09 08:00:00+00:00,103680.0,103980.0,102440.0,102940.0,129.46920261
2025-05-09 12:00:00+00:00,102940.0,103780.0,102450.0,102870.0,242.79497156
2025-05-09 16:00:00+00:00,102890.0,103340.0,102330.0,103180.0,85.83478417
2025-05-09 20:00:00+00:00,103180.0,103380.0,102720.0,102940.0,70.66653031
2025-05-10 00:00:00+00:00,102940.0,103240.0,102800.0,103180.0,77.78704795
2025-05-10 04:00:00+00:00,103180.0,104040.0,103030.0,103740.0,82.26969735
2025-05-10 08:00:00+00:00,103720.0,104050.0,103310.0,103310.0,92.38827935
2025-05-10 12:00:00+00:00,103320.0,103860.0,103030.0,103050.0,162.292862
2025-05-10 16:00:00+00:00,103050.0,103510.0,102820.0,103120.0,106.71762668
2025-05-10 20:00:00+00:00,103110.0,104920.0,103020.0,104750.0,162.99778811
2025-05-11 00:00:00+00:00,104740.0,104880.0,103450.0,103980.0,117.15101817
2025-05-11 04:00:00+00:00,103960.0,104360.0,103310.0,103320.0,78.61598721
2025-05-11 08:00:00+00:00,103350.0,104680.0,103350.0,104590.0,106.48381095
2025-05-11 12:00:00+00:00,104600.0,104760.0,103720.0,104050.0,122.21846455000001
2025-05-11 16:00:00+00:00,104090.0,104760.0,103720.0,104360.0,154.75060295
2025-05-11 20:00:00+00:00,104360.0,104540.0,103560.0,104090.0,92.29466331
2025-05-12 00:00:00+00:00,104080.0,105060.0,103660.0,104040.0,156.65405449
2025-05-12 04:00:00+00:00,104050.0,105660.0,103720.0,104440.0,266.97551767
2025-05-12 08:00:00+00:00,104450.0,104690.0,103620.0,103730.0,111.19968907
2025-05-12 12:00:00+00:00,103730.0,104580.0,102250.0,102500.0,125.71551949
2025-05-12 16:00:00+00:00,102500.0,103080.0,100810.0,101860.0,84.18823638
2025-05-12 20:00:00+00:00,101910.0,103150.0,101850.0,102860.0,11.99871628
2025-05-13 00:00:00+00:00,102860.0,102860.0,101500.0,101790.0,19.94428923
2025-05-13 04:00:00+00:00,101760.0,102950.0,101670.0,102710.0,12.85483432
2025-05-13 08:00:00+00:00,102780.0,103840.0,102610.0,103690.0,58.45288666
2025-05-13 12:00:00+00:00,103720.0,103970.0,102850.0,103690.0,108.77092842
2025-05-13 16:00:00+00:00,103630.0,104980.0,103560.0,104820.0,102.66181618
2025-05-13 20:00:00+00:00,104830.0,104930.0,103930.0,104140.0,68.62671522
2025-05-14 00:00:00+00:00,104120.0,104120.0,103430.0,103520.0,58.99275756
2025-05-14 04:00:00+00:00,103530.0,103930.0,103410.0,103700.0,45.27002788
2025-05-14 08:00:00+00:00,103730.0,104090.0,102910.0,103910.0,39.17163059
2025-05-14 12:00:00+00:00,103910.0,104300.0,102870.0,103500.0,40.18584695
2025-05-14 16:00:00+00:00,103470.0,103680.0,102510.0,103250.0,19.34303697
2025-05-14 20:00:00+00:00,103340.0,103610.0,103320.0,103550.0,3.83887292
2025-05-15 00:00:00+00:00,103520.0,103810.0,102730.0,102730.0,10.49483738
2025-05-15 04:00:00+00:00,102760.0,102910.0,101750.0,101790.0,59.24935793
2025-05-15 08:00:00+00:00,101780.0,102450.0,101550.0,102390.0,38.70863787
2025-05-15 12:00:00+00:00,102390.0,103260.0,101430.0,103260.0,149.37079399
2025-05-15 16:00:00+00:00,103260.0,104180.0,102570.0,103210.0,63.23207922
2025-05-15 20:00:00+00:00,103170.0,103960.0,102750.0,103700.0,27.86423783
2025-05-16 00:00:00+00:00,103710.0,104420.0,103460.0,104030.0,34.05098169
2025-05-16 04:00:00+00:00,104050.0,104180.0,103750.0,103750.0,11.64721096
2025-05-16 08:00:00+00:00,103750.0,103860.0,103100.0,103600.0,22.43719657
2025-05-16 12:00:00+00:00,103630.0,104230.0,103300.0,104130.0,52.96582058
2025-05-16 16:00:00+00:00,104150.0,104510.0,103610.0,103990.0,42.68224441
2025-05-16 20:00:00+00:00,103990.0,103990.0,103400.0,103450.0,23.74138953
2025-05-17 00:00:00+00:00,103450.0,103530.0,102630.0,103500.0,5.93268632
2025-05-17 04:00:00+00:00,103490.0,103670.0,103290.0,103450.0,92.43321757
2025-05-17 08:00:00+00:00,103460.0,103530.0,102760.0,102990.0,53.57633121
2025-05-17 12:00:00+00:00,102980.0,103160.0,102670.0,103000.0,4.09278899
2025-05-17 16:00:00+00:00,102950.0,103350.0,102750.0,103180.0,14.87584457
2025-05-17 20:00:00+00:00,103190.0,103470.0,102940.0,103140.0,5.94302389
2025-05-18 00:00:00+00:00,103150.0,103400.0,103150.0,103300.0,5.56266959
2025-05-18 04:00:00+00:00,103310.0,103940.0,103310.0,103900.0,46.14039285
2025-05-18 08:00:00+00:00,103910.0,104040.0,103750.0,103760.0,56.80484149
2025-05-18 12:00:00+00:00,103770.0,105610.0,103690.0,105440.0,146.37872211
2025-05-18 16:00:00+00:00,105450.0,105900.0,103890.0,103920.0,124.12907379
2025-05-18 20:00:00+00:00,103910.0,106590.0,103310.0,106430.0,131.75658469
2025-05-19 00:00:00+00:00,106440.0,107070.0,103530.0,103580.0,79.39874246
2025-05-19 04:00:00+00:00,103570.0,103730.0,102010.0,103230.0,91.5060083
2025-05-19 08:00:00+00:00,103230.0,103360.0,102790.0,102980.0,17.39702475
2025-05-19 12:00:00+00:00,102970.0,104930.0,102140.0,104770.0,92.11566392
2025-05-19 16:00:00+00:00,104780.0,105480.0,104470.0,105480.0,171.18861368
2025-05-19 20:00:00+00:00,105470.0,105760.0,104980.0,105470.0,211.93685472
2025-05-20 00:00:00+00:00,105500.0,106770.0,105470.0,105680.0,120.19830175
2025-05-20 04:00:00+00:00,105700.0,106340.0,104830.0,104970.0,112.6559878
2025-05-20 08:00:00+00:00,104960.0,105340.0,104820.0,105130.0,101.51661179
2025-05-20 12:00:00+00:00,105120.0,105320.0,104120.0,105270.0,125.83534567
2025-05-20 16:00:00+00:00,105280.0,107180.0,105040.0,106950.0,145.8469331
2025-05-20 20:00:00+00:00,106970.0,107230.0,105900.0,106730.0,112.52188772
2025-05-21 00:00:00+00:00,106740.0,107110.0,106150.0,106830.0,83.81416161
2025-05-21 04:00:00+00:00,106810.0,107960.0,106400.0,106460.0,86.34035028
2025-05-21 08:00:00+00:00,106500.0,106730.0,106020.0,106510.0,139.94677024
2025-05-21 12:00:00+00:00,106510.0,109450.0,106230.0,108950.0,260.30265772
2025-05-21 16:00:00+00:00,108990.0,109770.0,106190.0,108630.0,165.69256385
2025-05-21 20:00:00+00:00,108630.0,110690.0,107720.0,109640.0,152.82595656
2025-05-22 00:00:00+00:00,109620.0,111860.0,109220.0,111730.0,156.79649906
2025-05-22 04:00:00+00:00,111740.0,111740.0,110450.0,111020.0,129.87219365
2025-05-22 08:00:00+00:00,111040.0,111220.0,110240.0,110940.0,118.97217218
2025-05-22 12:00:00+00:00,110930.0,111530.0,110500.0,111190.0,113.25169119
2025-05-22 16:00:00+00:00,111210.0,111880.0,110890.0,111070.0,170.19427473
2025-05-22 20:00:00+00:00,111100.0,111640.0,110650.0,111640.0,101.53815277
2025-05-23 00:00:00+00:00,111630.0,111690.0,111000.0,111040.0,72.89886157
2025-05-23 04:00:00+00:00,111020.0,111080.0,110120.0,110620.0,144.50369058
2025-05-23 08:00:00+00:00,110630.0,111250.0,108760.0,108990.0,180.56196314
2025-05-23 12:00:00+00:00,109000.0,109900.0,107190.0,108880.0,236.95555645
2025-05-23 16:00:00+00:00,108860.0,109720.0,107980.0,108600.0,164.51857329999999
2025-05-23 20:00:00+00:00,108610.0,108620.0,106710.0,107230.0,122.99158113
2025-05-24 00:00:00+00:00,107200.0,108200.0,106750.0,108200.0,115.63048337
2025-05-24 04:00:00+00:00,108200.0,108380.0,107360.0,107400.0,117.97755366
2025-05-24 08:00:00+00:00,107420.0,109420.0,107400.0,109130.0,135.36464811
2025-05-24 12:00:00+00:00,109130.0,109210.0,108480.0,108820.0,191.51124252
2025-05-24 16:00:00+00:00,108820.0,109070.0,108580.0,108730.0,152.22502718
2025-05-24 20:00:00+00:00,108740.0,108850.0,107300.0,107540.0,145.51592376
2025-05-25 00:00:00+00:00,107540.0,107990.0,107000.0,107840.0,119.84058768999999
2025-05-25 04:00:00+00:00,107840.0,108040.0,107070.0,107430.0,89.78225556
2025-05-25 08:00:00+00:00,107430.0,107430.0,106400.0,107020.0,28.48966601
2025-05-25 12:00:00+00:00,107050.0,107500.0,106410.0,106800.0,61.42364799
2025-05-25 16:00:00+00:00,106780.0,107820.0,106510.0,107680.0,52.22427404
2025-05-25 20:00:00+00:00,107650.0,109180.0,107070.0,108860.0,78.11277683
2025-05-26 00:00:00+00:00,108890.0,109920.0,108550.0,109450.0,176.7422808
2025-05-26 04:00:00+00:00,109470.0,110060.0,109140.0,110000.0,107.64477538
2025-05-26 08:00:00+00:00,110000.0,110080.0,109490.0,109720.0,108.95965357
2025-05-26 12:00:00+00:00,109730.0,110390.0,109500.0,110010.0,241.78980544
2025-05-26 16:00:00+00:00,110010.0,110400.0,108830.0,109110.0,158.27957467
2025-05-26 20:00:00+00:00,109080.0,109800.0,108930.0,109390.0,9.25697018
2025-05-27 00:00:00+00:00,109400.0,109630.0,107510.0,108870.0,87.78763338
2025-05-27 04:00:00+00:00,108870.0,109570.0,108540.0,109480.0,47.11680222
2025-05-27 08:00:00+00:00,109480.0,109850.0,109390.0,109520.0,71.55030493
2025-05-27 12:00:00+00:00,109510.0,110700.0,108610.0,110060.0,160.41038255
2025-05-27 16:00:00+00:00,110070.0,110470.0,109490.0,109850.0,87.18568485
2025-05-27 20:00:00+00:00,109820.0,109830.0,108600.0,108850.0,265.61317899
2025-05-28 00:00:00+00:00,108850.0,109200.0,108340.0,108770.0,150.65505455
2025-05-28 04:00:00+00:00,108760.0,108950.0,108500.0,108730.0,92.73439044
2025-05-28 08:00:00+00:00,108740.0,109030.0,108230.0,108820.0,90.03885994
2025-05-28 12:00:00+00:00,108830.0,108970.0,107020.0,107030.0,240.83872582
2025-05-28 16:00:00+00:00,107050.0,107770.0,106850.0,106870.0,84.26354824
2025-05-28 20:00:00+00:00,106870.0,107980.0,106750.0,107760.0,80.42492777
2025-05-29 00:00:00+00:00,107760.0,108450.0,107410.0,108010.0,59.86945535
2025-05-29 04:00:00+00:00,108020.0,108070.0,106960.0,107880.0,34.3567991
2025-05-29 08:00:00+00:00,107890.0,108870.0,107720.0,108720.0,107.35773722
2025-05-29 12:00:00+00:00,108710.0,108730.0,106660.0,107040.0,602.16073776
2025-05-29 16:00:00+00:00,107050.0,107160.0,105600.0,105730.0,102.19597169
2025-05-29 20:00:00+00:00,105730.0,106430.0,105300.0,105590.0,54.50770813
2025-05-30 00:00:00+00:00,105590.0,106190.0,104660.0,105930.0,47.29747129
2025-05-30 04:00:00+00:00,105970.0,106260.0,104730.0,104970.0,45.01341509
2025-05-30 08:00:00+00:00,105020.0,105970.0,104550.0,105940.0,58.01282874
2025-05-30 12:00:00+00:00,105940.0,105980.0,105060.0,105550.0,74.83670776
2025-05-30 16:00:00+00:00,105520.0,105520.0,103460.0,104590.0,198.01492265
2025-05-30 20:00:00+00:00,104590.0,104850.0,103670.0,104030.0,49.54862713
2025-05-31 00:00:00+00:00,104000.0,104310.0,103110.0,103730.0,17.48927804
2025-05-31 04:00:00+00:00,103710.0,103950.0,103520.0,103780.0,12.77978184
2025-05-31 08:00:00+00:00,103790.0,103820.0,103340.0,103510.0,31.78913044
2025-05-31 12:00:00+00:00,103510.0,104890.0,103510.0,104540.0,62.95156871
2025-05-31 16:00:00+00:00,104580.0,104840.0,104300.0,104700.0,34.40637751
2025-05-31 20:00:00+00:00,104690.0,104950.0,104510.0,104660.0,28.60561912
2025-06-01 00:00:00+00:00,104640.0,104660.0,103970.0,104420.0,24.68400066
2025-06-01 04:00:00+00:00,104420.0,104750.0,104260.0,104320.0,13.14738817
2025-06-01 08:00:00+00:00,104330.0,104490.0,103790.0,104110.0,25.11618002
2025-06-01 12:00:00+00:00,104120.0,104830.0,103850.0,104750.0,21.30573263
2025-06-01 16:00:00+00:00,104760.0,105350.0,104410.0,105150.0,35.37312057
2025-06-01 20:00:00+00:00,105150.0,105870.0,104930.0,105630.0,18.43655088
2025-06-02 00:00:00+00:00,105670.0,105760.0,104630.0,104880.0,10.39202645
2025-06-02 04:00:00+00:00,104880.0,105440.0,104650.0,105350.0,19.25953357
2025-06-02 08:00:00+00:00,105420.0,105990.0,104020.0,104080.0,60.44882394
2025-06-02 12:00:00+00:00,104080.0,104700.0,103670.0,104500.0,163.3903492
2025-06-02 16:00:00+00:00,104480.0,104800.0,104090.0,104550.0,58.35437397
2025-06-02 20:00:00+00:00,104470.0,105960.0,104470.0,105880.0,26.94507376
2025-06-03 00:00:00+00:00,105870.0,106490.0,105390.0,105520.0,38.18748761
2025-06-03 04:00:00+00:00,105510.0,105510.0,105130.0,105180.0,27.73631739
2025-06-03 08:00:00+00:00,105180.0,105330.0,104880.0,105290.0,37.32948522
2025-06-03 12:00:00+00:00,105290.0,106800.0,105060.0,106610.0,145.12412997
2025-06-03 16:00:00+00:00,106620.0,106640.0,105610.0,106250.0,50.14858914
2025-06-03 20:00:00+00:00,106240.0,106250.0,105300.0,105400.0,24.25569476
2025-06-04 00:00:00+00:00,105370.0,105780.0,105150.0,105500.0,20.91208805
2025-06-04 04:00:00+00:00,105510.0,105550.0,105240.0,105320.0,10.21404456
2025-06-04 08:00:00+00:00,105320.0,105940.0,105060.0,105070.0,36.31005197
2025-06-04 12:00:00+00:00,105050.0,105470.0,104250.0,105220.0,62.1567938
2025-06-04 16:00:00+00:00,105230.0,105380.0,104790.0,104840.0,27.72098469
2025-06-04 20:00:00+00:00,104830.0,104960.0,104330.0,104580.0,59.22361546
2025-06-05 00:00:00+00:00,104590.0,105140.0,104580.0,104960.0,35.83337105
2025-06-05 04:00:00+00:00,104960.0,105130.0,104310.0,104430.0,75.76314526
2025-06-05 08:00:00+00:00,104430.0,104870.0,104360.0,104760.0,64.22197847
2025-06-05 12:00:00+00:00,104770.0,105860.0,103910.0,104540.0,145.38470815
2025-06-05 16:00:00+00:00,104540.0,104590.0,101930.0,102000.0,837.22819004
2025-06-05 20:00:00+00:00,102000.0,102250.0,100520.0,101680.0,767.63419054
2025-06-06 00:00:00+00:00,101680.0,102720.0,101270.0,102690.0,150.47991405
2025-06-06 04:00:00+00:00,102700.0,103640.0,102590.0,103330.0,119.07420578
2025-06-06 08:00:00+00:00,103330.0,104170.0,103330.0,104140.0,99.70225963
2025-06-06 12:00:00+00:00,104140.0,105400.0,103710.0,105160.0,97.29709571
2025-06-06 16:00:00+00:00,105160.0,105360.0,104160.0,104320.0,33.35930889
2025-06-06 20:00:00+00:00,104280.0,104670.0,104260.0,104450.0,67.76346963
2025-06-07 00:00:00+00:00,104460.0,105010.0,104020.0,105010.0,29.11646729
2025-06-07 04:00:00+00:00,105010.0,105450.0,104810.0,105000.0,15.80489655
2025-06-07 08:00:00+00:00,105020.0,105380.0,104870.0,105250.0,17.55019531
2025-06-07 12:00:00+00:00,105270.0,105870.0,105270.0,105680.0,31.65042344
2025-06-07 16:00:00+00:00,105690.0,105990.0,105420.0,105840.0,13.86063149
2025-06-07 20:00:00+00:00,105840.0,106000.0,105680.0,105680.0,2.97783875
2025-06-08 00:00:00+00:00,105680.0,105880.0,105540.0,105620.0,12.21969232
2025-06-08 04:00:00+00:00,105620.0,105730.0,105540.0,105550.0,6.39522487
2025-06-08 08:00:00+00:00,105550.0,105750.0,105040.0,105730.0,16.72514708
2025-06-08 12:00:00+00:00,105740.0,106180.0,105640.0,106100.0,42.45317955
2025-06-08 16:00:00+00:00,106100.0,106430.0,106090.0,106370.0,14.23932636
2025-06-08 20:00:00+00:00,106370.0,106550.0,105680.0,105830.0,14.07213814
2025-06-09 00:00:00+00:00,105800.0,106030.0,105440.0,105740.0,11.71883987
2025-06-09 04:00:00+00:00,105740.0,105790.0,105480.0,105660.0,4.73088049
2025-06-09 08:00:00+00:00,105690.0,107880.0,105620.0,107810.0,127.40414482
2025-06-09 12:00:00+00:00,107850.0,108070.0,107000.0,107780.0,78.06471413999999
2025-06-09 16:00:00+00:00,107790.0,108830.0,107760.0,108690.0,28.22609424
2025-06-09 20:00:00+00:00,108680.0,110680.0,108580.0,110290.0,103.69185432
2025-06-10 00:00:00+00:00,110300.0,110320.0,109440.0,109580.0,51.66196395
2025-06-10 04:00:00+00:00,109580.0,109710.0,109150.0,109270.0,25.55059931
2025-06-10 08:00:00+00:00,109280.0,109860.0,109100.0,109730.0,11.95384799
2025-06-10 12:00:00+00:00,109770.0,109890.0,108310.0,108990.0,65.29881232
2025-06-10 16:00:00+00:00,109010.0,110300.0,108510.0,109450.0,111.20142793
2025-06-10 20:00:00+00:00,109430.0,110190.0,109190.0,110180.0,35.25423876
2025-06-11 00:00:00+00:00,110160.0,110180.0,109450.0,109660.0,21.93734448
2025-06-11 04:00:00+00:00,109640.0,109670.0,109300.0,109380.0,49.17240495
2025-06-11 08:00:00+00:00,109410.0,109540.0,109150.0,109220.0,7.99860787
2025-06-11 12:00:00+00:00,109220.0,110270.0,108990.0,109700.0,85.78520845
2025-06-11 16:00:00+00:00,109700.0,109790.0,108420.0,108670.0,113.96152487
2025-06-11 20:00:00+00:00,108650.0,109140.0,108010.0,108610.0,107.28251054
2025-06-12 00:00:00+00:00,108590.0,108740.0,107640.0,107840.0,52.5363177
2025-06-12 04:00:00+00:00,107830.0,107950.0,107320.0,107610.0,32.07624884
2025-06-12 08:00:00+00:00,107610.0,107800.0,106900.0,106900.0,38.42461432
2025-06-12 12:00:00+00:00,106910.0,107800.0,106590.0,107010.0,50.78798727
2025-06-12 16:00:00+00:00,107010.0,108390.0,106720.0,106810.0,65.42762874
2025-06-12 20:00:00+00:00,106770.0,106950.0,105700.0,105700.0,74.40226523
2025-06-13 00:00:00+00:00,105690.0,105690.0,102660.0,104360.0,234.56278552
2025-06-13 04:00:00+00:00,104320.0,104850.0,103810.0,104820.0,97.06206442
2025-06-13 08:00:00+00:00,104830.0,105360.0,104400.0,104960.0,89.30874478
2025-06-13 12:00:00+00:00,104970.0,105730.0,104110.0,105450.0,106.47743215
2025-06-13 16:00:00+00:00,105420.0,105950.0,104690.0,105070.0,73.29071785000001
2025-06-13 20:00:00+00:00,105100.0,106250.0,105050.0,106090.0,49.7814892
2025-06-14 00:00:00+00:00,106110.0,106200.0,105270.0,105300.0,28.39330359
2025-06-14 04:00:00+00:00,105310.0,105450.0,104870.0,105160.0,26.15012876
2025-06-14 08:00:00+00:00,105170.0,105210.0,104940.0,105200.0,39.09842622
2025-06-14 12:00:00+00:00,105180.0,105230.0,104770.0,104960.0,51.40177126
2025-06-14 16:00:00+00:00,104940.0,105160.0,104500.0,104800.0,117.37920171
2025-06-14 20:00:00+00:00,104790.0,105760.0,104480.0,105600.0,78.68529965
2025-06-15 00:00:00+00:00,105610.0,105880.0,105470.0,105680.0,16.68035754
2025-06-15 04:00:00+00:00,105670.0,106260.0,105410.0,105620.0,33.25450814
2025-06-15 08:00:00+00:00,105610.0,105610.0,105020.0,105120.0,14.47744864
2025-06-15 12:00:00+00:00,105120.0,105970.0,105120.0,105740.0,40.27582651
2025-06-15 16:00:00+00:00,105780.0,105940.0,105330.0,105490.0,151.57470573
2025-06-15 20:00:00+00:00,105530.0,105780.0,104710.0,105740.0,101.07522692
2025-06-16 00:00:00+00:00,105740.0,106180.0,105190.0,106110.0,51.18901602
2025-06-16 04:00:00+00:00,106130.0,107340.0,106080.0,107170.0,39.2965815
2025-06-16 08:00:00+00:00,107170.0,107370.0,106740.0,106980.0,52.54632742
2025-06-16 12:00:00+00:00,106980.0,107840.0,106610.0,107520.0,63.8260099
2025-06-16 16:00:00+00:00,107540.0,108940.0,107450.0,108710.0,41.61522282
2025-06-16 20:00:00+00:00,108730.0,109030.0,106800.0,106830.0,42.9126017
2025-06-17 00:00:00+00:00,106870.0,107780.0,106260.0,107680.0,46.85596115
2025-06-17 04:00:00+00:00,107680.0,107750.0,106570.0,106800.0,13.35592882
2025-06-17 08:00:00+00:00,106790.0,106840.0,105560.0,105720.0,21.561059789999998
2025-06-17 12:00:00+00:00,105710.0,105910.0,104190.0,104320.0,121.25347819
2025-06-17 16:00:00+00:00,104330.0,105410.0,103460.0,104770.0,225.52956143
2025-06-17 20:00:00+00:00,104770.0,104940.0,104360.0,104760.0,345.08644518
2025-06-18 00:00:00+00:00,104770.0,105390.0,104550.0,105300.0,58.21926352
2025-06-18 04:00:00+00:00,105330.0,105660.0,104810.0,105060.0,66.44359126
2025-06-18 08:00:00+00:00,105060.0,105400.0,104400.0,104980.0,191.64594497000002
2025-06-18 12:00:00+00:00,104970.0,105430.0,104100.0,104950.0,460.09641733
2025-06-18 16:00:00+00:00,104960.0,104980.0,103630.0,103930.0,175.42150022
2025-06-18 20:00:00+00:00,103920.0,105280.0,103770.0,105050.0,109.81571061
2025-06-19 00:00:00+00:00,105060.0,105340.0,104620.0,105220.0,80.77305218
2025-06-19 04:00:00+00:00,105230.0,105340.0,104750.0,104770.0,84.52021489
2025-06-19 08:00:00+00:00,104770.0,105180.0,104770.0,104910.0,44.22849545
2025-06-19 12:00:00+00:00,104890.0,104970.0,104210.0,104230.0,106.98641011
2025-06-19 16:00:00+00:00,104230.0,104940.0,104080.0,104360.0,91.06422512
2025-06-19 20:00:00+00:00,104370.0,104970.0,104270.0,104780.0,70.54450712
2025-06-20 00:00:00+00:00,104790.0,104940.0,104530.0,104740.0,48.50186977
2025-06-20 04:00:00+00:00,104740.0,105880.0,104370.0,105880.0,86.4744308
2025-06-20 08:00:00+00:00,105880.0,106580.0,105870.0,106100.0,136.78655072
2025-06-20 12:00:00+00:00,106090.0,106210.0,103910.0,104320.0,76.75583589
2025-06-20 16:00:00+00:00,104340.0,104360.0,102490.0,103420.0,292.91545952
2025-06-20 20:00:00+00:00,103390.0,103890.0,103070.0,103360.0,89.20208787
2025-06-21 00:00:00+00:00,103370.0,103810.0,103200.0,103620.0,125.06805523
2025-06-21 04:00:00+00:00,103620.0,103730.0,103440.0,103570.0,102.43926925
2025-06-21 08:00:00+00:00,103590.0,104120.0,103590.0,103980.0,120.0134918
2025-06-21 12:00:00+00:00,103990.0,104000.0,103430.0,103700.0,104.03344827
2025-06-21 16:00:00+00:00,103690.0,103780.0,102310.0,102360.0,131.75817271
2025-06-21 20:00:00+00:00,102360.0,103010.0,101020.0,102220.0,160.62662627
2025-06-22 00:00:00+00:00,102250.0,103470.0,101990.0,102500.0,133.90276659
2025-06-22 04:00:00+00:00,102510.0,103110.0,102400.0,102580.0,142.16697996
2025-06-22 08:00:00+00:00,102580.0,102950.0,102240.0,102900.0,130.84091584
2025-06-22 12:00:00+00:00,102890.0,102970.0,99252.0,99252.0,785.84480318
2025-06-22 16:00:00+00:00,99252.0,100560.0,99034.0,99084.0,418.90505736
2025-06-22 20:00:00+00:00,99079.0,101250.0,98579.0,101200.0,544.6351977099999
2025-06-23 00:00:00+00:00,101170.0,101790.0,100740.0,101360.0,106.71170076
2025-06-23 04:00:00+00:00,101390.0,102280.0,101110.0,102120.0,204.16798151
2025-06-23 08:00:00+00:00,102120.0,102250.0,101340.0,101500.0,111.40002112
2025-06-23 12:00:00+00:00,101510.0,102860.0,101030.0,101620.0,177.87552536
2025-06-23 16:00:00+00:00,101630.0,103460.0,99830.0,103370.0,219.49597216
2025-06-23 20:00:00+00:00,103360.0,106210.0,103090.0,105540.0,209.56873231
2025-06-24 00:00:00+00:00,105520.0,105660.0,104920.0,105120.0,26.72314832
2025-06-24 04:00:00+00:00,105090.0,106000.0,104880.0,105120.0,51.36275718
2025-06-24 08:00:00+00:00,105120.0,105660.0,104810.0,105290.0,14.04792541
2025-06-24 12:00:00+00:00,105310.0,105740.0,104900.0,105280.0,52.30988771
2025-06-24 16:00:00+00:00,105290.0,106340.0,105280.0,105740.0,36.32685632
2025-06-24 20:00:00+00:00,105730.0,106160.0,105550.0,106110.0,17.95421933
2025-06-25 00:00:00+00:00,106120.0,106830.0,105920.0,106310.0,15.89163112
2025-06-25 04:00:00+00:00,106310.0,106730.0,106110.0,106680.0,8.32690138
2025-06-25 08:00:00+00:00,106690.0,107210.0,106370.0,107210.0,24.68981935
2025-06-25 12:00:00+00:00,107220.0,108130.0,106740.0,107040.0,64.20857984
2025-06-25 16:00:00+00:00,107060.0,107900.0,106940.0,107710.0,39.77345959
2025-06-25 20:00:00+00:00,107680.0,108000.0,107100.0,107340.0,5.74664957
2025-06-26 00:00:00+00:00,107330.0,108250.0,107120.0,107850.0,9.15965959
2025-06-26 04:00:00+00:00,107860.0,108040.0,107550.0,107840.0,5.61470428
2025-06-26 08:00:00+00:00,107830.0,108120.0,107140.0,107330.0,13.752915
2025-06-26 12:00:00+00:00,107330.0,107690.0,106520.0,107270.0,57.47077687
2025-06-26 16:00:00+00:00,107250.0,107650.0,107030.0,107540.0,11.94274893
2025-06-26 20:00:00+00:00,107530.0,107990.0,106880.0,106950.0,36.51781989
2025-06-27 00:00:00+00:00,106950.0,107540.0,106370.0,107520.0,21.65643927
2025-06-27 04:00:00+00:00,107520.0,107750.0,106950.0,106950.0,8.51906069
2025-06-27 08:00:00+00:00,106950.0,107180.0,106720.0,107010.0,20.33379389
2025-06-27 12:00:00+00:00,107010.0,107450.0,106460.0,107380.0,71.28131203
2025-06-27 16:00:00+00:00,107380.0,107720.0,106540.0,106870.0,25.76281065
2025-06-27 20:00:00+00:00,106860.0,107300.0,106860.0,107100.0,6.39449978
2025-06-28 00:00:00+00:00,107080.0,107340.0,106890.0,107340.0,3.88481076
2025-06-28 04:00:00+00:00,107350.0,107500.0,107250.0,107500.0,16.46042627
2025-06-28 08:00:00+00:00,107510.0,107520.0,107310.0,107340.0,34.46824789
2025-06-28 12:00:00+00:00,107350.0,107520.0,107130.0,107480.0,52.36498362
2025-06-28 16:00:00+00:00,107480.0,107550.0,107280.0,107280.0,6.92288783
2025-06-28 20:00:00+00:00,107280.0,107370.0,107220.0,107340.0,2.1362423600000002
2025-06-29 00:00:00+00:00,107330.0,107500.0,107220.0,107260.0,11.88378322
2025-06-29 04:00:00+00:00,107260.0,107390.0,107240.0,107390.0,0.98307409
2025-06-29 08:00:00+00:00,107400.0,108490.0,107400.0,108480.0,20.20715187
2025-06-29 12:00:00+00:00,108490.0,108590.0,107700.0,107780.0,24.301556
2025-06-29 16:00:00+00:00,107780.0,107780.0,107360.0,107450.0,10.64417422
2025-06-29 20:00:00+00:00,107440.0,108420.0,107320.0,108370.0,12.37598139
2025-06-30 00:00:00+00:00,108380.0,108790.0,108350.0,108530.0,32.26654361
2025-06-30 04:00:00+00:00,108530.0,108560.0,107540.0,107650.0,34.26953315
2025-06-30 08:00:00+00:00,107660.0,107980.0,107450.0,107680.0,17.08515468
2025-06-30 12:00:00+00:00,107690.0,107870.0,106950.0,107690.0,450.39696122
2025-06-30 16:00:00+00:00,107690.0,107930.0,107290.0,107890.0,44.090339469999996
2025-06-30 20:00:00+00:00,107880.0,107880.0,107070.0,107250.0,31.699930469999998
2025-07-01 00:00:00+00:00,107250.0,107620.0,107150.0,107290.0,8.39488835
2025-07-01 04:00:00+00:00,107290.0,107340.0,106920.0,107330.0,112.36479554
2025-07-01 08:00:00+00:00,107330.0,107330.0,106550.0,106780.0,633.24011148
2025-07-01 12:00:00+00:00,106800.0,107340.0,105870.0,106150.0,408.575893
2025-07-01 16:00:00+00:00,106170.0,106490.0,105580.0,105610.0,81.14662523
2025-07-01 20:00:00+00:00,105590.0,106320.0,105460.0,105920.0,75.02926408
2025-07-02 00:00:00+00:00,105910.0,106460.0,105270.0,106430.0,65.15734388999999
2025-07-02 04:00:00+00:00,106430.0,107310.0,106330.0,107280.0,24.74324912
2025-07-02 08:00:00+00:00,107280.0,108010.0,107280.0,107650.0,50.07195394
2025-07-02 12:00:00+00:00,107650.0,108950.0,107400.0,108940.0,81.07953562
2025-07-02 16:00:00+00:00,108940.0,109900.0,108900.0,109840.0,91.22320814
2025-07-02 20:00:00+00:00,109850.0,109890.0,108910.0,108980.0,19.3291933
2025-07-03 00:00:00+00:00,108990.0,109250.0,108710.0,108820.0,11.34506746
2025-07-03 04:00:00+00:00,108830.0,109690.0,108740.0,109500.0,14.69388116
2025-07-03 08:00:00+00:00,109510.0,110450.0,109510.0,109820.0,35.69870564
2025-07-03 12:00:00+00:00,109810.0,110700.0,108950.0,109300.0,68.8895543
2025-07-03 16:00:00+00:00,109300.0,110060.0,109220.0,109950.0,22.40845014
2025-07-03 20:00:00+00:00,109950.0,110140.0,109700.0,109760.0,8.69832998
2025-07-04 00:00:00+00:00,109760.0,109910.0,109300.0,109430.0,7.39217763
2025-07-04 04:00:00+00:00,109430.0,109470.0,108860.0,108890.0,13.20470998
2025-07-04 08:00:00+00:00,108880.0,109220.0,108700.0,109020.0,6.43519614
2025-07-04 12:00:00+00:00,109030.0,109090.0,107700.0,107780.0,77.9131358
2025-07-04 16:00:00+00:00,107770.0,108100.0,107470.0,107680.0,55.45470043
2025-07-04 20:00:00+00:00,107680.0,108440.0,107660.0,108200.0,33.62213785
2025-07-05 00:00:00+00:00,108180.0,108440.0,107920.0,108310.0,8.76579598
2025-07-05 04:00:00+00:00,108330.0,108540.0,108180.0,108190.0,16.22338681
2025-07-05 08:00:00+00:00,108200.0,108370.0,108070.0,108300.0,4.7756567
2025-07-05 12:00:00+00:00,108280.0,108370.0,108140.0,108210.0,3.41317035
2025-07-05 16:00:00+00:00,108220.0,108280.0,108070.0,108280.0,3.24569868
2025-07-05 20:00:00+00:00,108280.0,108340.0,108170.0,108330.0,5.59621795
2025-07-06 00:00:00+00:00,108340.0,108380.0,108170.0,108190.0,4.21307182
2025-07-06 04:00:00+00:00,108190.0,108330.0,108110.0,108210.0,5.99768865
2025-07-06 08:00:00+00:00,108200.0,108250.0,107980.0,108190.0,7.16954037
2025-07-06 12:00:00+00:00,108200.0,109310.0,108190.0,109020.0,64.02097683
2025-07-06 16:00:00+00:00,109030.0,109130.0,108460.0,108660.0,22.99589153
2025-07-06 20:00:00+00:00,108670.0,109860.0,108670.0,109380.0,49.15782571
2025-07-07 00:00:00+00:00,109360.0,109830.0,108840.0,109570.0,9.60485918
2025-07-07 04:00:00+00:00,109590.0,109590.0,108830.0,109200.0,6.8936695100000005
2025-07-07 08:00:00+00:00,109210.0,109240.0,108760.0,108800.0,19.03746607
2025-07-07 12:00:00+00:00,108780.0,108790.0,108150.0,108470.0,73.82421717
2025-07-07 16:00:00+00:00,108480.0,108610.0,107700.0,108240.0,38.12513977
2025-07-07 20:00:00+00:00,108220.0,108420.0,107970.0,108420.0,7.9013937400000005
2025-07-08 00:00:00+00:00,108400.0,108640.0,107630.0,108060.0,48.43681682
2025-07-08 04:00:00+00:00,108070.0,108630.0,107940.0,108630.0,13.25937219
2025-07-08 08:00:00+00:00,108620.0,109130.0,108410.0,108920.0,11.69185876
2025-07-08 12:00:00+00:00,108920.0,109340.0,108370.0,108390.0,43.11577888
2025-07-08 16:00:00+00:00,108400.0,109290.0,108260.0,108930.0,49.70657901
2025-07-08 20:00:00+00:00,108940.0,109100.0,108760.0,109060.0,30.08039744
2025-07-09 00:00:00+00:00,109070.0,109270.0,108480.0,108500.0,32.23538063
2025-07-09 04:00:00+00:00,108500.0,109040.0,108480.0,108830.0,30.02952559
2025-07-09 08:00:00+00:00,108840.0,109240.0,108740.0,109210.0,2.80123742
2025-07-09 12:00:00+00:00,109190.0,109900.0,108650.0,109200.0,50.89754358
2025-07-09 16:00:00+00:00,109210.0,111990.0,109120.0,111810.0,216.35547551
2025-07-09 20:00:00+00:00,111840.0,111990.0,110690.0,111380.0,68.12472937
2025-07-10 00:00:00+00:00,111420.0,111660.0,111020.0,111180.0,22.06082215
2025-07-10 04:00:00+00:00,111150.0,111550.0,111060.0,111380.0,32.86459941
2025-07-10 08:00:00+00:00,111380.0,111540.0,111040.0,111170.0,9.47395867
2025-07-10 12:00:00+00:00,111160.0,111560.0,110670.0,111560.0,35.86745971
2025-07-10 16:00:00+00:00,111570.0,113670.0,111520.0,113300.0,1209.7475676
2025-07-10 20:00:00+00:00,113280.0,117430.0,113210.0,115950.0,325.10567212
2025-07-11 00:00:00+00:00,115960.0,116900.0,115230.0,116880.0,26.11969289
2025-07-11 04:00:00+00:00,116860.0,118320.0,116450.0,117480.0,195.67659669
2025-07-11 08:00:00+00:00,117500.0,118790.0,117500.0,117830.0,54.57055342
2025-07-11 12:00:00+00:00,117850.0,118240.0,116750.0,116900.0,62.53123056
2025-07-11 16:00:00+00:00,116910.0,118030.0,116590.0,117970.0,39.24536414
2025-07-11 20:00:00+00:00,117980.0,117980.0,117040.0,117400.0,19.33007177
2025-07-12 00:00:00+00:00,117430.0,117700.0,116910.0,117590.0,8.58092606
2025-07-12 04:00:00+00:00,117610.0,117910.0,117410.0,117590.0,4.23122713
2025-07-12 08:00:00+00:00,117610.0,118070.0,117480.0,117610.0,4.21349864
2025-07-12 12:00:00+00:00,117620.0,117670.0,116720.0,116940.0,16.54755768
2025-07-12 16:00:00+00:00,116930.0,117510.0,116900.0,117430.0,12.32439985
2025-07-12 20:00:00+00:00,117420.0,117420.0,116930.0,117280.0,14.18196729
2025-07-13 00:00:00+00:00,117300.0,117670.0,117120.0,117580.0,4.54299126
2025-07-13 04:00:00+00:00,117580.0,117840.0,117550.0,117750.0,15.18189852
2025-07-13 08:00:00+00:00,117770.0,117920.0,117530.0,117920.0,12.5399725
2025-07-13 12:00:00+00:00,117920.0,119180.0,117810.0,118590.0,84.72231093
2025-07-13 16:00:00+00:00,118590.0,119310.0,118280.0,118840.0,63.71342677
2025-07-13 20:00:00+00:00,118830.0,119210.0,118100.0,118940.0,46.81776889
2025-07-14 00:00:00+00:00,118950.0,121450.0,118790.0,120590.0,61.43930843
2025-07-14 04:00:00+00:00,120610.0,123120.0,120450.0,122650.0,119.86835835
2025-07-14 08:00:00+00:00,122680.0,122680.0,121200.0,121380.0,81.26813143
2025-07-14 12:00:00+00:00,121360.0,121990.0,119520.0,119790.0,123.04121933
2025-07-14 16:00:00+00:00,119760.0,120490.0,119150.0,119890.0,63.68882892
2025-07-14 20:00:00+00:00,119900.0,120430.0,119530.0,119820.0,14.68245461
2025-07-15 00:00:00+00:00,119820.0,119920.0,116660.0,117170.0,105.14982893999999
2025-07-15 04:00:00+00:00,117170.0,117780.0,116260.0,116820.0,65.85110516
2025-07-15 08:00:00+00:00,116820.0,117280.0,116360.0,117260.0,222.89202561
2025-07-15 12:00:00+00:00,117260.0,118600.0,115820.0,116500.0,158.00897265
2025-07-15 16:00:00+00:00,116490.0,117760.0,116070.0,116500.0,71.07834943
2025-07-15 20:00:00+00:00,116500.0,118250.0,116310.0,117830.0,23.02208285
2025-07-16 00:00:00+00:00,117870.0,118320.0,117160.0,117610.0,15.33154602
2025-07-16 04:00:00+00:00,117600.0,118430.0,117420.0,118300.0,10.51973001
2025-07-16 08:00:00+00:00,118310.0,119330.0,118290.0,118800.0,33.35735274
2025-07-16 12:00:00+00:00,118810.0,119820.0,118260.0,119160.0,66.04001539
2025-07-16 16:00:00+00:00,119140.0,119950.0,118570.0,119290.0,60.38328597
2025-07-16 20:00:00+00:00,119270.0,120110.0,118440.0,118690.0,35.78683731
2025-07-17 00:00:00+00:00,118690.0,119130.0,117680.0,118100.0,134.65588243
2025-07-17 04:00:00+00:00,118090.0,118780.0,117870.0,118360.0,13.61706282
2025-07-17 08:00:00+00:00,118340.0,119190.0,117970.0,117970.0,28.79789215
2025-07-17 12:00:00+00:00,117980.0,119040.0,117500.0,118880.0,50.20770341
2025-07-17 16:00:00+00:00,118870.0,119950.0,118350.0,118990.0,115.13855819
2025-07-17 20:00:00+00:00,118990.0,121050.0,118490.0,119250.0,57.40595526
2025-07-18 00:00:00+00:00,119250.0,120840.0,119110.0,120330.0,28.73939906
2025-07-18 04:00:00+00:00,120330.0,120920.0,119450.0,119450.0,26.66830626
2025-07-18 08:00:00+00:00,119470.0,119550.0,118380.0,119220.0,66.95251215
2025-07-18 12:00:00+00:00,119230.0,119570.0,117400.0,117960.0,58.81637695
2025-07-18 16:00:00+00:00,118000.0,118150.0,117170.0,117420.0,39.14226868
2025-07-18 20:00:00+00:00,117450.0,118050.0,116930.0,118000.0,21.26758164
2025-07-19 00:00:00+00:00,118010.0,118410.0,117710.0,118380.0,7.00277857
2025-07-19 04:00:00+00:00,118380.0,118420.0,118130.0,118200.0,5.0454766
2025-07-19 08:00:00+00:00,118220.0,118480.0,118010.0,118330.0,10.46566241
2025-07-19 12:00:00+00:00,118330.0,118330.0,117660.0,118050.0,13.23127603
2025-07-19 16:00:00+00:00,118060.0,118140.0,117600.0,118010.0,6.08574915
2025-07-19 20:00:00+00:00,118000.0,118120.0,117300.0,117900.0,12.39669022
2025-07-20 00:00:00+00:00,117890.0,118180.0,117690.0,117980.0,4.97341695
2025-07-20 04:00:00+00:00,117990.0,118250.0,117830.0,118100.0,15.5524909
2025-07-20 08:00:00+00:00,118100.0,118310.0,117820.0,117830.0,16.31507577
2025-07-20 12:00:00+00:00,117850.0,118760.0,117670.0,118680.0,41.82786394
2025-07-20 16:00:00+00:00,118690.0,118800.0,117980.0,118180.0,22.12133484
2025-07-20 20:00:00+00:00,118180.0,118180.0,116410.0,117240.0,63.27574104
2025-07-21 00:00:00+00:00,117230.0,118520.0,116550.0,118360.0,21.06691586
2025-07-21 04:00:00+00:00,118390.0,119630.0,118180.0,119330.0,36.66288422
2025-07-21 08:00:00+00:00,119350.0,119470.0,118110.0,118110.0,31.88573229
2025-07-21 12:00:00+00:00,118100.0,119210.0,117800.0,118310.0,55.99768692
2025-07-21 16:00:00+00:00,118320.0,118380.0,116700.0,116710.0,85.71769534
2025-07-21 20:00:00+00:00,116720.0,117630.0,116650.0,117460.0,24.31230682
2025-07-22 00:00:00+00:00,117420.0,117970.0,116150.0,117180.0,36.83724567
2025-07-22 04:00:00+00:00,117180.0,118570.0,116600.0,117960.0,27.25051912
2025-07-22 08:00:00+00:00,117960.0,119230.0,117510.0,119220.0,38.17758336
2025-07-22 12:00:00+00:00,119210.0,119580.0,117600.0,118890.0,119.70012174
2025-07-22 16:00:00+00:00,118900.0,120230.0,118410.0,119310.0,96.64889473
2025-07-22 20:00:00+00:00,119310.0,120250.0,119260.0,119970.0,12.50345747
2025-07-23 00:00:00+00:00,119990.0,120110.0,118590.0,118610.0,23.32120678
2025-07-23 04:00:00+00:00,118640.0,118990.0,118360.0,118400.0,15.98707469
2025-07-23 08:00:00+00:00,118390.0,118740.0,118000.0,118660.0,163.65522707
2025-07-23 12:00:00+00:00,118660.0,118830.0,117460.0,118710.0,210.90920878
2025-07-23 16:00:00+00:00,118720.0,118720.0,117490.0,118570.0,34.67079487
2025-07-23 20:00:00+00:00,118560.0,118900.0,117580.0,118900.0,25.81473702
2025-07-24 00:00:00+00:00,118870.0,119440.0,118700.0,118700.0,21.63362727
2025-07-24 04:00:00+00:00,118700.0,118740.0,117250.0,118570.0,58.77045231
2025-07-24 08:00:00+00:00,118560.0,118950.0,118140.0,118780.0,30.40899448
2025-07-24 12:00:00+00:00,118760.0,119590.0,118010.0,119200.0,32.82129012
2025-07-24 16:00:00+00:00,119210.0,119500.0,118540.0,119080.0,58.17872095
2025-07-24 20:00:00+00:00,119080.0,119130.0,118320.0,118380.0,13.28523505
2025-07-25 00:00:00+00:00,118420.0,118520.0,115420.0,115480.0,147.84527851
2025-07-25 04:00:00+00:00,115450.0,116200.0,114800.0,115400.0,79.98015422
2025-07-25 08:00:00+00:00,115400.0,116830.0,115100.0,116620.0,63.72868196
2025-07-25 12:00:00+00:00,116660.0,116680.0,115010.0,115830.0,42.75720741
2025-07-25 16:00:00+00:00,115820.0,117120.0,115560.0,116810.0,26.17773677
2025-07-25 20:00:00+00:00,116830.0,117700.0,116710.0,117700.0,7.34275445
2025-07-26 00:00:00+00:00,117690.0,117850.0,117260.0,117630.0,7.09853421
2025-07-26 04:00:00+00:00,117610.0,117650.0,117440.0,117450.0,15.33900951
2025-07-26 08:00:00+00:00,117460.0,118300.0,117450.0,117980.0,45.82594126
2025-07-26 12:00:00+00:00,117980.0,118370.0,117970.0,118280.0,19.49520393
2025-07-26 16:00:00+00:00,118290.0,118430.0,118130.0,118360.0,3.20395102
2025-07-26 20:00:00+00:00,118330.0,118360.0,118030.0,118030.0,3.01565943
2025-07-27 00:00:00+00:00,118030.0,118480.0,117960.0,118330.0,13.75190747
2025-07-27 04:00:00+00:00,118320.0,118540.0,118190.0,118200.0,11.45873413
2025-07-27 08:00:00+00:00,118250.0,118370.0,118000.0,118170.0,4.76508886
2025-07-27 12:00:00+00:00,118170.0,118680.0,118040.0,118680.0,18.20230501
2025-07-27 16:00:00+00:00,118690.0,119800.0,118690.0,119100.0,88.63561972
2025-07-27 20:00:00+00:00,119100.0,119870.0,118920.0,119580.0,40.89585152
2025-07-28 00:00:00+00:00,119590.0,119900.0,119150.0,119390.0,9.18623623
2025-07-28 04:00:00+00:00,119410.0,119760.0,118920.0,119040.0,83.99689541
2025-07-28 08:00:00+00:00,119040.0,119230.0,118680.0,118960.0,40.43504442
2025-07-28 12:00:00+00:00,118970.0,119230.0,118110.0,118400.0,72.36937454
2025-07-28 16:00:00+00:00,118340.0,118510.0,117630.0,118230.0,64.66416824
2025-07-28 20:00:00+00:00,118240.0,118470.0,117710.0,118200.0,17.6172025
2025-07-29 00:00:00+00:00,118200.0,118950.0,117700.0,118950.0,68.63072299
2025-07-29 04:00:00+00:00,118960.0,119410.0,118640.0,119020.0,11.116674380000001
2025-07-29 08:00:00+00:00,119010.0,119200.0,118350.0,118700.0,18.48943092
2025-07-29 12:00:00+00:00,118700.0,119170.0,117430.0,117560.0,170.48661303
2025-07-29 16:00:00+00:00,117560.0,118200.0,117120.0,117710.0,84.57876202
2025-07-29 20:00:00+00:00,117700.0,118120.0,117260.0,118110.0,45.16732478
2025-07-30 00:00:00+00:00,118120.0,118370.0,117650.0,118350.0,46.53652139
2025-07-30 04:00:00+00:00,118360.0,118590.0,117900.0,118330.0,11.06016351
2025-07-30 08:00:00+00:00,118340.0,118630.0,117550.0,117720.0,29.56965978
2025-07-30 12:00:00+00:00,117710.0,118930.0,117560.0,118160.0,142.56155868
2025-07-30 16:00:00+00:00,118160.0,118180.0,116050.0,117170.0,180.38283953
2025-07-30 20:00:00+00:00,117140.0,118080.0,117110.0,118050.0,43.49558557
2025-07-31 00:00:00+00:00,118040.0,118740.0,117900.0,118660.0,44.29074631
2025-07-31 04:00:00+00:00,118650.0,119100.0,118500.0,118850.0,15.91623756
2025-07-31 08:00:00+00:00,118860.0,118910.0,118490.0,118500.0,8.10719732
2025-07-31 12:00:00+00:00,118520.0,118800.0,118000.0,118400.0,30.6774102
2025-07-31 16:00:00+00:00,118420.0,118960.0,116920.0,116950.0,163.66801677
2025-07-31 20:00:00+00:00,116920.0,117080.0,115720.0,115970.0,200.51920228
2025-08-01 00:00:00+00:00,115940.0,116270.0,114400.0,115870.0,223.8070306
2025-08-01 04:00:00+00:00,115840.0,116120.0,114800.0,115260.0,79.32573762
2025-08-01 08:00:00+00:00,115190.0,115510.0,114240.0,115480.0,92.5682393
2025-08-01 12:00:00+00:00,115460.0,116160.0,114100.0,115540.0,165.53865015
2025-08-01 16:00:00+00:00,115510.0,115830.0,113320.0,113370.0,212.54943077
2025-08-01 20:00:00+00:00,113390.0,114180.0,112830.0,113460.0,104.78309043
2025-08-02 00:00:00+00:00,113450.0,114110.0,113340.0,114100.0,67.55472683
2025-08-02 04:00:00+00:00,114110.0,114260.0,113710.0,114210.0,55.4482721
2025-08-02 08:00:00+00:00,114190.0,114250.0,113630.0,114060.0,125.25774905
2025-08-02 12:00:00+00:00,114050.0,114050.0,113070.0,113070.0,70.51095001
2025-08-02 16:00:00+00:00,113070.0,113670.0,112240.0,112400.0,83.47098732
2025-08-02 20:00:00+00:00,112460.0,113300.0,112300.0,112810.0,70.19694023
2025-08-03 00:00:00+00:00,112790.0,113990.0,112210.0,113890.0,61.7375468
2025-08-03 04:00:00+00:00,113870.0,113980.0,113630.0,113960.0,59.75086436
2025-08-03 08:00:00+00:00,113970.0,114490.0,113810.0,114120.0,98.00840209
2025-08-03 12:00:00+00:00,114120.0,114350.0,113800.0,114180.0,134.99582969
2025-08-03 16:00:00+00:00,114180.0,114980.0,113990.0,114540.0,148.33714042
2025-08-03 20:00:00+00:00,114530.0,114810.0,114320.0,114450.0,61.99402589
2025-08-04 00:00:00+00:00,114390.0,115210.0,114350.0,114800.0,84.48236702
2025-08-04 04:00:00+00:00,114810.0,114930.0,114350.0,114850.0,54.11898805
2025-08-04 08:00:00+00:00,114850.0,114930.0,114400.0,114620.0,56.64064657
2025-08-04 12:00:00+00:00,114620.0,115600.0,114270.0,114960.0,85.96134473
2025-08-04 16:00:00+00:00,114990.0,115810.0,114860.0,114860.0,58.53120649
2025-08-04 20:00:00+00:00,114860.0,115460.0,114700.0,115200.0,42.98104292
2025-08-05 00:00:00+00:00,115190.0,115220.0,114370.0,114370.0,56.53398998
2025-08-05 04:00:00+00:00,114370.0,114600.0,113860.0,114110.0,67.81748044
2025-08-05 08:00:00+00:00,114110.0,115130.0,114030.0,114910.0,46.81873242
2025-08-05 12:00:00+00:00,114910.0,114970.0,112720.0,113010.0,133.40077479
2025-08-05 16:00:00+00:00,112990.0,113830.0,112930.0,113720.0,87.92110437
2025-08-05 20:00:00+00:00,113690.0,114270.0,113400.0,114180.0,86.31114506
2025-08-06 00:00:00+00:00,114190.0,114230.0,113500.0,113610.0,100.73081686
2025-08-06 04:00:00+00:00,113600.0,114530.0,113470.0,114370.0,118.21122845
2025-08-06 08:00:00+00:00,114330.0,114510.0,113900.0,114380.0,63.47639445
2025-08-06 12:00:00+00:00,114410.0,115700.0,113770.0,115680.0,81.8222386
2025-08-06 16:00:00+00:00,115600.0,115870.0,115020.0,115440.0,77.79793146
2025-08-06 20:00:00+00:00,115440.0,115460.0,114960.0,115160.0,59.15789476
2025-08-07 00:00:00+00:00,115160.0,115370.0,114600.0,114760.0,40.64237456
2025-08-07 04:00:00+00:00,114750.0,115040.0,114470.0,114970.0,45.70730272
2025-08-07 08:00:00+00:00,114970.0,116920.0,114970.0,116680.0,56.37681308
2025-08-07 12:00:00+00:00,116700.0,116910.0,116160.0,116870.0,34.81107035
2025-08-07 16:00:00+00:00,116850.0,117770.0,115780.0,117620.0,99.48327722
2025-08-07 20:00:00+00:00,117610.0,117800.0,117200.0,117580.0,47.10567328
2025-08-08 00:00:00+00:00,117590.0,117900.0,116740.0,116760.0,559.3067981
2025-08-08 04:00:00+00:00,116750.0,117210.0,116410.0,117050.0,111.63680171
2025-08-08 08:00:00+00:00,117020.0,117080.0,116500.0,117060.0,14.30820098
2025-08-08 12:00:00+00:00,117030.0,117350.0,116040.0,116360.0,36.3514418
2025-08-08 16:00:00+00:00,116360.0,116980.0,116170.0,116630.0,30.99696677
2025-08-08 20:00:00+00:00,116560.0,117100.0,116470.0,116790.0,4.97091847
2025-08-09 00:00:00+00:00,116790.0,116840.0,116480.0,116500.0,0.88467456
2025-08-09 04:00:00+00:00,116520.0,117040.0,116480.0,116840.0,13.74170418
2025-08-09 08:00:00+00:00,116840.0,117950.0,116840.0,117210.0,25.97618706
2025-08-09 12:00:00+00:00,117160.0,117300.0,116800.0,116950.0,14.11543775
2025-08-09 16:00:00+00:00,116950.0,116950.0,116590.0,116590.0,14.0564006
2025-08-09 20:00:00+00:00,116590.0,117050.0,116470.0,116550.0,16.69570906
2025-08-10 00:00:00+00:00,116550.0,118540.0,116530.0,118530.0,37.48930401
2025-08-10 04:00:00+00:00,118540.0,118760.0,117540.0,117890.0,33.88208386
2025-08-10 08:00:00+00:00,117850.0,118560.0,117720.0,118400.0,14.69655369
2025-08-10 12:00:00+00:00,118430.0,119190.0,118330.0,118890.0,67.14659487
2025-08-10 16:00:00+00:00,118910.0,119010.0,118540.0,118810.0,13.45756802
2025-08-10 20:00:00+00:00,118780.0,119430.0,118200.0,119370.0,47.4921442
2025-08-11 00:00:00+00:00,119370.0,122200.0,119110.0,121780.0,96.05813182
2025-08-11 04:00:00+00:00,121790.0,122370.0,121550.0,121610.0,51.92535572
2025-08-11 08:00:00+00:00,121620.0,121840.0,120400.0,120670.0,61.32739433
2025-08-11 12:00:00+00:00,120650.0,120690.0,119500.0,120360.0,53.17231635
2025-08-11 16:00:00+00:00,120370.0,120860.0,118720.0,119190.0,57.32247599
2025-08-11 20:00:00+00:00,119180.0,119240.0,118200.0,118850.0,21.2282822
2025-08-12 00:00:00+00:00,118820.0,119380.0,118740.0,118920.0,48.6421882
2025-08-12 04:00:00+00:00,118930.0,119220.0,118530.0,119080.0,23.16260121
2025-08-12 08:00:00+00:00,119070.0,119120.0,118290.0,118630.0,15.89512821
2025-08-12 12:00:00+00:00,118580.0,119980.0,118360.0,119980.0,50.8154759
2025-08-12 16:00:00+00:00,119970.0,120210.0,119240.0,119700.0,31.45232973
2025-08-12 20:00:00+00:00,119660.0,120280.0,119530.0,120080.0,46.01505506
2025-08-13 00:00:00+00:00,120090.0,120090.0,119010.0,119370.0,30.5584359
2025-08-13 04:00:00+00:00,119380.0,119740.0,118890.0,119380.0,58.38366121
2025-08-13 08:00:00+00:00,119380.0,120560.0,119250.0,120460.0,88.86372135
2025-08-13 12:00:00+00:00,120460.0,121950.0,119920.0,120820.0,232.31311104
2025-08-13 16:00:00+00:00,120820.0,122740.0,120820.0,122670.0,109.17525368
2025-08-13 20:00:00+00:00,122660.0,123380.0,122240.0,123320.0,97.74886131
2025-08-14 00:00:00+00:00,123320.0,123640.0,122770.0,123180.0,41.71063867
2025-08-14 04:00:00+00:00,123220.0,123250.0,121190.0,121730.0,68.48794617
2025-08-14 08:00:00+00:00,121760.0,122040.0,120660.0,120900.0,30.16811567
2025-08-14 12:00:00+00:00,120890.0,121080.0,117260.0,118240.0,173.67656168
2025-08-14 16:00:00+00:00,118250.0,118520.0,117190.0,117980.0,50.09638383
2025-08-14 20:00:00+00:00,117980.0,118640.0,117490.0,118410.0,36.98681565
2025-08-15 00:00:00+00:00,118440.0,119200.0,118210.0,119100.0,27.60266963
2025-08-15 04:00:00+00:00,119100.0,119360.0,118840.0,119080.0,23.917224140000002
2025-08-15 08:00:00+00:00,119080.0,119280.0,118720.0,119150.0,23.89219197
2025-08-15 12:00:00+00:00,119150.0,119200.0,116990.0,117450.0,65.2794065
2025-08-15 16:00:00+00:00,117410.0,117980.0,116990.0,117100.0,62.52165827
2025-08-15 20:00:00+00:00,117090.0,117940.0,117060.0,117520.0,69.39485055
2025-08-16 00:00:00+00:00,117490.0,118070.0,117430.0,117630.0,22.23871065
2025-08-16 04:00:00+00:00,117630.0,118050.0,117530.0,117800.0,7.26251868
2025-08-16 08:00:00+00:00,117750.0,117850.0,117400.0,117570.0,29.71983258
2025-08-16 12:00:00+00:00,117570.0,117950.0,117550.0,117860.0,14.05505072
2025-08-16 16:00:00+00:00,117890.0,117950.0,117800.0,117860.0,4.42361657
2025-08-16 20:00:00+00:00,117830.0,117850.0,117380.0,117590.0,8.3466898
2025-08-17 00:00:00+00:00,117580.0,117900.0,117390.0,117870.0,12.00065216
2025-08-17 04:00:00+00:00,117860.0,118390.0,117860.0,118170.0,14.86200946
2025-08-17 08:00:00+00:00,118170.0,118610.0,118100.0,118490.0,21.29437298
2025-08-17 12:00:00+00:00,118480.0,118680.0,118250.0,118380.0,12.33058934
2025-08-17 16:00:00+00:00,118380.0,118430.0,117510.0,117700.0,51.3265457
2025-08-17 20:00:00+00:00,117670.0,118100.0,117540.0,117540.0,17.8471177
2025-08-18 00:00:00+00:00,117530.0,117640.0,115190.0,115500.0,202.06524882
2025-08-18 04:00:00+00:00,115490.0,115870.0,115060.0,115380.0,45.14687901
2025-08-18 08:00:00+00:00,115410.0,115580.0,114890.0,115160.0,124.95947438
2025-08-18 12:00:00+00:00,115160.0,116360.0,115080.0,116340.0,148.51720145
2025-08-18 16:00:00+00:00,116340.0,116990.0,116060.0,116510.0,95.20074261
2025-08-18 20:00:00+00:00,116510.0,117190.0,116190.0,116400.0,99.56731271
2025-08-19 00:00:00+00:00,116430.0,116920.0,115020.0,115080.0,80.12534749
2025-08-19 04:00:00+00:00,115070.0,115700.0,114660.0,115220.0,311.58722463
2025-08-19 08:00:00+00:00,115210.0,115850.0,115070.0,115690.0,102.71478054
2025-08-19 12:00:00+00:00,115680.0,116050.0,113870.0,113980.0,839.08770607
2025-08-19 16:00:00+00:00,114000.0,114080.0,113000.0,113330.0,157.42718358
2025-08-19 20:00:00+00:00,113330.0,113810.0,113020.0,113030.0,117.48817581
2025-08-20 00:00:00+00:00,113030.0,113880.0,112870.0,113780.0,110.27630805
2025-08-20 04:00:00+00:00,113780.0,114090.0,113720.0,113760.0,106.39077553999999
2025-08-20 08:00:00+00:00,113750.0,114270.0,113300.0,113870.0,117.5635729
2025-08-20 12:00:00+00:00,113880.0,114570.0,112650.0,113610.0,192.16641891
2025-08-20 16:00:00+00:00,113610.0,114700.0,113520.0,114540.0,108.49281804
2025-08-20 20:00:00+00:00,114490.0,114890.0,114260.0,114500.0,92.19962536
2025-08-21 00:00:00+00:00,114520.0,115020.0,114170.0,114260.0,116.32037303999999
2025-08-21 04:00:00+00:00,114250.0,114320.0,113870.0,114150.0,94.54095999
2025-08-21 08:00:00+00:00,114160.0,114270.0,113270.0,113370.0,135.17884762
2025-08-21 12:00:00+00:00,113370.0,114230.0,112900.0,113020.0,126.1396639
2025-08-21 16:00:00+00:00,113010.0,113210.0,112310.0,112410.0,194.85161268
2025-08-21 20:00:00+00:00,112410.0,113100.0,112340.0,112740.0,122.60842914
2025-08-22 00:00:00+00:00,112750.0,113800.0,112610.0,113180.0,119.86349874
2025-08-22 04:00:00+00:00,113190.0,113590.0,113020.0,113310.0,80.34948828
2025-08-22 08:00:00+00:00,113320.0,113510.0,112420.0,112570.0,70.04119481
2025-08-22 12:00:00+00:00,112560.0,117400.0,111990.0,116550.0,467.51325408
2025-08-22 16:00:00+00:00,116550.0,117570.0,116300.0,116820.0,44.6966498
2025-08-22 20:00:00+00:00,116830.0,117380.0,116730.0,117000.0,12.37217207
2025-08-23 00:00:00+00:00,117050.0,117150.0,115670.0,115800.0,52.83533619
2025-08-23 04:00:00+00:00,115760.0,116160.0,115760.0,115930.0,15.68784281
2025-08-23 08:00:00+00:00,115970.0,116000.0,115440.0,115450.0,6.88264158
2025-08-23 12:00:00+00:00,115450.0,115650.0,114790.0,115010.0,72.29832453
2025-08-23 16:00:00+00:00,115020.0,115370.0,114850.0,115320.0,11.1024944
2025-08-23 20:00:00+00:00,115330.0,115570.0,115210.0,115570.0,2.42507093
2025-08-24 00:00:00+00:00,115530.0,115810.0,115130.0,115250.0,14.79249366
2025-08-24 04:00:00+00:00,115240.0,115460.0,115060.0,115110.0,8.31311295
2025-08-24 08:00:00+00:00,115120.0,115220.0,114830.0,114950.0,22.00621917
2025-08-24 12:00:00+00:00,114950.0,115050.0,114580.0,114600.0,75.67068699
2025-08-24 16:00:00+00:00,114610.0,115000.0,111200.0,112770.0,263.45874676
2025-08-24 20:00:00+00:00,112770.0,113890.0,111860.0,113700.0,81.49296002
2025-08-25 00:00:00+00:00,113730.0,113880.0,112410.0,113150.0,67.49903776
2025-08-25 04:00:00+00:00,113170.0,113270.0,111520.0,111700.0,102.85660012
2025-08-25 08:00:00+00:00,111690.0,112000.0,111170.0,111440.0,103.83669884
2025-08-25 12:00:00+00:00,111440.0,112760.0,110910.0,112400.0,162.60684212
2025-08-25 16:00:00+00:00,112410.0,113170.0,110940.0,110940.0,118.17200039
2025-08-25 20:00:00+00:00,110950.0,111310.0,109550.0,110360.0,365.35083092
2025-08-26 00:00:00+00:00,110370.0,110390.0,108910.0,110080.0,105.80133396
2025-08-26 04:00:00+00:00,110090.0,110720.0,109910.0,110500.0,77.5867267
2025-08-26 08:00:00+00:00,110470.0,110630.0,109800.0,110070.0,97.16260563
2025-08-26 12:00:00+00:00,110080.0,110980.0,109640.0,109900.0,116.76112425
2025-08-26 16:00:00+00:00,109950.0,111400.0,109690.0,111330.0,88.16160406
2025-08-26 20:00:00+00:00,111350.0,112570.0,111180.0,112000.0,55.19668331
2025-08-27 00:00:00+00:00,112010.0,112010.0,111150.0,111640.0,74.36184607
2025-08-27 04:00:00+00:00,111640.0,111920.0,110860.0,110900.0,66.61421677
2025-08-27 08:00:00+00:00,110950.0,111600.0,110600.0,111570.0,71.92578575
2025-08-27 12:00:00+00:00,111560.0,112850.0,111270.0,112250.0,90.83393995
2025-08-27 16:00:00+00:00,112240.0,112780.0,111780.0,112250.0,19.57786351
2025-08-27 20:00:00+00:00,112270.0,112630.0,111140.0,111470.0,76.03171961
2025-08-28 00:00:00+00:00,111450.0,112230.0,111120.0,112220.0,70.78849843
2025-08-28 04:00:00+00:00,112220.0,113500.0,112180.0,113250.0,29.22032667
2025-08-28 08:00:00+00:00,113320.0,113500.0,112990.0,113070.0,43.4040374
2025-08-28 12:00:00+00:00,113080.0,113630.0,112590.0,112850.0,37.92292841
2025-08-28 16:00:00+00:00,112860.0,113310.0,112110.0,112110.0,30.70128193
2025-08-28 20:00:00+00:00,112110.0,112740.0,112050.0,112740.0,41.65848699
2025-08-29 00:00:00+00:00,112740.0,112790.0,111520.0,111910.0,127.58598077
2025-08-29 04:00:00+00:00,111910.0,112040.0,110130.0,110200.0,84.93941768
2025-08-29 08:00:00+00:00,110230.0,110500.0,109640.0,110320.0,106.23073755
2025-08-29 12:00:00+00:00,110320.0,111710.0,108330.0,108620.0,144.48116521
2025-08-29 16:00:00+00:00,108620.0,109060.0,108160.0,108410.0,76.41337531
2025-08-29 20:00:00+00:00,108400.0,108740.0,107650.0,108530.0,90.41749686
2025-08-30 00:00:00+00:00,108550.0,108610.0,107540.0,108610.0,72.57686027
2025-08-30 04:00:00+00:00,108610.0,108840.0,108300.0,108700.0,54.32221649
2025-08-30 08:00:00+00:00,108700.0,108950.0,108600.0,108900.0,55.67788984
2025-08-30 12:00:00+00:00,108870.0,109120.0,108440.0,109060.0,130.80847601
2025-08-30 16:00:00+00:00,109080.0,109110.0,108860.0,109040.0,47.35913646
2025-08-30 20:00:00+00:00,109050.0,109050.0,108700.0,109000.0,145.90893865
2025-08-31 00:00:00+00:00,109000.0,109680.0,108890.0,109390.0,85.3549848
2025-08-31 04:00:00+00:00,109380.0,109380.0,108750.0,108910.0,54.59036372
2025-08-31 08:00:00+00:00,108920.0,109300.0,108500.0,108560.0,71.25007304
2025-08-31 12:00:00+00:00,108530.0,109020.0,108380.0,109010.0,70.33175033
2025-08-31 16:00:00+00:00,109010.0,109400.0,108780.0,109130.0,63.33002345
2025-08-31 20:00:00+00:00,109130.0,109400.0,108240.0,108420.0,43.90464035
2025-09-01 00:00:00+00:00,108430.0,108590.0,107550.0,107800.0,132.09399491
2025-09-01 04:00:00+00:00,107790.0,109550.0,107370.0,109550.0,29.91220505
2025-09-01 08:00:00+00:00,109560.0,110010.0,108340.0,108930.0,117.97482845
2025-09-01 12:00:00+00:00,108930.0,109660.0,108770.0,108920.0,57.93123074
2025-09-01 16:00:00+00:00,108920.0,109510.0,108610.0,109410.0,51.0765165
2025-09-01 20:00:00+00:00,109410.0,109580.0,107680.0,109410.0,83.93317707
2025-09-02 00:00:00+00:00,109420.0,110760.0,109100.0,110510.0,119.00608256
2025-09-02 04:00:00+00:00,110510.0,110800.0,110210.0,110400.0,56.34499716
2025-09-02 08:00:00+00:00,110400.0,110990.0,109810.0,109890.0,61.43171757
2025-09-02 12:00:00+00:00,109920.0,111930.0,108630.0,110980.0,111.16506755
2025-09-02 16:00:00+00:00,110980.0,111270.0,110390.0,110960.0,68.73113138
2025-09-02 20:00:00+00:00,110940.0,111720.0,110940.0,111360.0,11.84451444
2025-09-03 00:00:00+00:00,111370.0,111890.0,111110.0,111280.0,18.45848327
2025-09-03 04:00:00+00:00,111210.0,111320.0,110750.0,111260.0,5.6713836
2025-09-03 08:00:00+00:00,111280.0,111810.0,111090.0,111650.0,13.50347438
2025-09-03 12:00:00+00:00,111640.0,112660.0,111270.0,112430.0,44.62566357
2025-09-03 16:00:00+00:00,112440.0,112720.0,111880.0,112380.0,15.57737352
2025-09-03 20:00:00+00:00,112330.0,112410.0,111790.0,111890.0,7.7137607500000005
2025-09-04 00:00:00+00:00,111900.0,112330.0,111310.0,111350.0,5.7977273700000005
2025-09-04 04:00:00+00:00,111320.0,111470.0,110500.0,110690.0,28.88211932
2025-09-04 08:00:00+00:00,110640.0,111280.0,110620.0,111040.0,7.17087843
2025-09-04 12:00:00+00:00,111010.0,111240.0,109510.0,109720.0,82.49795373
2025-09-04 16:00:00+00:00,109710.0,110400.0,109560.0,110030.0,52.95987711
2025-09-04 20:00:00+00:00,110030.0,111910.0,110020.0,110910.0,28.11410923
2025-09-05 00:00:00+00:00,110910.0,111640.0,110650.0,111450.0,12.36129478
2025-09-05 04:00:00+00:00,111470.0,113130.0,111350.0,113120.0,47.06830072
2025-09-05 08:00:00+00:00,113120.0,113120.0,112310.0,112520.0,34.74062657
2025-09-05 12:00:00+00:00,112520.0,113520.0,110450.0,110870.0,89.78919411
2025-09-05 16:00:00+00:00,110870.0,111740.0,110410.0,111730.0,23.97365196
2025-09-05 20:00:00+00:00,111740.0,111830.0,110550.0,110640.0,76.80985277
2025-09-06 00:00:00+00:00,110620.0,111190.0,110520.0,111020.0,68.74786934
2025-09-06 04:00:00+00:00,111020.0,111020.0,110670.0,110730.0,53.73161586
2025-09-06 08:00:00+00:00,110720.0,110910.0,110660.0,110740.0,85.32443915
2025-09-06 12:00:00+00:00,110720.0,110990.0,110550.0,110550.0,155.09385338
2025-09-06 16:00:00+00:00,110550.0,110560.0,110250.0,110270.0,352.70917068
2025-09-06 20:00:00+00:00,110270.0,110340.0,110220.0,110270.0,154.33923176
2025-09-07 00:00:00+00:00,110240.0,110790.0,110230.0,110710.0,51.65823727
2025-09-07 04:00:00+00:00,110710.0,111020.0,110600.0,110870.0,51.02705427
2025-09-07 08:00:00+00:00,110880.0,111440.0,110870.0,111210.0,41.47213486
2025-09-07 12:00:00+00:00,111200.0,111370.0,111060.0,111310.0,24.24017037
2025-09-07 16:00:00+00:00,111320.0,111350.0,110950.0,111300.0,32.5073795
2025-09-07 20:00:00+00:00,111310.0,111610.0,111100.0,111220.0,11.27578466
2025-09-08 00:00:00+00:00,111220.0,111410.0,110740.0,111160.0,54.39851163
2025-09-08 04:00:00+00:00,111160.0,111680.0,111010.0,111360.0,38.2351445
2025-09-08 08:00:00+00:00,111400.0,112270.0,111360.0,112130.0,15.43133259
2025-09-08 12:00:00+00:00,112140.0,112840.0,111880.0,112550.0,45.4202623
2025-09-08 16:00:00+00:00,112580.0,112580.0,111950.0,112050.0,9.78905503
2025-09-08 20:00:00+00:00,112090.0,112440.0,111900.0,112050.0,6.35674291
2025-09-09 00:00:00+00:00,112060.0,112060.0,111110.0,111700.0,13.60501501
2025-09-09 04:00:00+00:00,111670.0,113200.0,111640.0,112940.0,23.17608886
2025-09-09 08:00:00+00:00,112960.0,113090.0,112330.0,112330.0,13.01852428
2025-09-09 12:00:00+00:00,112340.0,112850.0,110740.0,110870.0,52.58157104
2025-09-09 16:00:00+00:00,110860.0,111370.0,110780.0,111350.0,47.959773320000004
2025-09-09 20:00:00+00:00,111320.0,111700.0,111130.0,111540.0,12.48798882
2025-09-10 00:00:00+00:00,111530.0,111730.0,111170.0,111700.0,277.50582817000003
2025-09-10 04:00:00+00:00,111720.0,112710.0,111600.0,112680.0,23.69108756
2025-09-10 08:00:00+00:00,112720.0,112950.0,112230.0,112380.0,22.34630631
2025-09-10 12:00:00+00:00,112390.0,114290.0,112390.0,113850.0,84.94119493
2025-09-10 16:00:00+00:00,113840.0,114070.0,113190.0,113620.0,21.12576791
2025-09-10 20:00:00+00:00,113620.0,113940.0,113590.0,113900.0,10.25751019
2025-09-11 00:00:00+00:00,113900.0,114360.0,113640.0,114360.0,14.52650831
2025-09-11 04:00:00+00:00,114350.0,114400.0,113960.0,114050.0,22.31761774
2025-09-11 08:00:00+00:00,114070.0,114150.0,113790.0,113970.0,12.63571741
2025-09-11 12:00:00+00:00,113970.0,114720.0,113420.0,114180.0,122.9360849
2025-09-11 16:00:00+00:00,114200.0,114550.0,114070.0,114400.0,15.97407773
2025-09-11 20:00:00+00:00,114380.0,115400.0,114180.0,115400.0,13.87080078
2025-09-12 00:00:00+00:00,115400.0,116170.0,115030.0,115140.0,47.87314867
2025-09-12 04:00:00+00:00,115140.0,115590.0,115040.0,115100.0,10.09561409
2025-09-12 08:00:00+00:00,115100.0,115210.0,114830.0,114830.0,18.58509284
2025-09-12 12:00:00+00:00,114840.0,115400.0,114690.0,115060.0,17.46394916
2025-09-12 16:00:00+00:00,115090.0,116610.0,115030.0,116610.0,46.63506053
2025-09-12 20:00:00+00:00,116610.0,116610.0,115730.0,116030.0,12.83169403
2025-09-13 00:00:00+00:00,116010.0,116200.0,115570.0,115850.0,17.72621759
2025-09-13 04:00:00+00:00,115850.0,115850.0,115590.0,115720.0,16.600885390000002
2025-09-13 08:00:00+00:00,115720.0,116090.0,115720.0,115940.0,8.93631982
2025-09-13 12:00:00+00:00,115940.0,115990.0,115590.0,115730.0,19.8536059
2025-09-13 16:00:00+00:00,115740.0,115750.0,115060.0,115740.0,28.1536848
2025-09-13 20:00:00+00:00,115730.0,115940.0,115730.0,115910.0,4.69743992
2025-09-14 00:00:00+00:00,115900.0,116030.0,115630.0,115640.0,3.7793242400000002
2025-09-14 04:00:00+00:00,115640.0,115880.0,115460.0,115790.0,2.77630943
2025-09-14 08:00:00+00:00,115790.0,116120.0,115730.0,115810.0,5.56957783
2025-09-14 12:00:00+00:00,115780.0,115820.0,115220.0,115240.0,7.52289908
2025-09-14 16:00:00+00:00,115240.0,115660.0,115230.0,115640.0,3.35584148
2025-09-14 20:00:00+00:00,115640.0,116130.0,115440.0,115530.0,332.97759314
2025-09-15 00:00:00+00:00,115510.0,115790.0,115110.0,115700.0,268.25542176
2025-09-15 04:00:00+00:00,115670.0,116970.0,115660.0,116070.0,43.56568657
2025-09-15 08:00:00+00:00,116030.0,116030.0,114890.0,115280.0,136.55109246
2025-09-15 12:00:00+00:00,115280.0,115280.0,114620.0,115060.0,15.80701599
2025-09-15 16:00:00+00:00,115030.0,115690.0,114880.0,115440.0,48.62686191
2025-09-15 20:00:00+00:00,115490.0,115750.0,115400.0,115580.0,13.71120065
2025-09-16 00:00:00+00:00,115560.0,115730.0,115230.0,115550.0,94.70826195
2025-09-16 04:00:00+00:00,115540.0,116150.0,115190.0,115980.0,9.78791783
2025-09-16 08:00:00+00:00,116030.0,116130.0,115420.0,115510.0,8.28870821
2025-09-16 12:00:00+00:00,115510.0,115990.0,114910.0,115990.0,40.92527966
2025-09-16 16:00:00+00:00,115990.0,117000.0,115700.0,116900.0,66.38259044
2025-09-16 20:00:00+00:00,116920.0,117120.0,116560.0,116840.0,42.88032446
2025-09-17 00:00:00+00:00,116870.0,117150.0,116510.0,116520.0,5.0276976
2025-09-17 04:00:00+00:00,116530.0,117360.0,116280.0,117290.0,14.71117642
2025-09-17 08:00:00+00:00,117280.0,117280.0,116350.0,116380.0,8.76187285
2025-09-17 12:00:00+00:00,116380.0,116610.0,115640.0,116010.0,50.12315148
2025-09-17 16:00:00+00:00,116010.0,116440.0,114880.0,115760.0,63.79169104
2025-09-17 20:00:00+00:00,115760.0,117060.0,115460.0,116500.0,31.50054638
2025-09-18 00:00:00+00:00,116480.0,117910.0,116210.0,117660.0,28.68033029
2025-09-18 04:00:00+00:00,117670.0,117850.0,116940.0,117120.0,74.97115783
2025-09-18 08:00:00+00:00,117080.0,117390.0,117070.0,117100.0,5.82608776
2025-09-18 12:00:00+00:00,117080.0,117860.0,117050.0,117600.0,31.32512862
2025-09-18 16:00:00+00:00,117640.0,118000.0,117230.0,117460.0,20.16221802
2025-09-18 20:00:00+00:00,117460.0,117650.0,116670.0,117090.0,15.81044755
2025-09-19 00:00:00+00:00,117080.0,117470.0,116990.0,117040.0,117.34173073
2025-09-19 04:00:00+00:00,117080.0,117160.0,116740.0,117010.0,15.04450333
2025-09-19 08:00:00+00:00,116990.0,117160.0,116390.0,116410.0,25.31568433
2025-09-19 12:00:00+00:00,116410.0,116550.0,115550.0,115950.0,84.54281803
2025-09-19 16:00:00+00:00,115950.0,116210.0,115390.0,115390.0,356.28349194
2025-09-19 20:00:00+00:00,115380.0,115880.0,115370.0,115830.0,7.0946032
2025-09-20 00:00:00+00:00,115840.0,115890.0,115620.0,115640.0,2.87980122
2025-09-20 04:00:00+00:00,115640.0,116140.0,115630.0,116140.0,1.05032427
2025-09-20 08:00:00+00:00,116140.0,116150.0,115850.0,116080.0,1.85019408
2025-09-20 12:00:00+00:00,116090.0,116300.0,116010.0,116170.0,5.06021906
2025-09-20 16:00:00+00:00,116180.0,116260.0,115910.0,115910.0,2.97194291
2025-09-20 20:00:00+00:00,115920.0,116100.0,115830.0,115840.0,7.6216415500000005
2025-09-21 00:00:00+00:00,115850.0,115880.0,115660.0,115840.0,4.43739816
2025-09-21 04:00:00+00:00,115840.0,115940.0,115690.0,115940.0,22.77374286
2025-09-21 08:00:00+00:00,115940.0,115970.0,115500.0,115820.0,5.79036531
2025-09-21 12:00:00+00:00,115820.0,115870.0,115680.0,115700.0,10.6774774
2025-09-21 16:00:00+00:00,115690.0,115850.0,115490.0,115670.0,114.02926867
2025-09-21 20:00:00+00:00,115680.0,115690.0,115440.0,115460.0,26.78645357
2025-09-22 00:00:00+00:00,115450.0,115550.0,114440.0,114840.0,335.01023263
2025-09-22 04:00:00+00:00,114850.0,114870.0,111760.0,112730.0,355.49486252
2025-09-22 08:00:00+00:00,112720.0,113160.0,112410.0,113090.0,48.92915534
2025-09-22 12:00:00+00:00,113090.0,113630.0,112700.0,113070.0,194.72032442
2025-09-22 16:00:00+00:00,113040.0,113070.0,112140.0,112350.0,251.40673132
2025-09-22 20:00:00+00:00,112330.0,113140.0,112220.0,112810.0,10.42981252
2025-09-23 00:00:00+00:00,112800.0,112980.0,111710.0,112470.0,147.49662402
2025-09-23 04:00:00+00:00,112500.0,113290.0,112080.0,113290.0,85.21675039
2025-09-23 08:00:00+00:00,113290.0,113460.0,112920.0,113190.0,32.74779918
2025-09-23 12:00:00+00:00,113220.0,113490.0,112750.0,113110.0,41.45735524
2025-09-23 16:00:00+00:00,113140.0,113160.0,111770.0,111840.0,133.44851867
2025-09-23 20:00:00+00:00,111840.0,112480.0,111710.0,112250.0,141.06437686
2025-09-24 00:00:00+00:00,112250.0,112740.0,111960.0,111960.0,95.96527166
2025-09-24 04:00:00+00:00,111960.0,113010.0,111250.0,112760.0,99.62091934
2025-09-24 08:00:00+00:00,112780.0,113330.0,112610.0,113220.0,30.45100274
2025-09-24 12:00:00+00:00,113220.0,114210.0,112960.0,113520.0,79.33245664
2025-09-24 16:00:00+00:00,113560.0,114140.0,113360.0,113650.0,29.37976235
2025-09-24 20:00:00+00:00,113650.0,113840.0,113460.0,113520.0,3.20280475
2025-09-25 00:00:00+00:00,113540.0,113710.0,112490.0,112770.0,96.07873643
2025-09-25 04:00:00+00:00,112770.0,112820.0,111750.0,112020.0,124.67506756
2025-09-25 08:00:00+00:00,112060.0,112490.0,111570.0,111580.0,137.99273271
2025-09-25 12:00:00+00:00,111580.0,111960.0,110890.0,111810.0,178.86494021
2025-09-25 16:00:00+00:00,111810.0,111930.0,108880.0,109570.0,325.43278194
2025-09-25 20:00:00+00:00,109570.0,109920.0,109000.0,109180.0,209.14147497
2025-09-26 00:00:00+00:00,109160.0,110020.0,109010.0,109820.0,220.27332793
2025-09-26 04:00:00+00:00,109810.0,109870.0,109150.0,109520.0,240.29560075
2025-09-26 08:00:00+00:00,109530.0,109910.0,108930.0,109430.0,197.33846503
2025-09-26 12:00:00+00:00,109400.0,109990.0,109040.0,109310.0,217.40343412
2025-09-26 16:00:00+00:00,109300.0,110520.0,109280.0,109450.0,305.66576547
2025-09-26 20:00:00+00:00,109420.0,109960.0,109380.0,109930.0,131.8243627
2025-09-27 00:00:00+00:00,109930.0,110010.0,109610.0,109830.0,130.96668286
2025-09-27 04:00:00+00:00,109830.0,109950.0,109640.0,109710.0,198.08661844
2025-09-27 08:00:00+00:00,109700.0,109750.0,109390.0,109610.0,137.46848605
2025-09-27 12:00:00+00:00,109620.0,109770.0,109500.0,109670.0,129.53158319
2025-09-27 16:00:00+00:00,109670.0,109700.0,109520.0,109690.0,132.23196212
2025-09-27 20:00:00+00:00,109690.0,109980.0,109640.0,109940.0,141.15110396
2025-09-28 00:00:00+00:00,109950.0,110080.0,109640.0,109740.0,118.46076171
2025-09-28 04:00:00+00:00,109740.0,109830.0,109560.0,109800.0,133.09024796
2025-09-28 08:00:00+00:00,109800.0,109880.0,109570.0,109680.0,129.78261912
2025-09-28 12:00:00+00:00,109700.0,110320.0,109500.0,110320.0,168.07544792
2025-09-28 16:00:00+00:00,110330.0,110670.0,110330.0,110630.0,143.48080932
2025-09-28 20:00:00+00:00,110650.0,112620.0,110620.0,112370.0,237.59363451
2025-09-29 00:00:00+00:00,112420.0,112550.0,111860.0,112070.0,37.16197603
2025-09-29 04:00:00+00:00,112080.0,112150.0,111850.0,112080.0,49.43771725
2025-09-29 08:00:00+00:00,112080.0,112670.0,112080.0,112330.0,23.61333438
2025-09-29 12:00:00+00:00,112340.0,114450.0,112190.0,114100.0,254.01193044000001
2025-09-29 16:00:00+00:00,114110.0,114620.0,113730.0,114610.0,62.11612058
2025-09-29 20:00:00+00:00,114560.0,114640.0,114270.0,114580.0,24.62311175
2025-09-30 00:00:00+00:00,114580.0,114990.0,114320.0,114600.0,34.62943687
2025-09-30 04:00:00+00:00,114620.0,114620.0,113870.0,113980.0,16.90564765
2025-09-30 08:00:00+00:00,113930.0,113980.0,112940.0,113330.0,47.52665948
2025-09-30 12:00:00+00:00,113310.0,113850.0,113050.0,113260.0,66.26388816
2025-09-30 16:00:00+00:00,113260.0,114580.0,112880.0,114360.0,175.44862415
2025-09-30 20:00:00+00:00,114380.0,114750.0,113770.0,114020.0,157.83911302
2025-10-01 00:00:00+00:00,114030.0,114530.0,113950.0,114160.0,159.78819573
2025-10-01 04:00:00+00:00,114160.0,114700.0,114150.0,114620.0,103.5382346
2025-10-01 08:00:00+00:00,114600.0,116780.0,114540.0,116780.0,137.56146201
2025-10-01 12:00:00+00:00,116790.0,117710.0,116390.0,117480.0,45.56509288
2025-10-01 16:00:00+00:00,117510.0,118260.0,116850.0,117480.0,117.96567936
2025-10-01 20:00:00+00:00,117500.0,118810.0,117260.0,118630.0,279.39807681
2025-10-02 00:00:00+00:00,118730.0,119530.0,118500.0,118810.0,101.0578699
2025-10-02 04:00:00+00:00,118810.0,118970.0,118390.0,118540.0,39.26726532
2025-10-02 08:00:00+00:00,118560.0,118940.0,118400.0,118810.0,82.34634711
2025-10-02 12:00:00+00:00,118810.0,120000.0,118620.0,119980.0,167.53186299
2025-10-02 16:00:00+00:00,119970.0,121090.0,119450.0,120890.0,127.50193277
2025-10-02 20:00:00+00:00,120880.0,120950.0,120130.0,120570.0,66.35156402
2025-10-03 00:00:00+00:00,120530.0,120560.0,119880.0,120270.0,66.28446497
2025-10-03 04:00:00+00:00,120280.0,120340.0,119730.0,119740.0,48.0072337
2025-10-03 08:00:00+00:00,119750.0,120590.0,119340.0,120430.0,110.61388127
2025-10-03 12:00:00+00:00,120440.0,122400.0,120000.0,122390.0,185.04348866
2025-10-03 16:00:00+00:00,122400.0,123890.0,121560.0,122600.0,274.26813271
2025-10-03 20:00:00+00:00,122650.0,122690.0,122000.0,122160.0,48.89750319
2025-10-04 00:00:00+00:00,122180.0,122260.0,121650.0,122190.0,48.52413609
2025-10-04 04:00:00+00:00,122220.0,122760.0,122200.0,122320.0,60.56150399
2025-10-04 08:00:00+00:00,122310.0,122520.0,121980.0,122000.0,43.60145048
2025-10-04 12:00:00+00:00,121990.0,122470.0,121720.0,121780.0,59.18351044
2025-10-04 16:00:00+00:00,121790.0,121950.0,121560.0,121930.0,16.32699112
2025-10-04 20:00:00+00:00,121930.0,122380.0,121890.0,122360.0,29.31541747
2025-10-05 00:00:00+00:00,122360.0,124280.0,122130.0,123870.0,182.70860918
2025-10-05 04:00:00+00:00,123830.0,125710.0,123830.0,124670.0,262.84865451
2025-10-05 08:00:00+00:00,124680.0,124780.0,122570.0,123500.0,214.78216209
2025-10-05 12:00:00+00:00,123500.0,123500.0,122720.0,122860.0,56.77507437
2025-10-05 16:00:00+00:00,122860.0,123490.0,122340.0,122600.0,109.87706873
2025-10-05 20:00:00+00:00,122610.0,123500.0,122550.0,123480.0,83.44996823
2025-10-06 00:00:00+00:00,123490.0,124380.0,123170.0,123790.0,282.14148412
2025-10-06 04:00:00+00:00,123790.0,124090.0,123280.0,123420.0,60.76669735
2025-10-06 08:00:00+00:00,123390.0,124500.0,123390.0,124230.0,82.52621621
2025-10-06 12:00:00+00:00,124240.0,125390.0,124190.0,124990.0,124.32094197
2025-10-06 16:00:00+00:00,124990.0,126110.0,124760.0,125370.0,239.44138107
2025-10-06 20:00:00+00:00,125390.0,125490.0,124540.0,124680.0,88.67086489
2025-10-07 00:00:00+00:00,124680.0,125030.0,124100.0,124280.0,79.08342445
2025-10-07 04:00:00+00:00,124290.0,124620.0,123630.0,123700.0,62.879123390000004
2025-10-07 08:00:00+00:00,123680.0,124500.0,123410.0,124440.0,103.47914423
2025-10-07 12:00:00+00:00,124440.0,125070.0,121090.0,121850.0,162.24979571
2025-10-07 16:00:00+00:00,121840.0,122110.0,120660.0,121710.0,190.81950893
2025-10-07 20:00:00+00:00,121710.0,122340.0,121390.0,121450.0,48.22859943
2025-10-08 00:00:00+00:00,121440.0,122330.0,121390.0,121550.0,48.75645227
2025-10-08 04:00:00+00:00,121540.0,122070.0,121270.0,121740.0,58.34184918
2025-10-08 08:00:00+00:00,121740.0,123250.0,121730.0,122990.0,48.31303923
2025-10-08 12:00:00+00:00,123040.0,123410.0,121810.0,122250.0,64.35207474
2025-10-08 16:00:00+00:00,122250.0,124220.0,122220.0,123510.0,90.8733416
2025-10-08 20:00:00+00:00,123510.0,123700.0,122960.0,123410.0,118.42172949
2025-10-09 00:00:00+00:00,123410.0,123410.0,121610.0,122100.0,49.00996039
2025-10-09 04:00:00+00:00,122100.0,122300.0,121860.0,122010.0,15.65230679
2025-10-09 08:00:00+00:00,122000.0,122860.0,121230.0,122830.0,104.47172752
2025-10-09 12:00:00+00:00,122830.0,123760.0,120760.0,121190.0,129.01015006
2025-10-09 16:00:00+00:00,121170.0,121500.0,119600.0,120990.0,190.80323545
2025-10-09 20:00:00+00:00,120980.0,121850.0,120900.0,121760.0,67.7991312
2025-10-10 00:00:00+00:00,121760.0,121970.0,121000.0,121180.0,56.51354993
2025-10-10 04:00:00+00:00,121190.0,121850.0,121050.0,121050.0,40.69501934
2025-10-10 08:00:00+00:00,121100.0,121960.0,121090.0,121760.0,44.7432229
2025-10-10 12:00:00+00:00,121770.0,122670.0,118770.0,119240.0,301.11696119
2025-10-10 16:00:00+00:00,119230.0,119660.0,116270.0,116870.0,359.42635718
2025-10-10 20:00:00+00:00,116880.0,117400.0,103310.0,113080.0,1681.59786252
2025-10-11 00:00:00+00:00,113020.0,113720.0,111510.0,112620.0,556.24960187
2025-10-11 04:00:00+00:00,112620.0,113300.0,110500.0,110660.0,199.88979821
2025-10-11 08:00:00+00:00,110730.0,112590.0,110500.0,112520.0,204.91034045
2025-10-11 12:00:00+00:00,112490.0,112760.0,112100.0,112100.0,94.27077613
2025-10-11 16:00:00+00:00,112110.0,112420.0,111110.0,111380.0,121.20060707
2025-10-11 20:00:00+00:00,111410.0,111570.0,109830.0,110980.0,207.12321135
2025-10-12 00:00:00+00:00,110990.0,111500.0,109910.0,110950.0,158.40303598
2025-10-12 04:00:00+00:00,110950.0,112380.0,110920.0,111790.0,150.28181438
2025-10-12 08:00:00+00:00,111810.0,112300.0,111420.0,112090.0,128.7402691
2025-10-12 12:00:00+00:00,112070.0,113930.0,111440.0,113440.0,270.57936948
2025-10-12 16:00:00+00:00,113450.0,114880.0,113450.0,114570.0,332.5335148
2025-10-12 20:00:00+00:00,114560.0,116000.0,114520.0,115230.0,153.01474765
2025-10-13 00:00:00+00:00,115200.0,116130.0,114900.0,115070.0,62.39550101
2025-10-13 04:00:00+00:00,115090.0,115780.0,114660.0,115590.0,33.51874118
2025-10-13 08:00:00+00:00,115590.0,115620.0,113890.0,114390.0,258.08939015
2025-10-13 12:00:00+00:00,114380.0,115590.0,113960.0,114460.0,245.76239854
2025-10-13 16:00:00+00:00,114410.0,116050.0,114360.0,115970.0,274.86552842
2025-10-13 20:00:00+00:00,115940.0,116060.0,115290.0,115390.0,232.89405915
2025-10-14 00:00:00+00:00,115390.0,115630.0,113580.0,113760.0,452.47850591
2025-10-14 04:00:00+00:00,113770.0,113870.0,111640.0,111920.0,406.0376113
2025-10-14 08:00:00+00:00,111920.0,112360.0,110250.0,111560.0,172.50455345
2025-10-14 12:00:00+00:00,111550.0,113100.0,110160.0,113100.0,357.91762878
2025-10-14 16:00:00+00:00,113120.0,113740.0,112000.0,112870.0,896.93859057
2025-10-14 20:00:00+00:00,112880.0,113790.0,112520.0,113260.0,128.75151281
2025-10-15 00:00:00+00:00,113260.0,113830.0,112110.0,112290.0,211.85560683
2025-10-15 04:00:00+00:00,112300.0,112930.0,112000.0,112860.0,91.62503737
2025-10-15 08:00:00+00:00,112840.0,113700.0,112000.0,112160.0,167.64141812
2025-10-15 12:00:00+00:00,112150.0,112390.0,110590.0,111010.0,259.51204273
2025-10-15 16:00:00+00:00,111000.0,111750.0,110410.0,111540.0,130.51404314
2025-10-15 20:00:00+00:00,111500.0,111770.0,110710.0,110920.0,147.1009266
2025-10-16 00:00:00+00:00,110950.0,112000.0,110540.0,111510.0,139.9962983
2025-10-16 04:00:00+00:00,111530.0,111960.0,110760.0,110790.0,158.94954252
2025-10-16 08:00:00+00:00,110790.0,111860.0,109840.0,111620.0,280.98657342
2025-10-16 12:00:00+00:00,111620.0,112150.0,108600.0,108820.0,433.54009688
2025-10-16 16:00:00+00:00,108800.0,109460.0,107780.0,108400.0,430.42017893
2025-10-16 20:00:00+00:00,108410.0,108710.0,107700.0,108420.0,227.56088532
2025-10-17 00:00:00+00:00,108380.0,109480.0,108180.0,109420.0,122.18589938
2025-10-17 04:00:00+00:00,109420.0,109480.0,105780.0,105810.0,278.40166045
2025-10-17 08:00:00+00:00,105850.0,106760.0,103790.0,105910.0,393.563275
2025-10-17 12:00:00+00:00,105890.0,107000.0,104770.0,107000.0,294.19573716
2025-10-17 16:00:00+00:00,106990.0,107700.0,106310.0,106710.0,429.37552229
2025-10-17 20:00:00+00:00,106710.0,107690.0,106570.0,106700.0,232.77610477
2025-10-18 00:00:00+00:00,106700.0,107500.0,106660.0,107310.0,173.0530806
2025-10-18 04:00:00+00:00,107320.0,107720.0,106690.0,106930.0,116.36062702
2025-10-18 08:00:00+00:00,106930.0,107470.0,106870.0,107470.0,123.36390703000001
2025-10-18 12:00:00+00:00,107460.0,107500.0,107030.0,107200.0,78.15934295
2025-10-18 16:00:00+00:00,107200.0,107300.0,106750.0,107290.0,74.79263512
2025-10-18 20:00:00+00:00,107300.0,107560.0,107070.0,107440.0,97.75098339
2025-10-19 00:00:00+00:00,107410.0,107600.0,107020.0,107500.0,77.48735567
2025-10-19 04:00:00+00:00,107510.0,107530.0,106810.0,107020.0,98.6466278
2025-10-19 08:00:00+00:00,107010.0,108430.0,106370.0,107980.0,267.44233002
2025-10-19 12:00:00+00:00,108000.0,108860.0,107580.0,108640.0,158.0882406
2025-10-19 16:00:00+00:00,108640.0,109680.0,108450.0,109130.0,146.47530943
2025-10-19 20:00:00+00:00,109140.0,109500.0,108700.0,108840.0,212.84428582
2025-10-20 00:00:00+00:00,108840.0,110550.0,107680.0,110360.0,185.90120038
2025-10-20 04:00:00+00:00,110400.0,111570.0,110200.0,111360.0,140.63245257
2025-10-20 08:00:00+00:00,111320.0,111770.0,110820.0,111190.0,122.85909666
2025-10-20 12:00:00+00:00,111200.0,111870.0,110810.0,111380.0,159.1666723
2025-10-20 16:00:00+00:00,111380.0,111490.0,110110.0,111010.0,161.33836908
2025-10-20 20:00:00+00:00,111020.0,111470.0,110630.0,110760.0,95.39573626
2025-10-21 00:00:00+00:00,110760.0,110780.0,109280.0,109310.0,192.26039372
2025-10-21 04:00:00+00:00,109280.0,109280.0,107710.0,108310.0,186.46535842
2025-10-21 08:00:00+00:00,108320.0,109000.0,107700.0,108810.0,114.26571885
2025-10-21 12:00:00+00:00,108830.0,113700.0,108120.0,113570.0,444.01772626
2025-10-21 16:00:00+00:00,113590.0,114150.0,111560.0,112020.0,171.54925078
2025-10-21 20:00:00+00:00,112010.0,112010.0,108280.0,108540.0,267.1610596
2025-10-22 00:00:00+00:00,108530.0,108900.0,108020.0,108430.0,171.7057186
2025-10-22 04:00:00+00:00,108440.0,108860.0,107820.0,108500.0,144.73631555
2025-10-22 08:00:00+00:00,108490.0,108550.0,106930.0,107770.0,188.78850263
2025-10-22 12:00:00+00:00,107720.0,109140.0,107500.0,108350.0,404.72040534
2025-10-22 16:00:00+00:00,108390.0,108740.0,107500.0,107840.0,248.86717384
2025-10-22 20:00:00+00:00,107860.0,108020.0,106760.0,107720.0,192.64339898
2025-10-23 00:00:00+00:00,107670.0,108830.0,107570.0,108470.0,74.04851882
2025-10-23 04:00:00+00:00,108490.0,110320.0,108480.0,109330.0,145.44850808
2025-10-23 08:00:00+00:00,109330.0,109870.0,109130.0,109250.0,74.85897657
2025-10-23 12:00:00+00:00,109250.0,110130.0,108750.0,109940.0,144.3958502
2025-10-23 16:00:00+00:00,109940.0,111270.0,109700.0,110320.0,223.28076528
2025-10-23 20:00:00+00:00,110300.0,110300.0,109440.0,110210.0,96.65917898000001
2025-10-24 00:00:00+00:00,110160.0,110910.0,110110.0,110610.0,66.56687788
2025-10-24 04:00:00+00:00,110570.0,111460.0,110500.0,111090.0,236.58613784
2025-10-24 08:00:00+00:00,111080.0,111470.0,110610.0,111070.0,55.70113864
2025-10-24 12:00:00+00:00,111100.0,112000.0,109780.0,110140.0,205.31005924000002
2025-10-24 16:00:00+00:00,110140.0,111000.0,109910.0,110690.0,79.00797958
2025-10-24 20:00:00+00:00,110720.0,111210.0,110610.0,111160.0,82.79633969
2025-10-25 00:00:00+00:00,111120.0,111300.0,110810.0,111140.0,34.67490495
2025-10-25 04:00:00+00:00,111140.0,111810.0,111140.0,111560.0,43.75658045
2025-10-25 08:00:00+00:00,111560.0,111850.0,111460.0,111650.0,11.30869552
2025-10-25 12:00:00+00:00,111650.0,111960.0,111380.0,111390.0,38.62780162
2025-10-25 16:00:00+00:00,111420.0,111740.0,111220.0,111610.0,15.00584559
2025-10-25 20:00:00+00:00,111650.0,111680.0,111380.0,111650.0,2.10419836
2025-10-26 00:00:00+00:00,111620.0,111860.0,111260.0,111270.0,10.78886215
2025-10-26 04:00:00+00:00,111270.0,111720.0,111270.0,111710.0,14.84465892
2025-10-26 08:00:00+00:00,111720.0,113340.0,111720.0,113230.0,153.68789628
2025-10-26 12:00:00+00:00,113260.0,113950.0,113260.0,113660.0,67.53291784
2025-10-26 16:00:00+00:00,113660.0,113730.0,113300.0,113560.0,21.86750294
2025-10-26 20:00:00+00:00,113560.0,115390.0,113000.0,114500.0,183.82826017
2025-10-27 00:00:00+00:00,114520.0,115430.0,114380.0,114950.0,39.20608942
2025-10-27 04:00:00+00:00,114950.0,116500.0,114950.0,115580.0,102.24327713
2025-10-27 08:00:00+00:00,115550.0,115590.0,114820.0,115420.0,96.50085941
2025-10-27 12:00:00+00:00,115340.0,115360.0,114500.0,114980.0,48.61000392
2025-10-27 16:00:00+00:00,115010.0,115750.0,114800.0,114900.0,38.2090019
2025-10-27 20:00:00+00:00,114890.0,114890.0,113800.0,114150.0,48.49416372
2025-10-28 00:00:00+00:00,114120.0,114500.0,113620.0,113910.0,36.10506251
2025-10-28 04:00:00+00:00,113890.0,114330.0,113500.0,114220.0,9.33675781
2025-10-28 08:00:00+00:00,114230.0,114620.0,114150.0,114330.0,19.99373137
2025-10-28 12:00:00+00:00,114330.0,116000.0,114110.0,114710.0,154.12638611
2025-10-28 16:00:00+00:00,114600.0,115500.0,113590.0,113720.0,83.87990124
2025-10-28 20:00:00+00:00,113670.0,113670.0,112300.0,113000.0,248.91479471
2025-10-29 00:00:00+00:00,112980.0,113000.0,112210.0,112630.0,113.19124617
2025-10-29 04:00:00+00:00,112630.0,113690.0,112630.0,113690.0,101.43884131
2025-10-29 08:00:00+00:00,113700.0,113740.0,112890.0,113300.0,64.30875354
2025-10-29 12:00:00+00:00,113320.0,113770.0,111590.0,111690.0,228.92081023
2025-10-29 16:00:00+00:00,111680.0,112130.0,109370.0,110790.0,368.44848838
2025-10-29 20:00:00+00:00,110840.0,111990.0,110000.0,110260.0,180.21980506
2025-10-30 00:00:00+00:00,110250.0,111220.0,110000.0,110960.0,112.23941656
2025-10-30 04:00:00+00:00,110970.0,111720.0,108160.0,111550.0,403.00129594
2025-10-30 08:00:00+00:00,111550.0,111600.0,109930.0,109930.0,287.3269323
2025-10-30 12:00:00+00:00,109930.0,109990.0,107420.0,107810.0,780.70940795
2025-10-30 16:00:00+00:00,107820.0,108300.0,106510.0,106720.0,256.65169166
2025-10-30 20:00:00+00:00,106710.0,108500.0,106510.0,108500.0,184.78992851
2025-10-31 00:00:00+00:00,108490.0,110170.0,108480.0,109450.0,267.31102281
2025-10-31 04:00:00+00:00,109450.0,110360.0,109350.0,109630.0,122.81400446
2025-10-31 08:00:00+00:00,109620.0,110670.0,109390.0,110600.0,114.71482266
2025-10-31 12:00:00+00:00,110590.0,111270.0,109590.0,110380.0,219.07560332
2025-10-31 16:00:00+00:00,110360.0,110440.0,108850.0,109980.0,236.4437648
2025-10-31 20:00:00+00:00,109990.0,110010.0,109540.0,109820.0,66.11260837
2025-11-01 00:00:00+00:00,109820.0,110500.0,109600.0,110440.0,69.33685442
2025-11-01 04:00:00+00:00,110470.0,110750.0,110170.0,110300.0,98.89031487
2025-11-01 08:00:00+00:00,110300.0,110500.0,110000.0,110120.0,118.0309846
2025-11-01 12:00:00+00:00,110130.0,110360.0,109740.0,110330.0,165.0377158
2025-11-01 16:00:00+00:00,110350.0,110590.0,110310.0,110480.0,78.214448
2025-11-01 20:00:00+00:00,110480.0,110660.0,110060.0,110290.0,9.63122929
2025-11-02 00:00:00+00:00,110270.0,110380.0,110100.0,110220.0,3.63532993
2025-11-02 04:00:00+00:00,110230.0,111150.0,110230.0,111060.0,63.99280356
2025-11-02 08:00:00+00:00,111060.0,111420.0,110530.0,111300.0,43.34712935
2025-11-02 12:00:00+00:00,111300.0,111360.0,110280.0,110280.0,35.72198439
2025-11-02 16:00:00+00:00,110280.0,110460.0,110000.0,110290.0,44.28225065
2025-11-02 20:00:00+00:00,110280.0,110840.0,109650.0,110710.0,45.24872133
2025-11-03 00:00:00+00:00,110670.0,110850.0,108140.0,108190.0,359.43656768
2025-11-03 04:00:00+00:00,108180.0,108250.0,107250.0,107540.0,243.17716037
2025-11-03 08:00:00+00:00,107530.0,108040.0,107000.0,107960.0,131.23511509
2025-11-03 12:00:00+00:00,107950.0,108510.0,105460.0,105900.0,639.71923643
2025-11-03 16:00:00+00:00,105890.0,107820.0,105500.0,107200.0,325.94875012
2025-11-03 20:00:00+00:00,107220.0,107300.0,106000.0,106760.0,192.91902198
2025-11-04 00:00:00+00:00,106770.0,107420.0,106030.0,107340.0,145.82919333
2025-11-04 04:00:00+00:00,107340.0,107460.0,104430.0,104660.0,472.45077454
2025-11-04 08:00:00+00:00,104650.0,104730.0,103500.0,104650.0,386.491327
2025-11-04 12:00:00+00:00,104650.0,104850.0,103000.0,103230.0,87.50225451
2025-11-04 16:00:00+00:00,103230.0,103500.0,100040.0,100610.0,722.66792736
2025-11-04 20:00:00+00:00,100610.0,101890.0,99045.0,101560.0,483.66715215
2025-11-05 00:00:00+00:00,101560.0,102370.0,99129.0,102220.0,273.52196477
2025-11-05 04:00:00+00:00,102210.0,102410.0,101640.0,102200.0,73.54725906
2025-11-05 08:00:00+00:00,102190.0,102340.0,101370.0,102200.0,38.98833338
2025-11-05 12:00:00+00:00,102210.0,103880.0,102110.0,103790.0,177.236113
2025-11-05 16:00:00+00:00,103800.0,104540.0,103200.0,104090.0,231.84954173
2025-11-05 20:00:00+00:00,104070.0,104580.0,103340.0,103940.0,27.53139561
2025-11-06 00:00:00+00:00,103940.0,104000.0,102880.0,103780.0,156.02590333
2025-11-06 04:00:00+00:00,103790.0,104300.0,103100.0,103390.0,103.82374659
2025-11-06 08:00:00+00:00,103360.0,103600.0,102840.0,103400.0,131.23371038
2025-11-06 12:00:00+00:00,103410.0,103770.0,101800.0,102150.0,194.40943403
2025-11-06 16:00:00+00:00,102160.0,102490.0,100450.0,101460.0,272.44849549
2025-11-06 20:00:00+00:00,101440.0,101660.0,100650.0,101450.0,141.78404965000001
2025-11-07 00:00:00+00:00,101400.0,102390.0,100880.0,102030.0,169.99154672
2025-11-07 04:00:00+00:00,102010.0,102630.0,101700.0,102130.0,215.21938018
2025-11-07 08:00:00+00:00,102120.0,102130.0,100000.0,100550.0,333.22336857
2025-11-07 12:00:00+00:00,100560.0,101330.0,99459.0,100940.0,294.61785267
2025-11-07 16:00:00+00:00,100930.0,103460.0,100640.0,103460.0,296.75476543
2025-11-07 20:00:00+00:00,103460.0,104100.0,103070.0,103360.0,185.2824684
2025-11-08 00:00:00+00:00,103370.0,103390.0,102610.0,102660.0,86.89553485
2025-11-08 04:00:00+00:00,102750.0,102930.0,102070.0,102490.0,117.69374911
2025-11-08 08:00:00+00:00,102510.0,102810.0,101910.0,102030.0,113.06211908
2025-11-08 12:00:00+00:00,102010.0,102340.0,101610.0,101850.0,136.10245742
2025-11-08 16:00:00+00:00,101860.0,102350.0,101700.0,102150.0,124.89402702
2025-11-08 20:00:00+00:00,102140.0,102650.0,102120.0,102480.0,100.93593681
2025-11-09 00:00:00+00:00,102480.0,102510.0,101600.0,101840.0,83.02562345
2025-11-09 04:00:00+00:00,101830.0,102250.0,101820.0,102090.0,75.08165163
2025-11-09 08:00:00+00:00,102100.0,102470.0,101690.0,102420.0,75.49313401
2025-11-09 12:00:00+00:00,102420.0,104240.0,102230.0,103870.0,190.29249163
2025-11-09 16:00:00+00:00,103840.0,104870.0,103390.0,104850.0,131.43977653
2025-11-09 20:00:00+00:00,104860.0,105500.0,104160.0,104780.0,119.03622671
2025-11-10 00:00:00+00:00,104760.0,106600.0,104360.0,106070.0,139.18140108
2025-11-10 04:00:00+00:00,106080.0,106520.0,105910.0,106450.0,39.97151579
2025-11-10 08:00:00+00:00,106480.0,106610.0,105930.0,106220.0,45.32163732
2025-11-10 12:00:00+00:00,106220.0,106600.0,104800.0,105160.0,272.99481612
2025-11-10 16:00:00+00:00,105180.0,106170.0,104920.0,105960.0,63.35038595
2025-11-10 20:00:00+00:00,105970.0,106420.0,105500.0,106010.0,33.99612385
2025-11-11 00:00:00+00:00,106020.0,107500.0,105560.0,106510.0,188.39245646
2025-11-11 04:00:00+00:00,106510.0,106560.0,104850.0,104860.0,85.87787142
2025-11-11 08:00:00+00:00,104870.0,105620.0,104870.0,105370.0,21.52630755
2025-11-11 12:00:00+00:00,105370.0,105580.0,103290.0,103560.0,163.9664168
2025-11-11 16:00:00+00:00,103560.0,103770.0,102940.0,103260.0,220.98539912
2025-11-11 20:00:00+00:00,103260.0,103350.0,102650.0,103190.0,299.19114486
2025-11-12 00:00:00+00:00,103230.0,103520.0,102860.0,103420.0,26.34767614
2025-11-12 04:00:00+00:00,103420.0,103770.0,103160.0,103190.0,6.90268029
2025-11-12 08:00:00+00:00,103200.0,105220.0,103200.0,105050.0,135.80840762
2025-11-12 12:00:00+00:00,105060.0,105370.0,102030.0,102250.0,602.67895127
2025-11-12 16:00:00+00:00,102230.0,102440.0,100870.0,101320.0,259.40539612
2025-11-12 20:00:00+00:00,101320.0,102030.0,101180.0,101740.0,154.21737913
2025-11-13 00:00:00+00:00,101720.0,102700.0,101030.0,102280.0,176.66356058
2025-11-13 04:00:00+00:00,102280.0,104000.0,101800.0,103490.0,163.18624157
2025-11-13 08:00:00+00:00,103490.0,103790.0,102600.0,103000.0,41.49394702
2025-11-13 12:00:00+00:00,102960.0,103500.0,101330.0,101470.0,206.33021711
2025-11-13 16:00:00+00:00,101510.0,101610.0,98324.0,98824.0,847.56025106
2025-11-13 20:00:00+00:00,98793.0,100550.0,98050.0,99839.0,224.30494309
2025-11-14 00:00:00+00:00,99777.0,99920.0,98843.0,99220.0,224.82341912
2025-11-14 04:00:00+00:00,99218.0,99256.0,96091.0,97190.0,788.51790395
2025-11-14 08:00:00+00:00,97190.0,97500.0,95800.0,96215.0,129.71138292
2025-11-14 12:00:00+00:00,96196.0,97340.0,94796.0,96819.0,1642.81521739
2025-11-14 16:00:00+00:00,96791.0,97345.0,95000.0,95865.0,512.49814725
2025-11-14 20:00:00+00:00,95870.0,96000.0,94469.0,94844.0,1500.62947799
2025-11-15 00:00:00+00:00,94788.0,96930.0,94788.0,96547.0,99.05249984
2025-11-15 04:00:00+00:00,96534.0,96725.0,96130.0,96475.0,30.17654459
2025-11-15 08:00:00+00:00,96440.0,96440.0,95781.0,95870.0,67.63665116
2025-11-15 12:00:00+00:00,95862.0,96599.0,95771.0,96456.0,51.61450764
2025-11-15 16:00:00+00:00,96393.0,96500.0,95970.0,96081.0,87.91556189
2025-11-15 20:00:00+00:00,96050.0,96050.0,95222.0,95672.0,168.749359
2025-11-16 00:00:00+00:00,95677.0,96086.0,95000.0,95970.0,114.43395917
2025-11-16 04:00:00+00:00,95978.0,96310.0,95851.0,96190.0,5.55392724
2025-11-16 08:00:00+00:00,96205.0,96711.0,95653.0,95751.0,57.14893555
2025-11-16 12:00:00+00:00,95735.0,95990.0,94520.0,94627.0,158.27749758
2025-11-16 16:00:00+00:00,94662.0,95703.0,94133.0,94169.0,879.31827481
2025-11-16 20:00:00+00:00,94229.0,94938.0,93673.0,94600.0,1332.23070483
2025-11-17 00:00:00+00:00,94601.0,95815.0,94200.0,95686.0,292.72847627
2025-11-17 04:00:00+00:00,95689.0,96051.0,95007.0,95838.0,85.76517323
2025-11-17 08:00:00+00:00,95832.0,96219.0,95523.0,95730.0,96.55528127
2025-11-17 12:00:00+00:00,95731.0,96200.0,93900.0,94162.0,651.95957051
2025-11-17 16:00:00+00:00,94174.0,94654.0,91990.0,91991.0,1664.06125687
2025-11-17 20:00:00+00:00,91990.0,92710.0,91762.0,92541.0,586.38277329
2025-11-18 00:00:00+00:00,92532.0,92734.0,90333.0,91230.0,1608.5043263
2025-11-18 04:00:00+00:00,91231.0,91258.0,89409.0,90742.0,669.78365415
2025-11-18 08:00:00+00:00,90760.0,91865.0,90760.0,91785.0,223.59229095
2025-11-18 12:00:00+00:00,91773.0,93225.0,91250.0,93147.0,393.61908446
2025-11-18 16:00:00+00:00,93147.0,93989.0,92801.0,93370.0,140.62800324
2025-11-18 20:00:00+00:00,93390.0,93602.0,92700.0,93193.0,155.99221456
2025-11-19 00:00:00+00:00,93153.0,93186.0,92000.0,92162.0,424.49006641
2025-11-19 04:00:00+00:00,92125.0,92227.0,90423.0,92049.0,458.01330623
2025-11-19 08:00:00+00:00,92071.0,92108.0,91275.0,91600.0,96.31472642
2025-11-19 12:00:00+00:00,91594.0,92500.0,90129.0,90171.0,331.6040289
2025-11-19 16:00:00+00:00,90151.0,90400.0,88888.0,89087.0,681.3418227
2025-11-19 20:00:00+00:00,89074.0,91674.0,88888.0,91648.0,964.44455659
2025-11-20 00:00:00+00:00,91623.0,92820.0,91301.0,92548.0,208.29605122
2025-11-20 04:00:00+00:00,92506.0,93125.0,91769.0,92356.0,300.5418386
2025-11-20 08:00:00+00:00,92373.0,92425.0,91501.0,92013.0,144.58774163
2025-11-20 12:00:00+00:00,92010.0,92526.0,89948.0,89948.0,283.85383821
2025-11-20 16:00:00+00:00,89944.0,89959.0,86260.0,87072.0,819.21416663
2025-11-20 20:00:00+00:00,86982.0,88399.0,86500.0,86821.0,300.18110121
2025-11-21 00:00:00+00:00,86791.0,87650.0,85532.0,85959.0,377.36598311
2025-11-21 04:00:00+00:00,85968.0,86500.0,81500.0,84225.0,691.80507465
2025-11-21 08:00:00+00:00,84192.0,84864.0,81868.0,82423.0,410.22942646
2025-11-21 12:00:00+00:00,82423.0,85578.0,80822.0,83071.0,807.58337754
2025-11-21 16:00:00+00:00,83127.0,85697.0,82501.0,84407.0,396.72279368
2025-11-21 20:00:00+00:00,84398.0,85540.0,83651.0,85314.0,293.94082439
2025-11-22 00:00:00+00:00,85328.0,85766.0,84410.0,84606.0,171.63504567
2025-11-22 04:00:00+00:00,84608.0,84889.0,84000.0,84712.0,56.859636880000004
2025-11-22 08:00:00+00:00,84718.0,84718.0,83680.0,84240.0,87.91660825
2025-11-22 12:00:00+00:00,84267.0,84891.0,83768.0,84410.0,8.28686026
2025-11-22 16:00:00+00:00,84404.0,85000.0,84365.0,84769.0,34.28145252
2025-11-22 20:00:00+00:00,84769.0,85380.0,84397.0,84889.0,129.20434008
2025-11-23 00:00:00+00:00,84890.0,86500.0,84835.0,86500.0,230.34949888
2025-11-23 04:00:00+00:00,86499.0,86998.0,85552.0,85960.0,193.27842633
2025-11-23 08:00:00+00:00,85947.0,86677.0,85947.0,86497.0,140.21785321
2025-11-23 12:00:00+00:00,86516.0,87418.0,86463.0,87294.0,266.70111222
2025-11-23 16:00:00+00:00,87294.0,87882.0,86700.0,87529.0,290.55776608
2025-11-23 20:00:00+00:00,87570.0,88290.0,87000.0,87008.0,288.82550595
2025-11-24 00:00:00+00:00,87013.0,88210.0,86150.0,87679.0,251.57820581000001
2025-11-24 04:00:00+00:00,87626.0,87969.0,86631.0,87233.0,211.92074408
2025-11-24 08:00:00+00:00,87222.0,87225.0,85864.0,86444.0,317.5047283
2025-11-24 12:00:00+00:00,86444.0,86893.0,85500.0,86779.0,155.43730161
2025-11-24 16:00:00+00:00,86780.0,88987.0,86780.0,88479.0,334.329551
2025-11-24 20:00:00+00:00,88485.0,89349.0,88441.0,88471.0,127.29990067
2025-11-25 00:00:00+00:00,88467.0,88467.0,87641.0,87969.0,116.01933169
2025-11-25 04:00:00+00:00,87952.0,88628.0,87500.0,87511.0,153.19301155
2025-11-25 08:00:00+00:00,87519.0,87706.0,86817.0,87502.0,156.40548787
2025-11-25 12:00:00+00:00,87490.0,87884.0,86243.0,87071.0,200.81093391
2025-11-25 16:00:00+00:00,87087.0,88236.0,86328.0,86995.0,197.54570998
2025-11-25 20:00:00+00:00,86996.0,87994.0,86706.0,87514.0,62.47391533
2025-11-26 00:00:00+00:00,87518.0,88300.0,87219.0,87258.0,119.74925421
2025-11-26 04:00:00+00:00,87256.0,88081.0,87061.0,88074.0,81.01760907
2025-11-26 08:00:00+00:00,88048.0,88048.0,86821.0,87248.0,138.2820333
2025-11-26 12:00:00+00:00,87232.0,87778.0,86500.0,87120.0,153.90185848
2025-11-26 16:00:00+00:00,87137.0,90412.0,87137.0,90017.0,411.52416656
2025-11-26 20:00:00+00:00,89972.0,90684.0,89568.0,90585.0,61.15023583
2025-11-27 00:00:00+00:00,90584.0,91930.0,90188.0,91183.0,65.89858647
2025-11-27 04:00:00+00:00,91166.0,91585.0,91000.0,91496.0,34.14659023
2025-11-27 08:00:00+00:00,91500.0,91990.0,91321.0,91448.0,28.75337045
2025-11-27 12:00:00+00:00,91443.0,91517.0,90514.0,91008.0,112.73003424
2025-11-27 16:00:00+00:00,91027.0,91930.0,90958.0,91628.0,113.86381336
2025-11-27 20:00:00+00:00,91624.0,91661.0,91231.0,91385.0,18.11274362
2025-11-28 00:00:00+00:00,91446.0,91489.0,90782.0,91309.0,23.58977191
2025-11-28 04:00:00+00:00,91305.0,91775.0,90990.0,91024.0,49.12078784
2025-11-28 08:00:00+00:00,91031.0,92000.0,91030.0,91539.0,72.70295451
2025-11-28 12:00:00+00:00,91506.0,93116.0,91500.0,92416.0,205.15916243
2025-11-28 16:00:00+00:00,92451.0,92451.0,90255.0,91261.0,232.56728655
2025-11-28 20:00:00+00:00,91261.0,91358.0,90805.0,91022.0,22.37159346
2025-11-29 00:00:00+00:00,91023.0,91190.0,90682.0,90807.0,3.48220726
2025-11-29 04:00:00+00:00,90807.0,91033.0,90500.0,90650.0,11.32722794
2025-11-29 08:00:00+00:00,90660.0,90823.0,90500.0,90776.0,4.12847315
2025-11-29 12:00:00+00:00,90779.0,91217.0,90670.0,91180.0,7.77879917
2025-11-29 16:00:00+00:00,91146.0,91250.0,90317.0,90773.0,12.20036091
2025-11-29 20:00:00+00:00,90762.0,91150.0,90576.0,90934.0,16.28043194
2025-11-30 00:00:00+00:00,90899.0,91130.0,90584.0,90984.0,7.8569320099999995
2025-11-30 04:00:00+00:00,91000.0,91124.0,90820.0,91078.0,1.3098239600000001
2025-11-30 08:00:00+00:00,91079.0,91775.0,91056.0,91186.0,24.51453069
2025-11-30 12:00:00+00:00,91185.0,92000.0,91149.0,91555.0,35.61013289
2025-11-30 16:00:00+00:00,91539.0,91938.0,91285.0,91524.0,37.46717654
2025-11-30 20:00:00+00:00,91538.0,91690.0,90413.0,90413.0,57.72282282
2025-12-01 00:00:00+00:00,90406.0,90459.0,86273.0,86423.0,414.72338476
2025-12-01 04:00:00+00:00,86435.0,86713.0,85728.0,86661.0,143.76818978
2025-12-01 08:00:00+00:00,86668.0,87060.0,86311.0,86311.0,149.80567418
2025-12-01 12:00:00+00:00,86311.0,86754.0,84000.0,84823.0,658.2162227700001
2025-12-01 16:00:00+00:00,84823.0,85696.0,84221.0,85132.0,361.89893803
2025-12-01 20:00:00+00:00,85163.0,87000.0,85163.0,86447.0,215.08668103
2025-12-02 00:00:00+00:00,86444.0,87500.0,86333.0,87089.0,186.43299882
2025-12-02 04:00:00+00:00,87101.0,87418.0,86989.0,87134.0,83.30721327
2025-12-02 08:00:00+00:00,87156.0,87714.0,86500.0,87490.0,109.94546095
2025-12-02 12:00:00+00:00,87494.0,91222.0,87210.0,90945.0,320.31330947
2025-12-02 16:00:00+00:00,90977.0,92340.0,90200.0,91955.0,172.5172583
2025-12-02 20:00:00+00:00,91957.0,92000.0,90800.0,91380.0,118.57303894
2025-12-03 00:00:00+00:00,91370.0,93089.0,91075.0,92720.0,198.34785636
2025-12-03 04:00:00+00:00,92711.0,93967.0,92690.0,93019.0,162.01344372
2025-12-03 08:00:00+00:00,93021.0,93419.0,92720.0,93043.0,48.99657047
2025-12-03 12:00:00+00:00,93025.0,93652.0,91789.0,92392.0,201.20297859
2025-12-03 16:00:00+00:00,92469.0,93480.0,91850.0,93000.0,159.00761251
2025-12-03 20:00:00+00:00,93000.0,94449.0,92850.0,93457.0,189.69628987
2025-12-04 00:00:00+00:00,93468.0,94100.0,92740.0,93539.0,118.89371008
2025-12-04 04:00:00+00:00,93549.0,93590.0,92818.0,93450.0,41.44537242
2025-12-04 08:00:00+00:00,93451.0,93643.0,92801.0,92970.0,40.38455491
2025-12-04 12:00:00+00:00,92968.0,93261.0,91881.0,93062.0,97.6078124
2025-12-04 16:00:00+00:00,93048.0,93205.0,91000.0,92030.0,184.17183042
2025-12-04 20:00:00+00:00,92007.0,92699.0,91717.0,92101.0,25.53914259
2025-12-05 00:00:00+00:00,92120.0,92744.0,92042.0,92162.0,24.6240732
2025-12-05 04:00:00+00:00,92178.0,92492.0,91879.0,92261.0,31.19283034
2025-12-05 08:00:00+00:00,92297.0,92297.0,91051.0,91395.0,50.14417189
2025-12-05 12:00:00+00:00,91367.0,91462.0,90000.0,90479.0,129.42653615
2025-12-05 16:00:00+00:00,90480.0,90480.0,88136.0,89695.0,194.28994048
2025-12-05 20:00:00+00:00,89683.0,89750.0,88992.0,89379.0,19.43762588
2025-12-06 00:00:00+00:00,89372.0,89789.0,89130.0,89726.0,18.11520158
2025-12-06 04:00:00+00:00,89726.0,89783.0,89490.0,89663.0,8.41104957
2025-12-06 08:00:00+00:00,89655.0,89739.0,89280.0,89664.0,5.14185576
2025-12-06 12:00:00+00:00,89666.0,90290.0,89549.0,89790.0,68.67265802
2025-12-06 16:00:00+00:00,89781.0,90010.0,89293.0,89449.0,17.6163212
2025-12-06 20:00:00+00:00,89457.0,89621.0,89000.0,89280.0,33.24886078
2025-12-07 00:00:00+00:00,89273.0,89770.0,89248.0,89736.0,1.87735069
2025-12-07 04:00:00+00:00,89756.0,89803.0,89297.0,89401.0,21.68823984
2025-12-07 08:00:00+00:00,89410.0,89557.0,89102.0,89239.0,1.7113585900000001
2025-12-07 12:00:00+00:00,89216.0,89750.0,87878.0,89624.0,333.26911449
2025-12-07 16:00:00+00:00,89594.0,91783.0,89201.0,91419.0,178.04623129
2025-12-07 20:00:00+00:00,91430.0,91520.0,89080.0,90473.0,112.03359652
2025-12-08 00:00:00+00:00,90433.0,91723.0,89941.0,91132.0,89.79986648
2025-12-08 04:00:00+00:00,91116.0,91894.0,91106.0,91561.0,27.42214881
2025-12-08 08:00:00+00:00,91604.0,92283.0,91541.0,91999.0,60.12065981
2025-12-08 12:00:00+00:00,91995.0,92118.0,89694.0,90050.0,180.32603253
2025-12-08 16:00:00+00:00,90034.0,90543.0,89761.0,90150.0,64.14727575
2025-12-08 20:00:00+00:00,90211.0,91411.0,90211.0,90668.0,88.80001854
2025-12-09 00:00:00+00:00,90670.0,90862.0,89905.0,90478.0,78.07436351
2025-12-09 04:00:00+00:00,90484.0,90586.0,89563.0,90586.0,122.71735072
2025-12-09 08:00:00+00:00,90586.0,90700.0,90100.0,90510.0,44.08685751
2025-12-09 12:00:00+00:00,90500.0,92900.0,90168.0,92751.0,317.1990634
2025-12-09 16:00:00+00:00,92784.0,94665.0,92784.0,93800.0,349.76777448
2025-12-09 20:00:00+00:00,93802.0,93820.0,92325.0,92753.0,80.57079493
2025-12-10 00:00:00+00:00,92752.0,92810.0,92039.0,92460.0,15.5618871
2025-12-10 04:00:00+00:00,92472.0,92790.0,92433.0,92790.0,20.14699808
2025-12-10 08:00:00+00:00,92800.0,93256.0,91832.0,92160.0,103.85942218
2025-12-10 12:00:00+00:00,92169.0,92245.0,91632.0,92090.0,29.63532708
2025-12-10 16:00:00+00:00,92092.0,93289.0,91710.0,92938.0,220.56174582
2025-12-10 20:00:00+00:00,92979.0,94470.0,91931.0,92023.0,211.11418302
2025-12-11 00:00:00+00:00,92069.0,92105.0,89500.0,89946.0,216.84305566
2025-12-11 04:00:00+00:00,89949.0,90500.0,89800.0,90303.0,33.57957051
2025-12-11 08:00:00+00:00,90314.0,90530.0,90051.0,90278.0,28.08820588
2025-12-11 12:00:00+00:00,90305.0,90632.0,89245.0,89950.0,139.26848496
2025-12-11 16:00:00+00:00,89897.0,91520.0,89414.0,90874.0,152.36923225
2025-12-11 20:00:00+00:00,90874.0,93519.0,90839.0,92515.0,168.33458371
2025-12-12 00:00:00+00:00,92542.0,92755.0,91447.0,92339.0,64.55536819
2025-12-12 04:00:00+00:00,92307.0,92728.0,92143.0,92462.0,7.99841153
2025-12-12 08:00:00+00:00,92468.0,92630.0,92163.0,92422.0,8.144761729999999
2025-12-12 12:00:00+00:00,92445.0,92688.0,89894.0,90051.0,138.59606788
2025-12-12 16:00:00+00:00,89989.0,90699.0,89585.0,90192.0,62.64212969
2025-12-12 20:00:00+00:00,90249.0,90456.0,89971.0,90302.0,33.15931559
2025-12-13 00:00:00+00:00,90325.0,90495.0,90185.0,90395.0,7.37921381
2025-12-13 04:00:00+00:00,90402.0,90443.0,90341.0,90399.0,1.79893834
2025-12-13 08:00:00+00:00,90398.0,90671.0,90383.0,90410.0,11.75416733
2025-12-13 12:00:00+00:00,90411.0,90520.0,90046.0,90163.0,8.35072413
2025-12-13 16:00:00+00:00,90164.0,90346.0,90085.0,90275.0,5.47919117
2025-12-13 20:00:00+00:00,90288.0,90342.0,89886.0,90327.0,12.87159187
2025-12-14 00:00:00+00:00,90321.0,90530.0,90215.0,90321.0,12.35559555
2025-12-14 04:00:00+00:00,90322.0,90372.0,90130.0,90308.0,14.4169241
2025-12-14 08:00:00+00:00,90308.0,90317.0,88673.0,89451.0,93.24775534
2025-12-14 12:00:00+00:00,89410.0,89687.0,88945.0,89072.0,43.0914546
2025-12-14 16:00:00+00:00,89064.0,89394.0,88549.0,88601.0,46.4678968
2025-12-14 20:00:00+00:00,88651.0,88800.0,87660.0,88181.0,105.2952821
2025-12-15 00:00:00+00:00,88197.0,90000.0,88101.0,89351.0,97.71936044
2025-12-15 04:00:00+00:00,89352.0,89932.0,89347.0,89802.0,7.6800673999999995
2025-12-15 08:00:00+00:00,89802.0,90011.0,89670.0,89702.0,8.80480953
2025-12-15 12:00:00+00:00,89674.0,89897.0,86721.0,87177.0,221.94712815
2025-12-15 16:00:00+00:00,87055.0,87222.0,85288.0,86266.0,415.75775104
2025-12-15 20:00:00+00:00,86248.0,86611.0,85664.0,86535.0,105.47218608
2025-12-16 00:00:00+00:00,86551.0,86655.0,85525.0,85987.0,41.80268125
2025-12-16 04:00:00+00:00,85993.0,86719.0,85382.0,86144.0,43.01607357
2025-12-16 08:00:00+00:00,86128.0,87424.0,86061.0,87371.0,92.36244869
2025-12-16 12:00:00+00:00,87373.0,88262.0,86231.0,88075.0,151.17714112
2025-12-16 16:00:00+00:00,88088.0,88175.0,87189.0,87695.0,95.53759149
2025-12-16 20:00:00+00:00,87694.0,88007.0,87473.0,87950.0,25.47996829
2025-12-17 00:00:00+00:00,87892.0,88054.0,87301.0,87310.0,210.56605896
2025-12-17 04:00:00+00:00,87367.0,87494.0,86300.0,87192.0,143.81272604
2025-12-17 08:00:00+00:00,87164.0,87271.0,86421.0,87156.0,118.83030955
2025-12-17 12:00:00+00:00,87152.0,90427.0,87006.0,87356.0,502.88947695
2025-12-17 16:00:00+00:00,87306.0,87887.0,85438.0,86174.0,721.56918608
2025-12-17 20:00:00+00:00,86188.0,86590.0,85799.0,86396.0,266.9614106
2025-12-18 00:00:00+00:00,86395.0,87000.0,86025.0,86756.0,225.80671512
2025-12-18 04:00:00+00:00,86758.0,87021.0,86513.0,86953.0,248.68806722
2025-12-18 08:00:00+00:00,86953.0,87537.0,86809.0,87357.0,161.912056
2025-12-18 12:00:00+00:00,87366.0,89550.0,87200.0,88596.0,550.89428432
2025-12-18 16:00:00+00:00,88577.0,88617.0,84598.0,84598.0,736.12179359
2025-12-18 20:00:00+00:00,84614.0,85970.0,84562.0,85670.0,296.98283299
2025-12-19 00:00:00+00:00,85664.0,87672.0,85254.0,86978.0,426.5459984
2025-12-19 04:00:00+00:00,87007.0,88491.0,86790.0,88050.0,250.46680539
2025-12-19 08:00:00+00:00,88049.0,88496.0,87833.0,88309.0,164.40771234
2025-12-19 12:00:00+00:00,88318.0,89500.0,87612.0,88051.0,287.63624354
2025-12-19 16:00:00+00:00,88038.0,88995.0,86928.0,87946.0,372.28096519
2025-12-19 20:00:00+00:00,87938.0,88531.0,87680.0,88241.0,141.44160425
2025-12-20 00:00:00+00:00,88253.0,88458.0,88078.0,88315.0,60.677006
2025-12-20 04:00:00+00:00,88329.0,88692.0,88231.0,88392.0,47.85268332
2025-12-20 08:00:00+00:00,88393.0,88544.0,88190.0,88380.0,153.62967005
2025-12-20 12:00:00+00:00,88366.0,88447.0,87920.0,88279.0,93.20585544
2025-12-20 16:00:00+00:00,88279.0,88500.0,88189.0,88318.0,57.78393492
2025-12-20 20:00:00+00:00,88315.0,88530.0,88237.0,88456.0,38.68525703
2025-12-21 00:00:00+00:00,88463.0,88536.0,88000.0,88194.0,79.59761213
2025-12-21 04:00:00+00:00,88194.0,88321.0,88152.0,88284.0,46.81229766
2025-12-21 08:00:00+00:00,88287.0,89172.0,88251.0,88710.0,165.67852403
2025-12-21 12:00:00+00:00,88713.0,89035.0,87714.0,88163.0,177.23281976
2025-12-21 16:00:00+00:00,88155.0,88682.0,88020.0,88572.0,90.90915217
2025-12-21 20:00:00+00:00,88560.0,88893.0,88168.0,88726.0,55.58431614
2025-12-22 00:00:00+00:00,88745.0,89764.0,88000.0,88840.0,310.71311391
2025-12-22 04:00:00+00:00,88831.0,89280.0,88776.0,89235.0,102.61102096
2025-12-22 08:00:00+00:00,89235.0,90142.0,89145.0,89945.0,283.3596404
2025-12-22 12:00:00+00:00,89958.0,90606.0,89236.0,89749.0,315.40265395
2025-12-22 16:00:00+00:00,89760.0,90134.0,88000.0,88084.0,290.0001104
2025-12-22 20:00:00+00:00,88078.0,88871.0,87950.0,88655.0,157.14906183
2025-12-23 00:00:00+00:00,88653.0,88989.0,87861.0,88202.0,314.66026759
2025-12-23 04:00:00+00:00,88199.0,88417.0,87096.0,87608.0,174.21407146
2025-12-23 08:00:00+00:00,87608.0,87946.0,87345.0,87915.0,102.9151369
2025-12-23 12:00:00+00:00,87910.0,88000.0,86644.0,87466.0,238.59666953
2025-12-23 16:00:00+00:00,87460.0,88300.0,87180.0,87760.0,292.98055048
2025-12-23 20:00:00+00:00,87756.0,88379.0,87199.0,87503.0,164.20277555
2025-12-24 00:00:00+00:00,87497.0,87852.0,86873.0,87361.0,161.66938045
2025-12-24 04:00:00+00:00,87362.0,87484.0,86803.0,86941.0,135.44252465
2025-12-24 08:00:00+00:00,86936.0,87367.0,86749.0,87209.0,126.41455607
2025-12-24 12:00:00+00:00,87215.0,87556.0,86408.0,87069.0,305.58148443
2025-12-24 16:00:00+00:00,87065.0,87713.0,86933.0,87594.0,190.8072247
2025-12-24 20:00:00+00:00,87597.0,88094.0,87540.0,87692.0,83.18943469
2025-12-25 00:00:00+00:00,87706.0,87998.0,87541.0,87875.0,30.03256123
2025-12-25 04:00:00+00:00,87880.0,87894.0,87670.0,87864.0,36.86705654
2025-12-25 08:00:00+00:00,87856.0,87918.0,87269.0,87540.0,52.94431863
2025-12-25 12:00:00+00:00,87547.0,88615.0,87412.0,88375.0,95.19756345
2025-12-25 16:00:00+00:00,88391.0,88498.0,88008.0,88158.0,61.61955966
2025-12-25 20:00:00+00:00,88165.0,88178.0,87000.0,87256.0,143.97115456
2025-12-26 00:00:00+00:00,87260.0,89439.0,86905.0,88840.0,399.16278019
2025-12-26 04:00:00+00:00,88831.0,89568.0,88357.0,88478.0,156.35729375
2025-12-26 08:00:00+00:00,88472.0,88947.0,88425.0,88544.0,79.68323671
2025-12-26 12:00:00+00:00,88542.0,89085.0,86686.0,87186.0,394.90149827
2025-12-26 16:00:00+00:00,87187.0,87670.0,86898.0,87606.0,317.63907026
2025-12-26 20:00:00+00:00,87572.0,87881.0,87396.0,87456.0,41.24010722
2025-12-27 00:00:00+00:00,87459.0,87625.0,87333.0,87587.0,37.19167524
2025-12-27 04:00:00+00:00,87605.0,87792.0,87500.0,87603.0,24.70843222
2025-12-27 08:00:00+00:00,87609.0,87753.0,87452.0,87556.0,20.87585545
2025-12-27 12:00:00+00:00,87566.0,87710.0,87386.0,87669.0,113.70438324
2025-12-27 16:00:00+00:00,87675.0,87701.0,87551.0,87682.0,22.23700052
2025-12-27 20:00:00+00:00,87683.0,88080.0,87582.0,87960.0,44.07922277
2025-12-28 00:00:00+00:00,87960.0,88053.0,87800.0,87821.0,20.49118494
2025-12-28 04:00:00+00:00,87807.0,87926.0,87700.0,87809.0,19.78944911
2025-12-28 08:00:00+00:00,87809.0,88092.0,87796.0,87965.0,16.91641641
2025-12-28 12:00:00+00:00,87965.0,88174.0,87854.0,87928.0,144.57379583
2025-12-28 16:00:00+00:00,87927.0,88019.0,87551.0,87590.0,43.93138267
2025-12-28 20:00:00+00:00,87599.0,88128.0,87529.0,88013.0,60.57888106
2025-12-29 00:00:00+00:00,88025.0,90159.0,87873.0,90108.0,281.14173008
2025-12-29 04:00:00+00:00,90107.0,90401.0,89500.0,89607.0,188.63388112
2025-12-29 08:00:00+00:00,89626.0,89849.0,87605.0,87610.0,231.7521609
2025-12-29 12:00:00+00:00,87613.0,88218.0,86860.0,87685.0,436.74365409
2025-12-29 16:00:00+00:00,87685.0,87999.0,87305.0,87361.0,172.4121076
2025-12-29 20:00:00+00:00,87356.0,87591.0,87070.0,87228.0,115.45350083
2025-12-30 00:00:00+00:00,87223.0,87425.0,86821.0,87362.0,254.11095576
2025-12-30 04:00:00+00:00,87381.0,87607.0,87134.0,87470.0,71.72736611
2025-12-30 08:00:00+00:00,87483.0,88212.0,87470.0,87893.0,137.72804839
2025-12-30 12:00:00+00:00,87906.0,89188.0,87802.0,89046.0,630.18558588
2025-12-30 16:00:00+00:00,89061.0,89444.0,88000.0,88255.0,93.80599818
2025-12-30 20:00:00+00:00,88249.0,88625.0,87906.0,88524.0,88.94978786
2025-12-31 00:00:00+00:00,88524.0,88873.0,88213.0,88497.0,26.45361561
2025-12-31 04:00:00+00:00,88506.0,88678.0,88368.0,88645.0,16.17295358
2025-12-31 08:00:00+00:00,88643.0,89077.0,88423.0,89036.0,55.4589141
2025-12-31 12:00:00+00:00,89029.0,89243.0,87840.0,87998.0,361.17823892
2025-12-31 16:00:00+00:00,88023.0,88121.0,87500.0,87603.0,203.97844287
2025-12-31 20:00:00+00:00,87609.0,87964.0,87298.0,87720.0,55.54014196
2026-01-01 00:00:00+00:00,87722.0,88156.0,87701.0,87893.0,69.3722921
2026-01-01 04:00:00+00:00,87899.0,87907.0,87589.0,87653.0,53.75490633
2026-01-01 08:00:00+00:00,87653.0,88062.0,87649.0,88053.0,14.56614007
2026-01-01 12:00:00+00:00,88061.0,88155.0,87855.0,88075.0,54.60813303
2026-01-01 16:00:00+00:00,88082.0,88542.0,87906.0,88429.0,55.89274995
2026-01-01 20:00:00+00:00,88426.0,88946.0,88278.0,88876.0,51.69960732
2026-01-02 00:00:00+00:00,88898.0,89144.0,88408.0,88968.0,61.14154374
2026-01-02 04:00:00+00:00,88969.0,89099.0,88580.0,88873.0,34.29841025
2026-01-02 08:00:00+00:00,88881.0,89957.0,88810.0,89509.0,160.90191976
2026-01-02 12:00:00+00:00,89490.0,90130.0,88500.0,89399.0,297.6100895
2026-01-02 16:00:00+00:00,89398.0,90949.0,89192.0,89909.0,346.87579425
2026-01-02 20:00:00+00:00,89906.0,90405.0,89616.0,90006.0,147.77978695
2026-01-03 00:00:00+00:00,89993.0,90412.0,89959.0,90325.0,47.85163312
2026-01-03 04:00:00+00:00,90325.0,90486.0,89316.0,89578.0,83.67012927
2026-01-03 08:00:00+00:00,89574.0,89981.0,89420.0,89736.0,61.44714646
2026-01-03 12:00:00+00:00,89729.0,90267.0,89638.0,89929.0,99.94639096
2026-01-03 16:00:00+00:00,89925.0,90172.0,89856.0,90070.0,65.81335257
2026-01-03 20:00:00+00:00,90067.0,90688.0,89959.0,90595.0,115.32434363
2026-01-04 00:00:00+00:00,90593.0,91557.0,90593.0,91181.0,246.62106237
2026-01-04 04:00:00+00:00,91184.0,91756.0,91123.0,91485.0,113.61022918
2026-01-04 08:00:00+00:00,91485.0,91584.0,91122.0,91246.0,162.69834596
2026-01-04 12:00:00+00:00,91242.0,91366.0,90965.0,91264.0,198.95490475
2026-01-04 16:00:00+00:00,91267.0,91403.0,90804.0,91073.0,124.97713144
2026-01-04 20:00:00+00:00,91078.0,91500.0,91053.0,91456.0,114.62447895
2026-01-05 00:00:00+00:00,91463.0,93259.0,91419.0,92754.0,299.67598735
2026-01-05 04:00:00+00:00,92744.0,92838.0,92030.0,92389.0,135.5386231
2026-01-05 08:00:00+00:00,92387.0,93038.0,92200.0,93007.0,197.13309739
2026-01-05 12:00:00+00:00,93010.0,93900.0,92176.0,93838.0,307.82092285
2026-01-05 16:00:00+00:00,93844.0,94388.0,93141.0,94165.0,273.985208
2026-01-05 20:00:00+00:00,94165.0,94665.0,93674.0,93756.0,243.1988976
2026-01-06 00:00:00+00:00,93756.0,94037.0,93380.0,93620.0,187.91438838
2026-01-06 04:00:00+00:00,93624.0,93880.0,93005.0,93120.0,140.29327458
2026-01-06 08:00:00+00:00,93120.0,93787.0,93039.0,93722.0,175.97739492
2026-01-06 12:00:00+00:00,93723.0,94308.0,91980.0,93531.0,624.36005231
2026-01-06 16:00:00+00:00,93521.0,93667.0,91164.0,91994.0,418.00600336
2026-01-06 20:00:00+00:00,91996.0,93720.0,91994.0,93632.0,289.6651972
2026-01-07 00:00:00+00:00,93591.0,93598.0,92109.0,92684.0,234.53151806
2026-01-07 04:00:00+00:00,92688.0,92792.0,92369.0,92764.0,167.62748415
2026-01-07 08:00:00+00:00,92768.0,92850.0,91514.0,92092.0,223.46254559
2026-01-07 12:00:00+00:00,92089.0,92299.0,91000.0,91350.0,232.14340742
2026-01-07 16:00:00+00:00,91324.0,91784.0,90625.0,91155.0,113.42376815
2026-01-07 20:00:00+00:00,91163.0,91472.0,90747.0,91340.0,74.52167998
2026-01-08 00:00:00+00:00,91345.0,91677.0,90580.0,90781.0,119.02569212
2026-01-08 04:00:00+00:00,90781.0,91192.0,89640.0,90517.0,190.88887713
2026-01-08 08:00:00+00:00,90515.0,90737.0,89767.0,90207.0,107.52004538
2026-01-08 12:00:00+00:00,90200.0,90838.0,89280.0,90770.0,160.53932834
2026-01-08 16:00:00+00:00,90780.0,91460.0,90302.0,90908.0,143.63676975
2026-01-08 20:00:00+00:00,90904.0,91473.0,90546.0,91064.0,56.37792325
2026-01-09 00:00:00+00:00,91085.0,91616.0,90817.0,91188.0,72.9026928
2026-01-09 04:00:00+00:00,91188.0,91215.0,90717.0,90730.0,31.70225964
2026-01-09 08:00:00+00:00,90731.0,90835.0,89679.0,90423.0,163.41461813
2026-01-09 12:00:00+00:00,90415.0,92000.0,89846.0,91178.0,303.60658512
2026-01-09 16:00:00+00:00,91178.0,91782.0,90165.0,90310.0,203.81589588
2026-01-09 20:00:00+00:00,90310.0,90722.0,90112.0,90626.0,61.665653569999996
2026-01-10 00:00:00+00:00,90615.0,90778.0,90499.0,90618.0,17.43932716
2026-01-10 04:00:00+00:00,90638.0,90683.0,90397.0,90664.0,15.63786103
2026-01-10 08:00:00+00:00,90672.0,90833.0,90600.0,90724.0,13.62443438
2026-01-10 12:00:00+00:00,90723.0,90792.0,90534.0,90659.0,10.55516876
2026-01-10 16:00:00+00:00,90657.0,90752.0,90508.0,90625.0,15.89706192
2026-01-10 20:00:00+00:00,90621.0,90650.0,90386.0,90525.0,38.32471535
2026-01-11 00:00:00+00:00,90529.0,90741.0,90458.0,90729.0,11.05408527
2026-01-11 04:00:00+00:00,90718.0,90860.0,90577.0,90706.0,8.33593418
2026-01-11 08:00:00+00:00,90697.0,90810.0,90590.0,90739.0,15.02495941
2026-01-11 12:00:00+00:00,90740.0,91161.0,90670.0,90846.0,105.46881696
2026-01-11 16:00:00+00:00,90847.0,91263.0,90641.0,90654.0,29.24245045
2026-01-11 20:00:00+00:00,90661.0,91000.0,90225.0,90984.0,81.51276694
2026-01-12 00:00:00+00:00,90987.0,92493.0,90665.0,91781.0,212.83487791
2026-01-12 04:00:00+00:00,91782.0,92243.0,91326.0,91347.0,120.77123544
2026-01-12 08:00:00+00:00,91340.0,91571.0,90312.0,90570.0,182.68106895
2026-01-12 12:00:00+00:00,90578.0,91631.0,90079.0,91622.0,144.73604694
2026-01-12 16:00:00+00:00,91597.0,92275.0,90984.0,91817.0,329.03176061
2026-01-12 20:00:00+00:00,91826.0,92000.0,90893.0,91236.0,132.62705888
2026-01-13 00:00:00+00:00,91236.0,91500.0,90980.0,91366.0,71.34250525
2026-01-13 04:00:00+00:00,91364.0,92246.0,91328.0,91912.0,174.67608669
2026-01-13 08:00:00+00:00,91907.0,92657.0,91891.0,91944.0,235.51334095
2026-01-13 12:00:00+00:00,91948.0,93373.0,91721.0,93373.0,478.31181493
2026-01-13 16:00:00+00:00,93368.0,94135.0,93000.0,94118.0,373.66144473
2026-01-13 20:00:00+00:00,94126.0,96450.0,93935.0,95259.0,697.50384745
2026-01-14 00:00:00+00:00,95259.0,95584.0,95000.0,95577.0,273.07791593
2026-01-14 04:00:00+00:00,95574.0,95664.0,94387.0,95124.0,450.02530205
2026-01-14 08:00:00+00:00,95124.0,95245.0,94674.0,94739.0,282.28460157
2026-01-14 12:00:00+00:00,94731.0,97000.0,94614.0,96710.0,611.33660625
2026-01-14 16:00:00+00:00,96720.0,97759.0,96174.0,97158.0,561.66051715
2026-01-14 20:00:00+00:00,97153.0,97850.0,96599.0,96805.0,396.07414867
2026-01-15 00:00:00+00:00,96791.0,96861.0,95639.0,95864.0,219.03060054
2026-01-15 04:00:00+00:00,95845.0,96674.0,95810.0,96547.0,180.00214166
2026-01-15 08:00:00+00:00,96545.0,97120.0,96206.0,96506.0,252.65511227
2026-01-15 12:00:00+00:00,96501.0,97057.0,95364.0,96666.0,416.92897722
2026-01-15 16:00:00+00:00,96625.0,97029.0,95076.0,95442.0,509.58613476
2026-01-15 20:00:00+00:00,95437.0,95800.0,95054.0,95509.0,191.88205251
2026-01-16 00:00:00+00:00,95535.0,95772.0,95237.0,95252.0,128.24193592
2026-01-16 04:00:00+00:00,95245.0,95706.0,95027.0,95563.0,151.59469384
2026-01-16 08:00:00+00:00,95561.0,95758.0,95144.0,95326.0,146.14766322
2026-01-16 12:00:00+00:00,95321.0,95732.0,94199.0,94496.0,342.4749628
2026-01-16 16:00:00+00:00,94496.0,95165.0,94418.0,94952.0,219.87858501
2026-01-16 20:00:00+00:00,94944.0,95564.0,94579.0,95477.0,234.98733427
2026-01-17 00:00:00+00:00,95511.0,95536.0,95149.0,95308.0,71.08367943
2026-01-17 04:00:00+00:00,95309.0,95333.0,94996.0,95036.0,34.89110736
2026-01-17 08:00:00+00:00,95037.0,95267.0,94952.0,95266.0,35.26582787
2026-01-17 12:00:00+00:00,95258.0,95714.0,95141.0,95520.0,136.65684049
2026-01-17 16:00:00+00:00,95532.0,95532.0,95173.0,95255.0,87.39424186
2026-01-17 20:00:00+00:00,95255.0,95383.0,94995.0,95111.0,74.74494656
2026-01-18 00:00:00+00:00,95092.0,95207.0,94783.0,95164.0,130.93334048
2026-01-18 04:00:00+00:00,95165.0,95233.0,94990.0,94994.0,59.01235296
2026-01-18 08:00:00+00:00,94995.0,95260.0,94978.0,95112.0,68.01218074
2026-01-18 12:00:00+00:00,95113.0,95344.0,94878.0,95099.0,110.74339184
2026-01-18 16:00:00+00:00,95090.0,95515.0,95058.0,95367.0,66.34432814
2026-01-18 20:00:00+00:00,95356.0,95524.0,93592.0,93651.0,223.48321256
2026-01-19 00:00:00+00:00,93641.0,93662.0,91900.0,92708.0,405.38670385
2026-01-19 04:00:00+00:00,92689.0,92859.0,92384.0,92827.0,139.53166027
2026-01-19 08:00:00+00:00,92833.0,93363.0,92691.0,93182.0,153.23452719
2026-01-19 12:00:00+00:00,93181.0,93214.0,92695.0,93051.0,119.04629218
2026-01-19 16:00:00+00:00,93053.0,93395.0,92897.0,93083.0,208.31492683
2026-01-19 20:00:00+00:00,93086.0,93335.0,92130.0,92596.0,190.33558603
2026-01-20 00:00:00+00:00,92584.0,92857.0,92236.0,92434.0,98.37689666
2026-01-20 04:00:00+00:00,92416.0,92468.0,90781.0,91173.0,346.71394931
2026-01-20 08:00:00+00:00,91163.0,91446.0,90683.0,91221.0,140.347917
2026-01-20 12:00:00+00:00,91229.0,91361.0,89841.0,90700.0,211.40237512
2026-01-20 16:00:00+00:00,90673.0,90987.0,89254.0,89709.0,398.40209549
2026-01-20 20:00:00+00:00,89692.0,89839.0,87783.0,88431.0,367.41716795
2026-01-21 00:00:00+00:00,88407.0,89627.0,88238.0,89477.0,225.73549064
2026-01-21 04:00:00+00:00,89478.0,90170.0,89130.0,89260.0,259.7730719
2026-01-21 08:00:00+00:00,89255.0,89557.0,88757.0,88866.0,180.18101429
2026-01-21 12:00:00+00:00,88854.0,90601.0,88251.0,90320.0,386.84065911
2026-01-21 16:00:00+00:00,90321.0,90589.0,87298.0,90363.0,625.26725837
2026-01-21 20:00:00+00:00,90336.0,90399.0,89379.0,89496.0,156.51882194
2026-01-22 00:00:00+00:00,89472.0,90395.0,89472.0,89928.0,98.86975877
2026-01-22 04:00:00+00:00,89927.0,90250.0,89823.0,89857.0,98.40177041
2026-01-22 08:00:00+00:00,89860.0,90160.0,89800.0,89940.0,70.91498558
2026-01-22 12:00:00+00:00,89941.0,90336.0,88525.0,89014.0,241.36532564
2026-01-22 16:00:00+00:00,89018.0,89945.0,88688.0,89785.0,371.4773608
2026-01-22 20:00:00+00:00,89782.0,89970.0,89148.0,89580.0,284.14361639
2026-01-23 00:00:00+00:00,89574.0,89985.0,89460.0,89947.0,163.70651476
2026-01-23 04:00:00+00:00,89954.0,90089.0,89431.0,89564.0,203.09222747
2026-01-23 08:00:00+00:00,89553.0,89648.0,88883.0,89220.0,326.98123644
2026-01-23 12:00:00+00:00,89209.0,89865.0,88595.0,89755.0,373.77575994
2026-01-23 16:00:00+00:00,89736.0,91205.0,89500.0,89984.0,434.58762612
2026-01-23 20:00:00+00:00,89993.0,90163.0,89224.0,89618.0,231.66315114
2026-01-24 00:00:00+00:00,89629.0,89966.0,89429.0,89810.0,178.52587466
2026-01-24 04:00:00+00:00,89816.0,89888.0,89574.0,89641.0,117.82612275
2026-01-24 08:00:00+00:00,89642.0,89727.0,89590.0,89613.0,92.10514487
2026-01-24 12:00:00+00:00,89624.0,89630.0,89189.0,89271.0,180.38421269
2026-01-24 16:00:00+00:00,89281.0,89470.0,89154.0,89312.0,194.29375328
2026-01-24 20:00:00+00:00,89317.0,89485.0,89182.0,89182.0,90.86195151
2026-01-25 00:00:00+00:00,89194.0,89298.0,88812.0,88937.0,165.84648782
2026-01-25 04:00:00+00:00,88935.0,89086.0,88615.0,88665.0,174.80126388
2026-01-25 08:00:00+00:00,88666.0,88773.0,88124.0,88580.0,276.17215993
2026-01-25 12:00:00+00:00,88566.0,88991.0,88381.0,88477.0,258.73172357
2026-01-25 16:00:00+00:00,88461.0,88474.0,86175.0,86491.0,558.52043082
2026-01-25 20:00:00+00:00,86497.0,86998.0,86045.0,86653.0,349.23745964
2026-01-26 00:00:00+00:00,86649.0,87949.0,86500.0,87273.0,272.56497836
2026-01-26 04:00:00+00:00,87274.0,88082.0,87242.0,88008.0,272.7696441
2026-01-26 08:00:00+00:00,88020.0,88390.0,87615.0,87871.0,230.29437896
2026-01-26 12:00:00+00:00,87880.0,88902.0,87376.0,87690.0,354.03565994
2026-01-26 16:00:00+00:00,87704.0,88589.0,87061.0,88065.0,262.4770051
2026-01-26 20:00:00+00:00,88061.0,88794.0,87619.0,88451.0,238.75688898
2026-01-27 00:00:00+00:00,88473.0,88979.0,88324.0,88873.0,199.32296407
2026-01-27 04:00:00+00:00,88875.0,89076.0,88340.0,88385.0,201.63677844
2026-01-27 08:00:00+00:00,88388.0,88470.0,87787.0,88023.0,120.808347
2026-01-27 12:00:00+00:00,88019.0,88490.0,87593.0,88098.0,197.1221109
2026-01-27 16:00:00+00:00,88088.0,88881.0,87364.0,88470.0,289.97992984
2026-01-27 20:00:00+00:00,88462.0,89582.0,88433.0,89242.0,134.22390538
2026-01-28 00:00:00+00:00,89262.0,89476.0,88969.0,89122.0,91.52471152
2026-01-28 04:00:00+00:00,89114.0,89405.0,88832.0,89131.0,73.90052048
2026-01-28 08:00:00+00:00,89122.0,90150.0,88871.0,90080.0,170.04461396
2026-01-28 12:00:00+00:00,90054.0,90490.0,88900.0,89481.0,208.29489757
2026-01-28 16:00:00+00:00,89487.0,90600.0,89000.0,89382.0,247.78184809
2026-01-28 20:00:00+00:00,89381.0,89895.0,88847.0,89296.0,157.4976521
2026-01-29 00:00:00+00:00,89304.0,89343.0,87657.0,88002.0,270.97639523
2026-01-29 04:00:00+00:00,88009.0,88394.0,87848.0,88292.0,125.79885377
2026-01-29 08:00:00+00:00,88294.0,88463.0,87724.0,87829.0,285.17639199
2026-01-29 12:00:00+00:00,87829.0,88180.0,84364.0,84917.0,465.6021858
2026-01-29 16:00:00+00:00,84917.0,85589.0,83276.0,83924.0,850.87297927
2026-01-29 20:00:00+00:00,83925.0,84752.0,83769.0,84666.0,377.69224128
2026-01-30 00:00:00+00:00,84655.0,84759.0,81151.0,82690.0,598.4414088
2026-01-30 04:00:00+00:00,82694.0,83374.0,82117.0,82908.0,262.82947988
2026-01-30 08:00:00+00:00,82864.0,83359.0,82216.0,83208.0,224.57356886
2026-01-30 12:00:00+00:00,83202.0,83856.0,82450.0,82949.0,287.13619046
2026-01-30 16:00:00+00:00,82937.0,84610.0,81929.0,84201.0,574.42399849
2026-01-30 20:00:00+00:00,84214.0,84466.0,83500.0,84231.0,345.52399669
2026-01-31 00:00:00+00:00,84239.0,84243.0,83794.0,84027.0,139.52016798
2026-01-31 04:00:00+00:00,84023.0,84151.0,83396.0,83527.0,73.70277272
2026-01-31 08:00:00+00:00,83537.0,83620.0,82572.0,83076.0,201.95438796
2026-01-31 12:00:00+00:00,83062.0,83215.0,80828.0,81336.0,399.27456503999997
2026-01-31 16:00:00+00:00,81319.0,82200.0,75731.0,77793.0,678.62953585
2026-01-31 20:00:00+00:00,77789.0,79279.0,77124.0,78802.0,458.36981376
2026-02-01 00:00:00+00:00,78812.0,79503.0,78317.0,78929.0,408.23910736
2026-02-01 04:00:00+00:00,78924.0,79184.0,78015.0,78406.0,337.21891078
2026-02-01 08:00:00+00:00,78415.0,79287.0,78205.0,78809.0,329.79505692
2026-02-01 12:00:00+00:00,78809.0,78837.0,76823.0,77626.0,408.2564983
2026-02-01 16:00:00+00:00,77636.0,78532.0,77042.0,77233.0,416.95312323
2026-02-01 20:00:00+00:00,77215.0,77833.0,75735.0,77011.0,573.87024078
2026-02-02 00:00:00+00:00,77029.0,78244.0,75063.0,76449.0,2267.69720038
2026-02-02 04:00:00+00:00,76461.0,77075.0,75063.0,76728.0,542.50803388
2026-02-02 08:00:00+00:00,76734.0,78095.0,76710.0,77881.0,445.0120743
2026-02-02 12:00:00+00:00,77886.0,79450.0,77677.0,78987.0,358.83216806
2026-02-02 16:00:00+00:00,78956.0,79408.0,78375.0,78432.0,428.98912892
2026-02-02 20:00:00+00:00,78429.0,79099.0,78000.0,78856.0,231.97206327
2026-02-03 00:00:00+00:00,78846.0,79285.0,77713.0,78833.0,121.16890099
2026-02-03 04:00:00+00:00,78816.0,79076.0,78003.0,78853.0,139.55567156
2026-02-03 08:00:00+00:00,78858.0,79163.0,78000.0,78150.0,266.34678722
2026-02-03 12:00:00+00:00,78166.0,78531.0,77122.0,78210.0,233.54643735
2026-02-03 16:00:00+00:00,78191.0,78195.0,73060.0,75074.0,1303.70812675
2026-02-03 20:00:00+00:00,75050.0,77090.0,74675.0,75874.0,420.4546565
2026-02-04 00:00:00+00:00,75857.0,77078.0,75569.0,76810.0,275.34325376
2026-02-04 04:00:00+00:00,76822.0,76946.0,76195.0,76586.0,172.53170715
2026-02-04 08:00:00+00:00,76592.0,76680.0,75735.0,76088.0,243.79381957
2026-02-04 12:00:00+00:00,76101.0,76355.0,73811.0,74136.0,439.80984432
2026-02-04 16:00:00+00:00,74126.0,74266.0,72402.0,74010.0,1130.59116313
2026-02-04 20:00:00+00:00,74006.0,74236.0,72126.0,73281.0,734.4621005500001
2026-02-05 00:00:00+00:00,73268.0,73443.0,71239.0,71351.0,546.29412972
2026-02-05 04:00:00+00:00,71336.0,71726.0,70233.0,70824.0,519.63618792
2026-02-05 08:00:00+00:00,70844.0,72064.0,70043.0,70448.0,422.30933023
2026-02-05 12:00:00+00:00,70454.0,70915.0,66788.0,67593.0,1177.00441268
2026-02-05 16:00:00+00:00,67616.0,68780.0,65273.0,65319.0,679.63809303
2026-02-05 20:00:00+00:00,65319.0,65748.0,62339.0,62990.0,900.9405407
2026-02-06 00:00:00+00:00,62990.0,66104.0,60100.0,64253.0,842.7535932
2026-02-06 04:00:00+00:00,64249.0,66901.0,64050.0,64898.0,459.53229106
2026-02-06 08:00:00+00:00,64931.0,66852.0,64594.0,66689.0,483.65491745
2026-02-06 12:00:00+00:00,66677.0,69220.0,66174.0,68671.0,709.26954248
2026-02-06 16:00:00+00:00,68647.0,71529.0,68475.0,70809.0,696.21169527
2026-02-06 20:00:00+00:00,70794.0,71822.0,69906.0,70659.0,345.70982834
2026-02-07 00:00:00+00:00,70647.0,71003.0,69758.0,70986.0,318.67020374
2026-02-07 04:00:00+00:00,70969.0,71768.0,67367.0,68177.0,585.29637342
2026-02-07 08:00:00+00:00,68156.0,68884.0,67675.0,68041.0,358.92731271
2026-02-07 12:00:00+00:00,68024.0,70073.0,67977.0,69201.0,425.11660739
2026-02-07 16:00:00+00:00,69221.0,69991.0,68622.0,69420.0,155.80978617
2026-02-07 20:00:00+00:00,69415.0,69810.0,68839.0,69348.0,118.97330199
2026-02-08 00:00:00+00:00,69365.0,69767.0,68954.0,69171.0,130.00030209
2026-02-08 04:00:00+00:00,69165.0,69760.0,69035.0,69751.0,193.12900193
2026-02-08 08:00:00+00:00,69741.0,71278.0,69568.0,71018.0,274.0709074
2026-02-08 12:00:00+00:00,71042.0,71617.0,70742.0,71224.0,291.84278628
2026-02-08 16:00:00+00:00,71209.0,71590.0,70294.0,71472.0,215.68774102
2026-02-08 20:00:00+00:00,71477.0,72300.0,70030.0,70394.0,399.54588733
2026-02-09 00:00:00+00:00,70362.0,71494.0,70113.0,71380.0,361.13685691
2026-02-09 04:00:00+00:00,71362.0,71417.0,70339.0,70462.0,285.8737804
2026-02-09 08:00:00+00:00,70454.0,70649.0,68453.0,68971.0,417.16020406
2026-02-09 12:00:00+00:00,68975.0,69892.0,68312.0,69614.0,792.68235841
2026-02-09 16:00:00+00:00,69624.0,71137.0,69126.0,71017.0,483.38879945
2026-02-09 20:00:00+00:00,70981.0,71195.0,69859.0,70173.0,291.26207572
2026-02-10 00:00:00+00:00,70187.0,70565.0,69194.0,69546.0,190.41583436
2026-02-10 04:00:00+00:00,69539.0,69966.0,68720.0,68956.0,183.85836483
2026-02-10 08:00:00+00:00,68970.0,69449.0,68486.0,68552.0,255.64726826
2026-02-10 12:00:00+00:00,68557.0,69627.0,67952.0,69330.0,415.53098336
2026-02-10 16:00:00+00:00,69338.0,70073.0,68678.0,69143.0,448.26364734
2026-02-10 20:00:00+00:00,69138.0,69218.0,68392.0,68906.0,395.95462268
2026-02-11 00:00:00+00:00,68896.0,69357.0,68086.0,68247.0,253.70399362
2026-02-11 04:00:00+00:00,68256.0,68385.0,66610.0,67084.0,346.7267504
2026-02-11 08:00:00+00:00,67086.0,67183.0,66438.0,67120.0,219.16544088
2026-02-11 12:00:00+00:00,67118.0,68882.0,65822.0,66605.0,531.60807316
2026-02-11 16:00:00+00:00,66590.0,67938.0,65940.0,67660.0,456.80153244
2026-02-11 20:00:00+00:00,67658.0,68428.0,66861.0,67154.0,364.16319583
2026-02-12 00:00:00+00:00,67164.0,68114.0,67130.0,67633.0,237.95868795
2026-02-12 04:00:00+00:00,67632.0,67738.0,66729.0,67266.0,171.01013683
2026-02-12 08:00:00+00:00,67271.0,68350.0,66937.0,68140.0,257.91672112
2026-02-12 12:00:00+00:00,68137.0,68458.0,67071.0,67185.0,372.42624004
2026-02-12 16:00:00+00:00,67184.0,67292.0,65211.0,65882.0,633.5187987
2026-02-12 20:00:00+00:00,65883.0,66586.0,65300.0,66364.0,419.65721316
2026-02-13 00:00:00+00:00,66354.0,66908.0,65959.0,66647.0,313.82126693
2026-02-13 04:00:00+00:00,66644.0,66766.0,66088.0,66305.0,267.9118959
2026-02-13 08:00:00+00:00,66306.0,67310.0,66278.0,67248.0,204.93297001
2026-02-13 12:00:00+00:00,67246.0,69386.0,66940.0,68758.0,387.86004669
2026-02-13 16:00:00+00:00,68768.0,69550.0,68615.0,68990.0,390.26668295
2026-02-13 20:00:00+00:00,68993.0,69131.0,68709.0,68872.0,193.24238213
2026-02-14 00:00:00+00:00,68890.0,69172.0,68804.0,68999.0,123.42679683
2026-02-14 04:00:00+00:00,69001.0,69365.0,68744.0,69229.0,101.16309287
2026-02-14 08:00:00+00:00,69225.0,70590.0,69223.0,70520.0,273.08716536
2026-02-14 12:00:00+00:00,70525.0,70555.0,69210.0,69804.0,433.91056897
2026-02-14 16:00:00+00:00,69800.0,69952.0,69290.0,69917.0,208.56155194
2026-02-14 20:00:00+00:00,69908.0,70281.0,69701.0,69852.0,204.37137256
2026-02-15 00:00:00+00:00,69843.0,70020.0,69280.0,69977.0,221.04707992
2026-02-15 04:00:00+00:00,69978.0,70972.0,69916.0,70869.0,358.42554033
2026-02-15 08:00:00+00:00,70869.0,71032.0,70220.0,70317.0,248.50128444
2026-02-15 12:00:00+00:00,70313.0,70441.0,68794.0,69146.0,389.48386417
2026-02-15 16:00:00+00:00,69132.0,69148.0,68119.0,68339.0,200.92600736
2026-02-15 20:00:00+00:00,68341.0,69130.0,68179.0,68880.0,144.25612654
2026-02-16 00:00:00+00:00,68868.0,69107.0,68200.0,68476.0,135.74222303
2026-02-16 04:00:00+00:00,68482.0,68942.0,68267.0,68636.0,137.17425347
2026-02-16 08:00:00+00:00,68642.0,69143.0,68435.0,68888.0,219.43960057
2026-02-16 12:00:00+00:00,68895.0,70222.0,67346.0,67604.0,800.43535064
2026-02-16 16:00:00+00:00,67618.0,68318.0,67585.0,67982.0,244.83901899
2026-02-16 20:00:00+00:00,67977.0,69062.0,67890.0,68961.0,229.18711354
2026-02-17 00:00:00+00:00,68977.0,69334.0,68466.0,68549.0,294.23708067
2026-02-17 04:00:00+00:00,68550.0,68780.0,67975.0,68472.0,140.44337391
2026-02-17 08:00:00+00:00,68472.0,68565.0,67750.0,67924.0,205.89148871
2026-02-17 12:00:00+00:00,67920.0,68442.0,66702.0,67472.0,387.14776126
2026-02-17 16:00:00+00:00,67480.0,68327.0,66957.0,67874.0,396.93869957
2026-02-17 20:00:00+00:00,67875.0,68013.0,67459.0,67579.0,194.26470294
2026-02-18 00:00:00+00:00,67570.0,67780.0,66970.0,67695.0,182.28157092
2026-02-18 04:00:00+00:00,67710.0,68290.0,67570.0,68176.0,141.48819886
2026-02-18 08:00:00+00:00,68180.0,68561.0,67144.0,67428.0,296.68146574
2026-02-18 12:00:00+00:00,67430.0,68422.0,66780.0,67761.0,424.99746418
2026-02-18 16:00:00+00:00,67761.0,67773.0,65937.0,66255.0,745.51053566
2026-02-18 20:00:00+00:00,66264.0,66633.0,66183.0,66554.0,828.56457016
2026-02-19 00:00:00+00:00,66547.0,67067.0,66430.0,67048.0,230.13960259
2026-02-19 04:00:00+00:00,67054.0,67402.0,66758.0,67280.0,286.75131128
2026-02-19 08:00:00+00:00,67274.0,67274.0,66553.0,66576.0,283.76043744
2026-02-19 12:00:00+00:00,66573.0,66830.0,65683.0,66483.0,671.28331178
2026-02-19 16:00:00+00:00,66471.0,67284.0,65970.0,67135.0,706.18463565
2026-02-19 20:00:00+00:00,67130.0,67253.0,66728.0,67089.0,339.14580881
2026-02-20 00:00:00+00:00,67070.0,67568.0,67028.0,67436.0,232.75097803
2026-02-20 04:00:00+00:00,67446.0,68080.0,67175.0,67900.0,303.09411871
2026-02-20 08:00:00+00:00,67907.0,68390.0,67339.0,67378.0,309.60571724
2026-02-20 12:00:00+00:00,67387.0,68152.0,66512.0,67648.0,859.99385786
2026-02-20 16:00:00+00:00,67660.0,68080.0,67020.0,67706.0,912.79194615
2026-02-20 20:00:00+00:00,67701.0,68298.0,67584.0,68070.0,400.48929331
2026-02-21 00:00:00+00:00,68076.0,68163.0,67598.0,67740.0,217.34780728
2026-02-21 04:00:00+00:00,67730.0,67997.0,67658.0,67917.0,91.13479537
2026-02-21 08:00:00+00:00,67923.0,68374.0,67877.0,68146.0,172.60217771
2026-02-21 12:00:00+00:00,68152.0,68762.0,67980.0,68660.0,208.72542152
2026-02-21 16:00:00+00:00,68659.0,68711.0,68149.0,68599.0,229.49890834
2026-02-21 20:00:00+00:00,68593.0,68648.0,67929.0,68009.0,203.57218299
2026-02-22 00:00:00+00:00,68020.0,68265.0,67840.0,68080.0,179.91597382
2026-02-22 04:00:00+00:00,68076.0,68240.0,67910.0,68043.0,139.82081025
2026-02-22 08:00:00+00:00,68041.0,68277.0,67950.0,68237.0,100.59651404
2026-02-22 12:00:00+00:00,68241.0,68259.0,67315.0,67708.0,472.65331726
2026-02-22 16:00:00+00:00,67707.0,67745.0,67248.0,67492.0,210.71148216
2026-02-22 20:00:00+00:00,67495.0,67830.0,67406.0,67710.0,162.76390568
2026-02-23 00:00:00+00:00,67712.0,67750.0,64416.0,65018.0,1262.32301565
2026-02-23 04:00:00+00:00,65027.0,66110.0,64767.0,66058.0,551.23147591
2026-02-23 08:00:00+00:00,66048.0,66691.0,65640.0,66287.0,631.45339816
2026-02-23 12:00:00+00:00,66299.0,66589.0,65607.0,65748.0,988.02759712
2026-02-23 16:00:00+00:00,65747.0,65820.0,64160.0,64370.0,1354.67373286
2026-02-23 20:00:00+00:00,64365.0,65095.0,63954.0,64730.0,739.25645309
2026-02-24 00:00:00+00:00,64740.0,65094.0,63429.0,63680.0,715.02293997
2026-02-24 04:00:00+00:00,63683.0,63723.0,62786.0,63273.0,748.05234742
2026-02-24 08:00:00+00:00,63270.0,63529.0,63015.0,63301.0,525.67775852
2026-02-24 12:00:00+00:00,63307.0,64114.0,62550.0,64067.0,1083.95811759
2026-02-24 16:00:00+00:00,64063.0,64848.0,63766.0,64518.0,1008.48654356
2026-02-24 20:00:00+00:00,64518.0,64675.0,63900.0,64136.0,737.36832954
2026-02-25 00:00:00+00:00,64136.0,66410.0,63990.0,65478.0,936.80365261
2026-02-25 04:00:00+00:00,65476.0,65759.0,64814.0,65093.0,629.71496432
2026-02-25 08:00:00+00:00,65095.0,65760.0,65018.0,65504.0,662.61281275
2026-02-25 12:00:00+00:00,65497.0,67674.0,65389.0,67464.0,1610.83127528
2026-02-25 16:00:00+00:00,67480.0,69627.0,67465.0,69122.0,1768.45437142
2026-02-25 20:00:00+00:00,69128.0,70171.0,67677.0,68079.0,903.14008709
2026-02-26 00:00:00+00:00,68060.0,68800.0,67816.0,68294.0,754.23127844
2026-02-26 04:00:00+00:00,68293.0,68949.0,67903.0,67918.0,540.84586453
2026-02-26 08:00:00+00:00,67926.0,68811.0,67861.0,68130.0,733.5497914
2026-02-26 12:00:00+00:00,68137.0,68390.0,66849.0,67470.0,931.68108671
2026-02-26 16:00:00+00:00,67474.0,67995.0,66580.0,67670.0,1013.04119051
2026-02-26 20:00:00+00:00,67671.0,67905.0,67179.0,67558.0,477.27218452
2026-02-27 00:00:00+00:00,67546.0,67870.0,66886.0,67673.0,563.36538518
2026-02-27 04:00:00+00:00,67674.0,68300.0,67513.0,67751.0,483.80087606
2026-02-27 08:00:00+00:00,67745.0,68217.0,66046.0,66196.0,828.36674229
2026-02-27 12:00:00+00:00,66194.0,66437.0,65731.0,66175.0,843.12316471
2026-02-27 16:00:00+00:00,66172.0,66202.0,65172.0,65464.0,803.17184397
2026-02-27 20:00:00+00:00,65470.0,66040.0,65000.0,65944.0,378.75752264
2026-02-28 00:00:00+00:00,65942.0,66099.0,65780.0,65867.0,225.77356415
2026-02-28 04:00:00+00:00,65870.0,65897.0,63100.0,63889.0,626.06483152
2026-02-28 08:00:00+00:00,63888.0,64350.0,63445.0,63889.0,1877.73691171
2026-02-28 12:00:00+00:00,63888.0,65459.0,63877.0,64906.0,1057.13080369
2026-02-28 16:00:00+00:00,64904.0,66710.0,64739.0,66413.0,1018.12517339
2026-02-28 20:00:00+00:00,66425.0,67812.0,66248.0,67037.0,721.00461278
2026-03-01 00:00:00+00:00,67034.0,68264.0,66118.0,67577.0,787.42086826
2026-03-01 04:00:00+00:00,67573.0,67685.0,66840.0,67204.0,548.43225628
2026-03-01 08:00:00+00:00,67208.0,67363.0,66275.0,66529.0,425.15993086
2026-03-01 12:00:00+00:00,66529.0,67481.0,66198.0,66904.0,528.15478287
2026-03-01 16:00:00+00:00,66920.0,67189.0,65767.0,66005.0,633.16030479
2026-03-01 20:00:00+00:00,66002.0,66511.0,65069.0,65800.0,950.75008287
2026-03-02 00:00:00+00:00,65810.0,67100.0,65775.0,66845.0,692.77386163
2026-03-02 04:00:00+00:00,66846.0,67043.0,65586.0,66056.0,766.77628162
2026-03-02 08:00:00+00:00,66060.0,66770.0,65699.0,66410.0,653.55235123
2026-03-02 12:00:00+00:00,66411.0,69650.0,65307.0,69151.0,965.48430197
2026-03-02 16:00:00+00:00,69155.0,70141.0,68583.0,68993.0,1801.3376679
2026-03-02 20:00:00+00:00,68984.0,69572.0,68605.0,68855.0,1040.06379285
2026-03-03 00:00:00+00:00,68864.0,69290.0,68241.0,68418.0,413.26259212
2026-03-03 04:00:00+00:00,68419.0,68625.0,67845.0,68224.0,357.41569537
2026-03-03 08:00:00+00:00,68210.0,68338.0,66389.0,67052.0,604.67985917
2026-03-03 12:00:00+00:00,67051.0,67988.0,66167.0,67757.0,584.42946221
2026-03-03 16:00:00+00:00,67776.0,69024.0,67520.0,68462.0,1248.7536738
2026-03-03 20:00:00+00:00,68462.0,68886.0,67846.0,68352.0,675.92652643
2026-03-04 00:00:00+00:00,68352.0,68941.0,67415.0,67747.0,638.83449895
2026-03-04 04:00:00+00:00,67745.0,69667.0,67485.0,69521.0,790.22326752
2026-03-04 08:00:00+00:00,69526.0,71912.0,69137.0,71110.0,1252.95061485
2026-03-04 12:00:00+00:00,71110.0,73500.0,70590.0,73398.0,1054.20363599
2026-03-04 16:00:00+00:00,73412.0,74047.0,72560.0,73615.0,1086.70442079
2026-03-04 20:00:00+00:00,73613.0,73720.0,72310.0,72668.0,713.49531879
2026-03-05 00:00:00+00:00,72700.0,73304.0,72330.0,72497.0,731.75646641
2026-03-05 04:00:00+00:00,72492.0,73088.0,71726.0,72038.0,779.00467708
2026-03-05 08:00:00+00:00,72061.0,73592.0,71760.0,72920.0,819.04237301
2026-03-05 12:00:00+00:00,72929.0,73074.0,71160.0,71656.0,739.59704081
2026-03-05 16:00:00+00:00,71650.0,71650.0,70613.0,70884.0,733.44977011
2026-03-05 20:00:00+00:00,70908.0,71555.0,70750.0,70865.0,511.8856918
2026-03-06 00:00:00+00:00,70887.0,71413.0,70371.0,71067.0,354.38720895
2026-03-06 04:00:00+00:00,71067.0,71184.0,70124.0,71051.0,460.81135249
2026-03-06 08:00:00+00:00,71048.0,71064.0,70185.0,70218.0,365.99912518
2026-03-06 12:00:00+00:00,70206.0,70340.0,68165.0,68485.0,772.5879492
2026-03-06 16:00:00+00:00,68480.0,68783.0,67737.0,68118.0,361.85736575
2026-03-06 20:00:00+00:00,68117.0,68442.0,67755.0,68099.0,222.42302913
2026-03-07 00:00:00+00:00,68094.0,68629.0,68046.0,68096.0,122.90622904
2026-03-07 04:00:00+00:00,68096.0,68147.0,67434.0,67837.0,188.1790414
2026-03-07 08:00:00+00:00,67835.0,68346.0,67719.0,68009.0,141.3544395
2026-03-07 12:00:00+00:00,68009.0,68091.0,67611.0,67867.0,111.1801895
2026-03-07 16:00:00+00:00,67868.0,67950.0,66925.0,67087.0,247.15698219
2026-03-07 20:00:00+00:00,67077.0,67500.0,67067.0,67241.0,199.7147321
2026-03-08 00:00:00+00:00,67242.0,67478.0,66821.0,67004.0,174.0233607
2026-03-08 04:00:00+00:00,67005.0,67464.0,66536.0,67319.0,205.7631166
2026-03-08 08:00:00+00:00,67321.0,68198.0,67160.0,67502.0,243.60229474
2026-03-08 12:00:00+00:00,67502.0,67641.0,66811.0,67205.0,245.30457359
2026-03-08 16:00:00+00:00,67190.0,67470.0,66735.0,67331.0,251.23618577
2026-03-08 20:00:00+00:00,67324.0,67521.0,65588.0,65993.0,537.84323755
2026-03-09 00:00:00+00:00,65981.0,67675.0,65833.0,67216.0,402.59630012
2026-03-09 04:00:00+00:00,67217.0,68088.0,66896.0,67552.0,344.22386403
2026-03-09 08:00:00+00:00,67565.0,68464.0,67349.0,67771.0,293.49478576
2026-03-09 12:00:00+00:00,67776.0,69507.0,67758.0,68881.0,492.61227107
2026-03-09 16:00:00+00:00,68895.0,69550.0,68245.0,69004.0,316.03254735
2026-03-09 20:00:00+00:00,69007.0,69160.0,68412.0,68455.0,453.10133118
2026-03-10 00:00:00+00:00,68454.0,70624.0,68416.0,69469.0,433.41688086
2026-03-10 04:00:00+00:00,69469.0,70575.0,69466.0,70459.0,301.80910619
2026-03-10 08:00:00+00:00,70472.0,71347.0,70432.0,70645.0,445.7872525
2026-03-10 12:00:00+00:00,70635.0,71814.0,69310.0,71373.0,428.34553386
2026-03-10 16:00:00+00:00,71364.0,71744.0,69743.0,70075.0,330.2092182
2026-03-10 20:00:00+00:00,70054.0,70439.0,69438.0,69959.0,271.35211306
2026-03-11 00:00:00+00:00,69967.0,70194.0,69514.0,69572.0,182.92070699
2026-03-11 04:00:00+00:00,69570.0,70300.0,69444.0,69680.0,193.72623231
2026-03-11 08:00:00+00:00,69688.0,69815.0,69184.0,69214.0,193.86117706
2026-03-11 12:00:00+00:00,69200.0,71117.0,68990.0,70267.0,503.37606613
2026-03-11 16:00:00+00:00,70242.0,71345.0,70187.0,70679.0,223.79611292
2026-03-11 20:00:00+00:00,70677.0,70984.0,70158.0,70228.0,96.72370771
2026-03-12 00:00:00+00:00,70231.0,70397.0,69231.0,69454.0,241.86495612
2026-03-12 04:00:00+00:00,69455.0,69882.0,69175.0,69861.0,201.22109953
2026-03-12 08:00:00+00:00,69847.0,70823.0,69601.0,70451.0,323.77874403
2026-03-12 12:00:00+00:00,70452.0,70690.0,69373.0,70361.0,281.99935865
2026-03-12 16:00:00+00:00,70376.0,70600.0,69809.0,70470.0,192.72322306
2026-03-12 20:00:00+00:00,70492.0,70769.0,70039.0,70519.0,169.56805792
2026-03-13 00:00:00+00:00,70519.0,72020.0,70380.0,71396.0,410.31784327
2026-03-13 04:00:00+00:00,71403.0,71660.0,71160.0,71607.0,280.66848765
2026-03-13 08:00:00+00:00,71597.0,72674.0,71359.0,72212.0,415.33058827
2026-03-13 12:00:00+00:00,72207.0,73909.0,71737.0,71840.0,573.94641251
2026-03-13 16:00:00+00:00,71850.0,72241.0,70830.0,71118.0,467.99175861
2026-03-13 20:00:00+00:00,71146.0,71442.0,70508.0,70898.0,244.66354064
2026-03-14 00:00:00+00:00,70895.0,71160.0,70457.0,71051.0,128.874452
2026-03-14 04:00:00+00:00,71066.0,71294.0,70345.0,70624.0,250.81226838
2026-03-14 08:00:00+00:00,70608.0,70801.0,70408.0,70766.0,85.11279393
2026-03-14 12:00:00+00:00,70758.0,70969.0,70513.0,70590.0,137.04958538
2026-03-14 16:00:00+00:00,70590.0,70800.0,70489.0,70692.0,65.06170968
2026-03-14 20:00:00+00:00,70692.0,71242.0,70636.0,71211.0,81.15376292
2026-03-15 00:00:00+00:00,71199.0,71626.0,70853.0,71340.0,162.94707604
2026-03-15 04:00:00+00:00,71344.0,71799.0,71316.0,71435.0,171.26012008
2026-03-15 08:00:00+00:00,71446.0,71937.0,71446.0,71823.0,158.91536676
2026-03-15 12:00:00+00:00,71826.0,71826.0,71171.0,71449.0,163.77085816
2026-03-15 16:00:00+00:00,71448.0,71980.0,71288.0,71550.0,169.27294803
2026-03-15 20:00:00+00:00,71541.0,73200.0,71420.0,72798.0,307.16599695
2026-03-16 00:00:00+00:00,72823.0,74290.0,72268.0,73550.0,396.50201911
2026-03-16 04:00:00+00:00,73553.0,74460.0,73371.0,73447.0,334.98570557
2026-03-16 08:00:00+00:00,73449.0,73834.0,72875.0,73530.0,354.39935326
2026-03-16 12:00:00+00:00,73511.0,74484.0,72970.0,73250.0,559.43446348
2026-03-16 16:00:00+00:00,73249.0,74404.0,73150.0,73958.0,380.22708122
2026-03-16 20:00:00+00:00,73976.0,74911.0,73846.0,74871.0,375.35935786
2026-03-17 00:00:00+00:00,74842.0,76000.0,74244.0,74440.0,405.58344675
2026-03-17 04:00:00+00:00,74459.0,74668.0,73770.0,74229.0,205.17911845
2026-03-17 08:00:00+00:00,74229.0,74433.0,73537.0,74013.0,264.08459791
2026-03-17 12:00:00+00:00,74013.0,74897.0,73394.0,73911.0,321.58571742
2026-03-17 16:00:00+00:00,73921.0,74799.0,73853.0,74511.0,177.07002568
2026-03-17 20:00:00+00:00,74503.0,74790.0,73850.0,73884.0,142.30427523
2026-03-18 00:00:00+00:00,73886.0,74662.0,73530.0,74440.0,151.17229667
2026-03-18 04:00:00+00:00,74453.0,74485.0,73689.0,73878.0,152.72011212
2026-03-18 08:00:00+00:00,73877.0,74261.0,72778.0,72922.0,162.52452304
2026-03-18 12:00:00+00:00,72922.0,72972.0,70859.0,71465.0,474.30152679
2026-03-18 16:00:00+00:00,71460.0,71986.0,70902.0,71067.0,202.33900732
2026-03-18 20:00:00+00:00,71046.0,71441.0,70488.0,71238.0,171.2899088
2026-03-19 00:00:00+00:00,71237.0,71612.0,70865.0,71208.0,126.50729773
2026-03-19 04:00:00+00:00,71206.0,71208.0,69478.0,70191.0,277.01641582999997
2026-03-19 08:00:00+00:00,70183.0,70566.0,69887.0,69938.0,186.79453908
2026-03-19 12:00:00+00:00,69938.0,70163.0,68731.0,69416.0,365.20498505
2026-03-19 16:00:00+00:00,69426.0,70622.0,69133.0,70279.0,277.03465758
2026-03-19 20:00:00+00:00,70283.0,70717.0,69731.0,69940.0,243.53869233
2026-03-20 00:00:00+00:00,69927.0,70807.0,69850.0,70716.0,158.25424418
2026-03-20 04:00:00+00:00,70735.0,70974.0,70206.0,70860.0,160.79831137
2026-03-20 08:00:00+00:00,70867.0,71379.0,70217.0,70505.0,236.63597067999999
2026-03-20 12:00:00+00:00,70496.0,70700.0,69462.0,69886.0,289.05933438
2026-03-20 16:00:00+00:00,69885.0,70221.0,69402.0,70205.0,291.49246924
2026-03-20 20:00:00+00:00,70198.0,70968.0,69780.0,70537.0,240.01294643
2026-03-21 00:00:00+00:00,70551.0,70852.0,70454.0,70685.0,102.89013346
2026-03-21 04:00:00+00:00,70692.0,70890.0,70635.0,70726.0,115.32538612
2026-03-21 08:00:00+00:00,70721.0,70759.0,70490.0,70642.0,77.12069011
2026-03-21 12:00:00+00:00,70644.0,71092.0,70456.0,70622.0,124.25774299
2026-03-21 16:00:00+00:00,70619.0,70649.0,70205.0,70400.0,101.59554646
2026-03-21 20:00:00+00:00,70395.0,70519.0,68468.0,68916.0,156.3754458
2026-03-22 00:00:00+00:00,68891.0,69608.0,68243.0,69351.0,284.05938086
2026-03-22 04:00:00+00:00,69349.0,69535.0,68892.0,68936.0,218.96565866
2026-03-22 08:00:00+00:00,68925.0,68994.0,68096.0,68223.0,204.64408654
2026-03-22 12:00:00+00:00,68230.0,69029.0,68206.0,68857.0,172.99472997
2026-03-22 16:00:00+00:00,68867.0,68905.0,68161.0,68223.0,212.59668119
2026-03-22 20:00:00+00:00,68225.0,68521.0,67363.0,67877.0,434.25307791
2026-03-23 00:00:00+00:00,67900.0,68616.0,67459.0,68111.0,288.91631582
2026-03-23 04:00:00+00:00,68118.0,68943.0,67518.0,68338.0,451.16778668
2026-03-23 08:00:00+00:00,68342.0,71527.0,67931.0,70158.0,683.77824485
2026-03-23 12:00:00+00:00,70157.0,71843.0,69702.0,70162.0,491.81485134
2026-03-23 16:00:00+00:00,70165.0,71260.0,70156.0,70681.0,342.01609043
2026-03-23 20:00:00+00:00,70697.0,71012.0,70405.0,70911.0,198.00572387
2026-03-24 00:00:00+00:00,70911.0,71115.0,70263.0,70547.0,186.61867
2026-03-24 04:00:00+00:00,70547.0,71400.0,70107.0,71279.0,239.35824934
2026-03-24 08:00:00+00:00,71287.0,71370.0,70844.0,71150.0,209.29008156
2026-03-24 12:00:00+00:00,71155.0,71183.0,69493.0,69858.0,282.17457219
2026-03-24 16:00:00+00:00,69856.0,70003.0,68910.0,69362.0,282.06355527
2026-03-24 20:00:00+00:00,69363.0,70830.0,69280.0,70564.0,304.71799977
2026-03-25 00:00:00+00:00,70562.0,71041.0,70390.0,70713.0,234.76139243
2026-03-25 04:00:00+00:00,70708.0,71335.0,70689.0,70910.0,214.7015423
2026-03-25 08:00:00+00:00,70920.0,70929.0,70920.0,70928.0,0.0199063
2026-03-25 12:00:00+00:00,70932.0,70960.0,70920.0,70920.0,0.006
2026-03-25 16:00:00+00:00,70960.0,70960.0,70920.0,70960.0,0.048246000000000004
2026-03-25 20:00:00+00:00,70960.0,71477.0,70890.0,71312.0,37.255018
2026-03-26 00:00:00+00:00,71312.0,71415.0,70598.0,70892.0,89.75461891
2026-03-26 04:00:00+00:00,70875.0,70897.0,69770.0,70065.0,156.1360499
2026-03-26 08:00:00+00:00,70069.0,70111.0,69172.0,69254.0,277.06180584
2026-03-26 12:00:00+00:00,69260.0,69857.0,68600.0,69075.0,473.4286738
2026-03-26 16:00:00+00:00,69072.0,69162.0,68131.0,68505.0,418.45440862
2026-03-26 20:00:00+00:00,68526.0,69446.0,68428.0,68822.0,278.45439069
2026-03-27 00:00:00+00:00,68815.0,69167.0,68522.0,68761.0,220.50954225
2026-03-27 04:00:00+00:00,68761.0,68946.0,68275.0,68515.0,274.46527277
2026-03-27 08:00:00+00:00,68522.0,68621.0,66232.0,66697.0,557.4783918
2026-03-27 12:00:00+00:00,66695.0,66749.0,65678.0,66081.0,584.54525969
2026-03-27 16:00:00+00:00,66074.0,66275.0,65530.0,66017.0,414.44775566
2026-03-27 20:00:00+00:00,66030.0,66450.0,65803.0,66445.0,203.63088922
2026-03-28 00:00:00+00:00,66393.0,66511.0,65916.0,66229.0,197.46235867
2026-03-28 04:00:00+00:00,66218.0,66567.0,66098.0,66548.0,134.76669557
2026-03-28 08:00:00+00:00,66555.0,66568.0,66116.0,66320.0,149.31189877
2026-03-28 12:00:00+00:00,66324.0,67285.0,66230.0,67006.0,213.87726961
2026-03-28 16:00:00+00:00,67007.0,67092.0,66685.0,66910.0,113.71056309
2026-03-28 20:00:00+00:00,66902.0,67004.0,66271.0,66364.0,202.76799098
2026-03-29 00:00:00+00:00,66365.0,67125.0,66263.0,66902.0,187.85909913
2026-03-29 04:00:00+00:00,66905.0,66937.0,66549.0,66671.0,122.79491418
2026-03-29 08:00:00+00:00,66667.0,66980.0,66405.0,66809.0,190.77973202
2026-03-29 12:00:00+00:00,66815.0,66865.0,66309.0,66527.0,180.04779169
2026-03-29 16:00:00+00:00,66523.0,66695.0,66143.0,66359.0,165.01222333
2026-03-29 20:00:00+00:00,66351.0,66793.0,64989.0,66015.0,490.6814478
2026-03-30 00:00:00+00:00,66016.0,67460.0,65786.0,67173.0,408.81890667
2026-03-30 04:00:00+00:00,67183.0,67825.0,67167.0,67629.0,384.52503478
2026-03-30 08:00:00+00:00,67621.0,67989.0,67339.0,67654.0,358.23000128
2026-03-30 12:00:00+00:00,67656.0,68160.0,67045.0,67600.0,590.02953012
2026-03-30 16:00:00+00:00,67615.0,67620.0,66207.0,66546.0,219.40854281
2026-03-30 20:00:00+00:00,66511.0,66984.0,66391.0,66770.0,175.60164168
2026-03-31 00:00:00+00:00,66774.0,68377.0,66508.0,67678.0,230.95090649
2026-03-31 04:00:00+00:00,67680.0,67840.0,67071.0,67343.0,215.0581724
2026-03-31 08:00:00+00:00,67347.0,67474.0,65949.0,66661.0,471.1909612
2026-03-31 12:00:00+00:00,66662.0,67744.0,66403.0,66708.0,464.97013894
2026-03-31 16:00:00+00:00,66712.0,68562.0,66699.0,67807.0,234.40902239
2026-03-31 20:00:00+00:00,67810.0,68380.0,67797.0,68249.0,127.08489491
2026-04-01 00:00:00+00:00,68247.0,68330.0,67561.0,68139.0,141.7210511
2026-04-01 04:00:00+00:00,68149.0,69291.0,67989.0,68663.0,151.36793214
2026-04-01 08:00:00+00:00,68661.0,68827.0,68360.0,68680.0,137.47746564
2026-04-01 12:00:00+00:00,68691.0,68932.0,67907.0,68888.0,301.93229498
2026-04-01 16:00:00+00:00,68894.0,69221.0,67924.0,68162.0,174.27297119
2026-04-01 20:00:00+00:00,68134.0,68511.0,67936.0,68047.0,67.29993124
2026-04-02 00:00:00+00:00,68055.0,68625.0,66475.0,66537.0,272.68467378
2026-04-02 04:00:00+00:00,66554.0,66910.0,66196.0,66890.0,120.60115435
2026-04-02 08:00:00+00:00,66890.0,66890.0,66100.0,66192.0,127.86236465
2026-04-02 12:00:00+00:00,66196.0,67091.0,65688.0,66830.0,225.51285013
2026-04-02 16:00:00+00:00,66830.0,67409.0,66550.0,66960.0,183.53431731
2026-04-02 20:00:00+00:00,66956.0,67089.0,66706.0,66879.0,143.25202023
2026-04-03 00:00:00+00:00,66897.0,66982.0,66241.0,66562.0,126.33595986
2026-04-03 04:00:00+00:00,66569.0,67235.0,66400.0,67023.0,75.03012535
2026-04-03 08:00:00+00:00,67024.0,67275.0,66645.0,66993.0,71.95446388
2026-04-03 12:00:00+00:00,66992.0,67349.0,66479.0,66809.0,125.86704828
2026-04-03 16:00:00+00:00,66809.0,67040.0,66721.0,66850.0,114.99114133
2026-04-03 20:00:00+00:00,66848.0,66951.0,66788.0,66934.0,75.3193127
2026-04-04 00:00:00+00:00,66918.0,66941.0,66764.0,66814.0,55.45315525
2026-04-04 04:00:00+00:00,66798.0,67022.0,66746.0,66993.0,60.56730615
2026-04-04 08:00:00+00:00,66994.0,67205.0,66868.0,67128.0,56.05739826
2026-04-04 12:00:00+00:00,67133.0,67543.0,67011.0,67370.0,78.38658592
2026-04-04 16:00:00+00:00,67371.0,67536.0,67249.0,67288.0,84.16499859
2026-04-04 20:00:00+00:00,67290.0,67468.0,67171.0,67310.0,93.3730338
2026-04-05 00:00:00+00:00,67310.0,67310.0,66932.0,67140.0,51.44032178
2026-04-05 04:00:00+00:00,67143.0,67193.0,66600.0,66798.0,66.13659072
2026-04-05 08:00:00+00:00,66784.0,67131.0,66782.0,66973.0,58.21407484
2026-04-05 12:00:00+00:00,66969.0,67821.0,66630.0,67283.0,142.79044261
2026-04-05 16:00:00+00:00,67294.0,67534.0,67130.0,67341.0,96.98365668
2026-04-05 20:00:00+00:00,67332.0,69140.0,67306.0,68990.0,223.77778471
2026-04-06 00:00:00+00:00,68991.0,69571.0,68747.0,69081.0,193.6901198
2026-04-06 04:00:00+00:00,69091.0,69321.0,68756.0,69094.0,143.0297219
2026-04-06 08:00:00+00:00,69094.0,70250.0,69053.0,69568.0,202.59645685
2026-04-06 12:00:00+00:00,69568.0,69948.0,69139.0,69929.0,149.25935244000001
2026-04-06 16:00:00+00:00,69936.0,70327.0,69244.0,69673.0,169.03231435
2026-04-06 20:00:00+00:00,69715.0,69951.0,68270.0,68824.0,178.36192446
2026-04-07 00:00:00+00:00,68824.0,69092.0,68243.0,68731.0,92.31149061
2026-04-07 04:00:00+00:00,68735.0,68942.0,68401.0,68607.0,72.00323661
2026-04-07 08:00:00+00:00,68608.0,69245.0,68044.0,68327.0,148.81648123
2026-04-07 12:00:00+00:00,68340.0,68622.0,67706.0,68140.0,201.03705431
2026-04-07 16:00:00+00:00,68141.0,69086.0,68062.0,68995.0,159.72533033
2026-04-07 20:00:00+00:00,69003.0,72789.0,68998.0,71877.0,698.07169318
2026-04-08 00:00:00+00:00,71880.0,72093.0,71200.0,71268.0,315.79055775
2026-04-08 04:00:00+00:00,71268.0,71935.0,71255.0,71632.0,183.33029368
2026-04-08 08:00:00+00:00,71634.0,71953.0,71383.0,71667.0,104.44044403
2026-04-08 12:00:00+00:00,71667.0,72843.0,70670.0,71275.0,300.65159945
2026-04-08 16:00:00+00:00,71270.0,71931.0,70981.0,71295.0,120.83195489
2026-04-08 20:00:00+00:00,71271.0,71718.0,70886.0,71060.0,78.41632331
2026-04-09 00:00:00+00:00,71074.0,71172.0,70434.0,70963.0,81.17432423
2026-04-09 04:00:00+00:00,70962.0,71100.0,70669.0,70937.0,52.24046334
2026-04-09 08:00:00+00:00,70941.0,71553.0,70842.0,71115.0,84.72517811
2026-04-09 12:00:00+00:00,71128.0,72316.0,70473.0,72108.0,188.44838782
2026-04-09 16:00:00+00:00,72111.0,72544.0,71697.0,72064.0,281.77488684
2026-04-09 20:00:00+00:00,72082.0,73120.0,71545.0,71769.0,213.3930963
2026-04-10 00:00:00+00:00,71780.0,72374.0,71550.0,71843.0,124.59825292
2026-04-10 04:00:00+00:00,71846.0,72246.0,71396.0,71460.0,57.66221131
2026-04-10 08:00:00+00:00,71461.0,72247.0,71391.0,72119.0,119.17374372
2026-04-10 12:00:00+00:00,72117.0,73271.0,71866.0,72436.0,202.03307758
2026-04-10 16:00:00+00:00,72437.0,73263.0,72373.0,73245.0,176.02083459
2026-04-10 20:00:00+00:00,73223.0,73510.0,72728.0,72951.0,159.2570331
2026-04-11 00:00:00+00:00,72948.0,73101.0,72662.0,72840.0,73.68095968
2026-04-11 04:00:00+00:00,72840.0,72937.0,72601.0,72748.0,82.19630069
2026-04-11 08:00:00+00:00,72726.0,72924.0,72618.0,72898.0,60.04883049
2026-04-11 12:00:00+00:00,72884.0,72971.0,72521.0,72855.0,111.89409041
2026-04-11 16:00:00+00:00,72870.0,73800.0,72816.0,73687.0,121.45417339
2026-04-11 20:00:00+00:00,73681.0,73696.0,72901.0,73042.0,124.48049803
2026-04-12 00:00:00+00:00,73029.0,73140.0,71305.0,71584.0,151.21231526
2026-04-12 04:00:00+00:00,71593.0,71787.0,71415.0,71669.0,56.56147919
2026-04-12 08:00:00+00:00,71682.0,71773.0,71332.0,71442.0,51.82141327
2026-04-12 12:00:00+00:00,71442.0,71484.0,70570.0,70869.0,206.90792926
2026-04-12 16:00:00+00:00,70864.0,71216.0,70805.0,71091.0,64.18989074
2026-04-12 20:00:00+00:00,71086.0,71461.0,70478.0,70707.0,143.81877674
2026-04-13 00:00:00+00:00,70708.0,71217.0,70585.0,70936.0,123.30521986
2026-04-13 04:00:00+00:00,70929.0,71097.0,70636.0,70778.0,56.88608014
2026-04-13 08:00:00+00:00,70781.0,70972.0,70527.0,70906.0,93.12055804
2026-04-13 12:00:00+00:00,70909.0,72473.0,70750.0,71865.0,363.32238575
2026-04-13 16:00:00+00:00,71856.0,73492.0,71674.0,73325.0,363.51928843
2026-04-13 20:00:00+00:00,73338.0,74900.0,73012.0,74377.0,581.51330696
2026-04-14 00:00:00+00:00,74433.0,74578.0,73978.0,74448.0,256.91906902
2026-04-14 04:00:00+00:00,74439.0,74945.0,74162.0,74560.0,326.30482358
2026-04-14 08:00:00+00:00,74570.0,74938.0,74242.0,74378.0,282.57693424
2026-04-14 12:00:00+00:00,74363.0,76051.0,74258.0,75320.0,495.10214298
2026-04-14 16:00:00+00:00,75320.0,75710.0,73829.0,74232.0,359.82901273
2026-04-14 20:00:00+00:00,74234.0,74446.0,73804.0,74123.0,208.73669622
2026-04-15 00:00:00+00:00,74122.0,74774.0,74100.0,74324.0,208.09723441
2026-04-15 04:00:00+00:00,74331.0,74427.0,73500.0,73730.0,206.44599964
2026-04-15 08:00:00+00:00,73733.0,74262.0,73670.0,74199.0,214.42215371
2026-04-15 12:00:00+00:00,74204.0,74509.0,73585.0,73838.0,303.45185945
2026-04-15 16:00:00+00:00,73831.0,75287.0,73753.0,75010.0,251.0547413
2026-04-15 20:00:00+00:00,75016.0,75414.0,74506.0,74813.0,183.41689489
2026-04-16 00:00:00+00:00,74813.0,75270.0,74449.0,74894.0,115.16187278
2026-04-16 04:00:00+00:00,74881.0,75172.0,74635.0,74713.0,127.72045452
2026-04-16 08:00:00+00:00,74706.0,74909.0,74260.0,74565.0,186.56385486
2026-04-16 12:00:00+00:00,74564.0,75012.0,73300.0,74700.0,287.18537427
2026-04-16 16:00:00+00:00,74704.0,75410.0,73904.0,75340.0,216.93307779
2026-04-16 20:00:00+00:00,75363.0,75522.0,74797.0,75142.0,168.60571062
2026-04-17 00:00:00+00:00,75141.0,75141.0,74524.0,74613.0,132.14351215
2026-04-17 04:00:00+00:00,74614.0,75088.0,74539.0,75043.0,126.54188581
2026-04-17 08:00:00+00:00,75051.0,76358.0,74971.0,75546.0,288.68415399
2026-04-17 12:00:00+00:00,75573.0,78049.0,75500.0,77785.0,551.03356924
2026-04-17 16:00:00+00:00,77792.0,78328.0,77000.0,77396.0,229.03524875
2026-04-17 20:00:00+00:00,77426.0,77627.0,76900.0,77067.0,146.88041699
2026-04-18 00:00:00+00:00,77079.0,77407.0,76958.0,77009.0,89.16572162
2026-04-18 04:00:00+00:00,77000.0,77261.0,76876.0,76997.0,76.72855794
2026-04-18 08:00:00+00:00,76989.0,77043.0,75766.0,76033.0,176.36072654
2026-04-18 12:00:00+00:00,76053.0,76370.0,75787.0,76152.0,103.304062
2026-04-18 16:00:00+00:00,76153.0,76214.0,75432.0,75651.0,181.18547306
2026-04-18 20:00:00+00:00,75649.0,75897.0,75595.0,75686.0,76.6464605
2026-04-19 00:00:00+00:00,75682.0,75845.0,75358.0,75502.0,71.99640557
2026-04-19 04:00:00+00:00,75517.0,75780.0,74875.0,75250.0,170.41742694
2026-04-19 08:00:00+00:00,75247.0,75638.0,74938.0,75586.0,143.61902227
2026-04-19 12:00:00+00:00,75611.0,76248.0,75392.0,75852.0,161.19755167
2026-04-19 16:00:00+00:00,75851.0,75860.0,74603.0,74967.0,168.12082468
2026-04-19 20:00:00+00:00,74966.0,74966.0,73755.0,73798.0,185.51346254999999
2026-04-20 00:00:00+00:00,73813.0,74750.0,73715.0,74640.0,134.20111415
2026-04-20 04:00:00+00:00,74636.0,75594.0,74100.0,74847.0,247.22161534
2026-04-20 08:00:00+00:00,74849.0,75480.0,74626.0,75205.0,404.80255577
2026-04-20 12:00:00+00:00,75201.0,75797.0,74726.0,75724.0,209.19088561
2026-04-20 16:00:00+00:00,75743.0,76492.0,75294.0,76309.0,271.89383795
2026-04-20 20:00:00+00:00,76305.0,76621.0,75625.0,75842.0,147.2441678
2026-04-21 00:00:00+00:00,75841.0,76250.0,75500.0,75715.0,108.15275047
2026-04-21 04:00:00+00:00,75730.0,76320.0,75610.0,76109.0,96.21902199
2026-04-21 08:00:00+00:00,76099.0,76978.0,76072.0,76450.0,219.21390942
2026-04-21 12:00:00+00:00,76460.0,76598.0,75390.0,75827.0,282.87883678
2026-04-21 16:00:00+00:00,75830.0,76188.0,74800.0,74998.0,227.19575247
2026-04-21 20:00:00+00:00,74997.0,76423.0,74969.0,76329.0,163.79266417
2026-04-22 00:00:00+00:00,76329.0,77729.0,76134.0,77528.0,291.91458082
2026-04-22 04:00:00+00:00,77527.0,78448.0,77354.0,78010.0,325.36925288
2026-04-22 08:00:00+00:00,78019.0,78414.0,77942.0,78307.0,175.64918127
2026-04-22 12:00:00+00:00,78308.0,79445.0,78108.0,79273.0,298.23453344
2026-04-22 16:00:00+00:00,79298.0,79480.0,78628.0,78877.0,204.06054976
2026-04-22 20:00:00+00:00,78868.0,78932.0,78159.0,78197.0,116.06563471
2026-04-23 00:00:00+00:00,78193.0,78583.0,77496.0,77759.0,154.72695911
2026-04-23 04:00:00+00:00,77735.0,78355.0,77681.0,78069.0,140.88274325
2026-04-23 08:00:00+00:00,78078.0,78206.0,77192.0,77739.0,190.2585686
2026-04-23 12:00:00+00:00,77737.0,78738.0,77445.0,78437.0,223.07962026
2026-04-23 16:00:00+00:00,78431.0,78579.0,77021.0,77763.0,257.90422658
2026-04-23 20:00:00+00:00,77784.0,78392.0,77691.0,78304.0,122.41313273
2026-04-24 00:00:00+00:00,78312.0,78621.0,77609.0,77786.0,157.82099694
2026-04-24 04:00:00+00:00,77783.0,78152.0,77500.0,77698.0,133.48560556
2026-04-24 08:00:00+00:00,77700.0,78421.0,77444.0,78270.0,204.36995145
2026-04-24 12:00:00+00:00,78278.0,78502.0,77600.0,78086.0,275.00861161
2026-04-24 16:00:00+00:00,78080.0,78101.0,77383.0,77658.0,178.4503908
2026-04-24 20:00:00+00:00,77663.0,77786.0,77274.0,77452.0,97.16281783
2026-04-25 00:00:00+00:00,77438.0,77723.0,77320.0,77680.0,76.96338862
2026-04-25 04:00:00+00:00,77687.0,77711.0,77446.0,77512.0,49.4609755
2026-04-25 08:00:00+00:00,77490.0,77888.0,77479.0,77687.0,70.65823162
2026-04-25 12:00:00+00:00,77678.0,77748.0,77300.0,77325.0,65.5260663
2026-04-25 16:00:00+00:00,77330.0,77461.0,77143.0,77321.0,75.25233962
2026-04-25 20:00:00+00:00,77319.0,77648.0,77299.0,77614.0,72.78222287
2026-04-26 00:00:00+00:00,77614.0,77639.0,77314.0,77388.0,65.36309212
2026-04-26 04:00:00+00:00,77391.0,78206.0,77370.0,78104.0,125.42173702
2026-04-26 08:00:00+00:00,78107.0,78215.0,77926.0,78077.0,70.35919788
2026-04-26 12:00:00+00:00,78076.0,78185.0,77746.0,78063.0,126.79856273
2026-04-26 16:00:00+00:00,78066.0,78551.0,77866.0,78259.0,383.20919311
2026-04-26 20:00:00+00:00,78273.0,78982.0,77875.0,78694.0,324.86650056999997
2026-04-27 00:00:00+00:00,78695.0,79528.0,78437.0,79138.0,185.95508013
2026-04-27 04:00:00+00:00,79135.0,79187.0,77500.0,77630.0,200.51852559
2026-04-27 08:00:00+00:00,77617.0,77995.0,77564.0,77852.0,124.505222
2026-04-27 12:00:00+00:00,77861.0,78308.0,76576.0,76810.0,391.3079062
2026-04-27 16:00:00+00:00,76808.0,76942.0,76501.0,76918.0,376.55046874
2026-04-27 20:00:00+00:00,76918.0,77498.0,76786.0,77407.0,136.73853471
2026-04-28 00:00:00+00:00,77412.0,77522.0,76695.0,76834.0,122.23418017
2026-04-28 04:00:00+00:00,76829.0,77179.0,76430.0,76891.0,117.80820006
2026-04-28 08:00:00+00:00,76893.0,77018.0,76162.0,76262.0,271.58666984
2026-04-28 12:00:00+00:00,76262.0,76452.0,75679.0,76095.0,159.5448332
2026-04-28 16:00:00+00:00,76084.0,76460.0,75919.0,76401.0,238.98348219
2026-04-28 20:00:00+00:00,76390.0,76554.0,76251.0,76396.0,67.99285394
2026-04-29 00:00:00+00:00,76393.0,77175.0,76234.0,77035.0,143.08060363
2026-04-29 04:00:00+00:00,77050.0,77490.0,76920.0,77083.0,117.51251825
2026-04-29 08:00:00+00:00,77084.0,77933.0,76991.0,77611.0,136.38887785
2026-04-29 12:00:00+00:00,77605.0,77623.0,75722.0,75926.0,264.78215328
2026-04-29 16:00:00+00:00,75902.0,76259.0,74958.0,75582.0,365.83636936
2026-04-29 20:00:00+00:00,75583.0,76102.0,75506.0,75782.0,135.1736935
2026-04-30 00:00:00+00:00,75786.0,76472.0,75508.0,75953.0,218.24159052
2026-04-30 04:00:00+00:00,75949.0,76179.0,75311.0,76174.0,211.30301436
2026-04-30 08:00:00+00:00,76179.0,76362.0,75886.0,76078.0,129.01752234
2026-04-30 12:00:00+00:00,76064.0,76691.0,76049.0,76470.0,194.73044374
2026-04-30 16:00:00+00:00,76477.0,76512.0,76096.0,76402.0,142.84620314
2026-04-30 20:00:00+00:00,76405.0,76569.0,76200.0,76346.0,111.7513206
2026-05-01 00:00:00+00:00,76334.0,77469.0,76318.0,77118.0,287.66258282
2026-05-01 04:00:00+00:00,77122.0,77206.0,76876.0,77125.0,113.62157085
2026-05-01 08:00:00+00:00,77129.0,77600.0,77041.0,77466.0,125.85939736
2026-05-01 12:00:00+00:00,77461.0,78941.0,77399.0,78440.0,380.91409285
2026-05-01 16:00:00+00:00,78437.0,78693.0,78126.0,78340.0,210.912496
2026-05-01 20:00:00+00:00,78355.0,78418.0,77729.0,78207.0,166.83698019
2026-05-02 00:00:00+00:00,78203.0,78509.0,78129.0,78379.0,81.29142711
2026-05-02 04:00:00+00:00,78387.0,78429.0,77974.0,78187.0,89.61394139
2026-05-02 08:00:00+00:00,78180.0,78370.0,78010.0,78108.0,104.872305
2026-05-02 12:00:00+00:00,78111.0,78471.0,78071.0,78469.0,104.44270534
2026-05-02 16:00:00+00:00,78471.0,78573.0,78286.0,78451.0,95.49248149
2026-05-02 20:00:00+00:00,78458.0,79200.0,78377.0,78629.0,91.38164001
2026-05-03 00:00:00+00:00,78664.0,78732.0,78066.0,78161.0,92.32726047
2026-05-03 04:00:00+00:00,78155.0,78422.0,78041.0,78320.0,46.46452138
2026-05-03 08:00:00+00:00,78314.0,78832.0,78314.0,78625.0,53.07280023
2026-05-03 12:00:00+00:00,78634.0,78954.0,78546.0,78618.0,94.16298143
2026-05-03 16:00:00+00:00,78617.0,78940.0,78529.0,78731.0,103.31448669
2026-05-03 20:00:00+00:00,78730.0,79420.0,78481.0,78566.0,299.74714351
2026-05-04 00:00:00+00:00,78550.0,80420.0,78180.0,80283.0,331.76437961
2026-05-04 04:00:00+00:00,80295.0,80595.0,79468.0,79665.0,179.8655122
2026-05-04 08:00:00+00:00,79653.0,79882.0,78169.0,78761.0,275.73543418
2026-05-04 12:00:00+00:00,78767.0,80519.0,78444.0,80006.0,864.59173352
2026-05-04 16:00:00+00:00,80003.0,80756.0,79594.0,80024.0,210.16821272
2026-05-04 20:00:00+00:00,80023.0,80365.0,79704.0,79823.0,117.94207435
2026-05-05 00:00:00+00:00,79810.0,81128.0,79763.0,80848.0,282.30776946
2026-05-05 04:00:00+00:00,80831.0,81289.0,80673.0,80802.0,163.68484513
2026-05-05 08:00:00+00:00,80793.0,81052.0,80455.0,80956.0,80.02620915
2026-05-05 12:00:00+00:00,80955.0,81737.0,80866.0,81464.0,171.93516962
2026-05-05 16:00:00+00:00,81482.0,81640.0,80989.0,81568.0,132.69690721
2026-05-05 20:00:00+00:00,81550.0,81738.0,80729.0,80843.0,188.20205136
2026-05-06 00:00:00+00:00,80848.0,81697.0,80663.0,81522.0,112.23391036
2026-05-06 04:00:00+00:00,81522.0,81582.0,80962.0,81316.0,75.64203278
2026-05-06 08:00:00+00:00,81307.0,82818.0,81271.0,82465.0,365.22543112
2026-05-06 12:00:00+00:00,82456.0,82488.0,81070.0,81642.0,201.9953509
2026-05-06 16:00:00+00:00,81641.0,81842.0,81145.0,81414.0,107.694255
2026-05-06 20:00:00+00:00,81414.0,81660.0,80950.0,81378.0,154.87365822
2026-05-07 00:00:00+00:00,81370.0,81424.0,80771.0,80790.0,57.0722034
2026-05-07 04:00:00+00:00,80794.0,81652.0,80668.0,81470.0,82.90562213
2026-05-07 08:00:00+00:00,81480.0,81539.0,80536.0,80824.0,116.14847056
2026-05-07 12:00:00+00:00,80813.0,81152.0,79575.0,79860.0,363.90044124
2026-05-07 16:00:00+00:00,79834.0,80235.0,79450.0,80079.0,149.51914473
2026-05-07 20:00:00+00:00,80079.0,80344.0,79545.0,79975.0,143.5067945
2026-05-08 00:00:00+00:00,80007.0,80112.0,79145.0,79532.0,146.1372237
2026-05-08 04:00:00+00:00,79542.0,79754.0,79211.0,79640.0,68.33063956
2026-05-08 08:00:00+00:00,79639.0,80316.0,79621.0,80207.0,266.90581009
2026-05-08 12:00:00+00:00,80222.0,80492.0,79506.0,80130.0,241.55891881
2026-05-08 16:00:00+00:00,80130.0,80292.0,79690.0,80140.0,146.37154564
2026-05-08 20:00:00+00:00,80156.0,80399.0,80062.0,80170.0,110.40216574
2026-05-09 00:00:00+00:00,80183.0,80543.0,80106.0,80366.0,64.60205864
2026-05-09 04:00:00+00:00,80379.0,80653.0,80102.0,80216.0,98.36116201
2026-05-09 08:00:00+00:00,80213.0,80427.0,80161.0,80314.0,202.77608683
2026-05-09 12:00:00+00:00,80313.0,80559.0,80175.0,80482.0,78.79521394
2026-05-09 16:00:00+00:00,80482.0,81050.0,80441.0,80907.0,119.9426394
2026-05-09 20:00:00+00:00,80908.0,80909.0,80584.0,80634.0,33.37726806
2026-05-10 00:00:00+00:00,80633.0,80840.0,80531.0,80718.0,65.84033966
2026-05-10 04:00:00+00:00,80726.0,80788.0,80587.0,80684.0,33.39058723
2026-05-10 08:00:00+00:00,80673.0,80920.0,80638.0,80764.0,45.789799450000004
2026-05-10 12:00:00+00:00,80763.0,81419.0,80722.0,81370.0,135.59134597
2026-05-10 16:00:00+00:00,81388.0,81540.0,81086.0,81384.0,124.85963334
2026-05-10 20:00:00+00:00,81395.0,82433.0,80237.0,82154.0,455.87791241
2026-05-11 00:00:00+00:00,82155.0,82328.0,80470.0,80681.0,194.05963919
2026-05-11 04:00:00+00:00,80682.0,81020.0,80567.0,80698.0,115.07245462
2026-05-11 08:00:00+00:00,80701.0,81164.0,80562.0,81164.0,93.41201687
2026-05-11 12:00:00+00:00,81165.0,81418.0,80400.0,81394.0,152.3401222
2026-05-11 16:00:00+00:00,81403.0,82100.0,81288.0,81923.0,290.01058215
2026-05-11 20:00:00+00:00,81929.0,82041.0,81549.0,81685.0,124.39590871
2026-05-12 00:00:00+00:00,81688.0,81731.0,80681.0,81018.0,177.16465277
2026-05-12 04:00:00+00:00,81018.0,81279.0,80795.0,80843.0,217.95563164
2026-05-12 08:00:00+00:00,80863.0,80980.0,80466.0,80758.0,317.94570984
2026-05-12 12:00:00+00:00,80748.0,80976.0,80144.0,80296.0,144.70762958
2026-05-12 16:00:00+00:00,80299.0,80839.0,79813.0,80809.0,228.35188775
2026-05-12 20:00:00+00:00,80809.0,80859.0,80397.0,80457.0,84.29777287
2026-05-13 00:00:00+00:00,80460.0,81257.0,80371.0,81196.0,156.17128116
2026-05-13 04:00:00+00:00,81210.0,81238.0,80833.0,80981.0,75.83496279
2026-05-13 08:00:00+00:00,80980.0,81285.0,80451.0,80451.0,103.00067022
2026-05-13 12:00:00+00:00,80462.0,80559.0,78780.0,78797.0,252.13383017
2026-05-13 16:00:00+00:00,78802.0,79764.0,78708.0,79602.0,155.23775983
2026-05-13 20:00:00+00:00,79599.0,79730.0,79174.0,79288.0,91.08148682
2026-05-14 00:00:00+00:00,79286.0,79654.0,78867.0,79008.0,184.7743277
2026-05-14 04:00:00+00:00,79007.0,79963.0,78931.0,79717.0,128.80070435
2026-05-14 08:00:00+00:00,79720.0,79908.0,79177.0,79204.0,123.94662214
2026-05-14 12:00:00+00:00,79202.0,81318.0,79180.0,81264.0,183.12465559
2026-05-14 16:00:00+00:00,81284.0,82010.0,81057.0,81401.0,384.36706865
2026-05-14 20:00:00+00:00,81408.0,81569.0,81000.0,81059.0,127.79152562
2026-05-15 00:00:00+00:00,81059.0,81619.0,80689.0,81024.0,189.54039225
2026-05-15 04:00:00+00:00,81019.0,81060.0,80255.0,80778.0,132.58395563
2026-05-15 08:00:00+00:00,80778.0,80786.0,80326.0,80578.0,84.65598933
2026-05-15 12:00:00+00:00,80579.0,80603.0,78570.0,79117.0,188.82291344
2026-05-15 16:00:00+00:00,79118.0,79523.0,79015.0,79092.0,115.10697977
2026-05-15 20:00:00+00:00,79085.0,79175.0,78841.0,79062.0,65.11655713
2026-05-16 00:00:00+00:00,79068.0,79183.0,78959.0,79034.0,37.02093335
2026-05-16 04:00:00+00:00,79034.0,79089.0,78001.0,78322.0,147.71073566
2026-05-16 08:00:00+00:00,78325.0,78493.0,77598.0,78031.0,184.32854556
2026-05-16 12:00:00+00:00,78031.0,78301.0,77796.0,78184.0,87.79315025
2026-05-16 16:00:00+00:00,78182.0,78324.0,78076.0,78223.0,38.75417491
2026-05-16 20:00:00+00:00,78222.0,78279.0,78078.0,78105.0,30.04470772
2026-05-17 00:00:00+00:00,78122.0,78203.0,77688.0,78000.0,72.08122703
2026-05-17 04:00:00+00:00,77989.0,78301.0,77967.0,78153.0,49.81501708
2026-05-17 08:00:00+00:00,78153.0,78624.0,77999.0,78395.0,59.29987217
2026-05-17 12:00:00+00:00,78396.0,78531.0,77819.0,78022.0,74.07529573
2026-05-17 16:00:00+00:00,78022.0,78441.0,77810.0,78390.0,60.08901659
2026-05-17 20:00:00+00:00,78370.0,78460.0,76602.0,77427.0,189.11208083
2026-05-18 00:00:00+00:00,77407.0,77439.0,76658.0,76875.0,147.94889557
2026-05-18 04:00:00+00:00,76872.0,77085.0,76543.0,77069.0,110.19333142
2026-05-18 08:00:00+00:00,77057.0,77385.0,76660.0,77292.0,151.32195584
2026-05-18 12:00:00+00:00,77276.0,77780.0,76031.0,76406.0,321.58884123
2026-05-18 16:00:00+00:00,76399.0,76992.0,76135.0,76911.0,217.71248909
2026-05-18 20:00:00+00:00,76922.0,77229.0,76791.0,77025.0,149.51239771
2026-05-19 00:00:00+00:00,77025.0,77440.0,76484.0,76814.0,134.06336202
2026-05-19 04:00:00+00:00,76814.0,77353.0,76658.0,77250.0,171.7643329
2026-05-19 08:00:00+00:00,77248.0,77300.0,76610.0,76698.0,92.90364559
2026-05-19 12:00:00+00:00,76696.0,77042.0,76126.0,76510.0,220.10787972
2026-05-19 16:00:00+00:00,76516.0,77081.0,76382.0,76842.0,245.63674026
2026-05-19 20:00:00+00:00,76843.0,77083.0,76670.0,76873.0,180.90469525
2026-05-20 00:00:00+00:00,76862.0,76957.0,76551.0,76747.0,233.1026777
2026-05-20 04:00:00+00:00,76747.0,77488.0,76710.0,77308.0,525.39692351
2026-05-20 08:00:00+00:00,77299.0,77688.0,77228.0,77405.0,260.03649352
2026-05-20 12:00:00+00:00,77403.0,77877.0,76909.0,77506.0,396.33082533
2026-05-20 16:00:00+00:00,77492.0,77771.0,77050.0,77720.0,272.40812123
2026-05-20 20:00:00+00:00,77729.0,77815.0,77258.0,77630.0,175.6092771
2026-05-21 00:00:00+00:00,77604.0,78235.0,77573.0,78130.0,183.63606807
2026-05-21 04:00:00+00:00,78139.0,78243.0,77539.0,77906.0,322.21174593
2026-05-21 08:00:00+00:00,77918.0,78230.0,77170.0,77246.0,164.3810791
2026-05-21 12:00:00+00:00,77243.0,77439.0,76743.0,77263.0,201.57650495000001
2026-05-21 16:00:00+00:00,77274.0,78137.0,77001.0,77671.0,280.70737282
2026-05-21 20:00:00+00:00,77705.0,77829.0,77520.0,77520.0,156.78290067
2026-05-22 00:00:00+00:00,77579.0,77822.0,77318.0,77782.0,148.8018563
2026-05-22 04:00:00+00:00,77785.0,77914.0,77273.0,77405.0,115.71832991
2026-05-22 08:00:00+00:00,77405.0,77541.0,77177.0,77438.0,281.88005168
2026-05-22 12:00:00+00:00,77440.0,77578.0,76576.0,76800.0,354.88961857
2026-05-22 16:00:00+00:00,76786.0,77103.0,75662.0,75877.0,307.69442275
2026-05-22 20:00:00+00:00,75887.0,76120.0,75363.0,75546.0,198.36790678
2026-05-23 00:00:00+00:00,75546.0,75707.0,75211.0,75664.0,115.29209826
2026-05-23 04:00:00+00:00,75678.0,75697.0,74027.0,74626.0,299.81380708
2026-05-23 08:00:00+00:00,74640.0,74904.0,74347.0,74849.0,236.4928333
2026-05-23 12:00:00+00:00,74831.0,75768.0,74684.0,75568.0,395.59148172
2026-05-23 16:00:00+00:00,75582.0,76067.0,75423.0,76038.0,154.2618134
2026-05-23 20:00:00+00:00,76048.0,77448.0,75999.0,76797.0,370.31526663
2026-05-24 00:00:00+00:00,76819.0,77079.0,76682.0,76779.0,145.83214633
2026-05-24 04:00:00+00:00,76797.0,77122.0,76699.0,76851.0,149.52705809
2026-05-24 08:00:00+00:00,76858.0,77604.0,76772.0,77403.0,200.32899284
2026-05-24 12:00:00+00:00,77402.0,77427.0,76254.0,76452.0,332.36432444
2026-05-24 16:00:00+00:00,76453.0,76872.0,76439.0,76860.0,128.46269273
2026-05-24 20:00:00+00:00,76863.0,77299.0,76173.0,77141.0,207.08550875
2026-05-25 00:00:00+00:00,77159.0,77570.0,76963.0,77126.0,236.2852605
2026-05-25 04:00:00+00:00,77118.0,77747.0,77075.0,77480.0,206.1164101
2026-05-25 08:00:00+00:00,77500.0,77803.0,77348.0,77454.0,150.00295254
2026-05-25 12:00:00+00:00,77454.0,77960.0,77313.0,77686.0,231.34209215
2026-05-25 16:00:00+00:00,77686.0,77879.0,77399.0,77491.0,115.23239307
2026-05-25 20:00:00+00:00,77506.0,77580.0,77072.0,77381.0,224.17686582
2026-05-26 00:00:00+00:00,77404.0,77416.0,76534.0,76717.0,237.98340296
2026-05-26 04:00:00+00:00,76721.0,77120.0,76661.0,76802.0,153.20949024
2026-05-26 08:00:00+00:00,76795.0,77688.0,76634.0,77229.0,335.36677971
2026-05-26 12:00:00+00:00,77228.0,78129.0,76306.0,76556.0,413.68017959
2026-05-26 16:00:00+00:00,76556.0,76775.0,75765.0,76080.0,464.30025098
2026-05-26 20:00:00+00:00,76085.0,76212.0,75676.0,75961.0,372.71443035
2026-05-27 00:00:00+00:00,75960.0,76140.0,75583.0,75681.0,195.7994431
2026-05-27 04:00:00+00:00,75692.0,75992.0,75325.0,75989.0,189.63774119
2026-05-27 08:00:00+00:00,75975.0,76090.0,75721.0,75801.0,196.85279456
2026-05-27 12:00:00+00:00,75802.0,76168.0,74756.0,75344.0,338.48023243
2026-05-27 16:00:00+00:00,75346.0,75418.0,74572.0,75065.0,417.31526419
2026-05-27 20:00:00+00:00,75067.0,75430.0,74211.0,74490.0,211.40917581
2026-05-28 00:00:00+00:00,74437.0,74581.0,73050.0,73245.0,267.11901092
2026-05-28 04:00:00+00:00,73235.0,73500.0,72730.0,73460.0,308.47906367
2026-05-28 08:00:00+00:00,73460.0,73579.0,73155.0,73476.0,309.29266998
2026-05-28 12:00:00+00:00,73478.0,73557.0,72528.0,72912.0,789.54175416
2026-05-28 16:00:00+00:00,72904.0,73743.0,72736.0,73400.0,306.51551261
2026-05-28 20:00:00+00:00,73406.0,73936.0,73221.0,73604.0,272.63025304
2026-05-29 00:00:00+00:00,73602.0,73870.0,73183.0,73311.0,182.96625369
2026-05-29 04:00:00+00:00,73310.0,73943.0,73206.0,73524.0,240.29610448
2026-05-29 08:00:00+00:00,73519.0,73905.0,73338.0,73481.0,207.35073821
2026-05-29 12:00:00+00:00,73476.0,74206.0,72487.0,73791.0,405.25075132
2026-05-29 16:00:00+00:00,73807.0,74380.0,73178.0,73508.0,396.31579125
2026-05-29 20:00:00+00:00,73505.0,73841.0,73326.0,73474.0,173.46555049
2026-05-30 00:00:00+00:00,73488.0,73806.0,73421.0,73523.0,129.64554788
2026-05-30 04:00:00+00:00,73523.0,73727.0,73199.0,73582.0,154.03426146
2026-05-30 08:00:00+00:00,73581.0,73717.0,73514.0,73646.0,133.67037402
2026-05-30 12:00:00+00:00,73641.0,74128.0,73614.0,73970.0,185.76466765
2026-05-30 16:00:00+00:00,73971.0,74180.0,73831.0,74041.0,135.98957075
2026-05-30 20:00:00+00:00,74047.0,74099.0,73811.0,73922.0,115.66153198
2026-05-31 00:00:00+00:00,73928.0,74315.0,73889.0,74204.0,150.71780148
2026-05-31 04:00:00+00:00,74189.0,74281.0,73876.0,73906.0,91.57913476
2026-05-31 08:00:00+00:00,73919.0,74062.0,73741.0,73983.0,250.33460194
2026-05-31 12:00:00+00:00,74004.0,74067.0,73500.0,73684.0,161.38688067
2026-05-31 16:00:00+00:00,73676.0,73786.0,73416.0,73605.0,124.78902698
2026-05-31 20:00:00+00:00,73605.0,74239.0,73542.0,73731.0,196.5285055
2026-06-01 00:00:00+00:00,73730.0,74130.0,73273.0,73794.0,253.0409357
2026-06-01 04:00:00+00:00,73795.0,73874.0,72713.0,72823.0,192.54801006
2026-06-01 08:00:00+00:00,72831.0,73138.0,72270.0,72481.0,318.03612818
2026-06-01 12:00:00+00:00,72486.0,72613.0,71056.0,71126.0,706.64271508
2026-06-01 16:00:00+00:00,71124.0,71800.0,70675.0,71577.0,384.4124553
2026-06-01 20:00:00+00:00,71577.0,71702.0,70822.0,71399.0,303.63936586
2026-06-02 00:00:00+00:00,71399.0,71406.0,70100.0,70945.0,272.86103626
2026-06-02 04:00:00+00:00,70953.0,71057.0,69723.0,70120.0,420.89750392
2026-06-02 08:00:00+00:00,70120.0,70176.0,69307.0,69457.0,366.93175029
2026-06-02 12:00:00+00:00,69457.0,69550.0,67100.0,67318.0,1590.04280088
2026-06-02 16:00:00+00:00,67326.0,68160.0,66423.0,67310.0,462.53840415
2026-06-02 20:00:00+00:00,67323.0,67874.0,66142.0,66698.0,710.66803263
2026-06-03 00:00:00+00:00,66726.0,67141.0,65389.0,65804.0,434.48036403
2026-06-03 04:00:00+00:00,65792.0,67459.0,65776.0,67183.0,508.35232682
2026-06-03 08:00:00+00:00,67174.0,67422.0,66604.0,67006.0,360.9079838
2026-06-03 12:00:00+00:00,67020.0,67196.0,66010.0,66010.0,677.12283609
2026-06-03 16:00:00+00:00,66028.0,66315.0,65156.0,65386.0,767.37716364
2026-06-03 20:00:00+00:00,65356.0,65778.0,64003.0,64081.0,419.64919945
2026-06-04 00:00:00+00:00,64052.0,64449.0,61311.0,64274.0,562.0103309
2026-06-04 04:00:00+00:00,64280.0,64689.0,63404.0,63513.0,745.7696927
2026-06-04 08:00:00+00:00,63529.0,63814.0,62128.0,62480.0,700.32852013
2026-06-04 12:00:00+00:00,62480.0,64436.0,62312.0,63838.0,879.31196637
2026-06-04 16:00:00+00:00,63834.0,64138.0,62896.0,63584.0,778.40855937
2026-06-04 20:00:00+00:00,63571.0,63879.0,63059.0,63839.0,437.65654767
2026-06-05 00:00:00+00:00,63831.0,63950.0,62313.0,62692.0,496.47159398
2026-06-05 04:00:00+00:00,62705.0,63659.0,61096.0,63038.0,819.08207681
2026-06-05 08:00:00+00:00,63045.0,63199.0,61939.0,61939.0,517.1606817
2026-06-05 12:00:00+00:00,61931.0,62428.0,61619.0,61949.0,58.23304364
